strut_id,junction0_id,junction1_id,junction0_degree,junction1_degree,unit_cell_ids,unit_cell_indices,classification,expected_by_0point5_cad,ct_material_occupancy,mean_intensity,length_um,trimmed_length_um,longest_gap_um,estimated_missing_volume_mm3,nominal_sampled_volume_mm3,centroid_x_um,centroid_y_um,centroid_z_um,aspect_ratio,sphericity,voxel_size_um
10,5,12,2,8,0,"0,0,0",Missing_Intentional,True,0.000774293439462781,32688.0703125,3237.4385502243044,1942.4632568359375,2035.441543956757,0.7407497763633728,0.7413237690925598,4709.223768005371,3102.4501665496828,4978.955450439454,2.919954013824463,0.7583384787993913,58.09
214,123,120,8,4,8,"8,0,0",Expected_Missing_But_Material_Present,True,0.042198993265628815,32528.291015625,3237.4374422454835,1942.462646484375,1744.6641805343631,0.7100404500961304,0.7413235902786255,43440.672766723634,5119.986972198487,5004.923814849853,2.5028177261352544,0.8396444652996374,58.09
417,241,248,2,8,17,"8,1,0",Expected_Missing_But_Material_Present,True,0.34610918164253235,38793.6875,3241.0164354324343,1944.60986328125,969.2578780746462,0.4852805435657501,0.7421430349349976,40071.42794799805,10853.675435791016,2692.3120840072634,1.3904542922973635,1.0,58.09
946,543,540,4,4,38,"2,4,0",Missing_Intentional,True,0.018583042547106743,33629.43359375,3237.4387718200687,1942.4632568359375,1841.5899683418277,0.7275477051734924,0.7413237690925598,16233.006567382814,23586.04153289795,4931.345600509644,2.6418631553649905,0.8156228638219971,58.09
1310,752,755,8,4,53,"8,5,0",Expected_Missing_But_Material_Present,True,0.03213317692279816,33963.43359375,3225.570989074707,1935.3427734375,1841.5899683418277,0.7148725986480713,0.738606333732605,41327.134914550785,29124.097278442383,3789.442240982056,2.6418631553649905,0.8061221265743979,58.09
1666,956,962,1,8,68,"5,7,0",Expected_Missing_But_Material_Present,True,0.0379403792321682,34144.8984375,3234.1917290878296,1940.5152587890625,1744.6641805343631,0.7124824523925781,0.7405803799629211,26580.11763183594,38365.77875976563,4898.650031890869,2.5028177261352544,0.8415685248777155,58.09
1728,992,991,8,4,70,"7,7,0",Missing_Intentional,True,0.016647309064865112,34100.29296875,3225.5723186492924,1935.3433837890625,1841.5899683418277,0.7263107299804688,0.7386065721511841,39095.25428771973,35993.86733764649,3768.5032140350345,2.6418631553649905,0.8146981213863052,58.09
1772,1010,1021,2,8,72,"0,8,0",Missing_Unintentional,False,0.0,32313.03125,3237.4387718200687,1942.4632568359375,2035.441543956757,0.7413237690925598,0.7413237690925598,7268.880871734619,44209.46824707031,2572.7328049850466,2.919954013824463,0.7587301761410294,58.09
1773,1011,1021,3,8,72,"0,8,0",Missing_Unintentional,False,0.0,31189.466796875,3227.5252421188356,1936.51513671875,2035.441543956757,0.7390537858009338,0.7390537858009338,4991.453894729614,44225.185591430665,2570.831956520081,2.919954013824463,0.7571805293589084,58.09
1774,1012,1021,2,8,72,"0,8,0",Missing_Unintentional,False,0.0,32472.220703125,3237.4385502243044,1942.4632568359375,2035.441543956757,0.7413237690925598,0.7413237690925598,4982.515164794922,44226.78108093262,4864.727265930176,2.919954013824463,0.7587301761410294,58.09
1775,1015,1021,1,8,72,"0,8,0",Missing_Unintentional,False,0.0,32724.470703125,3227.5252421188356,1936.51513671875,2035.441543956757,0.7390537858009338,0.7390537858009338,7259.942584991455,44211.067282104494,4866.628114395142,2.919954013824463,0.7571805293589084,58.09
1800,1024,1035,2,8,73,"1,8,0",Missing_Unintentional,False,0.0,33079.98828125,3237.4385502243044,1942.4632568359375,2035.441543956757,0.7413237690925598,0.7413237690925598,11823.73482574463,44178.04064941406,2576.534501914978,2.919954013824463,0.7587301761410294,58.09
1801,1025,1035,3,8,73,"1,8,0",Missing_Unintentional,False,0.0,32610.92578125,3227.5252421188356,1936.51513671875,2035.441543956757,0.7390537858009338,0.7390537858009338,9546.308291931153,44193.75444824219,2574.6336534500124,2.919954013824463,0.7571805293589084,58.09
1802,1026,1035,2,8,73,"1,8,0",Missing_Unintentional,False,0.0,33036.17578125,3237.438107032776,1942.4630126953125,2035.441543956757,0.741323709487915,0.741323709487915,9537.37000518799,44195.34993774414,4868.528962860108,2.919954013824463,0.758730135471581,58.09
1803,1029,1035,1,8,73,"1,8,0",Missing_Unintentional,False,0.0,33015.12109375,3227.5250205230714,1936.51513671875,2035.441543956757,0.7390537858009338,0.7390537858009338,11814.796539001465,44179.636138916016,4870.429811325073,2.919954013824463,0.7571805293589084,58.09
1828,1038,1049,2,8,74,"2,8,0",Missing_Unintentional,False,0.0,33530.80859375,3237.4389934158326,1942.4635009765625,2035.441543956757,0.7413238883018494,0.7413238883018494,16378.589666137696,44146.60950622559,2580.3361988449096,2.919954013824463,0.7587302574799231,58.09
1829,1039,1049,3,8,74,"2,8,0",Missing_Unintentional,False,0.0,33257.3125,3227.525906906128,1936.515625,2035.441543956757,0.7390539646148682,0.7390539646148682,14101.16313232422,44162.32685058594,2578.435350379944,2.919954013824463,0.7571806514920346,58.09
1830,1040,1049,2,8,74,"2,8,0",Missing_Unintentional,False,0.0,33221.66796875,3237.4387718200687,1942.4632568359375,2035.441543956757,0.7413237690925598,0.7413237690925598,14092.223959198,44163.92234008789,4872.330659790039,2.919954013824463,0.7587301761410294,58.09
1831,1043,1049,1,8,74,"2,8,0",Missing_Unintentional,False,0.0,33177.30859375,3227.5250205230714,1936.51513671875,2035.441543956757,0.7390537858009338,0.7390537858009338,16369.651379394532,44148.208541259766,4874.231508255005,2.919954013824463,0.7571805293589084,58.09
1856,1052,1063,2,8,75,"3,8,0",Missing_Unintentional,False,0.0,33856.609375,3237.437885437012,1942.4627685546875,2035.441543956757,0.7413235902786255,0.7413235902786255,20933.444506530763,44115.185454101564,2584.1378957748416,2.919954013824463,0.7587300541326808,58.09
1857,1053,1063,3,8,75,"3,8,0",Missing_Unintentional,False,0.0,33627.0703125,3227.5252421188356,1936.51513671875,2035.441543956757,0.7390537858009338,0.7390537858009338,18656.017972717287,44130.89925292969,2582.237047309876,2.919954013824463,0.7571805293589084,58.09
1858,1054,1063,2,8,75,"3,8,0",Missing_Unintentional,False,0.0,33263.1015625,3237.4387718200687,1942.4632568359375,2035.441543956757,0.7413237690925598,0.7413237690925598,18647.07791320801,44132.49474243164,4876.132356719971,2.919954013824463,0.7587301761410294,58.09
1859,1057,1063,1,8,75,"3,8,0",Missing_Unintentional,False,0.0,33238.66796875,3227.5250205230714,1936.51513671875,2035.441543956757,0.7390537858009338,0.7390537858009338,20924.5062197876,44116.78094360352,4878.033205184936,2.919954013824463,0.7571805293589084,58.09
1884,1066,1077,2,8,76,"4,8,0",Missing_Unintentional,False,0.0,34025.30078125,3237.4398797988893,1942.4639892578125,2035.441543956757,0.7413240671157837,0.7413240671157837,25488.299346923828,44083.754310913086,2587.939371109009,2.919954013824463,0.7587303794882555,58.09
1885,1067,1077,3,8,76,"4,8,0",Missing_Unintentional,False,0.0,33889.9765625,3227.5250205230714,1936.51513671875,2035.441543956757,0.7390537858009338,0.7390537858009338,23210.87104034424,44099.46810974121,2586.038522644043,2.919954013824463,0.7571805293589084,58.09
1886,1068,1077,2,8,76,"4,8,0",Missing_Unintentional,False,0.0,33162.29296875,3237.437885437012,1942.4627685546875,2035.441543956757,0.7413235902786255,0.7413235902786255,23201.932753601075,44101.06714477539,4879.934053649903,2.919954013824463,0.7587300541326808,58.09
1887,1071,1077,1,8,76,"4,8,0",Missing_Unintentional,False,0.000774293439462781,33274.98828125,3227.5252421188356,1936.51513671875,2035.441543956757,0.7384815812110901,0.7390537858009338,25479.35928741455,44085.34980041504,4881.83445892334,2.919954013824463,0.7567896528896335,58.09
1912,1080,1091,2,8,77,"5,8,0",Missing_Unintentional,False,0.0,34021.28515625,3237.4361126708986,1942.461669921875,2035.441543956757,0.7413231730461121,0.7413231730461121,30043.152414550783,44052.323167724615,2591.7410680389407,2.919954013824463,0.7587297694464956,58.09
1913,1081,1091,3,8,77,"5,8,0",Missing_Unintentional,False,0.0,34099.5,3227.5250205230714,1936.51513671875,2035.441543956757,0.7390537858009338,0.7390537858009338,27765.727653503418,44068.03696655274,2589.8402195739745,2.919954013824463,0.7571805293589084,58.09
1914,1082,1091,2,8,77,"5,8,0",Missing_Unintentional,False,0.0,33120.84765625,3237.440322990418,1942.46435546875,2035.441543956757,0.741324245929718,0.741324245929718,27756.78759399414,44069.63245605469,4883.7357505798345,2.919954013824463,0.758730501496578,58.09
1915,1085,1091,1,8,77,"5,8,0",Missing_Unintentional,False,0.0,33136.890625,3227.5241341400147,1936.5145263671875,2035.441543956757,0.73905348777771,0.73905348777771,30034.21412780762,44053.91865722657,4885.636155853272,2.919954013824463,0.7571803258036761,58.09
1940,1094,1105,2,8,78,"6,8,0",Missing_Unintentional,False,0.0,33823.2109375,3237.4425389480593,1942.4656982421875,2035.441543956757,0.7413247227668762,0.7413247227668762,34598.009027709966,44020.895570068365,2595.5427649688722,2.919954013824463,0.7587308268520565,58.09
1941,1095,1105,3,8,78,"6,8,0",Missing_Unintentional,False,0.0,34047.9140625,3227.5250205230714,1936.51513671875,2035.441543956757,0.7390537858009338,0.7390537858009338,32320.57894836426,44036.60936889649,2593.6419165039065,2.919954013824463,0.7571805293589084,58.09
1942,1096,1105,2,8,78,"6,8,0",Missing_Unintentional,False,0.0,32912.04296875,3237.4376638412477,1942.462646484375,2035.441543956757,0.7413235902786255,0.7413235902786255,32311.640661621095,44038.20485839844,4887.537447509766,2.919954013824463,0.7587300541326808,58.09
1943,1099,1105,1,8,78,"6,8,0",Missing_Unintentional,False,0.0,33028.76953125,3227.5279012680057,1936.5167236328125,2035.441543956757,0.7390543222427368,0.7390543222427368,34589.070740966796,44022.49105957032,4889.437852783203,2.919954013824463,0.7571808957582575,58.09
1968,1108,1119,2,8,79,"7,8,0",Missing_Unintentional,False,0.0,33346.203125,3237.4374422454835,1942.462646484375,2035.441543956757,0.7413235902786255,0.7413235902786255,39152.865640869146,43989.46797241211,2599.3444618988037,2.919954013824463,0.7587300541326808,58.09
1969,1109,1119,3,8,79,"7,8,0",Missing_Unintentional,False,0.0,33738.73046875,3227.5250205230714,1936.51513671875,2035.441543956757,0.7390537858009338,0.7390537858009338,36875.43910705567,44005.18177124023,2597.443613433838,2.919954013824463,0.7571805293589084,58.09
1970,1110,1119,2,8,79,"7,8,0",Missing_Unintentional,False,0.0,32693.0703125,3237.440322990418,1942.46435546875,2035.441543956757,0.741324245929718,0.741324245929718,36866.5008203125,44006.77726074219,4891.3391444396975,2.919954013824463,0.758730501496578,58.09
1971,1113,1119,1,8,79,"7,8,0",Missing_Unintentional,False,0.0,32831.859375,3227.5252421188356,1936.51513671875,2035.441543956757,0.7390537858009338,0.7390537858009338,39143.927354125975,43991.06346191406,4893.239549713135,2.919954013824463,0.7571805293589084,58.09
2000,1122,1133,3,8,80,"8,8,0",Missing_Unintentional,False,0.0,31589.140625,3237.4374422454835,1942.462646484375,2035.441543956757,0.7413235902786255,0.7413235902786255,43707.7187084961,43958.03682922364,2603.1461588287357,2.919954013824463,0.7587300541326808,58.09
2001,1123,1133,3,8,80,"8,8,0",Missing_Unintentional,False,0.0,32974.81640625,3227.5250205230714,1936.51513671875,2035.441543956757,0.7390537858009338,0.7390537858009338,41430.29217468262,43973.75062805176,2601.2453103637695,2.919954013824463,0.7571805293589084,58.09
2002,1124,1133,2,8,80,"8,8,0",Missing_Unintentional,False,0.0,32548.365234375,3237.437885437012,1942.4627685546875,2035.441543956757,0.7413235902786255,0.7413235902786255,41421.353887939455,43975.34966308594,4895.140841369629,2.919954013824463,0.7587300541326808,58.09
2003,1127,1133,2,8,80,"8,8,0",Missing_Unintentional,False,0.0019357335986569524,32651.32421875,3227.5252421188356,1936.51513671875,2035.441543956757,0.7376231551170349,0.7390537858009338,43698.780421752934,43959.63231872559,4897.041246643067,2.919954013824463,0.7562030673623973,58.09
2251,1270,1272,8,8,90,"0,1,1",Missing_Intentional,True,0.0077429343946278095,31988.443359375,3226.4004220199586,1935.8404541015625,1938.5157561492924,0.7330758571624756,0.7387962937355042,4733.77303314209,8816.557098846437,8403.933376617431,2.780908584594727,0.785008130350071,58.09
2289,1291,1298,2,8,92,"2,1,1",Missing_Intentional,True,0.000774293439462781,32122.5703125,3241.01621383667,1944.60986328125,2035.441543956757,0.7415684461593628,0.7421430349349976,12724.420559387208,11045.442637329103,7257.292742843629,2.919954013824463,0.7588971150424365,58.09
2303,1300,1297,8,8,92,"2,1,1",Missing_Intentional,True,0.003097173757851124,32168.544921875,3241.01621383667,1944.60986328125,2035.441543956757,0.7398445010185242,0.7421430349349976,14986.666896972658,8745.04371383667,7265.539650802612,2.919954013824463,0.757720505806573,58.09
2359,1333,1339,2,8,95,"5,1,1",Missing_Intentional,True,0.009678668342530727,31393.994140625,3226.399535636902,1935.8397216796875,1938.5157561492924,0.7316454648971558,0.7387959957122803,27532.167490844728,10942.499881896973,6122.70071395874,2.780908584594727,0.7839866489441618,58.09
3256,1846,1845,8,4,131,"5,5,1",Missing_Intentional,True,0.011227254755795002,31620.267578125,3225.5696595001223,1935.341796875,1938.5157561492924,0.7303134799003601,0.7386059761047363,29906.93306640625,26921.17655883789,8374.074676971437,2.780908584594727,0.7830348440859587,58.09
3779,2145,2151,3,8,153,"0,8,1",Missing_Unintentional,False,0.006968641187995672,32058.142578125,3226.399314041138,1935.8397216796875,1938.5157561492924,0.7336475849151611,0.7387959957122803,4970.4541505432135,43085.23670654297,6014.847839584351,2.780908584594727,0.7854162305595271,58.09
3781,2145,2152,3,8,153,"0,8,1",Missing_Unintentional,False,0.002322880318388343,32210.982421875,3241.0164354324343,1944.60986328125,2035.441543956757,0.7404191493988037,0.7421430349349976,3827.270853881836,43093.89135070801,7160.844959259033,2.919954013824463,0.7581128103278904,58.09
3788,2144,2155,2,8,153,"0,8,1",Missing_Unintentional,False,0.0,32257.77734375,3237.4387718200687,1942.4632568359375,2035.441543956757,0.7413237690925598,0.7413237690925598,7251.003411865235,44212.66277160645,7160.523202209473,2.919954013824463,0.7587301761410294,58.09
3789,2145,2155,3,8,153,"0,8,1",Missing_Unintentional,False,0.0,32206.806640625,3227.5254637146,1936.515380859375,2035.441543956757,0.7390538454055786,0.7390538454055786,4973.575991668701,44228.37657043457,7158.622796936035,2.919954013824463,0.7571805700699515,58.09
3790,2146,2155,2,8,153,"0,8,1",Missing_Unintentional,False,0.0,31478.837890625,3237.4385502243044,1942.4632568359375,2035.441543956757,0.7413237690925598,0.7413237690925598,4964.637704925537,44229.972059936525,9452.518327941894,2.919954013824463,0.7587301761410294,58.09
3791,2149,2155,1,8,153,"0,8,1",Missing_Unintentional,False,0.0,31585.54296875,3227.5252421188356,1936.51513671875,2035.441543956757,0.7390537858009338,0.7390537858009338,7242.065125122071,44214.2582611084,9454.418733215332,2.919954013824463,0.7571805293589084,58.09
3816,2158,2169,2,8,154,"1,8,1",Missing_Unintentional,False,0.0,32364.109375,3237.4385502243044,1942.4632568359375,2035.441543956757,0.7413237690925598,0.7413237690925598,11805.858252258302,44181.23162841797,7164.324899139405,2.919954013824463,0.7587301761410294,58.09
3817,2159,2169,3,8,154,"1,8,1",Missing_Unintentional,False,0.0,32330.119140625,3227.5252421188356,1936.51513671875,2035.441543956757,0.7390537858009338,0.7390537858009338,9528.430832061767,44196.94542724609,7162.424493865968,2.919954013824463,0.7571805293589084,58.09
3818,2160,2169,2,8,154,"1,8,1",Missing_Unintentional,False,0.0,31626.095703125,3237.438107032776,1942.4630126953125,2035.441543956757,0.741323709487915,0.741323709487915,9519.491658935547,44198.54091674805,9456.31913848877,2.919954013824463,0.758730135471581,58.09
3819,2163,2169,1,8,154,"1,8,1",Missing_Unintentional,False,0.0,31591.869140625,3227.5250205230714,1936.51513671875,2035.441543956757,0.7390537858009338,0.7390537858009338,11796.919079132082,44182.82711791992,9458.220430145264,2.919954013824463,0.7571805293589084,58.09
3844,2172,2183,2,8,155,"2,8,1",Missing_Unintentional,False,0.0,32329.630859375,3237.437885437012,1942.4627685546875,2035.441543956757,0.7413235902786255,0.7413235902786255,16360.713092651367,44149.80403076172,7168.126596069336,2.919954013824463,0.7587300541326808,58.09
3845,2173,2183,3,8,155,"2,8,1",Missing_Unintentional,False,0.0,32224.22265625,3227.5265716934205,1936.51611328125,2035.441543956757,0.7390541434288025,0.7390541434288025,14083.285672454835,44165.517829589844,7166.226190795899,2.919954013824463,0.757180773625151,58.09
3846,2174,2183,2,8,155,"2,8,1",Missing_Unintentional,False,0.0,31619.033203125,3237.439215011597,1942.4637451171875,2035.441543956757,0.7413239479064941,0.7413239479064941,14074.346499328614,44167.116864624026,9460.12172180176,2.919954013824463,0.7587302981493682,58.09
3847,2177,2183,1,8,155,"2,8,1",Missing_Unintentional,False,0.0,31637.16796875,3227.5250205230714,1936.51513671875,2035.441543956757,0.7390537858009338,0.7390537858009338,16351.774805908204,44151.39952026367,9462.022127075195,2.919954013824463,0.7571805293589084,58.09
3872,2186,2197,2,8,156,"3,8,1",Missing_Unintentional,False,0.0,32171.6328125,3237.4389934158326,1942.4635009765625,2035.441543956757,0.7413238883018494,0.7413238883018494,20915.566160278322,44118.37643310547,7171.928292999268,2.919954013824463,0.7587302574799231,58.09
3873,2187,2197,3,8,156,"3,8,1",Missing_Unintentional,False,0.0,32207.080078125,3227.5252421188356,1936.51513671875,2035.441543956757,0.7390537858009338,0.7390537858009338,18638.139626464847,44134.090231933595,7170.027887725831,2.919954013824463,0.7571805293589084,58.09
3874,2188,2197,2,8,156,"3,8,1",Missing_Unintentional,False,0.0,31590.658203125,3237.4374422454835,1942.462646484375,2035.441543956757,0.7413235902786255,0.7413235902786255,18629.20133972168,44135.68572143555,9463.922532348633,2.919954013824463,0.7587300541326808,58.09
3875,2191,2197,1,8,156,"3,8,1",Missing_Unintentional,False,0.0,31648.125,3227.5250205230714,1936.51513671875,2035.441543956757,0.7390537858009338,0.7390537858009338,20906.62787353516,44119.97192260742,9465.823824005127,2.919954013824463,0.7571805293589084,58.09
3900,2200,2211,2,8,157,"4,8,1",Missing_Unintentional,False,0.0,32158.76171875,3237.4376638412477,1942.462646484375,2035.441543956757,0.7413235902786255,0.7413235902786255,25470.421000671387,44086.94528991699,7175.729989929199,2.919954013824463,0.7587300541326808,58.09
3901,2201,2211,3,8,157,"4,8,1",Missing_Unintentional,False,0.0,32177.87890625,3227.5252421188356,1936.51513671875,2035.441543956757,0.7390537858009338,0.7390537858009338,23192.994466857912,44102.662634277345,7173.829584655762,2.919954013824463,0.7571805293589084,58.09
3902,2202,2211,2,8,157,"4,8,1",Missing_Unintentional,False,0.0,31494.912109375,3237.4387718200687,1942.4632568359375,2035.441543956757,0.7413237690925598,0.7413237690925598,23184.054407348634,44104.2581237793,9467.725115661622,2.919954013824463,0.7587301761410294,58.09
3903,2205,2211,1,8,157,"4,8,1",Missing_Unintentional,False,0.0,31662.5234375,3227.5250205230714,1936.51513671875,2035.441543956757,0.7390537858009338,0.7390537858009338,25461.482713928224,44088.540779418945,9469.625520935058,2.919954013824463,0.7571805293589084,58.09
3928,2214,2225,2,8,158,"5,8,1",Missing_Unintentional,False,0.0,32125.529296875,3237.437885437012,1942.4627685546875,2035.441543956757,0.7413235902786255,0.7413235902786255,30025.275841064456,44055.51414672852,7179.531686859132,2.919954013824463,0.7587300541326808,58.09
3929,2215,2225,3,8,158,"5,8,1",Missing_Unintentional,False,0.0,32288.099609375,3227.5265716934205,1936.51611328125,2035.441543956757,0.7390541434288025,0.7390541434288025,27747.849307250977,44071.23149108887,7177.631281585694,2.919954013824463,0.757180773625151,58.09
3930,2216,2225,2,8,158,"5,8,1",Missing_Unintentional,False,0.0,31551.49609375,3237.4387718200687,1942.4632568359375,2035.441543956757,0.7413237690925598,0.7413237690925598,27738.911020507814,44072.82698059082,9471.525926208496,2.919954013824463,0.7587301761410294,58.09
3931,2219,2225,1,8,158,"5,8,1",Missing_Unintentional,False,0.0,31723.923828125,3227.5250205230714,1936.51513671875,2035.441543956757,0.7390537858009338,0.7390537858009338,30016.33755432129,44057.113181762696,9473.427217864992,2.919954013824463,0.7571805293589084,58.09
3956,2228,2239,2,8,159,"6,8,1",Missing_Unintentional,False,0.0,32113.625,3237.440322990418,1942.46435546875,2035.441543956757,0.741324245929718,0.741324245929718,34580.12890869141,44024.09009460449,7183.333383789063,2.919954013824463,0.758730501496578,58.09
3957,2229,2239,3,8,159,"6,8,1",Missing_Unintentional,False,0.0,32420.21484375,3227.5252421188356,1936.51513671875,2035.441543956757,0.7390537858009338,0.7390537858009338,32302.702374877932,44039.8003479004,7181.432978515625,2.919954013824463,0.7571805293589084,58.09
3958,2230,2239,2,8,159,"6,8,1",Missing_Unintentional,False,0.0,31548.27734375,3237.4374422454835,1942.462646484375,2035.441543956757,0.7413235902786255,0.7413235902786255,32293.76408813477,44041.39938293457,9475.328509521485,2.919954013824463,0.7587300541326808,58.09
3959,2233,2239,1,8,159,"6,8,1",Missing_Unintentional,False,0.0,31804.9609375,3227.5250205230714,1936.51513671875,2035.441543956757,0.7390537858009338,0.7390537858009338,34571.19062194824,44025.685584106446,9477.228914794923,2.919954013824463,0.7571805293589084,58.09
3984,2242,2253,2,8,160,"7,8,1",Missing_Unintentional,False,0.0,32081.880859375,3237.440322990418,1942.46435546875,2035.441543956757,0.741324245929718,0.741324245929718,39134.98906738281,43992.658951416015,7187.135080718995,2.919954013824463,0.758730501496578,58.09
3985,2243,2253,3,8,160,"7,8,1",Missing_Unintentional,False,0.0,32348.13671875,3227.5252421188356,1936.51513671875,2035.441543956757,0.7390537858009338,0.7390537858009338,36857.55898803711,44008.37275024414,7185.2346754455575,2.919954013824463,0.7571805293589084,58.09
3986,2244,2253,2,8,160,"7,8,1",Missing_Unintentional,False,0.0,31553.486328125,3237.4398797988893,1942.4639892578125,2035.441543956757,0.7413240671157837,0.7413240671157837,36848.61715576172,44009.96823974609,9479.12932006836,2.919954013824463,0.7587303794882555,58.09
3987,2247,2253,1,8,160,"7,8,1",Missing_Unintentional,False,0.0,31813.66015625,3227.5250205230714,1936.51513671875,2035.441543956757,0.7390537858009338,0.7390537858009338,39126.04723510743,43994.25444091797,9481.030611724855,2.919954013824463,0.7571805293589084,58.09
4016,2256,2267,3,8,161,"8,8,1",Missing_Unintentional,False,0.0,31967.435546875,3237.437885437012,1942.4627685546875,2035.441543956757,0.7413235902786255,0.7413235902786255,43689.84213500977,43961.231353759766,7190.936777648926,2.919954013824463,0.7587300541326808,58.09
4017,2257,2267,3,8,161,"8,8,1",Missing_Unintentional,False,0.0,32294.130859375,3227.5252421188356,1936.51513671875,2035.441543956757,0.7390537858009338,0.7390537858009338,41412.41560119629,43976.94515258789,7189.036372375489,2.919954013824463,0.7571805293589084,58.09
4018,2258,2267,2,8,161,"8,8,1",Missing_Unintentional,False,0.0,31614.16015625,3237.4398797988893,1942.4639892578125,2035.441543956757,0.7413240671157837,0.7413240671157837,41403.47731445313,43978.54064208984,9482.931903381348,2.919954013824463,0.7587303794882555,58.09
4019,2261,2267,2,8,161,"8,8,1",Missing_Unintentional,False,0.0003871467197313905,31930.0078125,3227.5250205230714,1936.51513671875,2035.441543956757,0.738767683506012,0.7390537858009338,43680.90384826661,43962.82684326172,9484.832308654786,2.919954013824463,0.7569851037388204,58.09
4101,2308,2304,8,4,164,"2,0,2",Missing_Intentional,True,0.001548586878925562,31792.51171875,3234.1923938751224,1940.515380859375,2035.441543956757,0.7394335865974426,0.7405804395675659,14929.482780456543,4180.46170578003,14159.9179196167,2.919954013824463,0.757439917916003,58.09
4495,2533,2529,4,8,180,"0,2,2",Missing_Intentional,True,0.001548586878925562,31970.876953125,3234.1928370666506,1940.515869140625,2035.441543956757,0.739433765411377,0.7405806183815002,5904.626549682617,15665.150580444337,11826.689140472412,2.919954013824463,0.7574400400282149,58.09
4661,2630,2626,8,4,187,"7,2,2",Missing_Intentional,True,0.008130080997943878,32212.232421875,3234.1932802581787,1940.51611328125,1938.5157561492924,0.7345597147941589,0.740580677986145,37764.48840393066,13162.056238708497,14153.54305267334,2.780908584594727,0.7860670909635229,58.09
4747,2679,2684,2,8,191,"2,3,2",Missing_Intentional,True,0.0003871467197313905,31819.654296875,3241.014884262085,1944.6090087890625,2035.441543956757,0.7418554425239563,0.7421427369117737,12743.152492523193,17904.285366210937,14119.940270996094,2.919954013824463,0.7590929042673391,58.09
4752,2684,2682,8,4,191,"2,3,2",Missing_Intentional,True,0.0,31771.3359375,3227.5254637146,1936.515380859375,2035.441543956757,0.7390538454055786,0.7390538454055786,13889.45763031006,19038.770585937502,14117.718995056153,2.919954013824463,0.7571805700699515,58.09
4931,2784,2781,8,8,198,"0,4,2",Missing_Intentional,True,0.008517228066921234,32031.400390625,3241.014884262085,1944.6090087890625,1938.5157561492924,0.7358217835426331,0.7421427369117737,5950.17511581421,22519.203295288087,11807.65051879883,2.780908584594727,0.78696721006173,58.09
5066,2861,2868,2,8,204,"6,4,2",Missing_Intentional,True,0.013162989169359207,32055.7421875,3237.438107032776,1942.4630126953125,1841.5899683418277,0.7315657138824463,0.741323709487915,32124.057188110353,21197.740888061526,14126.579280090333,2.6418631553649905,0.8186230525941688,58.09
5223,2952,2949,8,8,210,"3,5,2",Missing_Intentional,True,0.003097173757851124,31944.431640625,3241.01621383667,1944.60986328125,2035.441543956757,0.7398445010185242,0.7421430349349976,19645.10623413086,26994.287206115725,11806.363490600586,2.919954013824463,0.757720505806573,58.09
5621,3179,3187,2,8,227,"2,7,2",Missing_Intentional,True,0.006581494584679604,31065.1875,3226.3999788284304,1935.8399658203125,1938.5157561492924,0.7339337468147278,0.7387961149215698,16294.16345275879,36155.79888549805,10631.180879211426,2.780908584594727,0.7856204535829323,58.09
5804,3278,3289,2,8,234,"0,8,2",Missing_Unintentional,False,0.0,31421.875,3237.4389934158326,1942.4635009765625,2035.441543956757,0.7413238883018494,0.7413238883018494,7233.12595199585,44215.85729614258,11748.314264221191,2.919954013824463,0.7587302574799231,58.09
5805,3279,3289,3,8,234,"0,8,2",Missing_Unintentional,False,0.0,31425.2421875,3227.525906906128,1936.515625,2035.441543956757,0.7390539646148682,0.7390539646148682,4955.698531799317,44231.571094970706,11746.413858947755,2.919954013824463,0.7571806514920346,58.09
5806,3280,3289,2,8,234,"0,8,2",Missing_Unintentional,False,0.0,31358.609375,3237.438107032776,1942.4630126953125,2035.441543956757,0.741323709487915,0.741323709487915,4946.759801864624,44233.16658447266,14040.308503570557,2.919954013824463,0.758730135471581,58.09
5807,3283,3289,1,8,234,"0,8,2",Missing_Unintentional,False,0.0,31402.775390625,3227.5252421188356,1936.51513671875,2035.441543956757,0.7390537858009338,0.7390537858009338,7224.187665252686,44217.452785644535,14042.209795227052,2.919954013824463,0.7571805293589084,58.09
5823,3293,3299,3,8,235,"1,8,2",Missing_Intentional,True,0.0077429343946278095,31477.28125,3226.3988708496095,1935.83935546875,1938.5157561492924,0.7330753803253174,0.738795816898346,9507.431531066895,43057.00008789063,10606.440155334474,2.780908584594727,0.7850077899386544,58.09
5832,3292,3303,2,8,235,"1,8,2",Missing_Unintentional,False,0.0,31506.794921875,3237.4387718200687,1942.4632568359375,2035.441543956757,0.7413237690925598,0.7413237690925598,11787.97990600586,44184.4261529541,11752.115961151123,2.919954013824463,0.7587301761410294,58.09
5833,3293,3303,3,8,235,"1,8,2",Missing_Unintentional,False,0.0,31426.587890625,3227.5254637146,1936.515380859375,2035.441543956757,0.7390538454055786,0.7390538454055786,9510.553372192384,44200.13995178223,11750.21466949463,2.919954013824463,0.7571805700699515,58.09
5834,3294,3303,2,8,235,"1,8,2",Missing_Unintentional,False,0.0,31531.888671875,3237.438107032776,1942.4630126953125,2035.441543956757,0.741323709487915,0.741323709487915,9501.615085449219,44201.73898681641,14044.110200500489,2.919954013824463,0.758730135471581,58.09
5835,3297,3303,1,8,235,"1,8,2",Missing_Unintentional,False,0.0,31490.0234375,3227.524355735779,1936.5147705078125,2035.441543956757,0.7390536069869995,0.7390536069869995,11779.041619262696,44186.02164245606,14046.010605773927,2.919954013824463,0.7571804072257723,58.09
5860,3306,3317,2,8,236,"2,8,2",Missing_Unintentional,False,0.0,31498.3046875,3237.439436607361,1942.4637451171875,2035.441543956757,0.7413239479064941,0.7413239479064941,16342.83651916504,44152.995009765626,11755.917658081054,2.919954013824463,0.7587302981493682,58.09
5861,3307,3317,3,8,236,"2,8,2",Missing_Unintentional,False,0.0,31515.0234375,3227.5261285018923,1936.515869140625,2035.441543956757,0.7390540242195129,0.7390540242195129,14065.40821258545,44168.71235412598,11754.017252807618,2.919954013824463,0.7571806922030745,58.09
5862,3308,3317,2,8,236,"2,8,2",Missing_Unintentional,False,0.0,31527.2109375,3237.438107032776,1942.4630126953125,2035.441543956757,0.741323709487915,0.741323709487915,14056.469039459229,44170.30784362793,14047.91189743042,2.919954013824463,0.758730135471581,58.09
5863,3311,3317,1,8,236,"2,8,2",Missing_Unintentional,False,0.0,31525.451171875,3227.5250205230714,1936.51513671875,2035.441543956757,0.7390537858009338,0.7390537858009338,16333.896459655763,44154.59049926758,14049.813189086915,2.919954013824463,0.7571805293589084,58.09
5888,3320,3331,2,8,237,"3,8,2",Missing_Unintentional,False,0.0,31424.396484375,3237.438107032776,1942.4630126953125,2035.441543956757,0.741323709487915,0.741323709487915,20897.689586791992,44121.567412109376,11759.719355010988,2.919954013824463,0.758730135471581,58.09
5889,3321,3331,3,8,237,"3,8,2",Missing_Unintentional,False,0.0,31520.033203125,3227.5254637146,1936.515380859375,2035.441543956757,0.7390538454055786,0.7390538454055786,18620.263052978516,44137.2812109375,11757.818063354493,2.919954013824463,0.7571805700699515,58.09
5890,3322,3331,2,8,237,"3,8,2",Missing_Unintentional,False,0.0,31515.62109375,3237.4387718200687,1942.4632568359375,2035.441543956757,0.7413237690925598,0.7413237690925598,18611.324766235353,44138.876700439454,14051.713594360352,2.919954013824463,0.7587301761410294,58.09
5891,3325,3331,1,8,237,"3,8,2",Missing_Unintentional,False,0.0,31531.283203125,3227.524355735779,1936.5147705078125,2035.441543956757,0.7390536069869995,0.7390536069869995,20888.75130004883,44123.16290161133,14053.61399963379,2.919954013824463,0.7571804072257723,58.09
5916,3334,3345,2,8,238,"4,8,2",Missing_Unintentional,False,0.0,31540.431640625,3237.439436607361,1942.4637451171875,2035.441543956757,0.7413239479064941,0.7413239479064941,25452.542654418947,44090.1362689209,11763.52105194092,2.919954013824463,0.7587302981493682,58.09
5917,3335,3345,3,8,238,"4,8,2",Missing_Unintentional,False,0.0,31562.822265625,3227.5254637146,1936.515380859375,2035.441543956757,0.7390538454055786,0.7390538454055786,23175.11612060547,44105.85361328125,11761.620646667481,2.919954013824463,0.7571805700699515,58.09
5918,3336,3345,2,8,238,"4,8,2",Missing_Unintentional,False,0.0,31459.404296875,3237.4369990539553,1942.46240234375,2035.441543956757,0.7413234710693359,0.7413234710693359,23166.177833862304,44107.449102783205,14055.515291290283,2.919954013824463,0.7587299727937762,58.09
5919,3339,3345,1,8,238,"4,8,2",Missing_Unintentional,False,0.0,31604.05078125,3227.5250205230714,1936.51513671875,2035.441543956757,0.7390537858009338,0.7390537858009338,25443.604367675784,44091.73530395508,14057.416582946778,2.919954013824463,0.7571805293589084,58.09
5944,3348,3359,2,8,239,"5,8,2",Missing_Unintentional,False,0.0,31536.748046875,3237.438107032776,1942.4630126953125,2035.441543956757,0.741323709487915,0.741323709487915,30007.399267578126,44058.71221679688,11767.32274887085,2.919954013824463,0.758730135471581,58.09
5945,3349,3359,3,8,239,"5,8,2",Missing_Unintentional,False,0.0,31686.6796875,3227.5267932891848,1936.51611328125,2035.441543956757,0.7390541434288025,0.7390541434288025,27729.97273376465,44074.426015625,11765.421457214356,2.919954013824463,0.757180773625151,58.09
5946,3350,3359,2,8,239,"5,8,2",Missing_Unintentional,False,0.0,31547.236328125,3237.4398797988893,1942.4639892578125,2035.441543956757,0.7413240671157837,0.7413240671157837,27721.032674255373,44076.021505126955,14059.316988220216,2.919954013824463,0.7587303794882555,58.09
5947,3353,3359,1,8,239,"5,8,2",Missing_Unintentional,False,0.0,31684.142578125,3227.521696586609,1936.51318359375,2035.441543956757,0.7390530109405518,0.7390530109405518,29998.457435302735,44060.30770629883,14061.217393493653,2.919954013824463,0.7571800001152474,58.09
5972,3362,3373,2,8,240,"6,8,2",Missing_Unintentional,False,0.0,31508.873046875,3237.438107032776,1942.4630126953125,2035.441543956757,0.741323709487915,0.741323709487915,34562.25233520508,44027.2810736084,11771.124445800782,2.919954013824463,0.758730135471581,58.09
5973,3363,3373,3,8,240,"6,8,2",Missing_Unintentional,False,0.0,31688.724609375,3227.5254637146,1936.515380859375,2035.441543956757,0.7390538454055786,0.7390538454055786,32284.825801391602,44042.994872436524,11769.224040527344,2.919954013824463,0.7571805700699515,58.09
5974,3364,3373,2,8,240,"6,8,2",Missing_Unintentional,False,0.0,31499.845703125,3237.439215011597,1942.4637451171875,2035.441543956757,0.7413239479064941,0.7413239479064941,32275.88751464844,44044.59036193848,14063.118685150148,2.919954013824463,0.7587302981493682,58.09
5975,3367,3373,1,8,240,"6,8,2",Missing_Unintentional,False,0.0,31678.900390625,3227.5250205230714,1936.51513671875,2035.441543956757,0.7390537858009338,0.7390537858009338,34553.314048461914,44028.87656311035,14065.019976806641,2.919954013824463,0.7571805293589084,58.09
6000,3376,3387,2,8,241,"7,8,2",Missing_Unintentional,False,0.0,31451.62109375,3237.438107032776,1942.4630126953125,2035.441543956757,0.741323709487915,0.741323709487915,39117.10894836426,43995.84993041992,11774.926142730714,2.919954013824463,0.758730135471581,58.09
6001,3377,3387,3,8,241,"7,8,2",Missing_Unintentional,False,0.0,31668.3125,3227.5281228637696,1936.5169677734375,2035.441543956757,0.7390544414520264,0.7390544414520264,36839.682414550785,44011.563729248046,11773.02485107422,2.919954013824463,0.7571809771803232,58.09
6002,3378,3387,2,8,241,"7,8,2",Missing_Unintentional,False,0.0,31446.4296875,3237.4398797988893,1942.4639892578125,2035.441543956757,0.7413240671157837,0.7413240671157837,36830.74058227539,44013.15921875,14066.92038208008,2.919954013824463,0.7587303794882555,58.09
6003,3381,3387,1,8,241,"7,8,2",Missing_Unintentional,False,0.0,31612.029296875,3227.524355735779,1936.5147705078125,2035.441543956757,0.7390536069869995,0.7390536069869995,39108.170661621094,43997.445419921874,14068.820787353516,2.919954013824463,0.7571804072257723,58.09
6032,3390,3401,3,8,242,"8,8,2",Missing_Unintentional,False,0.0,31398.115234375,3237.4398797988893,1942.4639892578125,2035.441543956757,0.7413240671157837,0.7413240671157837,43671.96556152344,43964.42233276367,11778.727839660645,2.919954013824463,0.7587303794882555,58.09
6033,3391,3401,3,8,242,"8,8,2",Missing_Unintentional,False,0.0,31605.521484375,3227.5250205230714,1936.51513671875,2035.441543956757,0.7390537858009338,0.7390537858009338,41394.53548217774,43980.1361315918,11776.826548004152,2.919954013824463,0.7571805293589084,58.09
6034,3392,3401,2,8,242,"8,8,2",Missing_Unintentional,False,0.0,31432.748046875,3237.4374422454835,1942.462646484375,2035.441543956757,0.7413235902786255,0.7413235902786255,41385.59719543457,43981.73162109375,14070.721192626954,2.919954013824463,0.7587300541326808,58.09
6035,3395,3401,2,8,242,"8,8,2",Missing_Unintentional,False,0.000774293439462781,31676.998046875,3227.5254637146,1936.515380859375,2035.441543956757,0.7384816408157349,0.7390538454055786,43663.02372924805,43966.017822265625,14072.623370666504,2.919954013824463,0.7567896936111888,58.09
6234,3511,3508,4,4,250,"7,0,3",Missing_Intentional,True,0.01084010861814022,31980.4375,3237.4369990539553,1942.46240234375,1841.5899683418277,0.7332874536514282,0.7413234710693359,38832.182887573246,5160.9937115478515,18764.49530395508,2.6418631553649905,0.8199069687730347,58.09
6259,3524,3526,8,8,251,"8,0,3",Missing_Unintentional,False,0.011614401824772358,31227.173828125,3226.399757232666,1935.8399658203125,1841.5899683418277,0.7302154302597046,0.7387961149215698,41106.48935302735,4002.1387192535403,17622.62119506836,2.6418631553649905,0.8176154296298096,58.09
6670,3762,3765,8,4,268,"7,2,3",Missing_Intentional,True,0.009291521273553371,31374.099609375,3225.573648223877,1935.34423828125,1938.5157561492924,0.7317441701889038,0.7386069297790527,36627.5461303711,15456.992383422852,17587.08787109375,2.780908584594727,0.7840571584051638,58.09
7225,4077,4084,2,8,291,"3,5,3",Missing_Intentional,True,0.005032907240092754,31840.59375,3241.0179866027834,1944.6109619140625,1938.5157561492924,0.7384083271026611,0.742143452167511,17364.983323059085,29297.881540527345,16385.90764465332,2.780908584594727,0.7888103504666665,58.09
7420,4186,4196,3,8,299,"2,6,3",Missing_Intentional,True,0.006581494584679604,31928.373046875,3234.196604194641,1940.51806640625,1938.5157561492924,0.7357073426246643,0.7405814528465271,12825.310451660156,31613.993376464845,16375.7603314209,2.780908584594727,0.7868856109692913,58.09
7706,4353,4348,4,4,310,"4,7,3",Missing_Intentional,True,0.001548586878925562,32049.841796875,3241.0168786239624,1944.6103515625,2035.441543956757,0.7409939169883728,0.7421432137489319,24249.057832031252,38391.07258666992,18660.121926269534,2.919954013824463,0.758505094722505,58.09
7820,4412,4423,2,8,315,"0,8,3",Missing_Unintentional,False,0.0,31433.357421875,3237.439436607361,1942.4637451171875,2035.441543956757,0.7413239479064941,0.7413239479064941,7215.248492126465,44219.04827514649,16336.105326232911,2.919954013824463,0.7587302981493682,58.09
7821,4413,4423,3,8,315,"0,8,3",Missing_Unintentional,False,0.0,31341.28515625,3227.5263500976566,1936.515869140625,2035.441543956757,0.7390540242195129,0.7390540242195129,4937.821071929932,44234.76207397461,16334.20314819336,2.919954013824463,0.7571806922030745,58.09
7822,4414,4423,2,8,315,"0,8,3",Missing_Unintentional,False,0.0,31401.58984375,3237.437885437012,1942.4627685546875,2035.441543956757,0.7413235902786255,0.7413235902786255,4928.881898803711,44236.357563476566,18628.098679199218,2.919954013824463,0.7587300541326808,58.09
7823,4417,4423,1,8,315,"0,8,3",Missing_Unintentional,False,0.0,31429.48828125,3227.5254637146,1936.515380859375,2035.441543956757,0.7390538454055786,0.7390538454055786,7206.309762191773,44220.64376464844,18630.00085723877,2.919954013824463,0.7571805700699515,58.09
7848,4426,4437,2,8,316,"1,8,3",Missing_Unintentional,False,0.0,31496.291015625,3237.4387718200687,1942.4632568359375,2035.441543956757,0.7413237690925598,0.7413237690925598,11770.103332519531,44187.62067749024,16339.906136779786,2.919954013824463,0.7587301761410294,58.09
7849,4427,4437,3,8,316,"1,8,3",Missing_Unintentional,False,0.0,31448.431640625,3227.5250205230714,1936.51513671875,2035.441543956757,0.7390537858009338,0.7390537858009338,9492.675912322999,44203.33447631836,16338.005731506348,2.919954013824463,0.7571805293589084,58.09
7850,4428,4437,2,8,316,"1,8,3",Missing_Unintentional,False,0.0,31517.734375,3237.4387718200687,1942.4632568359375,2035.441543956757,0.7413237690925598,0.7413237690925598,9483.736739196778,44204.929965820316,18631.90126251221,2.919954013824463,0.7587301761410294,58.09
7851,4431,4437,1,8,316,"1,8,3",Missing_Unintentional,False,0.0,31444.86328125,3227.5250205230714,1936.51513671875,2035.441543956757,0.7390537858009338,0.7390537858009338,11761.164159393311,44189.21616699219,18633.801667785647,2.919954013824463,0.7571805293589084,58.09
7876,4440,4451,2,8,317,"2,8,3",Missing_Unintentional,False,0.0,31509.6640625,3237.438107032776,1942.4630126953125,2035.441543956757,0.741323709487915,0.741323709487915,16324.958172912598,44156.18598876953,16343.708720092774,2.919954013824463,0.758730135471581,58.09
7877,4441,4451,3,8,317,"2,8,3",Missing_Unintentional,False,0.0,31472.4765625,3227.527458076477,1936.5164794921875,2035.441543956757,0.739054262638092,0.739054262638092,14047.530752716066,44171.903333129885,16341.808314819336,2.919954013824463,0.7571808550472231,58.09
7878,4442,4451,2,8,317,"2,8,3",Missing_Unintentional,False,0.0,31510.1484375,3237.4387718200687,1942.4632568359375,2035.441543956757,0.7413237690925598,0.7413237690925598,14038.591579589845,44173.49882263184,18635.703845825195,2.919954013824463,0.7587301761410294,58.09
7879,4445,4451,1,8,317,"2,8,3",Missing_Unintentional,False,0.0,31492.24609375,3227.5250205230714,1936.51513671875,2035.441543956757,0.7390537858009338,0.7390537858009338,16316.019886169435,44157.78856933594,18637.604251098634,2.919954013824463,0.7571805293589084,58.09
7904,4454,4465,2,8,318,"3,8,3",Missing_Unintentional,False,0.0,31478.94921875,3237.439436607361,1942.4637451171875,2035.441543956757,0.7413239479064941,0.7413239479064941,20879.813013305666,44124.75839111328,16347.509530639649,2.919954013824463,0.7587302981493682,58.09
7905,4455,4465,3,8,318,"3,8,3",Missing_Unintentional,False,0.0,31516.126953125,3227.5250205230714,1936.51513671875,2035.441543956757,0.7390537858009338,0.7390537858009338,18602.384706726076,44140.47218994141,16345.609125366213,2.919954013824463,0.7571805293589084,58.09
7906,4456,4465,2,8,318,"3,8,3",Missing_Unintentional,False,0.0,31474.998046875,3237.438107032776,1942.4630126953125,2035.441543956757,0.741323709487915,0.741323709487915,18593.446419982913,44142.07477050782,18639.50465637207,2.919954013824463,0.758730135471581,58.09
7907,4459,4465,1,8,318,"3,8,3",Missing_Unintentional,False,0.0,31510.072265625,3227.5250205230714,1936.51513671875,2035.441543956757,0.7390537858009338,0.7390537858009338,20870.872953796388,44126.357426147464,18641.40506164551,2.919954013824463,0.7571805293589084,58.09
7932,4468,4479,2,8,319,"4,8,3",Missing_Unintentional,False,0.0,31520.505859375,3237.438107032776,1942.4630126953125,2035.441543956757,0.741323709487915,0.741323709487915,25434.66608093262,44093.33079345703,16351.312113952637,2.919954013824463,0.758730135471581,58.09
7933,4469,4479,3,8,319,"4,8,3",Missing_Unintentional,False,0.0,31523.3671875,3227.5261285018923,1936.515869140625,2035.441543956757,0.7390540242195129,0.7390540242195129,23157.23954711914,44109.04459228516,16349.409935913087,2.919954013824463,0.7571806922030745,58.09
7934,4470,4479,2,8,319,"4,8,3",Missing_Unintentional,False,0.0,31463.603515625,3237.438107032776,1942.4630126953125,2035.441543956757,0.741323709487915,0.741323709487915,23148.301260375978,44110.64362731934,18643.305466918948,2.919954013824463,0.758730135471581,58.09
7935,4473,4479,1,8,319,"4,8,3",Missing_Unintentional,False,0.0,31571.103515625,3227.5250205230714,1936.51513671875,2035.441543956757,0.7390537858009338,0.7390537858009338,25425.727794189454,44094.926282958986,18645.207644958497,2.919954013824463,0.7571805293589084,58.09
7960,4482,4493,2,8,320,"5,8,3",Missing_Unintentional,False,0.0,31505.859375,3237.4369990539553,1942.46240234375,2035.441543956757,0.7413234710693359,0.7413234710693359,29989.51914855957,44061.90319580078,16355.112924499512,2.919954013824463,0.7587299727937762,58.09
7961,4483,4493,3,8,320,"5,8,3",Missing_Unintentional,False,0.0,31636.9296875,3227.5261285018923,1936.515869140625,2035.441543956757,0.7390540242195129,0.7390540242195129,27712.092614746096,44077.61699462891,16353.212519226076,2.919954013824463,0.7571806922030745,58.09
7962,4484,4493,2,8,320,"5,8,3",Missing_Unintentional,False,0.0,31534.873046875,3237.439436607361,1942.4637451171875,2035.441543956757,0.7413239479064941,0.7413239479064941,27703.154328002933,44079.21248413086,18647.108050231935,2.919954013824463,0.7587302981493682,58.09
7963,4487,4493,1,8,320,"5,8,3",Missing_Unintentional,False,0.0,31681.279296875,3227.5236909484865,1936.5142822265625,2035.441543956757,0.7390534281730652,0.7390534281730652,29980.58086181641,44063.49868530274,18649.008455505373,2.919954013824463,0.7571802850926264,58.09
7988,4496,4507,2,8,321,"6,8,3",Missing_Unintentional,False,0.0,31466.82421875,3237.4405445861817,1942.46435546875,2035.441543956757,0.741324245929718,0.741324245929718,34544.37576171875,44030.472052612306,16358.9155078125,2.919954013824463,0.758730501496578,58.09
7989,4497,4507,3,8,321,"6,8,3",Missing_Unintentional,False,0.0,31655.828125,3227.5261285018923,1936.515869140625,2035.441543956757,0.7390540242195129,0.7390540242195129,32266.945682373047,44046.18585144043,16357.015102539064,2.919954013824463,0.7571806922030745,58.09
7990,4498,4507,2,8,321,"6,8,3",Missing_Unintentional,False,0.0,31510.037109375,3237.4369990539553,1942.46240234375,2035.441543956757,0.7413234710693359,0.7413234710693359,32258.007395629884,44047.78488647461,18650.91063354492,2.919954013824463,0.7587299727937762,58.09
7991,4501,4507,1,8,321,"6,8,3",Missing_Unintentional,False,0.0,31666.76953125,3227.5250205230714,1936.51513671875,2035.441543956757,0.7390537858009338,0.7390537858009338,34535.43392944336,44032.06754211426,18652.81103881836,2.919954013824463,0.7571805293589084,58.09
8016,4510,4521,2,8,322,"7,8,3",Missing_Unintentional,False,0.0,31480.2890625,3237.438107032776,1942.4630126953125,2035.441543956757,0.741323709487915,0.741323709487915,39099.23237487793,43999.04090942383,16362.716318359377,2.919954013824463,0.758730135471581,58.09
8017,4511,4521,3,8,322,"7,8,3",Missing_Unintentional,False,0.0,31643.705078125,3227.527458076477,1936.5164794921875,2035.441543956757,0.739054262638092,0.739054262638092,36821.80584106445,44014.75470825195,16360.815913085939,2.919954013824463,0.7571808550472231,58.09
8018,4512,4521,2,8,322,"7,8,3",Missing_Unintentional,False,0.0,31491.849609375,3237.4432037353517,1942.4659423828125,2035.441543956757,0.741324782371521,0.741324782371521,36812.86400878907,44016.350197753905,18654.711444091798,2.919954013824463,0.7587308675214867,58.09
8019,4515,4521,1,8,322,"7,8,3",Missing_Unintentional,False,0.0,31625.9296875,3227.5250205230714,1936.51513671875,2035.441543956757,0.7390537858009338,0.7390537858009338,39090.29408813477,44000.63639892578,18656.611849365236,2.919954013824463,0.7571805293589084,58.09
8048,4524,4535,3,8,323,"8,8,3",Missing_Unintentional,False,0.0,31376.892578125,3237.438107032776,1942.4630126953125,2035.441543956757,0.741323709487915,0.741323709487915,43654.08544250488,43967.61331176758,16366.518901672363,2.919954013824463,0.758730135471581,58.09
8049,4525,4535,3,8,323,"8,8,3",Missing_Unintentional,False,0.0,31596.33203125,3227.5261285018923,1936.515869140625,2035.441543956757,0.7390540242195129,0.7390540242195129,41376.65890869141,43983.3271105957,16364.616723632813,2.919954013824463,0.7571806922030745,58.09
8050,4526,4535,2,8,323,"8,8,3",Missing_Unintentional,False,0.0,31413.00390625,3237.436777458191,1942.462158203125,2035.441543956757,0.7413234114646912,0.7413234114646912,41367.72062194825,43984.926145629885,18658.512254638674,2.919954013824463,0.7587299321243223,58.09
8051,4529,4535,2,8,323,"8,8,3",Missing_Unintentional,False,0.000774293439462781,31609.72265625,3227.5250205230714,1936.51513671875,2035.441543956757,0.7384815812110901,0.7390537858009338,43645.14715576172,43969.21234680176,18660.414432678223,2.919954013824463,0.7567896528896335,58.09
8114,4566,4573,1,8,326,"2,0,4",Missing_Intentional,True,0.0003871467197313905,30792.87109375,3225.5712106704714,1935.3427734375,2035.441543956757,0.7383204102516174,0.738606333732605,16061.030526733399,6461.28042755127,19889.26044708252,2.919954013824463,0.7566795377970017,58.09
8136,4578,4587,3,8,327,"3,0,4",Missing_Unintentional,False,0.006194347515702248,31183.2578125,3225.5707674789433,1935.342529296875,1841.5899683418277,0.7340310215950012,0.7386062145233154,18323.27863708496,4160.880617675782,19897.507355041504,2.6418631553649905,0.8204611430358966,58.09
8164,4592,4602,3,8,328,"4,0,4",Missing_Unintentional,False,0.01084010861814022,31878.955078125,3234.1923938751224,1940.515380859375,1841.5899683418277,0.7325524687767029,0.7405804395675659,21734.949294433594,4138.106777801514,21047.30572845459,2.6418631553649905,0.8193590072775088,58.09
8442,4756,4759,8,4,339,"6,1,4",Missing_Intentional,True,0.003484320593997836,30961.716796875,3225.5696595001223,1935.341796875,1938.5157561492924,0.7360324263572693,0.7386059761047363,32024.452551269533,10922.244256286622,22183.77112792969,2.780908584594727,0.7871173923330225,58.09
8764,4939,4937,4,8,352,"1,3,4",Missing_Intentional,True,0.0,31794.09765625,3227.5254637146,1936.515380859375,2035.441543956757,0.7390538454055786,0.7390538454055786,11585.214463500977,19059.27439880371,20997.50341003418,2.919954013824463,0.7571805700699515,58.09
8823,4973,4979,2,8,355,"4,3,4",Missing_Intentional,True,0.006194347515702248,30716.28515625,3226.4002004241947,1935.8402099609375,1938.5157561492924,0.7342197895050049,0.7387961745262146,22984.41080596924,20122.24623352051,19856.88796508789,2.780908584594727,0.7858245650071487,58.09
9273,5232,5231,8,8,373,"4,5,4",Missing_Intentional,True,0.002322880318388343,31633.58984375,3237.4369990539553,1942.46240234375,2035.441543956757,0.7396014928817749,0.7413234710693359,23033.082099609375,28119.442357788088,20981.622971191406,2.919954013824463,0.7575545769485721,58.09
9303,5248,5245,8,8,374,"5,5,4",Missing_Intentional,True,0.005032907240092754,31723.826171875,3241.0155490493776,1944.609375,1938.5157561492924,0.7384077310562134,0.7421428561210632,28719.05922241211,26937.812196044924,20989.54900848389,2.780908584594727,0.7888099259791543,58.09
9329,5262,5258,8,4,375,"6,5,4",Missing_Intentional,True,0.0038714671973139048,31855.087890625,3234.1915074920657,1940.5150146484375,2035.441543956757,0.7377131581306458,0.7405802607536316,33264.9740032959,26907.980087890628,23287.24535003662,2.919954013824463,0.756264579504896,58.09
9597,5415,5417,8,4,386,"8,6,4",Missing_Intentional,True,0.010452961549162865,32087.966796875,3226.4013084030153,1935.8408203125,1938.5157561492924,0.731073796749115,0.7387964129447937,43563.415546875,33690.51941772461,22129.813445739746,2.780908584594727,0.7835782192684704,58.09
9778,5520,5526,1,8,394,"7,7,4",Missing_Intentional,True,0.013937282375991344,32096.185546875,3234.1915074920657,1940.5150146484375,1841.5899683418277,0.730258584022522,0.7405802607536316,35618.31747314453,38315.691026000975,23257.416787414553,2.6418631553649905,0.8176476418906024,58.09
9836,5546,5557,2,8,396,"0,8,4",Missing_Unintentional,False,0.0,31445.16796875,3237.43832862854,1942.4630126953125,2035.441543956757,0.741323709487915,0.741323709487915,7197.3710322570805,44222.239254150394,20923.894615478515,2.919954013824463,0.758730135471581,58.09
9837,5547,5557,3,8,396,"0,8,4",Missing_Unintentional,False,0.0,31386.005859375,3227.5250205230714,1936.51513671875,2035.441543956757,0.7390537858009338,0.7390537858009338,4919.943168869019,44237.95305297852,20921.99421020508,2.919954013824463,0.7571805293589084,58.09
9838,5548,5557,2,8,396,"0,8,4",Missing_Unintentional,False,0.0,31449.904296875,3237.4389934158326,1942.4635009765625,2035.441543956757,0.7413238883018494,0.7413238883018494,4911.004438934327,44239.54854248047,23215.88974121094,2.919954013824463,0.7587302574799231,58.09
9839,5551,5557,1,8,396,"0,8,4",Missing_Unintentional,False,0.0,31433.384765625,3227.5263500976566,1936.515869140625,2035.441543956757,0.7390540242195129,0.7390540242195129,7188.43185913086,44223.83474365235,23217.790146484378,2.919954013824463,0.7571806922030745,58.09
9864,5560,5571,2,8,397,"1,8,4",Missing_Unintentional,False,0.0,31529.099609375,3237.4387718200687,1942.4632568359375,2035.441543956757,0.7413237690925598,0.7413237690925598,11752.22498626709,44190.811656494145,20927.697198791506,2.919954013824463,0.7587301761410294,58.09
9865,5561,5571,3,8,397,"1,8,4",Missing_Unintentional,False,0.0,31480.474609375,3227.5250205230714,1936.51513671875,2035.441543956757,0.7390537858009338,0.7390537858009338,9474.798452453613,44206.52545532227,20925.796793518068,2.919954013824463,0.7571805293589084,58.09
9866,5562,5571,2,8,397,"1,8,4",Missing_Unintentional,False,0.0,31520.58984375,3237.439436607361,1942.4637451171875,2035.441543956757,0.7413239479064941,0.7413239479064941,9465.859279327393,44208.12094482422,23219.692324523927,2.919954013824463,0.7587302981493682,58.09
9867,5565,5571,1,8,397,"1,8,4",Missing_Unintentional,False,0.0,31486.951171875,3227.5250205230714,1936.51513671875,2035.441543956757,0.7390537858009338,0.7390537858009338,11743.286699523926,44192.4071459961,23221.592729797365,2.919954013824463,0.7571805293589084,58.09
9892,5574,5585,2,8,398,"2,8,4",Missing_Unintentional,False,0.0,31498.458984375,3237.438107032776,1942.4630126953125,2035.441543956757,0.741323709487915,0.741323709487915,16307.079826660158,44159.384058837895,20931.499782104493,2.919954013824463,0.758730135471581,58.09
9893,5575,5585,3,8,398,"2,8,4",Missing_Unintentional,False,0.0,31466.162109375,3227.5254637146,1936.515380859375,2035.441543956757,0.7390538454055786,0.7390538454055786,14029.65329284668,44175.09785766602,20929.597604064944,2.919954013824463,0.7571805700699515,58.09
9894,5576,5585,2,8,398,"2,8,4",Missing_Unintentional,False,0.0,31530.103515625,3237.439436607361,1942.4637451171875,2035.441543956757,0.7413239479064941,0.7413239479064941,14020.71411972046,44176.69334716797,23223.493135070803,2.919954013824463,0.7587302981493682,58.09
9895,5579,5585,1,8,398,"2,8,4",Missing_Unintentional,False,0.0,31513.775390625,3227.5261285018923,1936.515869140625,2035.441543956757,0.7390540242195129,0.7390540242195129,16298.141539916993,44160.97954833985,23225.39531311035,2.919954013824463,0.7571806922030745,58.09
9920,5588,5599,2,8,399,"3,8,4",Missing_Unintentional,False,0.0,31424.294921875,3237.438107032776,1942.4630126953125,2035.441543956757,0.741323709487915,0.741323709487915,20861.934667053225,44127.95291564942,20935.30059265137,2.919954013824463,0.758730135471581,58.09
9921,5589,5599,3,8,399,"3,8,4",Missing_Unintentional,False,0.0,31487.509765625,3227.5250205230714,1936.51513671875,2035.441543956757,0.7390537858009338,0.7390537858009338,18584.508133239746,44143.67026000977,20933.40018737793,2.919954013824463,0.7571805293589084,58.09
9922,5590,5599,2,8,399,"3,8,4",Missing_Unintentional,False,0.0,31481.326171875,3237.439436607361,1942.4637451171875,2035.441543956757,0.7413239479064941,0.7413239479064941,18575.56807373047,44145.265749511724,23227.29571838379,2.919954013824463,0.7587302981493682,58.09
9923,5593,5599,1,8,399,"3,8,4",Missing_Unintentional,False,0.0,31535.46875,3227.5250205230714,1936.51513671875,2035.441543956757,0.7390537858009338,0.7390537858009338,20852.996380310058,44129.54840515137,23229.196123657228,2.919954013824463,0.7571805293589084,58.09
9948,5602,5613,2,8,400,"4,8,4",Missing_Unintentional,False,0.0,31455.607421875,3237.438107032776,1942.4630126953125,2035.441543956757,0.741323709487915,0.741323709487915,25416.78950744629,44096.52177246094,20939.101403198245,2.919954013824463,0.758730135471581,58.09
9949,5603,5613,3,8,400,"4,8,4",Missing_Unintentional,False,0.0,31505.486328125,3227.5250205230714,1936.51513671875,2035.441543956757,0.7390537858009338,0.7390537858009338,23139.3612008667,44112.23911682129,20937.200997924807,2.919954013824463,0.7571805293589084,58.09
9950,5604,5613,2,8,400,"4,8,4",Missing_Unintentional,False,0.0,31471.109375,3237.438107032776,1942.4630126953125,2035.441543956757,0.741323709487915,0.741323709487915,23130.422914123537,44113.834606323246,23231.096528930666,2.919954013824463,0.758730135471581,58.09
9951,5607,5613,1,8,400,"4,8,4",Missing_Unintentional,False,0.0,31504.056640625,3227.5261285018923,1936.515869140625,2035.441543956757,0.7390540242195129,0.7390540242195129,25407.849447937013,44098.11726196289,23232.996934204104,2.919954013824463,0.7571806922030745,58.09
9976,5616,5627,2,8,401,"5,8,4",Missing_Intentional,True,0.0,31512.953125,3237.438107032776,1942.4630126953125,2035.441543956757,0.741323709487915,0.741323709487915,29971.642575073245,44065.09417480469,20942.90398651123,2.919954013824463,0.758730135471581,58.09
9977,5617,5627,3,8,401,"5,8,4",Missing_Unintentional,False,0.0,31601.87109375,3227.5250205230714,1936.51513671875,2035.441543956757,0.7390537858009338,0.7390537858009338,27694.216041259766,44080.807973632815,20941.003581237794,2.919954013824463,0.7571805293589084,58.09
9978,5618,5627,2,8,401,"5,8,4",Missing_Unintentional,False,0.0,31499.841796875,3237.439436607361,1942.4637451171875,2035.441543956757,0.7413239479064941,0.7413239479064941,27685.277754516603,44082.40346313477,23234.899112243653,2.919954013824463,0.7587302981493682,58.09
9979,5621,5627,1,8,401,"5,8,4",Missing_Unintentional,False,0.0,31651.177734375,3227.5250205230714,1936.51513671875,2035.441543956757,0.7390537858009338,0.7390537858009338,29962.70428833008,44066.68966430664,23236.79951751709,2.919954013824463,0.7571805293589084,58.09
10003,5634,5640,1,8,402,"6,8,4",Missing_Intentional,True,0.0019357335986569524,31807.35546875,3227.5250205230714,1936.51513671875,2035.441543956757,0.7376231551170349,0.7390537858009338,34487.19341796875,39465.89359008789,23253.29333343506,2.919954013824463,0.7562030673623973,58.09
10004,5630,5641,2,8,402,"6,8,4",Missing_Unintentional,False,0.0,31478.357421875,3237.4369990539553,1942.46240234375,2035.441543956757,0.7413234710693359,0.7413234710693359,34526.495642700196,44033.66657714844,20946.70656982422,2.919954013824463,0.7587299727937762,58.09
10005,5631,5641,3,8,402,"6,8,4",Missing_Unintentional,False,0.0,31646.30859375,3227.5250205230714,1936.51513671875,2035.441543956757,0.7390537858009338,0.7390537858009338,32249.06910888672,44049.380375976565,20944.80439178467,2.919954013824463,0.7571805293589084,58.09
10006,5632,5641,2,8,402,"6,8,4",Missing_Unintentional,False,0.0,31571.24609375,3237.438107032776,1942.4630126953125,2035.441543956757,0.741323709487915,0.741323709487915,32240.130822143557,44050.97586547852,23238.69992279053,2.919954013824463,0.758730135471581,58.09
10007,5635,5641,1,8,402,"6,8,4",Missing_Unintentional,False,0.0,31605.97265625,3227.5261285018923,1936.515869140625,2035.441543956757,0.7390540242195129,0.7390540242195129,34517.55735595703,44035.26206665039,23240.602100830078,2.919954013824463,0.7571806922030745,58.09
10027,5647,5652,2,8,403,"7,8,4",Missing_Intentional,True,0.002322880318388343,31855.822265625,3241.0190945816043,1944.6116943359375,2035.441543956757,0.740419864654541,0.7421437501907349,35633.49944213867,40600.37880981446,23251.070284729005,2.919954013824463,0.7581132985598602,58.09
10030,5647,5654,2,8,403,"7,8,4",Missing_Intentional,True,0.01084010861814022,32044.41015625,3237.4405445861817,1942.46435546875,1841.5899683418277,0.7332882285118103,0.741324245929718,36764.62349731445,39450.17624572754,23255.193738708498,2.6418631553649905,0.8199075463667301,58.09
10032,5644,5655,2,8,403,"7,8,4",Missing_Unintentional,False,0.0,31429.361328125,3237.4405445861817,1942.46435546875,2035.441543956757,0.741324245929718,0.741324245929718,39081.352255859376,44002.23897949219,20950.507380371095,2.919954013824463,0.758730501496578,58.09
10033,5645,5655,3,8,403,"7,8,4",Missing_Unintentional,False,0.0,31625.03515625,3227.527458076477,1936.5164794921875,2035.441543956757,0.739054262638092,0.739054262638092,36803.922176513675,44017.952778320316,20948.606975097657,2.919954013824463,0.7571808550472231,58.09
10034,5646,5655,2,8,403,"7,8,4",Missing_Unintentional,False,0.0,31502.705078125,3237.4405445861817,1942.46435546875,2035.441543956757,0.741324245929718,0.741324245929718,36794.98743530273,44019.54826782227,23242.502506103516,2.919954013824463,0.758730501496578,58.09
10035,5649,5655,1,8,403,"7,8,4",Missing_Unintentional,False,0.0,31618.375,3227.5250205230714,1936.51513671875,2035.441543956757,0.7390537858009338,0.7390537858009338,39072.41396911621,44003.834468994144,23244.402911376954,2.919954013824463,0.7571805293589084,58.09
10057,5658,5667,3,8,404,"8,8,4",Missing_Unintentional,False,0.019357336685061455,31875.396484375,3241.0179866027834,1944.6109619140625,1647.7383927268984,0.7277775406837463,0.742143452167511,44767.329378662114,42820.6052722168,20958.43164489746,2.3637722969055175,0.8950135751888376,58.09
10064,5658,5669,3,8,404,"8,8,4",Missing_Unintentional,False,0.0,31245.966796875,3237.436777458191,1942.462158203125,2035.441543956757,0.7413234114646912,0.7413234114646912,43636.208869018556,43970.80783630371,20954.30819091797,2.919954013824463,0.7587299321243223,58.09
10065,5659,5669,3,8,404,"8,8,4",Missing_Unintentional,False,0.0,31558.818359375,3227.5250205230714,1936.51513671875,2035.441543956757,0.7390537858009338,0.7390537858009338,41358.782335205084,43986.52163513184,20952.407785644533,2.919954013824463,0.7571805293589084,58.09
10066,5660,5669,2,8,404,"8,8,4",Missing_Unintentional,False,0.0,31416.115234375,3237.4405445861817,1942.46435546875,2035.441543956757,0.741324245929718,0.741324245929718,41349.84050292969,43988.11712463379,23246.303316650392,2.919954013824463,0.758730501496578,58.09
10067,5663,5669,2,8,404,"8,8,4",Missing_Unintentional,False,0.0,31509.66796875,3227.5261285018923,1936.515869140625,2035.441543956757,0.7390540242195129,0.7390540242195129,43627.27058227539,43972.403325805666,23248.20372192383,2.919954013824463,0.7571806922030745,58.09
10298,5795,5790,4,4,413,"8,0,5",Missing_Intentional,True,0.0003871467197313905,31727.6015625,3241.015992240906,1944.609619140625,2035.441543956757,0.7418556213378906,0.742142915725708,42220.15875305176,6286.149749603272,27939.7547845459,2.919954013824463,0.759093026246524,58.09
10948,6170,6168,8,4,440,"8,3,5",Missing_Intentional,True,0.0,31920.646484375,3227.5250205230714,1936.51513671875,2035.441543956757,0.7390537858009338,0.7390537858009338,41164.951633911136,18859.774391479492,27903.900589904788,2.919954013824463,0.7571805293589084,58.09
11650,6570,6576,1,8,469,"1,7,5",Missing_Intentional,True,0.0,31740.037109375,3234.1941666412354,1940.5166015625,2035.441543956757,0.7405808568000793,0.7405808568000793,8271.31097091675,38507.458227539064,27822.397667846682,2.919954013824463,0.75822318743938,58.09
11766,6638,6645,1,8,474,"6,7,5",Missing_Intentional,True,0.001548586878925562,30570.5546875,3225.5723186492924,1935.3433837890625,2035.441543956757,0.7374627590179443,0.7386065721511841,34475.13151733399,38324.34567016602,24403.414350280764,2.919954013824463,0.7560934391893189,58.09
11791,6653,6659,2,8,475,"7,7,5",Missing_Intentional,True,0.010065814480185509,31694.630859375,3226.4013084030153,1935.8408203125,1841.5899683418277,0.7313598394393921,0.7387964129447937,36752.56159667969,38308.63187133789,24405.314755554202,2.6418631553649905,0.8184694628641839,58.09
11793,6653,6660,2,8,475,"7,7,5",Missing_Intentional,True,0.0,31661.244140625,3241.0168786239624,1944.6103515625,2035.441543956757,0.7421432137489319,0.7421432137489319,35609.37564086914,38317.28651550293,25551.312318420412,2.919954013824463,0.7592891967542573,58.09
11851,6684,6690,1,8,477,"0,8,5",Missing_Intentional,True,0.0,31668.173828125,3227.5252421188356,1936.51513671875,2035.441543956757,0.7390537858009338,0.7390537858009338,7140.188688507081,39657.66079162598,27818.27421386719,2.919954013824463,0.7571805293589084,58.09
11852,6680,6691,2,8,477,"0,8,5",Missing_Unintentional,False,0.0,31509.712890625,3237.4376638412477,1942.462646484375,2035.441543956757,0.7413235902786255,0.7413235902786255,7179.492686004639,44225.4302331543,25511.685677490237,2.919954013824463,0.7587300541326808,58.09
11853,6681,6691,3,8,477,"0,8,5",Missing_Unintentional,False,0.0,31362.779296875,3227.5252421188356,1936.51513671875,2035.441543956757,0.7390537858009338,0.7390537858009338,4902.065265808105,44241.144031982425,25509.7852722168,2.919954013824463,0.7571805293589084,58.09
11854,6682,6691,2,8,477,"0,8,5",Missing_Unintentional,False,0.0,31460.2109375,3237.4389934158326,1942.4635009765625,2035.441543956757,0.7413238883018494,0.7413238883018494,4893.126979064942,44242.73952148438,27803.680803222658,2.919954013824463,0.7587302574799231,58.09
11855,6685,6691,1,8,477,"0,8,5",Missing_Unintentional,False,0.0,31383.822265625,3227.5245773315432,1936.5147705078125,2035.441543956757,0.7390536069869995,0.7390536069869995,7170.553512878419,44227.02572265625,27805.581208496096,2.919954013824463,0.7571804072257723,58.09
11875,6697,6702,2,8,478,"1,8,5",Missing_Intentional,True,0.0011614401591941714,31723.408203125,3241.0166570281986,1944.610107421875,2035.441543956757,0.7412811517715454,0.7421430945396423,8286.493826293945,40792.14601135254,27816.051165161134,2.919954013824463,0.7587010972071461,58.09
11878,6697,6704,2,8,478,"1,8,5",Missing_Intentional,True,0.0,31783.64453125,3237.4387718200687,1942.4632568359375,2035.441543956757,0.7413237690925598,0.7413237690925598,9417.616108703614,39641.94344726563,27820.174619140627,2.919954013824463,0.7587301761410294,58.09
11880,6694,6705,2,8,478,"1,8,5",Missing_Unintentional,False,0.0,31590.609375,3237.4387718200687,1942.4632568359375,2035.441543956757,0.7413237690925598,0.7413237690925598,11734.348412780762,44194.00263549805,25515.488260803224,2.919954013824463,0.7587301761410294,58.09
11881,6695,6705,3,8,478,"1,8,5",Missing_Unintentional,False,0.0,31483.705078125,3227.5254637146,1936.515380859375,2035.441543956757,0.7390538454055786,0.7390538454055786,9456.920106201173,44209.716434326176,25513.587855529786,2.919954013824463,0.7571805700699515,58.09
11882,6696,6705,2,8,478,"1,8,5",Missing_Unintentional,False,0.0,31486.673828125,3237.4387718200687,1942.4632568359375,2035.441543956757,0.7413237690925598,0.7413237690925598,9447.981819458008,44211.31546936036,27807.481613769534,2.919954013824463,0.7587301761410294,58.09
11883,6699,6705,1,8,478,"1,8,5",Missing_Unintentional,False,0.0,31543.2890625,3227.5250205230714,1936.51513671875,2035.441543956757,0.7390537858009338,0.7390537858009338,11725.409239654542,44195.60167053223,27809.383791809083,2.919954013824463,0.7571805293589084,58.09
11908,6708,6719,2,8,479,"2,8,5",Missing_Unintentional,False,0.0,31515.833984375,3237.438107032776,1942.4630126953125,2035.441543956757,0.741323709487915,0.741323709487915,16289.20325317383,44162.5750378418,25519.29084411621,2.919954013824463,0.758730135471581,58.09
11909,6709,6719,3,8,479,"2,8,5",Missing_Unintentional,False,0.0,31523.2109375,3227.5250205230714,1936.51513671875,2035.441543956757,0.7390537858009338,0.7390537858009338,14011.77494659424,44178.288836669926,25517.388666076662,2.919954013824463,0.7571805293589084,58.09
11910,6710,6719,2,8,479,"2,8,5",Missing_Unintentional,False,0.0,31591.08984375,3237.4387718200687,1942.4632568359375,2035.441543956757,0.7413237690925598,0.7413237690925598,14002.836659851075,44179.88432617188,27811.28419708252,2.919954013824463,0.7587301761410294,58.09
11911,6713,6719,1,8,479,"2,8,5",Missing_Unintentional,False,0.0,31487.333984375,3227.5250205230714,1936.51513671875,2035.441543956757,0.7390537858009338,0.7390537858009338,16280.263193664552,44164.170527343755,27813.18460235596,2.919954013824463,0.7571805293589084,58.09
11936,6722,6733,2,8,480,"3,8,5",Missing_Unintentional,False,0.0,31480.201171875,3237.439436607361,1942.4637451171875,2035.441543956757,0.7413239479064941,0.7413239479064941,20844.05632080078,44131.14389465332,25523.091654663087,2.919954013824463,0.7587302981493682,58.09
11937,6723,6733,3,8,480,"3,8,5",Missing_Unintentional,False,0.0,31514.53125,3227.5250205230714,1936.51513671875,2035.441543956757,0.7390537858009338,0.7390537858009338,18566.629786987305,44146.86123901368,25521.19124938965,2.919954013824463,0.7571805293589084,58.09
11938,6724,6733,2,8,480,"3,8,5",Missing_Unintentional,False,0.0,31511.265625,3237.438107032776,1942.4630126953125,2035.441543956757,0.741323709487915,0.741323709487915,18557.691500244142,44148.45672851563,27815.086780395508,2.919954013824463,0.758730135471581,58.09
11939,6727,6733,1,8,480,"3,8,5",Missing_Unintentional,False,0.0,31535.208984375,3227.5250205230714,1936.51513671875,2035.441543956757,0.7390537858009338,0.7390537858009338,20835.118034057617,44132.73938415528,27816.987185668946,2.919954013824463,0.7571805293589084,58.09
11963,6740,6746,1,8,481,"4,8,5",Missing_Intentional,True,0.000774293439462781,31942.15234375,3227.5250205230714,1936.51513671875,2035.441543956757,0.7384815812110901,0.7390537858009338,25359.60716369629,39531.94330993653,27833.481001586915,2.919954013824463,0.7567896528896335,58.09
11964,6736,6747,2,8,481,"4,8,5",Missing_Unintentional,False,0.0,31461.66796875,3237.4369990539553,1942.46240234375,2035.441543956757,0.7413234710693359,0.7413234710693359,25398.91116119385,44099.712751464845,25526.892465209963,2.919954013824463,0.7587299727937762,58.09
11965,6737,6747,3,8,481,"4,8,5",Missing_Unintentional,False,0.0,31516.357421875,3227.5250205230714,1936.51513671875,2035.441543956757,0.7390537858009338,0.7390537858009338,23121.484627380374,44115.4300958252,25524.992059936525,2.919954013824463,0.7571805293589084,58.09
11966,6738,6747,2,8,481,"4,8,5",Missing_Unintentional,False,0.0,31478.724609375,3237.439436607361,1942.4637451171875,2035.441543956757,0.7413239479064941,0.7413239479064941,23112.544567871097,44117.02558532715,27818.887590942384,2.919954013824463,0.7587302981493682,58.09
11967,6741,6747,1,8,481,"4,8,5",Missing_Unintentional,False,0.0,31527.546875,3227.5250205230714,1936.51513671875,2035.441543956757,0.7390537858009338,0.7390537858009338,25389.972874450687,44101.31178649903,27820.787996215822,2.919954013824463,0.7571805293589084,58.09
11984,6748,6758,3,8,482,"5,8,5",Missing_Intentional,True,0.009291521273553371,32019.357421875,3234.1941666412354,1940.5166015625,1938.5157561492924,0.7336997389793396,0.7405808568000793,26514.851474609375,40664.82949462891,25537.362421875,2.780908584594727,0.7854534529389753,58.09
11992,6750,6761,2,8,482,"5,8,5",Missing_Unintentional,False,0.0,31613.353515625,3237.439436607361,1942.4637451171875,2035.441543956757,0.7413239479064941,0.7413239479064941,29953.766001586915,44068.288699340825,25530.69504852295,2.919954013824463,0.7587302981493682,58.09
11993,6751,6761,3,8,482,"5,8,5",Missing_Unintentional,False,0.0,31587.560546875,3227.5250205230714,1936.51513671875,2035.441543956757,0.7390537858009338,0.7390537858009338,27676.337695007325,44083.99895263672,25528.794643249512,2.919954013824463,0.7571805293589084,58.09
11994,6752,6761,2,8,482,"5,8,5",Missing_Unintentional,False,0.0,31538.291015625,3237.436777458191,1942.462158203125,2035.441543956757,0.7413234114646912,0.7413234114646912,27667.399408264162,44085.5979876709,27822.68840148926,2.919954013824463,0.7587299321243223,58.09
11995,6755,6761,1,8,482,"5,8,5",Missing_Unintentional,False,0.0,31624.7734375,3227.5261285018923,1936.515869140625,2035.441543956757,0.7390540242195129,0.7390540242195129,29944.827714843752,44069.88418884278,27824.59057952881,2.919954013824463,0.7571806922030745,58.09
12009,6763,6771,2,8,483,"6,8,5",Missing_Intentional,True,0.0,31474.30859375,3226.4013084030153,1935.8408203125,2035.441543956757,0.7387964129447937,0.7387964129447937,34490.31348632813,40609.029908447264,24397.067847595215,2.919954013824463,0.7570047288674673,58.09
12017,6763,6774,2,8,483,"6,8,5",Missing_Intentional,True,0.0,31541.26953125,3237.438107032776,1942.4630126953125,2035.441543956757,0.741323709487915,0.741323709487915,34478.25513122559,39467.48907958985,25547.18886444092,2.919954013824463,0.758730135471581,58.09
12020,6764,6775,2,8,483,"6,8,5",Missing_Unintentional,False,0.0,31448.458984375,3237.436777458191,1942.462158203125,2035.441543956757,0.7413234114646912,0.7413234114646912,34508.61906921387,44036.85755615235,25534.49763183594,2.919954013824463,0.7587299321243223,58.09
12021,6765,6775,3,8,483,"6,8,5",Missing_Unintentional,False,0.0,31659.296875,3227.5250205230714,1936.51513671875,2035.441543956757,0.7390537858009338,0.7390537858009338,32231.192535400394,44052.57135498047,25532.595453796388,2.919954013824463,0.7571805293589084,58.09
12022,6766,6775,2,8,483,"6,8,5",Missing_Unintentional,False,0.0,31493.064453125,3237.438107032776,1942.4630126953125,2035.441543956757,0.741323709487915,0.741323709487915,32222.254248657227,44054.166844482424,27826.490984802247,2.919954013824463,0.758730135471581,58.09
12023,6769,6775,1,8,483,"6,8,5",Missing_Unintentional,False,0.0,31609.185546875,3227.5250205230714,1936.51513671875,2035.441543956757,0.7390537858009338,0.7390537858009338,34499.68078247071,44038.4530456543,27828.391390075685,2.919954013824463,0.7571805293589084,58.09
12036,6776,6785,3,8,484,"7,8,5",Missing_Intentional,True,0.0,30713.955078125,3225.5696595001223,1935.341796875,2035.441543956757,0.7386059761047363,0.7386059761047363,36767.74356567383,40593.31610961914,24398.970025634768,2.919954013824463,0.7568746363909369,58.09
12040,6776,6786,3,8,484,"7,8,5",Missing_Intentional,True,0.0,31534.59375,3234.1941666412354,1940.5166015625,2035.441543956757,0.7405808568000793,0.7405808568000793,35624.55760986328,40601.97429931641,25544.965815734864,2.919954013824463,0.75822318743938,58.09
12044,6776,6788,3,8,484,"7,8,5",Missing_Intentional,True,0.0,31628.49609375,3227.5250205230714,1936.51513671875,2035.441543956757,0.7390537858009338,0.7390537858009338,36755.68166503906,39451.77173522949,25549.089269714357,2.919954013824463,0.7571805293589084,58.09
12048,6778,6789,2,8,484,"7,8,5",Missing_Unintentional,False,0.0,31508.96484375,3237.4405445861817,1942.46435546875,2035.441543956757,0.741324245929718,0.741324245929718,39063.47568237305,44005.4299584961,25538.298442382813,2.919954013824463,0.758730501496578,58.09
12049,6779,6789,3,8,484,"7,8,5",Missing_Unintentional,False,0.0,31555.78125,3227.5250205230714,1936.51513671875,2035.441543956757,0.7390537858009338,0.7390537858009338,36786.04560302735,44021.14375732422,25536.398037109375,2.919954013824463,0.7571805293589084,58.09
12050,6780,6789,2,8,484,"7,8,5",Missing_Unintentional,False,0.0,31498.619140625,3237.436777458191,1942.462158203125,2035.441543956757,0.7413234114646912,0.7413234114646912,36777.10731628418,44022.739246826175,27830.293568115238,2.919954013824463,0.7587299321243223,58.09
12051,6783,6789,1,8,484,"7,8,5",Missing_Unintentional,False,0.0,31547.935546875,3227.527458076477,1936.5164794921875,2035.441543956757,0.739054262638092,0.739054262638092,39054.53385009766,44007.02544799805,27832.193973388672,2.919954013824463,0.7571808550472231,58.09
12080,6792,6803,3,8,485,"8,8,5",Missing_Unintentional,False,0.0003871467197313905,31325.41796875,3237.439215011597,1942.4637451171875,2035.441543956757,0.7410369515419006,0.7413239479064941,43618.32875,43973.99881530762,25542.09925292969,2.919954013824463,0.7585344621360139,58.09
12081,6793,6803,3,8,485,"8,8,5",Missing_Unintentional,False,0.0,31576.361328125,3227.5250205230714,1936.51513671875,2035.441543956757,0.7390537858009338,0.7390537858009338,41340.90221618653,43989.712614135744,25540.19884765625,2.919954013824463,0.7571805293589084,58.09
12082,6794,6803,2,8,485,"8,8,5",Missing_Unintentional,False,0.0,31322.408203125,3237.438107032776,1942.4630126953125,2035.441543956757,0.741323709487915,0.741323709487915,41331.96392944336,43991.3081036377,27834.09437866211,2.919954013824463,0.758730135471581,58.09
12083,6797,6803,2,8,485,"8,8,5",Missing_Unintentional,False,0.000774293439462781,31524.232421875,3227.5250205230714,1936.51513671875,2035.441543956757,0.7384815812110901,0.7390537858009338,43609.39046325684,43975.5978503418,27835.99478393555,2.919954013824463,0.7567896528896335,58.09
12281,6913,6915,4,4,493,"7,0,6",Missing_Intentional,True,0.00890437513589859,31093.341796875,3226.397098083496,1935.8385009765625,1938.5157561492924,0.732217013835907,0.7387955188751221,38790.6115222168,6312.11589805603,31377.747473144533,2.780908584594727,0.784394887122645,58.09
12286,6915,6910,4,4,493,"7,0,6",Missing_Intentional,True,0.0,31585.765625,3241.013776283264,1944.6082763671875,2035.441543956757,0.742142379283905,0.742142379283905,37647.42911193848,6320.770985412598,32523.74149047852,2.919954013824463,0.7592886275915164,58.09
12488,7028,7038,3,8,502,"7,1,6",Missing_Intentional,True,0.010452961549162865,31953.1015625,3234.1941666412354,1940.5166015625,1938.5157561492924,0.7328395843505859,0.7405808568000793,35394.122833862304,8619.574419403076,30221.6025970459,2.780908584594727,0.7848394474493955,58.09
12619,7104,7110,1,8,507,"3,2,6",Missing_Intentional,True,0.0,31619.130859375,3227.5250205230714,1936.51513671875,2035.441543956757,0.7390537858009338,0.7390537858009338,20604.679712524416,12150.34304977417,32493.62219421387,2.919954013824463,0.7571805293589084,58.09
12639,7117,7122,2,8,508,"4,2,6",Missing_Intentional,True,0.0019357335986569524,31651.17578125,3241.0168786239624,1944.6103515625,2035.441543956757,0.7407066226005554,0.7421432137489319,21750.985736694336,13284.828269500733,32491.399145507814,2.919954013824463,0.7583090262297149,58.09
12709,7157,7164,2,8,511,"7,2,6",Missing_Intentional,True,0.0011614401591941714,31719.451171875,3241.0168786239624,1944.6103515625,2035.441543956757,0.741281270980835,0.7421432137489319,35439.672286376954,15473.629793395998,30202.56308898926,2.919954013824463,0.7587011785475984,58.09
13061,7360,7359,8,8,525,"3,4,6",Missing_Intentional,True,0.0,31685.279296875,3237.438107032776,1942.4630126953125,2035.441543956757,0.741323709487915,0.741323709487915,18412.104855957034,23587.88698242188,30166.093744506838,2.919954013824463,0.758730135471581,58.09
13232,7458,7456,8,4,532,"1,5,6",Missing_Intentional,True,0.001548586878925562,31735.466796875,3227.5250205230714,1936.51513671875,2035.441543956757,0.7379093170166016,0.7390537858009338,9323.824371948243,28221.71146209717,32439.694649047855,2.919954013824463,0.756398634719739,58.09
13345,7521,7528,2,8,537,"6,5,6",Missing_Intentional,True,0.0003871467197313905,31721.22265625,3241.0153274536133,1944.6092529296875,2035.441543956757,0.7418555021286011,0.7421427965164185,30975.911032714845,29213.168139038087,30160.683262329105,2.919954013824463,0.7590929449270685,58.09
13452,7584,7582,8,4,541,"1,6,6",Missing_Intentional,True,0.0,31657.306640625,3227.527458076477,1936.5164794921875,2035.441543956757,0.739054262638092,0.739054262638092,9354.189196319581,32791.08171142578,32427.005189208987,2.919954013824463,0.7571808550472231,58.09
13638,7688,7695,1,8,549,"0,7,6",Missing_Intentional,True,0.002710027154535055,31325.025390625,3225.570989074707,1935.3427734375,2035.441543956757,0.7366046905517578,0.738606333732605,7128.127674255372,38516.11641723633,28968.395230712893,2.919954013824463,0.7555068280386299,58.09
13663,7703,7709,2,8,550,"1,7,6",Missing_Intentional,True,0.005032907240092754,30796.6328125,3226.4013084030153,1935.8408203125,1938.5157561492924,0.7350781559944153,0.7387964129447937,9405.555094451905,38500.4026184082,28970.29563598633,2.780908584594727,0.7864369103577402,58.09
13665,7703,7710,2,8,550,"1,7,6",Missing_Intentional,True,0.0,31637.234375,3241.0190945816043,1944.6116943359375,2035.441543956757,0.7421437501907349,0.7421437501907349,8262.371797790527,38509.05371704102,30116.29319885254,2.919954013824463,0.7592895626444782,58.09
13857,7813,7821,2,8,558,"0,8,6",Missing_Intentional,True,0.0,30704.837890625,3226.3988708496095,1935.83935546875,2035.441543956757,0.738795816898346,0.738795816898346,7143.310529632568,40800.80065551758,28962.048728027345,2.919954013824463,0.7570043217097059,58.09
13865,7813,7824,2,8,558,"0,8,6",Missing_Intentional,True,0.0003871467197313905,31659.9375,3237.4389934158326,1942.4635009765625,2035.441543956757,0.7410368919372559,0.7413238883018494,7131.2495153808595,39659.256281127935,30112.16974487305,2.919954013824463,0.7585344214613192,58.09
13868,7814,7825,2,8,558,"0,8,6",Missing_Unintentional,False,0.0,31460.42578125,3237.4385502243044,1942.4632568359375,2035.441543956757,0.7413237690925598,0.7413237690925598,7161.6152261352545,44228.62830322266,30099.476739501955,2.919954013824463,0.7587301761410294,58.09
13869,7815,7825,3,8,558,"0,8,6",Missing_Unintentional,False,0.0,31431.62109375,3227.5252421188356,1936.51513671875,2035.441543956757,0.7390537858009338,0.7390537858009338,4884.187805938721,44244.34210205078,30097.576334228517,2.919954013824463,0.7571805293589084,58.09
13870,7816,7825,2,8,558,"0,8,6",Missing_Unintentional,False,0.0,31396.451171875,3237.4389934158326,1942.4635009765625,2035.441543956757,0.7413238883018494,0.7413238883018494,4875.249519195557,44245.937591552734,32391.471865234376,2.919954013824463,0.7587302574799231,58.09
13871,7819,7825,1,8,558,"0,8,6",Missing_Unintentional,False,0.0,31397.755859375,3227.5245773315432,1936.5147705078125,2035.441543956757,0.7390536069869995,0.7390536069869995,7152.676053009033,44230.22379272461,32393.372270507814,2.919954013824463,0.7571804072257723,58.09
13884,7826,7835,3,8,559,"1,8,6",Missing_Intentional,True,0.000774293439462781,31238.36328125,3225.570545883179,1935.342529296875,2035.441543956757,0.7380343675613403,0.7386062145233154,9420.737949829103,40785.08685668946,28963.949133300783,2.919954013824463,0.7564840882099845,58.09
13888,7826,7836,3,8,559,"1,8,6",Missing_Intentional,True,0.0,31555.484375,3234.1915074920657,1940.5150146484375,2035.441543956757,0.7405802607536316,0.7405802607536316,8277.554653167725,40793.74150085449,30109.946696166993,2.919954013824463,0.7582227806089002,58.09
13892,7826,7838,3,8,559,"1,8,6",Missing_Intentional,True,0.0,31603.02734375,3227.5250205230714,1936.51513671875,2035.441543956757,0.7390537858009338,0.7390537858009338,9408.676935577394,39643.53893676758,30114.070150146486,2.919954013824463,0.7571805293589084,58.09
13896,7828,7839,2,8,559,"1,8,6",Missing_Unintentional,False,0.0,31602.599609375,3237.438107032776,1942.4630126953125,2035.441543956757,0.741323709487915,0.741323709487915,11716.470066528322,44197.197160034186,30103.27755004883,2.919954013824463,0.758730135471581,58.09
13897,7829,7839,3,8,559,"1,8,6",Missing_Unintentional,False,0.0,31449.095703125,3227.5254637146,1936.515380859375,2035.441543956757,0.7390538454055786,0.7390538454055786,9439.041759948732,44212.91095886231,30101.377144775393,2.919954013824463,0.7571805700699515,58.09
13898,7830,7839,2,8,559,"1,8,6",Missing_Unintentional,False,0.0,31433.193359375,3237.439436607361,1942.4637451171875,2035.441543956757,0.7413239479064941,0.7413239479064941,9430.103473205567,44214.50644836426,32395.272675781252,2.919954013824463,0.7587302981493682,58.09
13899,7833,7839,1,8,559,"1,8,6",Missing_Unintentional,False,0.0,31463.8984375,3227.5254637146,1936.515380859375,2035.441543956757,0.7390538454055786,0.7390538454055786,11707.531779785157,44198.79264953614,32397.17308105469,2.919954013824463,0.7571805700699515,58.09
13924,7842,7853,2,8,560,"2,8,6",Missing_Unintentional,False,0.0,31558.26171875,3237.439436607361,1942.4637451171875,2035.441543956757,0.7413239479064941,0.7413239479064941,16271.324906921387,44165.76601684571,30107.081906127933,2.919954013824463,0.7587302981493682,58.09
13925,7843,7853,3,8,560,"2,8,6",Missing_Unintentional,False,0.0,31576.8203125,3227.5267932891848,1936.51611328125,2035.441543956757,0.7390541434288025,0.7390541434288025,13993.898373107912,44181.47981567383,30105.181500854495,2.919954013824463,0.757180773625151,58.09
13926,7844,7853,2,8,560,"2,8,6",Missing_Unintentional,False,0.0,31490.90625,3237.4369990539553,1942.46240234375,2035.441543956757,0.7413234710693359,0.7413234710693359,13984.95919998169,44183.075305175786,32399.07348632813,2.919954013824463,0.7587299727937762,58.09
13927,7847,7853,1,8,560,"2,8,6",Missing_Unintentional,False,0.0,31495.45703125,3227.5250205230714,1936.51513671875,2035.441543956757,0.7390537858009338,0.7390537858009338,16262.386620178224,44167.36150634766,32400.97743713379,2.919954013824463,0.7571805293589084,58.09
13952,7856,7867,2,8,561,"3,8,6",Missing_Unintentional,False,0.0,31576.814453125,3237.439436607361,1942.4637451171875,2035.441543956757,0.7413239479064941,0.7413239479064941,20826.179747314454,44134.33841918946,30110.882716674805,2.919954013824463,0.7587302981493682,58.09
13953,7857,7867,3,8,561,"3,8,6",Missing_Unintentional,False,0.0,31570.34375,3227.5261285018923,1936.515869140625,2035.441543956757,0.7390540242195129,0.7390540242195129,18548.751440734864,44150.05221801758,30108.98231140137,2.919954013824463,0.7571806922030745,58.09
13954,7858,7867,2,8,561,"3,8,6",Missing_Unintentional,False,0.0,31542.427734375,3237.438107032776,1942.4630126953125,2035.441543956757,0.741323709487915,0.741323709487915,18539.8131539917,44151.647707519536,32402.87784240723,2.919954013824463,0.758730135471581,58.09
13955,7861,7867,1,8,561,"3,8,6",Missing_Unintentional,False,0.0,31532.41015625,3227.5250205230714,1936.51513671875,2035.441543956757,0.7390537858009338,0.7390537858009338,20817.239687805177,44135.93390869141,32404.778247680664,2.919954013824463,0.7571805293589084,58.09
13980,7870,7881,2,8,562,"4,8,6",Missing_Unintentional,False,0.0,31537.359375,3237.439436607361,1942.4637451171875,2035.441543956757,0.7413239479064941,0.7413239479064941,25381.03281494141,44102.91082153321,30114.68352722168,2.919954013824463,0.7587302981493682,58.09
13981,7871,7881,3,8,562,"4,8,6",Missing_Unintentional,False,0.0,31577.619140625,3227.5250205230714,1936.51513671875,2035.441543956757,0.7390537858009338,0.7390537858009338,23103.60628112793,44118.624620361334,30112.783121948243,2.919954013824463,0.7571805293589084,58.09
13982,7872,7881,2,8,562,"4,8,6",Missing_Unintentional,False,0.0,31497.625,3237.439436607361,1942.4637451171875,2035.441543956757,0.7413239479064941,0.7413239479064941,23094.667994384767,44120.22010986329,32406.678652954102,2.919954013824463,0.7587302981493682,58.09
13983,7875,7881,1,8,562,"4,8,6",Missing_Unintentional,False,0.0,31496.03515625,3227.5250205230714,1936.51513671875,2035.441543956757,0.7390537858009338,0.7390537858009338,25372.094528198242,44104.50631103516,32408.57905822754,2.919954013824463,0.7571805293589084,58.09
14008,7884,7895,2,8,563,"5,8,6",Missing_Unintentional,False,0.0,31563.138671875,3237.438107032776,1942.4630126953125,2035.441543956757,0.741323709487915,0.741323709487915,29935.88942810059,44071.47967834473,30118.484337768557,2.919954013824463,0.758730135471581,58.09
14009,7885,7895,3,8,563,"5,8,6",Missing_Unintentional,False,0.0,31608.607421875,3227.5250205230714,1936.51513671875,2035.441543956757,0.7390537858009338,0.7390537858009338,27658.461121521,44087.193477172856,30116.58393249512,2.919954013824463,0.7571805293589084,58.09
14010,7886,7895,2,8,563,"5,8,6",Missing_Unintentional,False,0.0,31563.34375,3237.439436607361,1942.4637451171875,2035.441543956757,0.7413239479064941,0.7413239479064941,27649.52106201172,44088.79251220704,32410.47946350098,2.919954013824463,0.7587302981493682,58.09
14011,7889,7895,1,8,563,"5,8,6",Missing_Unintentional,False,0.0,31563.951171875,3227.5236909484865,1936.5142822265625,2035.441543956757,0.7390534281730652,0.7390534281730652,29926.947595825197,44073.075167846684,32412.379868774417,2.919954013824463,0.7571802850926264,58.09
14036,7898,7909,2,8,564,"6,8,6",Missing_Unintentional,False,0.0,31509.79296875,3237.439436607361,1942.4637451171875,2035.441543956757,0.7413239479064941,0.7413239479064941,34490.74249572754,44040.04853515625,30122.28869384766,2.919954013824463,0.7587302981493682,58.09
14037,7899,7909,3,8,564,"6,8,6",Missing_Unintentional,False,0.0,31583.85546875,3227.5261285018923,1936.515869140625,2035.441543956757,0.7390540242195129,0.7390540242195129,32213.315961914064,44055.765879516606,30120.38828857422,2.919954013824463,0.7571806922030745,58.09
14038,7900,7909,2,8,564,"6,8,6",Missing_Unintentional,False,0.0,31526.802734375,3237.437885437012,1942.4627685546875,2035.441543956757,0.7413235902786255,0.7413235902786255,32204.374129638672,44057.36136901856,32414.28381958008,2.919954013824463,0.7587300541326808,58.09
14039,7903,7909,1,8,564,"6,8,6",Missing_Unintentional,False,0.0,31599.93359375,3227.5250205230714,1936.51513671875,2035.441543956757,0.7390537858009338,0.7390537858009338,34481.80420898438,44041.644024658206,32416.184224853518,2.919954013824463,0.7571805293589084,58.09
14064,7912,7923,2,8,565,"7,8,6",Missing_Unintentional,False,0.0,31450.021484375,3237.4405445861817,1942.46435546875,2035.441543956757,0.741324245929718,0.741324245929718,39045.59910888672,44008.6209375,30126.089504394535,2.919954013824463,0.758730501496578,58.09
14065,7913,7923,3,8,565,"7,8,6",Missing_Unintentional,False,0.0,31613.1953125,3227.5261285018923,1936.515869140625,2035.441543956757,0.7390540242195129,0.7390540242195129,36768.169029541015,44024.33473632813,30124.189099121097,2.919954013824463,0.7571806922030745,58.09
14066,7914,7923,2,8,565,"7,8,6",Missing_Unintentional,False,0.0,31490.2421875,3237.438107032776,1942.4630126953125,2035.441543956757,0.741323709487915,0.741323709487915,36759.23074279785,44025.93022583008,32418.084630126956,2.919954013824463,0.758730135471581,58.09
14067,7917,7923,1,8,565,"7,8,6",Missing_Unintentional,False,0.0,31535.294921875,3227.527458076477,1936.5164794921875,2035.441543956757,0.739054262638092,0.739054262638092,39036.65727661133,44010.21642700196,32419.985035400394,2.919954013824463,0.7571808550472231,58.09
14096,7926,7937,3,8,566,"8,8,6",Missing_Unintentional,False,0.000774293439462781,31299.65234375,3237.438107032776,1942.4630126953125,2035.441543956757,0.740749716758728,0.741323709487915,43600.452176513674,43977.193339843754,30129.890314941407,2.919954013824463,0.7583384381194409,58.09
14097,7927,7937,3,8,566,"8,8,6",Missing_Unintentional,False,0.0,31532.47265625,3227.5250205230714,1936.51513671875,2035.441543956757,0.7390537858009338,0.7390537858009338,41323.025642700195,43992.90713867188,30127.98990966797,2.919954013824463,0.7571805293589084,58.09
14098,7928,7937,2,8,566,"8,8,6",Missing_Unintentional,False,0.0,31394.0078125,3237.438107032776,1942.4630126953125,2035.441543956757,0.741323709487915,0.741323709487915,41314.08735595703,43994.50262817383,32421.88544067383,2.919954013824463,0.758730135471581,58.09
14099,7931,7937,2,8,566,"8,8,6",Missing_Unintentional,False,0.0,31385.501953125,3227.5250205230714,1936.51513671875,2035.441543956757,0.7390537858009338,0.7390537858009338,43591.51388977051,43978.78882934571,32423.785845947266,2.919954013824463,0.7571805293589084,58.09
14119,7943,7948,2,8,567,"0,0,7",Missing_Intentional,True,0.0,31251.00390625,3241.014441070557,1944.6087646484375,2035.441543956757,0.7421426177024841,0.7421426177024841,3452.957936935425,4274.9975611114505,37089.36588500977,2.919954013824463,0.7592887902094642,58.09
14210,7996,8003,1,8,571,"4,0,7",Missing_Intentional,True,0.002710027154535055,30946.48828125,3225.5701026916504,1935.342041015625,1938.5157561492924,0.7366044521331787,0.7386060953140259,25117.108714294434,6407.999942016602,33660.23702697754,2.780908584594727,0.7875251580060416,58.09
14296,8047,8045,4,8,574,"7,0,7",Missing_Intentional,True,0.002322880318388343,31621.05078125,3227.5250205230714,1936.51513671875,2035.441543956757,0.737337052822113,0.7390537858009338,38769.61133483887,5172.167899551392,34821.76047546387,2.919954013824463,0.7560075154558282,58.09
14297,8047,8049,4,4,574,"7,0,7",Missing_Intentional,True,0.005807200912386179,31273.5703125,3226.3973196792604,1935.8385009765625,1938.5157561492924,0.7345051765441895,0.7387955188751221,38772.734948730475,6315.308206634521,35965.53498962402,2.780908584594727,0.7860281821649127,58.09
14576,8204,8213,3,8,586,"1,2,7",Missing_Intentional,True,0.0077429343946278095,30624.6484375,3225.5716538619995,1935.3431396484375,1938.5157561492924,0.7328874468803406,0.7386064529418945,9220.66622543335,13372.056339721681,33627.89113647461,2.780908584594727,0.7848736195413739,58.09
14625,8233,8241,2,8,588,"3,2,7",Missing_Intentional,True,0.0019357335986569524,30623.53515625,3226.3988708496095,1935.83935546875,2035.441543956757,0.73736572265625,0.738795816898346,20607.80332641602,13293.483800048829,33637.39670837403,2.919954013824463,0.7560271125266042,58.09
14637,8242,8241,8,8,588,"3,2,7",Missing_Intentional,True,0.0003871467197313905,31678.11328125,3237.439436607361,1942.4637451171875,2035.441543956757,0.7410369515419006,0.7413239479064941,18333.496860961914,14452.33923553467,34779.270817260745,2.919954013824463,0.7585344621360139,58.09
15386,8670,8676,1,8,619,"7,5,7",Missing_Intentional,True,0.0038714671973139048,31835.998046875,3234.1941666412354,1940.5166015625,1938.5157561492924,0.7377137541770935,0.7405808568000793,35503.952785644535,29186.52878265381,37046.17421142579,2.780908584594727,0.7883156176544902,58.09
15629,8809,8816,2,8,629,"8,6,7",Missing_Intentional,True,0.000774293439462781,31776.986328125,3241.0166570281986,1944.610107421875,2035.441543956757,0.7415685057640076,0.7421430945396423,40098.11162353516,33722.87239929199,34743.38648559571,2.919954013824463,0.7588971557074105,58.09
15712,8858,8856,8,4,632,"2,7,7",Missing_Intentional,True,0.0,31851.37890625,3227.5250205230714,1936.51513671875,2035.441543956757,0.7390537858009338,0.7390537858009338,13921.532287597656,37332.21711486817,37005.90405639649,2.919954013824463,0.7571805293589084,58.09
15884,8948,8959,2,8,639,"0,8,7",Missing_Unintentional,False,0.0,31419.640625,3237.4387718200687,1942.4632568359375,2035.441543956757,0.7413237690925598,0.7413237690925598,7143.7373230743415,44231.81928222656,34687.26780151368,2.919954013824463,0.7587301761410294,58.09
15885,8949,8959,3,8,639,"0,8,7",Missing_Unintentional,False,0.0,31326.955078125,3227.5250205230714,1936.51513671875,2035.441543956757,0.7390537858009338,0.7390537858009338,4866.310346069336,44247.53308105469,34685.36739624024,2.919954013824463,0.7571805293589084,58.09
15886,8950,8959,2,8,639,"0,8,7",Missing_Unintentional,False,0.0,31285.986328125,3237.4389934158326,1942.4635009765625,2035.441543956757,0.7413238883018494,0.7413238883018494,4857.371172943115,44249.12857055664,36979.2629272461,2.919954013824463,0.7587302574799231,58.09
15887,8953,8959,1,8,639,"0,8,7",Missing_Unintentional,False,0.0,31354.306640625,3227.5250205230714,1936.51513671875,2035.441543956757,0.7390537858009338,0.7390537858009338,7134.798593139649,44233.414771728516,36981.163332519536,2.919954013824463,0.7571805293589084,58.09
15912,8962,8973,2,8,640,"1,8,7",Missing_Unintentional,False,0.0,31534.36328125,3237.4398797988893,1942.4639892578125,2035.441543956757,0.7413240671157837,0.7413240671157837,11698.59172027588,44200.38813903809,34691.068612060546,2.919954013824463,0.7587303794882555,58.09
15913,8963,8973,3,8,640,"1,8,7",Missing_Unintentional,False,0.0,31399.224609375,3227.5250205230714,1936.51513671875,2035.441543956757,0.7390537858009338,0.7390537858009338,9421.164300079347,44216.10193786622,34689.16820678711,2.919954013824463,0.7571805293589084,58.09
15914,8964,8973,2,8,640,"1,8,7",Missing_Unintentional,False,0.0,31358.197265625,3237.4387718200687,1942.4632568359375,2035.441543956757,0.7413237690925598,0.7413237690925598,9412.225126953126,44217.69742736817,36983.063737792974,2.919954013824463,0.7587301761410294,58.09
15915,8967,8973,1,8,640,"1,8,7",Missing_Unintentional,False,0.0,31433.6484375,3227.5254637146,1936.515380859375,2035.441543956757,0.7390538454055786,0.7390538454055786,11689.653433532716,44201.98717407227,36984.964143066405,2.919954013824463,0.7571805700699515,58.09
15939,8980,8986,1,8,641,"2,8,7",Missing_Intentional,True,0.0,31853.298828125,3227.5250205230714,1936.51513671875,2035.441543956757,0.7390537858009338,0.7390537858009338,16214.142563171388,39601.18400878907,37001.45795898438,2.919954013824463,0.7571805293589084,58.09
15940,8976,8987,2,8,641,"2,8,7",Missing_Unintentional,False,0.0,31552.302734375,3237.437885437012,1942.4627685546875,2035.441543956757,0.7413235902786255,0.7413235902786255,16253.446560668946,44168.956995849614,34694.86942260742,2.919954013824463,0.7587300541326808,58.09
15941,8977,8987,3,8,641,"2,8,7",Missing_Unintentional,False,0.0,31489.138671875,3227.5236909484865,1936.5142822265625,2035.441543956757,0.7390534281730652,0.7390534281730652,13976.019140472414,44184.67079467774,34692.969017333984,2.919954013824463,0.7571802850926264,58.09
15942,8978,8987,2,8,641,"2,8,7",Missing_Unintentional,False,0.0,31487.603515625,3237.438107032776,1942.4630126953125,2035.441543956757,0.741323709487915,0.741323709487915,13967.079967346192,44186.26982971191,36986.86454833984,2.919954013824463,0.758730135471581,58.09
15943,8981,8987,1,8,641,"2,8,7",Missing_Unintentional,False,0.0,31529.064453125,3227.528566055298,1936.5172119140625,2035.441543956757,0.7390545010566711,0.7390545010566711,16244.508273925781,44170.55248535157,36988.76495361328,2.919954013824463,0.7571810178913544,58.09
15968,8990,9001,2,8,642,"3,8,7",Missing_Unintentional,False,0.0,31564.162109375,3237.438107032776,1942.4630126953125,2035.441543956757,0.741323709487915,0.741323709487915,20808.301401062014,44137.529398193365,34698.67377868653,2.919954013824463,0.758730135471581,58.09
15969,8991,9001,3,8,642,"3,8,7",Missing_Unintentional,False,0.0,31547.294921875,3227.5250205230714,1936.51513671875,2035.441543956757,0.7390537858009338,0.7390537858009338,18530.874867248534,44153.24319702149,34696.77337341309,2.919954013824463,0.7571805293589084,58.09
15970,8992,9001,2,8,642,"3,8,7",Missing_Unintentional,False,0.0,31544.265625,3237.439436607361,1942.4637451171875,2035.441543956757,0.7413239479064941,0.7413239479064941,18521.93480773926,44154.842232055664,36990.66890441895,2.919954013824463,0.7587302981493682,58.09
15971,8995,9001,1,8,642,"3,8,7",Missing_Unintentional,False,0.0,31585.21875,3227.5250205230714,1936.51513671875,2035.441543956757,0.7390537858009338,0.7390537858009338,20799.36311431885,44139.12488769532,36992.569309692386,2.919954013824463,0.7571805293589084,58.09
15996,9004,9015,2,8,643,"4,8,7",Missing_Unintentional,False,0.0,31575.38671875,3237.439436607361,1942.4637451171875,2035.441543956757,0.7413239479064941,0.7413239479064941,25363.15624145508,44106.101800537115,34702.4745892334,2.919954013824463,0.7587302981493682,58.09
15997,9005,9015,3,8,643,"4,8,7",Missing_Unintentional,False,0.0,31592.427734375,3227.5250205230714,1936.51513671875,2035.441543956757,0.7390537858009338,0.7390537858009338,23085.72793487549,44121.81559936524,34700.574183959965,2.919954013824463,0.7571805293589084,58.09
15998,9006,9015,2,8,643,"4,8,7",Missing_Unintentional,False,0.0,31577.689453125,3237.438107032776,1942.4630126953125,2035.441543956757,0.741323709487915,0.741323709487915,23076.789648132326,44123.41108886719,36994.469714965824,2.919954013824463,0.758730135471581,58.09
15999,9009,9015,1,8,643,"4,8,7",Missing_Unintentional,False,0.0,31577.501953125,3227.5250205230714,1936.51513671875,2035.441543956757,0.7390537858009338,0.7390537858009338,25354.2161819458,44107.69729003907,36996.37012023926,2.919954013824463,0.7571805293589084,58.09
16024,9018,9029,2,8,644,"5,8,7",Missing_Unintentional,False,0.0,31635.056640625,3237.438107032776,1942.4630126953125,2035.441543956757,0.741323709487915,0.741323709487915,29918.009309082034,44074.67065734864,34706.27539978027,2.919954013824463,0.758730135471581,58.09
16025,9019,9029,3,8,644,"5,8,7",Missing_Unintentional,False,0.0,31612.982421875,3227.5250205230714,1936.51513671875,2035.441543956757,0.7390537858009338,0.7390537858009338,27640.582775268555,44090.38800170899,34704.37499450684,2.919954013824463,0.7571805293589084,58.09
16026,9020,9029,2,8,644,"5,8,7",Missing_Unintentional,False,0.0,31623.6328125,3237.439436607361,1942.4637451171875,2035.441543956757,0.7413239479064941,0.7413239479064941,27631.64448852539,44091.98349121094,36998.2705255127,2.919954013824463,0.7587302981493682,58.09
16027,9023,9029,1,8,644,"5,8,7",Missing_Unintentional,False,0.0,31721.62890625,3227.5250205230714,1936.51513671875,2035.441543956757,0.7390537858009338,0.7390537858009338,29909.07102233887,44076.26614685059,37000.17093078614,2.919954013824463,0.7571805293589084,58.09
16052,9032,9043,2,8,645,"6,8,7",Missing_Unintentional,False,0.0,31622.30859375,3237.438107032776,1942.4630126953125,2035.441543956757,0.741323709487915,0.741323709487915,34472.86237670899,44043.23951416016,34710.07975585938,2.919954013824463,0.758730135471581,58.09
16053,9033,9043,3,8,645,"6,8,7",Missing_Unintentional,False,0.0,31669.65625,3227.5250205230714,1936.51513671875,2035.441543956757,0.7390537858009338,0.7390537858009338,32195.43584289551,44058.95685852051,34708.17580505371,2.919954013824463,0.7571805293589084,58.09
16054,9034,9043,2,8,645,"6,8,7",Missing_Unintentional,False,0.0,31713.740234375,3237.438107032776,1942.4630126953125,2035.441543956757,0.741323709487915,0.741323709487915,32186.497556152346,44060.552348022466,37002.07133605957,2.919954013824463,0.758730135471581,58.09
16055,9037,9043,1,8,645,"6,8,7",Missing_Unintentional,False,0.0,31771.06640625,3227.527458076477,1936.5164794921875,2035.441543956757,0.739054262638092,0.739054262638092,34463.924089965825,44044.83854919434,37003.975286865236,2.919954013824463,0.7571808550472231,58.09
16080,9046,9057,2,8,646,"7,8,7",Missing_Unintentional,False,0.0,31605.529296875,3237.4405445861817,1942.46435546875,2035.441543956757,0.741324245929718,0.741324245929718,39027.72253540039,44011.81546203614,34713.88056640625,2.919954013824463,0.758730501496578,58.09
16081,9047,9057,3,8,646,"7,8,7",Missing_Unintentional,False,0.0,31699.1640625,3227.5250205230714,1936.51513671875,2035.441543956757,0.7390537858009338,0.7390537858009338,36750.29245605469,44027.525715332034,34711.980161132815,2.919954013824463,0.7571805293589084,58.09
16082,9048,9057,2,8,646,"7,8,7",Missing_Unintentional,False,0.0,31738.91796875,3237.4405445861817,1942.46435546875,2035.441543956757,0.741324245929718,0.741324245929718,36741.3506237793,44029.124750366216,37005.875692138674,2.919954013824463,0.758730501496578,58.09
16083,9051,9057,1,8,646,"7,8,7",Missing_Unintentional,False,0.0,31796.224609375,3227.5250205230714,1936.51513671875,2035.441543956757,0.7390537858009338,0.7390537858009338,39018.780703125005,44013.41095153809,37007.77609741211,2.919954013824463,0.7571805293589084,58.09
16105,9060,9069,3,8,647,"8,8,7",Missing_Unintentional,False,0.01587301678955555,31731.7890625,3241.0168786239624,1944.6103515625,1744.6641805343631,0.7303631901741028,0.7421432137489319,44713.6961126709,42830.18530029297,34721.80483093262,2.5028177261352544,0.8555905000297928,58.09
16112,9060,9071,3,8,647,"8,8,7",Missing_Unintentional,False,0.0,31371.431640625,3237.438107032776,1942.4630126953125,2035.441543956757,0.741323709487915,0.741323709487915,43582.57560302735,43980.38431884766,34717.68137695313,2.919954013824463,0.758730135471581,58.09
16113,9061,9071,3,8,647,"8,8,7",Missing_Unintentional,False,0.0,31703.212890625,3227.5250205230714,1936.51513671875,2035.441543956757,0.7390537858009338,0.7390537858009338,41305.14906921387,43996.098117675785,34715.78097167969,2.919954013824463,0.7571805293589084,58.09
16114,9062,9071,2,8,647,"8,8,7",Missing_Unintentional,False,0.0,31668.451171875,3237.4405445861817,1942.46435546875,2035.441543956757,0.741324245929718,0.741324245929718,41296.210782470705,43997.69360717774,37009.67650268555,2.919954013824463,0.758730501496578,58.09
16115,9065,9071,2,8,647,"8,8,7",Missing_Unintentional,False,0.0,31603.408203125,3227.5250205230714,1936.51513671875,2035.441543956757,0.7390537858009338,0.7390537858009338,43573.637316284185,43981.97980834961,37011.57690795899,2.919954013824463,0.7571805293589084,58.09
16613,9315,9318,3,8,665,"8,1,8",Expected_Missing_But_Material_Present,True,0.38404956459999084,38781.99609375,3225.5696595001223,1935.341796875,0.0,0.4549447000026703,0.7386059761047363,41038.5285913086,8589.067773742676,42842.77903076172,0.0,1.0,58.09
16820,9408,9420,3,8,672,"6,2,8",Missing_Intentional,True,0.000774293439462781,32639.412109375,3227.5250205230714,1936.51513671875,2035.441543956757,0.7384815812110901,0.7390537858009338,31965.001066894532,12076.558751373292,39384.81081359863,2.919954013824463,0.7567896528896335,58.09
17007,9505,9501,4,8,678,"3,3,8",Missing_Intentional,True,0.0,31815.515625,3234.1928370666506,1940.515869140625,2035.441543956757,0.7405806183815002,0.7405806183815002,19492.290249633792,20159.389229125976,39352.145825195315,2.919954013824463,0.7582230247072012,58.09
17562,9777,9784,3,8,698,"5,5,8",Missing_Intentional,True,0.01974448375403881,34681.46484375,3237.438107032776,1942.4630126953125,1841.5899683418277,0.7266866564750671,0.741323709487915,27492.303299255374,25817.69347290039,41636.83006347656,2.6418631553649905,0.8149792133786651,58.09
17607,9803,9809,2,8,700,"7,5,8",Missing_Intentional,True,0.005807200912386179,31856.587890625,3226.397762870789,1935.838623046875,1938.5157561492924,0.7345052361488342,0.7387955784797668,36638.19690917969,29179.471400756836,38194.07217956543,2.780908584594727,0.7860282246887156,58.09
17855,9924,9921,8,8,708,"6,6,8",Missing_Intentional,True,0.0011614401591941714,32148.01171875,3241.0168786239624,1944.6103515625,2035.441543956757,0.741281270980835,0.7421432137489319,33232.766388549804,31488.52408203125,39331.82283447266,2.919954013824463,0.7587011785475984,58.09
18192,10082,10093,2,8,720,"0,8,8",Missing_Unintentional,False,0.0,31561.580078125,3237.4387718200687,1942.4632568359375,2035.441543956757,0.7413237690925598,0.7413237690925598,7125.859863204956,44235.01026123047,39275.058863525395,2.919954013824463,0.7587301761410294,58.09
18193,10083,10093,3,8,720,"0,8,8",Missing_Unintentional,False,0.0,31548.265625,3227.5252421188356,1936.51513671875,2035.441543956757,0.7390537858009338,0.7390537858009338,4848.432886199951,44250.724060058594,39273.15845825196,2.919954013824463,0.7571805293589084,58.09
18194,10084,10093,3,8,720,"0,8,8",Missing_Unintentional,False,0.0,33561.53125,3237.439215011597,1942.4637451171875,2035.441543956757,0.7413239479064941,0.7413239479064941,4839.493713073731,44252.31954956055,41567.053989257816,2.919954013824463,0.7587302981493682,58.09
18195,10087,10093,2,8,720,"0,8,8",Missing_Unintentional,False,0.0,33543.45703125,3227.5250205230714,1936.51513671875,2035.441543956757,0.7390537858009338,0.7390537858009338,7116.921133270264,44236.60575073242,41568.954394531254,2.919954013824463,0.7571805293589084,58.09
18200,10091,10089,4,8,720,"0,8,8",Missing_Intentional,True,0.0003871467197313905,31931.45703125,3227.5252421188356,1936.51513671875,2035.441543956757,0.738767683506012,0.7390537858009338,7110.677451019287,41950.32602294922,39281.405366210936,2.919954013824463,0.7569851037388204,58.09
18224,10096,10107,2,8,721,"1,8,8",Missing_Unintentional,False,0.0,31611.39453125,3237.439436607361,1942.4637451171875,2035.441543956757,0.7413239479064941,0.7413239479064941,11680.714260406496,44203.58266357422,39278.85967407227,2.919954013824463,0.7587302981493682,58.09
18225,10097,10107,3,8,721,"1,8,8",Missing_Unintentional,False,0.0,31611.716796875,3227.5250205230714,1936.51513671875,2035.441543956757,0.7390537858009338,0.7390537858009338,9403.286840209961,44219.296462402344,39276.95926879883,2.919954013824463,0.7571805293589084,58.09
18226,10098,10107,3,8,721,"1,8,8",Missing_Unintentional,False,0.0,33692.76171875,3237.4387718200687,1942.4632568359375,2035.441543956757,0.7413237690925598,0.7413237690925598,9394.348553466798,44220.8919519043,41570.85479980469,2.919954013824463,0.7587301761410294,58.09
18227,10101,10107,2,8,721,"1,8,8",Missing_Unintentional,False,0.0,33408.0078125,3227.5254637146,1936.515380859375,2035.441543956757,0.7390538454055786,0.7390538454055786,11671.775087280274,44205.17815307617,41572.75520507813,2.919954013824463,0.7571805700699515,58.09
18256,10110,10121,2,8,722,"2,8,8",Missing_Unintentional,False,0.0,31707.556640625,3237.436777458191,1942.462158203125,2035.441543956757,0.7413234114646912,0.7413234114646912,16235.569987182618,44172.15152038574,39282.66048461914,2.919954013824463,0.7587299321243223,58.09
18257,10111,10121,3,8,722,"2,8,8",Missing_Unintentional,False,0.0,31643.96875,3227.5250205230714,1936.51513671875,2035.441543956757,0.7390537858009338,0.7390537858009338,13958.141680603028,44187.868864746095,39280.7600793457,2.919954013824463,0.7571805293589084,58.09
18258,10112,10121,3,8,722,"2,8,8",Missing_Unintentional,False,0.00542005430907011,33595.9375,3237.4387718200687,1942.4632568359375,2035.441543956757,0.737305760383606,0.7413237690925598,13949.203393859863,44189.46435424805,41574.65561035156,2.919954013824463,0.7559861254316991,58.09
18259,10115,10121,2,8,722,"2,8,8",Missing_Unintentional,False,0.0,33094.1328125,3227.5261285018923,1936.515869140625,2035.441543956757,0.7390540242195129,0.7390540242195129,16226.631700439453,44173.747009887695,41576.556015625,2.919954013824463,0.7571806922030745,58.09
18274,10124,10131,2,8,723,"3,8,8",Missing_Unintentional,False,0.009291521273553371,31838.408203125,3225.570989074707,1935.3427734375,1938.5157561492924,0.731743574142456,0.738606333732605,20787.302986450195,42997.580513305664,38142.69032653809,2.780908584594727,0.7840567326329093,58.09
18288,10124,10135,2,8,723,"3,8,8",Missing_Unintentional,False,0.0,31696.427734375,3237.439436607361,1942.4637451171875,2035.441543956757,0.7413239479064941,0.7413239479064941,20790.423054809573,44140.72037719727,39286.464840698245,2.919954013824463,0.7587302981493682,58.09
18289,10125,10135,3,8,723,"3,8,8",Missing_Unintentional,False,0.0,31666.21875,3227.5250205230714,1936.51513671875,2035.441543956757,0.7390537858009338,0.7390537858009338,18512.996520996094,44156.43772155762,39284.56443542481,2.919954013824463,0.7571805293589084,58.09
18290,10126,10135,3,8,723,"3,8,8",Missing_Unintentional,False,0.0,33103.1015625,3237.4354478836062,1942.4613037109375,2035.441543956757,0.7413230538368225,0.7413230538368225,18504.05823425293,44158.03321105957,41578.45642089844,2.919954013824463,0.7587296881075759,58.09
18291,10129,10135,2,8,723,"3,8,8",Missing_Unintentional,False,0.0,32739.083984375,3227.5250205230714,1936.51513671875,2035.441543956757,0.7390537858009338,0.7390537858009338,20781.484768066406,44142.319412231445,41580.360371704104,2.919954013824463,0.7571805293589084,58.09
18320,10138,10149,2,8,724,"4,8,8",Missing_Unintentional,False,0.0,31769.19140625,3237.438107032776,1942.4630126953125,2035.441543956757,0.741323709487915,0.741323709487915,25345.27789520264,44109.29277954102,39290.26565124512,2.919954013824463,0.758730135471581,58.09
18321,10139,10149,3,8,724,"4,8,8",Missing_Unintentional,False,0.0,31695.0546875,3227.5250205230714,1936.51513671875,2035.441543956757,0.7390537858009338,0.7390537858009338,23067.851361389163,44125.006578369146,39288.36524597168,2.919954013824463,0.7571805293589084,58.09
18322,10140,10149,3,8,724,"4,8,8",Missing_Unintentional,False,0.0,32686.15625,3237.439436607361,1942.4637451171875,2035.441543956757,0.7413239479064941,0.7413239479064941,23058.911301879885,44126.6020678711,41582.26077697754,2.919954013824463,0.7587302981493682,58.09
18323,10143,10149,2,8,724,"4,8,8",Missing_Unintentional,False,0.0,32331.314453125,3227.5250205230714,1936.51513671875,2035.441543956757,0.7390537858009338,0.7390537858009338,25336.339608459475,44110.888269042975,41584.16118225098,2.919954013824463,0.7571805293589084,58.09
18352,10152,10163,2,8,725,"5,8,8",Missing_Unintentional,False,0.0,31823.666015625,3237.439436607361,1942.4637451171875,2035.441543956757,0.7413239479064941,0.7413239479064941,29900.132735595704,44077.86163635254,39294.066461792,2.919954013824463,0.7587302981493682,58.09
18353,10153,10163,3,8,725,"5,8,8",Missing_Unintentional,False,0.0,31759.8515625,3227.5250205230714,1936.51513671875,2035.441543956757,0.7390537858009338,0.7390537858009338,27622.704429016114,44093.5789807129,39292.16605651856,2.919954013824463,0.7571805293589084,58.09
18354,10154,10163,3,8,725,"5,8,8",Missing_Unintentional,False,0.0,32207.177734375,3237.438107032776,1942.4630126953125,2035.441543956757,0.741323709487915,0.741323709487915,27613.76614227295,44095.17447021485,41586.06158752442,2.919954013824463,0.758730135471581,58.09
18355,10157,10163,2,8,725,"5,8,8",Missing_Unintentional,False,0.0,31955.384765625,3227.5261285018923,1936.515869140625,2035.441543956757,0.7390540242195129,0.7390540242195129,29891.19444885254,44079.46067138672,41587.96199279786,2.919954013824463,0.7571806922030745,58.09
18384,10166,10177,2,8,726,"6,8,8",Missing_Unintentional,False,0.0,31735.26953125,3237.4356694793705,1942.4615478515625,2035.441543956757,0.7413231134414673,0.7413231134414673,34454.985803222655,44046.437584228515,39297.870817871095,2.919954013824463,0.7587297287770364,58.09
18385,10167,10177,3,8,726,"6,8,8",Missing_Unintentional,False,0.0,31787.423828125,3227.5250205230714,1936.51513671875,2035.441543956757,0.7390537858009338,0.7390537858009338,32177.559269409183,44062.15138305664,39295.966867065436,2.919954013824463,0.7571805293589084,58.09
18386,10168,10177,3,8,726,"6,8,8",Missing_Unintentional,False,0.0,31765.869140625,3237.438107032776,1942.4630126953125,2035.441543956757,0.741323709487915,0.741323709487915,32168.620982666016,44063.74687255859,41589.862398071295,2.919954013824463,0.758730135471581,58.09
18387,10171,10177,2,8,726,"6,8,8",Missing_Unintentional,False,0.0,31438.671875,3227.5250205230714,1936.51513671875,2035.441543956757,0.7390537858009338,0.7390537858009338,34446.04751647949,44048.03307373047,41591.762803344725,2.919954013824463,0.7571805293589084,58.09
18416,10180,10191,2,8,727,"7,8,8",Missing_Unintentional,False,0.0,31574.01953125,3237.4405445861817,1942.46435546875,2035.441543956757,0.741324245929718,0.741324245929718,39009.83887084961,44015.006441040045,39301.67162841797,2.919954013824463,0.758730501496578,58.09
18417,10181,10191,3,8,727,"7,8,8",Missing_Unintentional,False,0.0,31673.595703125,3227.5250205230714,1936.51513671875,2035.441543956757,0.7390537858009338,0.7390537858009338,36732.412337036134,44030.72023986817,39299.77122314453,2.919954013824463,0.7571805293589084,58.09
18418,10182,10191,3,8,727,"7,8,8",Missing_Unintentional,False,0.0,31230.408203125,3237.4356694793705,1942.4615478515625,2035.441543956757,0.7413231134414673,0.7413231134414673,36723.47405029297,44032.319274902344,41593.66675415039,2.919954013824463,0.7587297287770364,58.09
18419,10185,10191,2,8,727,"7,8,8",Missing_Unintentional,False,0.0,30840.279296875,3227.5250205230714,1936.51513671875,2035.441543956757,0.7390537858009338,0.7390537858009338,39000.90058410645,44016.601930542,41595.56715942383,2.919954013824463,0.7571805293589084,58.09
18452,10194,10205,3,8,728,"8,8,8",Missing_Unintentional,False,0.0,31269.833984375,3237.438107032776,1942.4630126953125,2035.441543956757,0.741323709487915,0.741323709487915,43564.69902954102,43983.57529785157,39305.47243896485,2.919954013824463,0.758730135471581,58.09
18453,10195,10205,3,8,728,"8,8,8",Missing_Unintentional,False,0.0,31535.677734375,3227.527458076477,1936.5164794921875,2035.441543956757,0.739054262638092,0.739054262638092,41287.268950195314,43999.28909667969,39303.57203369141,2.919954013824463,0.7571808550472231,58.09
18454,10196,10205,3,8,728,"8,8,8",Missing_Unintentional,False,0.0,30485.185546875,3237.4432037353517,1942.4659423828125,2035.441543956757,0.741324782371521,0.741324782371521,41278.33066345215,44000.884586181644,41597.46756469727,2.919954013824463,0.7587308675214867,58.09
18455,10199,10205,3,8,728,"8,8,8",Missing_Unintentional,False,0.0,29453.349609375,3227.5250205230714,1936.51513671875,2035.441543956757,0.7390537858009338,0.7390537858009338,43555.76074279785,43985.17078735352,41599.367969970706,2.919954013824463,0.7571805293589084,58.09
