strut_id,classification,screening_status,ct_material_occupancy,thickness_proxy_um,distance_from_nominal_median_um,centroid_x_um,centroid_y_um,centroid_z_um,excess_voxels,excess_fraction_of_mask
0,Nominal,overly_thick,0.766937673,610.467655,269.360937,4599.809529876709,4172.405370178223,1534.9394565773011,244,0.0008097219733322715
1,Nominal,overly_thick,0.989159882,693.291490,352.184772,6893.684230880738,4160.741455535889,1536.8401942443847,316,0.0010486563261188433
2,Nominal,overly_thick,0.991095603,693.969522,352.862803,6905.353463821411,6454.60773590088,1530.4942455482483,317,0.0010519748587964346
3,Nominal,overly_thick,0.926829278,671.092669,329.985951,4611.479206008911,6466.272093734741,1528.5933970832825,278,0.0009225520843703748
10,Missing_Intentional,overly_thin,0.000000000,0.000000,-341.106718,4591.172170181275,3035.005722961426,4978.955450439454,0,0.0
16,Nominal,overly_thick,0.620209038,548.973863,207.867145,6898.584599609376,5310.852278976441,2680.6149300003053,12,3.9822392131095315e-05
24,Nominal,overly_thick,0.994192779,695.053004,353.946286,9187.558931884767,4149.077097702027,1538.7410427093507,305,0.0010121524666653393
25,Nominal,overly_thick,1.000000000,697.080000,355.973282,11481.433189697267,4137.412739868164,1540.6418911743165,371,0.0012311756233863635
26,Nominal,overly_thick,1.000000000,697.080000,355.973282,11493.10242263794,6431.279020233154,1534.29594247818,374,0.0012411312214191373
27,Nominal,overly_thick,1.000000000,697.080000,355.973282,9199.227278442384,6442.9438212585455,1532.3950940132142,393,0.0013041833422933716
40,Nominal,overly_thick,0.702671289,584.330731,243.224012,11486.333115234376,5287.5240065002445,2684.416626930237,30,9.955598032773829e-05
48,Nominal,overly_thick,1.000000000,697.080000,355.973282,13775.307447509766,4125.748382034302,1542.5427396392822,358,0.001188034698577677
49,Nominal,overly_thick,1.000000000,697.080000,355.973282,16069.181705322266,4114.08402420044,1544.4435881042482,399,0.0013240945383589191
50,Nominal,overly_thick,1.000000000,697.080000,355.973282,16080.850051879885,6407.951190948486,1538.0976394081117,394,0.0013075018749709628
51,Nominal,overly_thick,1.000000000,697.080000,355.973282,13786.97668045044,6419.61510559082,1536.1967909431457,404,0.0013406872017468756
61,Nominal,overly_thick,0.623306215,550.342879,209.236160,13780.207373046876,5275.859205474854,2686.317475395203,44,0.00014601543781401615
64,Nominal,overly_thick,0.717382908,590.416023,249.309305,16074.081630859377,5264.19529083252,2688.2183238601688,73,0.00024225288546416316
71,Nominal,overly_thick,0.651567936,562.681290,221.574572,14932.980447998048,6416.960388336182,2684.0948698806765,73,0.00024225288546416316
72,Nominal,overly_thick,1.000000000,697.080000,355.973282,18363.055963134768,4102.420109558106,1546.344436569214,396,0.0013141389403261454
73,Nominal,overly_thick,1.000000000,697.080000,355.973282,20656.930220947266,4090.7561949157716,1548.2452850341797,401,0.0013307316037141019
74,Nominal,overly_thick,1.000000000,697.080000,355.973282,20668.600340270998,6384.622475280762,1541.8992255401613,395,0.001310820407648554
75,Nominal,overly_thick,1.000000000,697.080000,355.973282,18374.726082458496,6396.286833114625,1539.9983770751953,403,0.0013373686690692844
76,Nominal,overly_thick,0.639179230,557.306296,216.199578,17215.18635925293,4111.430193328858,2692.3417778396606,22,7.300771890700808e-05
77,Nominal,overly_thick,0.632984877,554.599265,213.492546,17226.854705810547,6405.296473693848,2685.995718345642,72,0.0002389343527865719
85,Nominal,overly_thick,0.780874968,615.989590,274.882872,18367.957661437988,5252.531376190186,2690.1191723251345,60,0.00019911196065547658
88,Nominal,overly_thick,0.763066173,608.924886,267.818167,20661.83191925049,5240.867018356324,2692.0200207901003,65,0.00021570462404343294
95,Nominal,overly_thick,0.709252834,587.060909,245.954190,19520.72896362305,6393.632115859986,2687.896566810608,81,0.0002688011468848934
96,Nominal,overly_thick,1.000000000,697.080000,355.973282,22950.80447875977,4079.0918370819095,1550.1461334991457,403,0.0013373686690692844
97,Nominal,overly_thick,1.000000000,697.080000,355.973282,25244.68050933838,4067.427479248047,1552.0469819641114,410,0.0013605983978124232
98,Nominal,overly_thick,1.000000000,697.080000,355.973282,25256.350628662112,6361.293759613038,1545.7009224700928,397,0.0013174574730037366
99,Nominal,overly_thick,1.000000000,697.080000,355.973282,22962.474598083496,6372.958560638428,1543.800074005127,404,0.0013406872017468756
101,Nominal,overly_thick,0.652729392,563.182572,222.075854,21814.603221435547,6381.968201217652,2689.7974152755737,97,0.00032189766972635377
105,Nominal,overly_thick,0.632210612,554.259969,213.153251,25237.91031555176,2923.6720223236084,2702.1677772140506,23,7.632625158459936e-05
109,Nominal,overly_thick,0.834688365,636.861217,295.754499,22955.706177062988,5229.202660522461,2693.920869255066,78,0.0002588455488521195
112,Nominal,overly_thick,0.750290334,603.805825,262.699107,25249.58043487549,5217.538745880127,2695.8217177200318,97,0.00032189766972635377
119,Nominal,overly_thick,0.684475422,576.715404,235.608686,24108.47747924805,6370.303843383789,2691.69826374054,111,0.0003683571272126317
120,Nominal,overly_thick,1.000000000,697.080000,355.973282,27538.55476715088,4055.7631214141848,1553.9478304290772,414,0.0013738725285227884
121,Nominal,overly_thick,1.000000000,697.080000,355.973282,29832.427252197267,4044.0987635803226,1555.8486788940431,413,0.0013705539958451972
122,Nominal,overly_thick,1.000000000,697.080000,355.973282,29844.099144287113,6337.965043945313,1549.5026194000245,403,0.0013373686690692844
123,Nominal,overly_thick,1.000000000,697.080000,355.973282,27550.22488647461,6349.629844970704,1547.6017709350588,409,0.001357279865134832
124,Nominal,overly_thick,0.624854803,551.026111,209.919393,26390.68339050293,4064.7732051849366,2699.945171699524,51,0.00016924516655715508
129,Nominal,overly_thick,0.716221452,589.937882,248.831164,29825.662376708988,2900.3437498474123,2705.969474143982,38,0.0001261042417484685
133,Nominal,overly_thick,0.847464204,641.716645,300.609926,27543.45469268799,5205.873944854737,2697.7225661849975,82,0.00027211967956248465
136,Nominal,overly_thick,0.723190069,592.800893,251.694175,29837.327177734376,5194.210030212403,2699.6234146499637,111,0.0003683571272126317
143,Nominal,overly_thick,0.691056907,579.481437,238.374719,28696.22599487305,6346.975127716065,2695.4999606704714,125,0.00041481658469890955
144,Nominal,overly_thick,1.000000000,697.080000,355.973282,32126.30151000977,4032.4348489379886,1557.7495273590089,422,0.0014004207899435187
145,Nominal,overly_thick,1.000000000,697.080000,355.973282,34420.17576782227,4020.770491104126,1559.6503758239746,407,0.0013506427997796494
146,Nominal,overly_thick,1.000000000,697.080000,355.973282,34431.84765991211,6314.6372146606445,1553.3043163299562,394,0.0013075018749709628
147,Nominal,overly_thick,1.000000000,697.080000,355.973282,32137.97340209961,6326.301129302979,1551.4034678649903,404,0.0013406872017468756
153,Nominal,overly_thick,0.720092893,591.530149,250.423431,34413.41089233399,2877.0150341796875,2709.7711710739136,40,0.00013274130710365104
157,Nominal,overly_thick,0.815718174,629.582564,288.475845,32131.20143554688,5182.546115570069,2701.5242631149295,106,0.0003517644638246753
167,Nominal,overly_thick,0.623306215,550.342879,209.236160,33283.97451049805,6323.646855239868,2699.301657600403,141,0.0004679131075403699
168,Nominal,overly_thick,1.000000000,697.080000,355.973282,36714.050025634766,4009.1065764617924,1561.5512242889406,418,0.0013871466592331534
169,Nominal,overly_thick,1.000000000,697.080000,355.973282,39007.92428344727,3997.44221862793,1563.4520727539064,406,0.0013473242671020581
170,Nominal,overly_thick,1.000000000,697.080000,355.973282,39019.59617553711,6291.30849899292,1557.1060132598877,405,0.0013440057344244669
171,Nominal,overly_thick,1.000000000,697.080000,355.973282,36725.72191772461,6302.9733000183105,1555.205164794922,403,0.0013373686690692844
177,Nominal,overly_thick,0.645760715,560.168177,219.061459,39001.159407958985,2853.6867617034914,2713.5728680038455,49,0.00016260810120197254
181,Nominal,overly_thick,0.796747983,622.218771,281.112053,36718.949951171875,5159.217399902344,2705.325960044861,86,0.00028539381027284973
192,Nominal,overly_thick,1.000000000,697.080000,355.973282,41301.80208679199,3985.7778607940677,1565.352921218872,430,0.0014269690513642487
193,Nominal,overly_thick,0.927990735,671.513028,330.406309,43595.67634460449,3974.113502960205,1567.253769683838,285,0.0009457818131135137
194,Nominal,overly_thick,0.996902823,695.999673,354.892955,43607.344691162114,6267.980226516724,1560.9077101898195,349,0.0011581679044793554
195,Nominal,overly_thick,1.000000000,697.080000,355.973282,41313.47043334961,6279.644584350586,1559.0068617248537,391,0.001297546276938189
199,Nominal,overly_thin,0.071622148,186.554742,-154.551976,40152.06044189454,4001.143311080933,5005.245571899414,29,9.6237447650147e-05
200,Nominal,overly_thin,0.048393343,153.347053,-187.759666,44741.68099853516,3971.4596720886234,2715.1519594192505,25,8.296331693978191e-05
201,Nominal,overly_thin,0.065040648,177.776787,-163.329932,44753.34934509278,6265.325952453613,2708.805899925232,30,9.955598032773829e-05
202,Nominal,overly_thin,0.077042200,193.484848,-147.621871,44739.80895751953,3977.8150386047364,5009.047268829346,18,5.9733588196642975e-05
203,Nominal,overly_thin,0.044521872,147.085320,-194.021398,44751.480849609376,6271.681318969727,5002.701209335328,24,7.964478426219063e-05
207,Nominal,overly_thin,0.064653501,177.246899,-163.859819,43587.035882568365,2836.713855743408,5011.269431152344,43,0.00014269690513642487
208,Nominal,overly_thin,0.061943475,173.492380,-167.614338,41304.833516845705,5142.244493942261,5003.022966384888,38,0.0001261042417484685
209,Nominal,overly_thick,0.692218363,579.968199,238.861480,41306.7020123291,5135.888684234619,2709.1276569747924,62,0.00020574902601065912
213,Nominal,overly_thin,0.068137825,181.960346,-159.146372,43605.47974121094,6274.336036224366,3854.8032411956788,19,6.305212087423425e-05
214,Expected_Missing_But_Material_Present,overly_thin,0.066976383,180.402881,-160.703837,43598.70777465821,5130.580136108399,5004.923814849853,4,1.3274130710365105e-05
220,Nominal,overly_thick,0.896244705,659.927040,318.820322,4623.148438949585,8760.137930908204,1522.247448387146,280,0.0009291891497255573
221,Nominal,overly_thick,1.000000000,697.080000,355.973282,6917.023139953613,8748.474016265869,1524.1482968521118,391,0.001297546276938189
222,Nominal,overly_thick,0.995741367,695.594113,354.487394,6928.6923728942875,11042.34029663086,1517.8022373580934,300,0.0009955598032773828
223,Nominal,overly_thick,0.941540837,676.397826,335.291108,4634.818115081787,11054.00509765625,1515.9013888931274,289,0.0009590559438238789
236,Nominal,overly_thick,0.660085201,566.347021,225.240303,6921.923065490723,9898.58528289795,2667.9230326080324,21,6.96891862294168e-05
244,Nominal,overly_thick,1.000000000,697.080000,355.973282,9210.897397766113,8736.810101623536,1526.0491453170778,369,0.001224538558031181
245,Nominal,overly_thick,1.000000000,697.080000,355.973282,11504.771655578614,8725.145300598146,1527.9499937820435,389,0.0012909092115830066
246,Nominal,overly_thick,1.000000000,697.080000,355.973282,11516.441774902345,11019.012467346192,1521.603934288025,395,0.001310820407648554
247,Nominal,overly_thick,1.000000000,697.080000,355.973282,9222.567517089845,11030.676381988525,1519.7030858230592,389,0.0012909092115830066
252,Nominal,overly_thick,0.666666687,569.163445,228.056727,9204.128976745606,7593.055087890625,2676.1697189712527,40,0.00013274130710365104
253,Nominal,overly_thick,0.633759201,554.938379,213.831661,11498.003234558106,7581.390286865235,2678.0705674362184,62,0.00020574902601065912
260,Nominal,overly_thick,0.814556718,629.134190,288.027472,11509.67246749878,9875.257453613282,2671.724729537964,66,0.00021902315672102423
268,Nominal,overly_thick,1.000000000,697.080000,355.973282,13798.646799774171,8713.48138595581,1529.8507314491274,402,0.0013340501363916931
269,Nominal,overly_thick,1.000000000,697.080000,355.973282,16092.521943969727,8701.817471313478,1531.751579914093,394,0.0013075018749709628
270,Nominal,overly_thick,1.000000000,697.080000,355.973282,16104.190290527345,10995.683751678467,1525.4056312179566,391,0.001297546276938189
271,Nominal,overly_thick,1.000000000,697.080000,355.973282,13810.316032714845,11007.347666320802,1523.5047827529909,389,0.0012909092115830066
272,Nominal,overly_thick,0.688346863,578.344076,237.237357,12650.774536743165,8722.491469726563,2675.847961921692,58,0.000192474895300294
273,Nominal,overly_thick,0.632597744,554.429643,213.322925,12662.444656066895,11016.35863647461,2669.502124023438,73,0.00024225288546416316
276,Nominal,overly_thick,0.751064658,604.117318,263.010600,13791.877492370606,7569.725485839845,2679.971415901184,65,0.00021570462404343294
277,Nominal,overly_thick,0.759969056,607.687883,266.581165,16085.751750183106,7558.062457580567,2681.87226436615,78,0.0002588455488521195
281,Nominal,overly_thick,0.794425070,621.311072,280.204354,13803.547611694337,9863.592652587891,2673.625356407166,100,0.00033185326775912765
284,Nominal,overly_thick,0.810685277,627.637329,286.530611,16097.421869506838,9851.927851562501,2675.5262048721315,105,0.000348445931147084
287,Nominal,overly_thick,0.617886186,547.944870,206.838152,14944.648794555666,8710.826668701173,2677.748810386658,92,0.00030530500633839744
291,Nominal,overly_thick,0.758807600,607.223343,266.116625,14956.318913879395,11004.69383544922,2671.4027508926392,98,0.0003252162024039451
292,Nominal,overly_thick,1.000000000,697.080000,355.973282,18386.396201782227,8690.152670288086,1533.6524283790588,397,0.0013174574730037366
293,Nominal,overly_thick,1.000000000,697.080000,355.973282,20680.27045959473,8678.488755645752,1535.5532768440248,396,0.0013141389403261454
294,Nominal,overly_thick,1.000000000,697.080000,355.973282,20691.938806152346,10972.355036010742,1529.2073281478883,393,0.0013041833422933716
295,Nominal,overly_thick,1.000000000,697.080000,355.973282,18398.064548339844,10984.019837036134,1527.3064796829224,407,0.0013506427997796494
296,Nominal,overly_thick,0.748354614,603.026424,261.919706,17238.523052368164,8699.163640441895,2679.649658851624,105,0.000348445931147084
297,Nominal,overly_thick,0.695702672,581.426013,240.319295,17250.193171691895,10993.02903442383,2673.3038209533693,124,0.00041149805202131824
300,Nominal,overly_thick,0.771196306,612.160204,271.053485,18379.62600799561,7546.397656555177,2683.7731128311157,105,0.000348445931147084
301,Nominal,overly_thick,0.806039512,625.836356,284.729637,20673.500265808107,7534.732855529785,2685.673961296082,101,0.0003351718004367189
305,Nominal,overly_thick,0.852884233,643.765451,302.658732,18391.296127319336,9840.263936920166,2677.4270533370973,134,0.000444683378797231
308,Nominal,overly_thick,0.838946939,638.483781,297.377062,20685.170385131838,9828.600022277833,2679.327901802063,151,0.0005010984343162828
311,Nominal,overly_thick,0.683313966,576.225895,235.119177,19532.397310180666,8687.498839416505,2681.5505073165896,133,0.00044136484611963976
315,Nominal,overly_thick,0.795199394,621.613793,280.507075,19544.069202270508,10981.365119781494,2675.204447822571,154,0.0005110540323490565
316,Nominal,overly_thick,1.000000000,697.080000,355.973282,22974.144717407227,8666.82484100342,1537.4541253089906,404,0.0013406872017468756
317,Nominal,overly_thick,1.000000000,697.080000,355.973282,25268.01897521973,8655.160039978027,1539.3549737739563,386,0.0012809536135502326
318,Nominal,overly_thick,1.000000000,697.080000,355.973282,25279.687321777346,10949.027206726076,1533.008914279938,397,0.0013174574730037366
319,Nominal,overly_thick,1.000000000,697.080000,355.973282,22985.813063964844,10960.691121368409,1531.108176612854,402,0.0013340501363916931
320,Nominal,overly_thick,0.765001953,609.696770,268.590052,21826.271567993164,8675.834038391115,2683.4513557815553,140,0.00046459457486277867
321,Nominal,overly_thick,0.773519158,613.081427,271.974709,21837.94346008301,10969.701205139161,2677.1055178833008,158,0.0005243281630594217
324,Nominal,overly_thick,0.808749497,626.887535,285.780817,22967.37629638672,7523.0698272705085,2687.5748097610476,111,0.0003683571272126317
325,Nominal,overly_thick,0.838946939,638.483781,297.377062,25261.25055419922,7511.405026245117,2689.4756582260134,127,0.00042145365005409206
329,Nominal,overly_thick,0.919086337,668.283560,327.176842,22979.044642944336,9816.935221252443,2681.2287502670288,176,0.0005840617512560646
332,Nominal,overly_thick,0.774680614,613.541532,272.434814,25272.91890075684,9805.272192993165,2683.129598731995,162,0.0005376022937697868
335,Nominal,overly_thick,0.699186981,582.880181,241.773463,24120.147598571777,8664.171010131837,2685.352204246521,151,0.0005010984343162828
339,Nominal,overly_thick,0.789779305,619.491708,278.384989,24131.81771789551,10958.036404113771,2679.0061447525027,186,0.0006172470780319774
340,Nominal,overly_thick,1.000000000,697.080000,355.973282,27561.893233032228,8643.496125335694,1541.2558222389223,404,0.0013406872017468756
341,Nominal,overly_thick,1.000000000,697.080000,355.973282,29855.76749084473,8631.83221069336,1543.156559906006,396,0.0013141389403261454
342,Nominal,overly_thick,1.000000000,697.080000,355.973282,29867.435837402347,10925.69849105835,1536.8106112098694,394,0.0013075018749709628
343,Nominal,overly_thick,1.000000000,697.080000,355.973282,27573.561579589845,10937.362405700684,1534.9097627449037,397,0.0013174574730037366
344,Nominal,overly_thick,0.726674438,594.227250,253.120532,26414.02185638428,8652.506209106446,2687.253052711487,166,0.0005508764244801518
345,Nominal,overly_thick,0.747967482,602.870428,261.763709,26425.69197570801,10946.373375854493,2680.9069932174684,182,0.0006039729473216123
348,Nominal,overly_thick,0.744096041,601.308190,260.201472,27555.12481201172,7499.740225219727,2691.376506690979,158,0.0005243281630594217
349,Nominal,overly_thick,0.857529998,645.516404,304.409686,29848.99906982422,7488.076310577393,2693.277355155945,144,0.0004778687055731438
353,Nominal,overly_thick,0.882694542,654.919382,313.812664,27566.793158569337,9793.607391967775,2685.0304471969607,155,0.0005143725650266478
356,Nominal,overly_thick,0.771583438,612.313833,271.207115,29860.66741638184,9781.942590942383,2686.9312956619265,196,0.0006504324048078902
359,Nominal,overly_thick,0.686798275,577.693153,236.586435,28707.896114196777,8640.841408081054,2689.153901176453,166,0.0005508764244801518
363,Nominal,overly_thick,0.821138203,631.670727,290.564009,28719.56623352051,10934.708574829103,2682.807841682434,190,0.0006305212087423425
364,Nominal,overly_thick,1.000000000,697.080000,355.973282,32149.645294189457,8620.167409667969,1545.0574083709719,397,0.0013174574730037366
365,Nominal,overly_thick,1.000000000,697.080000,355.973282,34443.519552001955,8608.503495025636,1546.9582568359376,396,0.0013141389403261454
366,Nominal,overly_thick,1.000000000,697.080000,355.973282,34455.18435302735,10902.369775390625,1540.6123081398011,398,0.0013207760056813279
367,Nominal,overly_thick,1.000000000,697.080000,355.973282,32161.310095214845,10914.034576416016,1538.7114596748354,405,0.0013440057344244669
368,Nominal,overly_thick,0.723964393,593.118166,252.011448,31001.772144775394,8629.177493438721,2691.0547496414188,194,0.0006437953394527075
369,Nominal,overly_thick,0.708478510,586.740361,245.633642,31013.44049133301,10923.04377380371,2684.7086901474,191,0.0006338397414199338
372,Nominal,overly_thick,0.658923745,565.848543,224.741824,32142.87332763672,7476.412395935059,2695.1782036209106,166,0.0005508764244801518
373,Nominal,overly_thick,0.857142866,645.370678,304.263960,34436.74758544922,7464.747594909669,2697.079052085877,133,0.00044136484611963976
377,Nominal,overly_thick,0.907084763,663.905946,322.799228,32154.545219726566,9770.27867630005,2688.832144126892,168,0.0005575134898353344
380,Nominal,overly_thick,0.701122701,583.686484,242.579766,34448.419477539064,9758.614761657715,2690.732992591858,200,0.0006637065355182553
387,Nominal,overly_thick,0.732094467,596.439208,255.332490,33307.31474914551,10911.379859161378,2686.6095386123657,203,0.0006736621335510291
388,Nominal,overly_thick,1.000000000,697.080000,355.973282,36737.39380981446,8596.839580383301,1548.8591053009034,410,0.0013605983978124232
389,Nominal,overly_thick,1.000000000,697.080000,355.973282,39031.26806762695,8585.17477935791,1550.7599537658693,407,0.0013506427997796494
390,Nominal,overly_thick,1.000000000,697.080000,355.973282,39042.932868652344,10879.041946105957,1544.4140050697329,396,0.0013141389403261454
391,Nominal,overly_thick,1.000000000,697.080000,355.973282,36749.05861083985,10890.705860748292,1542.513156604767,389,0.0012909092115830066
392,Nominal,overly_thick,0.667440951,569.493861,228.387143,35589.52066040039,8605.848777770996,2694.8564465713503,155,0.0005143725650266478
393,Nominal,overly_thick,0.651567936,562.681290,221.574572,35601.18900695801,10899.715944519043,2688.510387077332,192,0.000637158274097525
397,Nominal,overly_thick,0.804490924,625.234878,284.128160,39024.49610107422,7441.419765625001,2700.8807490158083,98,0.0003252162024039451
399,Nominal,overly_thin,0.074332170,190.051381,-151.055338,39022.63115112305,7447.775132141113,4994.776058425904,35,0.00011614864371569467
401,Nominal,overly_thick,0.866434395,648.859197,307.752479,36742.293735351566,9746.949960632324,2692.6338410568237,148,0.0004911428362835089
405,Nominal,overly_thin,0.069686413,184.016462,-157.090256,39041.06791870118,10885.397312622072,3838.30942527771,2,6.637065355182553e-06
411,Nominal,overly_thick,0.625629127,551.367423,210.260704,37895.06326477051,10888.051143493652,2690.4112355422976,153,0.0005077354996714653
412,Nominal,overly_thick,1.000000000,697.080000,355.973282,41325.142325439454,8573.510864715578,1552.660802230835,410,0.0013605983978124232
413,Nominal,overly_thick,0.999225736,696.810086,355.703367,43619.016583251956,8561.846950073243,1554.5616506958008,351,0.001164804969834538
414,Nominal,overly_thick,0.998451412,696.540046,355.433328,43630.68492980957,10855.713230438234,1548.2157019996644,389,0.0012909092115830066
415,Nominal,overly_thick,1.000000000,697.080000,355.973282,41336.807126464846,10867.377145080567,1546.3148535346986,396,0.0013141389403261454
420,Nominal,overly_thin,0.042586140,143.852284,-197.254434,44765.01769165039,8559.192232818605,2702.4598404312137,22,7.300771890700808e-05
421,Nominal,overly_thin,0.088269457,207.103697,-134.003022,44776.68958374023,10853.058513183594,2696.113780937195,29,9.6237447650147e-05
422,Nominal,overly_thin,0.084785134,202.974966,-138.131752,44763.149196166996,8565.548485717774,4996.355149841309,16,5.309652284146042e-05
423,Nominal,overly_thin,0.042198993,143.196917,-197.909801,44774.81754272461,10859.413879699709,4990.009533538819,25,8.296331693978191e-05
427,Nominal,overly_thin,0.036004648,132.270168,-208.836550,43610.37966674805,7424.446859664918,4998.5777553558355,37,0.00012278570907087722
428,Nominal,overly_thin,0.055749130,164.589326,-176.517392,41328.17020996094,9729.97749786377,4990.330847396851,50,0.00016592663387956383
429,Nominal,overly_thick,0.629113436,552.900653,211.793935,41330.04225097656,9723.622131347656,2696.4355379867557,89,0.00029534940830562356
433,Nominal,overly_thin,0.069299266,183.504593,-157.602125,43628.816434326174,10862.069483337404,3842.111122207642,24,7.964478426219063e-05
437,Nominal,overly_thin,0.056523424,165.728367,-175.378351,42469.274938354494,8577.212400360107,4994.454301376343,33,0.00010951157836051211
440,Nominal,overly_thick,0.917924881,667.861169,326.754451,4646.487348022461,13347.87137802124,1509.555329399109,281,0.0009325076824031486
441,Nominal,overly_thick,1.000000000,697.080000,355.973282,6940.361605834962,13336.207463378907,1511.4561778640748,383,0.0012709980155174588
442,Nominal,overly_thick,0.999225736,696.810086,355.703367,6952.030838775635,15630.072857360841,1505.1102291679383,313,0.0010387007280860696
443,Nominal,overly_thick,0.965543926,684.965410,343.858692,4658.156580963135,15641.737658386231,1503.2093807029726,283,0.0009391447477583312
448,Nominal,overly_thick,0.617886186,547.944870,206.838152,4639.718483810425,12204.115477905274,2659.6761246490482,2,6.637065355182553e-06
456,Nominal,overly_thick,0.665118098,568.502011,227.395293,6945.262417755127,14486.31784362793,2655.230913619995,30,9.955598032773829e-05
464,Nominal,overly_thick,1.000000000,697.080000,355.973282,9234.235863647462,13324.542662353517,1513.3570263290405,376,0.0012477682867743198
465,Nominal,overly_thick,1.000000000,697.080000,355.973282,11528.110121459962,13312.878747711182,1515.2578747940065,404,0.0013406872017468756
466,Nominal,overly_thick,1.000000000,697.080000,355.973282,11539.780240783692,15606.745028076173,1508.911815299988,385,0.0012776350808726413
467,Nominal,overly_thick,1.000000000,697.080000,355.973282,9245.905982971191,15618.409829101563,1507.0109668350221,386,0.0012809536135502326
472,Nominal,overly_thick,0.775067747,613.694816,272.588098,9227.467442626954,12180.787648620606,2663.4778215789797,56,0.00018583782994511147
473,Nominal,overly_thick,0.681765378,575.572577,234.465858,11521.341700439454,12169.122847595216,2665.3786700439455,71,0.00023561582010898062
477,Nominal,overly_thick,0.612078965,545.363854,204.257135,9239.136675567628,14474.653928985597,2657.131762084961,48,0.00015928956852438126
480,Nominal,overly_thick,0.793650806,621.008227,279.901508,11533.010933380128,14462.990014343262,2659.032610549927,75,0.0002488899508193457
488,Nominal,overly_thick,1.000000000,697.080000,355.973282,13821.985265655518,13301.214833068849,1517.1587232589723,382,0.0012676794828398676
489,Nominal,overly_thick,1.000000000,697.080000,355.973282,16115.858637084963,13289.550032043458,1519.059571723938,404,0.0013406872017468756
490,Nominal,overly_thick,1.000000000,697.080000,355.973282,16127.530529174806,15583.417198791505,1512.7135122299196,387,0.0012842721462278238
491,Nominal,overly_thick,1.000000000,697.080000,355.973282,13833.654498596192,15595.080227050783,1510.8126637649536,382,0.0012676794828398676
492,Nominal,overly_thick,0.703058481,584.491700,243.384982,12674.113002624512,13310.224030456544,2663.156064529419,78,0.0002588455488521195
493,Nominal,overly_thick,0.617499053,547.773188,206.666469,12685.783121948243,15604.09119720459,2656.8100050354005,76,0.000252208483496937
496,Nominal,overly_thick,0.821912527,631.968486,290.861768,13815.215958251954,12157.459819335938,2667.279518508911,95,0.00031526060437117126
497,Nominal,overly_thick,0.701122701,583.686484,242.579766,16109.090216064455,12145.795018310548,2669.180366973877,148,0.0004911428362835089
501,Nominal,overly_thick,0.747193158,602.558290,261.451571,13826.886077575684,14451.325213317872,2660.933459014893,129,0.00042809071540927463
504,Nominal,overly_thick,0.830042601,635.086402,293.979683,16120.760335388184,14439.661298675537,2662.8343074798586,120,0.00039822392131095316
507,Nominal,overly_thick,0.648083627,561.174783,220.068065,14967.989033203126,13298.561002197266,2665.056912994385,115,0.00038163125792299677
511,Nominal,overly_thick,0.753000379,604.895314,263.788595,14979.657379760743,15592.428168945313,2658.7108535003663,110,0.0003650385945350404
512,Nominal,overly_thick,1.000000000,697.080000,355.973282,18409.73289489746,13277.886117401124,1520.960420188904,405,0.0013440057344244669
513,Nominal,overly_thick,1.000000000,697.080000,355.973282,20703.608925476074,13266.22220275879,1522.8612686538697,397,0.0013174574730037366
514,Nominal,overly_thick,1.000000000,697.080000,355.973282,20715.279044799805,15560.087596740723,1516.515209159851,383,0.0012709980155174588
515,Nominal,overly_thick,1.000000000,697.080000,355.973282,18421.404786987307,15571.752397766115,1514.6143606948854,382,0.0012676794828398676
516,Nominal,overly_thick,0.778939247,615.225624,274.118906,17261.863291015627,13286.896201171876,2666.957761459351,140,0.00046459457486277867
517,Nominal,overly_thick,0.762679040,608.770401,267.663682,17273.531637573244,15580.763367919923,2660.611701965332,139,0.0004612760421851874
520,Nominal,overly_thick,0.814943850,629.283676,288.176958,18402.964473876953,12134.130217285157,2671.0812154388427,148,0.0004911428362835089
521,Nominal,overly_thick,0.843592703,640.249178,299.142460,20696.84050445557,12122.466302642822,2672.982063903809,159,0.0005276466957370129
525,Nominal,overly_thick,0.789779305,619.491708,278.384989,18414.634593200684,14427.997384033204,2664.7351559448243,143,0.0004745501728955525
528,Nominal,overly_thick,0.852109969,643.473173,302.366455,20708.508851013186,14416.332583007814,2666.63600440979,168,0.0005575134898353344
531,Nominal,overly_thick,0.759581864,607.533060,266.426342,19555.737548828125,13275.231400146486,2668.8586099243166,153,0.0005077354996714653
535,Nominal,overly_thick,0.826558292,633.752034,292.645315,19567.405895385742,15569.098566894532,2662.5125504302982,172,0.0005707876205456995
536,Nominal,overly_thick,1.000000000,697.080000,355.973282,22997.483183288576,13254.557401733398,1524.7621171188355,391,0.001297546276938189
537,Nominal,overly_thick,1.000000000,697.080000,355.973282,25291.357441101074,13242.893487091065,1526.6629655838015,394,0.0013075018749709628
538,Nominal,overly_thick,1.000000000,697.080000,355.973282,25303.027560424805,15536.759767456055,1520.3169060897828,401,0.0013307316037141019
539,Nominal,overly_thick,1.000000000,697.080000,355.973282,23009.153302612307,15548.424568481447,1518.416057624817,393,0.0013041833422933716
540,Nominal,overly_thick,0.818041027,630.478331,289.371613,21849.611806640627,13263.56748550415,2670.7594583892824,182,0.0006039729473216123
541,Nominal,overly_thick,0.800232291,623.577819,282.471101,21861.280153198244,15557.433765869142,2664.413398895264,175,0.0005807432185784733
544,Nominal,overly_thick,0.840495527,639.072788,297.966070,22990.714762268068,12110.80238800049,2674.8829123687747,190,0.0006305212087423425
545,Nominal,overly_thick,0.922957778,669.689577,328.582859,25284.589020080566,12099.1375869751,2676.783539237976,173,0.0005741061532232908
549,Nominal,overly_thick,0.905536175,663.338989,322.232271,23002.383108825685,14404.668668365479,2668.536852874756,167,0.0005541949571577431
552,Nominal,overly_thick,0.847851336,641.863200,300.756482,25296.259139404297,14393.004753723146,2670.437701339722,200,0.0006637065355182553
555,Nominal,overly_thick,0.781262100,616.142265,275.035547,24143.486064453125,13251.903570861818,2672.660306854248,188,0.0006238841433871599
559,Nominal,overly_thick,0.797522247,622.521028,281.414309,24155.154411010742,15545.768964843752,2666.3142473602297,187,0.0006205656107095686
560,Nominal,overly_thick,1.000000000,697.080000,355.973282,27585.23347167969,13231.229572448732,1528.5638140487672,389,0.0012909092115830066
561,Nominal,overly_thick,1.000000000,697.080000,355.973282,29879.10772949219,13219.56477142334,1530.464662513733,385,0.0012776350808726413
562,Nominal,overly_thick,1.000000000,697.080000,355.973282,29890.776076049806,15513.431938171389,1524.1186030197146,404,0.0013406872017468756
563,Nominal,overly_thick,1.000000000,697.080000,355.973282,27596.901818237307,15525.094966430664,1522.2177545547486,409,0.001357279865134832
564,Nominal,overly_thick,0.792876482,620.705210,279.598492,26437.360322265627,13240.238769836427,2674.56093372345,196,0.0006504324048078902
565,Nominal,overly_thick,0.712737143,588.501154,247.394435,26449.03044158936,15534.105936584474,2668.2150958251955,209,0.0006935733296165767
568,Nominal,overly_thick,0.813782394,628.835089,287.728371,27578.463277893068,12087.474558715821,2678.684387702942,195,0.0006471138721302989
569,Nominal,overly_thick,0.809910953,627.337514,286.230796,29872.335762939456,12075.809757690431,2680.585236167908,185,0.0006139285453543861
573,Nominal,overly_thick,0.864498615,648.133954,307.027236,27590.1333972168,14381.339952697756,2672.338549804688,176,0.0005840617512560646
576,Nominal,overly_thick,0.796360850,622.067588,280.960869,29884.007655029298,14369.67603805542,2674.2393982696535,235,0.0007798551792339499
579,Nominal,overly_thick,0.773519158,613.081427,271.974709,28731.234580078126,13228.57574157715,2676.46200378418,214,0.0007101659930045331
583,Nominal,overly_thick,0.805265188,625.535678,284.428959,28742.904699401857,15522.442908325196,2670.115944290161,184,0.0006106100126767949
584,Nominal,overly_thick,1.000000000,697.080000,355.973282,32172.98198730469,13207.900856781007,1532.365510978699,398,0.0013207760056813279
585,Nominal,overly_thick,1.000000000,697.080000,355.973282,34466.85624511719,13196.236942138672,1534.2663594436647,406,0.0013473242671020581
586,Nominal,overly_thick,1.000000000,697.080000,355.973282,34478.52459167481,15490.102336120606,1527.920299949646,397,0.0013174574730037366
587,Nominal,overly_thick,1.000000000,697.080000,355.973282,32184.650333862308,15501.767137145996,1526.0194514846803,389,0.0012909092115830066
588,Nominal,overly_thick,0.790166497,619.643543,278.536825,31025.108837890628,13216.91094055176,2678.3626306533815,203,0.0006736621335510291
589,Nominal,overly_thick,0.769647717,611.545276,270.438557,31036.78072998047,15510.778107299806,2672.016792755127,206,0.000683617731583803
592,Nominal,overly_thick,0.764614761,609.542457,268.435739,32166.210020751954,12064.144956665039,2682.486084632874,201,0.0006670250681958466
593,Nominal,overly_thick,0.908246219,664.330852,323.224134,34460.084278564456,12052.481042022706,2684.3869330978396,190,0.0006305212087423425
597,Nominal,overly_thick,0.950832367,679.727125,338.620407,32177.8819128418,14358.012123413087,2676.1402467346193,184,0.0006106100126767949
600,Nominal,overly_thick,0.708865643,586.900644,245.793926,34471.7561706543,14346.347322387695,2678.041095199585,213,0.0007068474603269419
603,Nominal,overly_thick,0.699961305,583.202851,242.096133,33318.98309570313,13205.246139526367,2680.2637007141116,221,0.000733395721747672
607,Nominal,overly_thick,0.721254349,592.007004,250.900286,33330.65498779297,15499.113306274416,2673.9176412200927,201,0.0006670250681958466
608,Nominal,overly_thick,1.000000000,697.080000,355.973282,36760.73050292969,13184.572141113282,1536.1672079086304,407,0.0013506427997796494
609,Nominal,overly_thick,1.000000000,697.080000,355.973282,39054.60476074219,13172.908226470949,1538.0680563735964,393,0.0013041833422933716
610,Nominal,overly_thick,1.000000000,697.080000,355.973282,39066.276652832035,15466.774506835938,1531.7219968795778,401,0.0013307316037141019
611,Nominal,overly_thick,1.000000000,697.080000,355.973282,36772.40239501953,15478.439307861328,1529.8211484146118,398,0.0013207760056813279
612,Nominal,overly_thick,0.686411142,577.530314,236.423596,35612.857353515625,13193.582224884034,2682.164327583313,197,0.0006537509374854814
613,Nominal,overly_thick,0.660085201,566.347021,225.240303,35624.529245605474,15487.448505249024,2675.818489685059,203,0.0006736621335510291
616,Nominal,overly_thick,0.675183892,572.787668,231.680949,36753.95853637696,12040.817127380371,2686.2877815628053,202,0.0006703436008734378
617,Nominal,overly_thick,0.770421982,611.852805,270.746087,39047.83279418945,12029.15232635498,2688.188630027771,123,0.000408179519343727
619,Nominal,overly_thin,0.080913663,198.286686,-142.820033,39045.96784423829,12035.507692871095,4982.084382629395,45,0.00014933397049160743
620,Nominal,overly_thin,0.081687957,199.233168,-141.873551,36763.76547851563,14341.039660644532,4973.83747467041,21,6.96891862294168e-05
621,Nominal,overly_thick,0.872628748,651.174493,310.067775,36765.6304284668,14334.683407745362,2679.9419436645508,161,0.0005342837610921954
631,Nominal,overly_thick,0.639953554,557.643764,216.537046,37918.40350341797,15475.783704223633,2677.7193381500247,191,0.0006338397414199338
632,Nominal,overly_thick,1.000000000,697.080000,355.973282,41348.47901855469,13161.244311828614,1539.96879404068,401,0.0013307316037141019
633,Nominal,overly_thick,0.996515691,695.864519,354.757801,43642.35327636719,13149.579510803223,1541.8696425056457,368,0.0012212200253535897
634,Nominal,overly_thick,0.998451412,696.540046,355.433328,43654.02516845703,15443.44667755127,1535.5236938095093,397,0.0013174574730037366
635,Nominal,overly_thick,1.000000000,697.080000,355.973282,41360.15091064453,15455.109705810548,1533.6228453445435,388,0.001287590678905415
640,Missing_Unintentional,overly_thin,0.014711576,84.549728,-256.556990,44788.357930297854,13146.92567993164,2689.7677214431765,23,7.632625158459936e-05
641,Nominal,overly_thin,0.035617501,131.557115,-209.549603,44800.026276855475,15440.792846679688,2683.421883544922,54,0.0001792007645899289
642,Nominal,overly_thin,0.054587688,162.865829,-178.240889,44786.48943481446,13153.281046447755,4983.663030853272,21,6.96891862294168e-05
643,Missing_Unintentional,overly_thin,0.000000000,0.000000,-341.106718,44798.15778137207,15447.146440429688,4977.317414550782,31,0.00010287451300532956
647,Nominal,overly_thin,0.033681765,127.932252,-213.174466,43633.71635986328,12012.179863586427,4985.886079559326,42,0.0001393783724588336
648,Missing_Unintentional,overly_thin,0.015485869,86.746190,-254.360528,41351.51399414063,14317.710058593751,4977.639171600342,36,0.00011946717639328595
649,Nominal,overly_thick,0.727835834,594.701918,253.595200,41353.3789440918,14311.354692077637,2683.7434189987184,87,0.00028871234295044105
651,Nominal,overly_thin,0.084010839,202.046013,-139.060705,41346.61052307129,13167.599678344728,3833.8642142486574,18,5.9733588196642975e-05
653,Nominal,overly_thin,0.046070460,149.621463,-191.485255,43652.15312744141,15449.802044067384,3829.4190032196047,20,6.637065355182552e-05
657,Nominal,overly_thin,0.055361982,164.016840,-177.089879,42492.61517700196,13164.945847473145,4981.762625579834,31,0.00010287451300532956
660,Nominal,overly_thick,0.914827704,666.733500,325.626781,4669.8262570953375,17935.60482513428,1496.863321208954,294,0.0009756486072118353
661,Nominal,overly_thick,1.000000000,697.080000,355.973282,6963.700514907838,17923.940024108888,1498.7641696739197,378,0.0012544053521295025
662,Nominal,overly_thick,0.998838544,696.675068,355.568350,6975.37019104004,20217.807190856936,1492.4182209777832,292,0.0009690115418566526
663,Nominal,overly_thick,0.966705382,685.377260,344.270541,4681.495490036011,20229.47021911621,1490.5173725128175,281,0.0009325076824031486
666,Nominal,overly_thin,0.079365082,196.380046,-144.726672,3531.7556179046633,20244.836555786133,4930.41002319336,0,0.0
676,Nominal,overly_thick,0.695702672,581.426013,240.319295,6968.600883636475,19074.052177124024,2642.5387946319584,26,8.628184961737318e-05
684,Nominal,overly_thick,1.000000000,697.080000,355.973282,9257.575215911866,17912.275223083496,1500.6650181388857,363,0.0012046273619656332
685,Nominal,overly_thick,1.000000000,697.080000,355.973282,11551.450360107423,17900.612194824218,1502.5658666038514,383,0.0012709980155174588
686,Nominal,overly_thick,1.000000000,697.080000,355.973282,11563.11870666504,20194.477588806152,1496.219917907715,390,0.0012942277442605978
687,Nominal,overly_thick,1.000000000,697.080000,355.973282,9269.24444885254,20206.142389831544,1494.3190694427492,378,0.0012544053521295025
692,Nominal,overly_thick,0.803329468,624.783385,283.676666,9250.8059085083,16768.520209350587,2650.7857025909425,46,0.00015265250316919872
693,Nominal,overly_thick,0.620209038,548.973863,207.867145,11544.6801663208,16756.855408325195,2652.6865510559082,73,0.00024225288546416316
700,Nominal,overly_thick,0.826558292,633.752034,292.645315,11556.350285644532,19050.722575073243,2646.34049156189,71,0.00023561582010898062
703,Nominal,overly_thick,0.627564847,552.219740,211.113022,10403.578097076417,17909.621392211917,2648.5630970764164,63,0.0002090675586882504
707,Nominal,overly_thick,0.640340686,557.812409,216.705690,10415.24733001709,20203.48855895996,2642.217259178162,55,0.0001825192972675202
708,Nominal,overly_thick,1.000000000,697.080000,355.973282,13845.324617919923,17888.94739379883,1504.4667150688172,394,0.0013075018749709628
709,Nominal,overly_thick,1.000000000,697.080000,355.973282,16139.198875732423,17877.282592773438,1506.3675635337831,381,0.0012643609501622763
710,Nominal,overly_thick,1.000000000,697.080000,355.973282,16150.86722229004,20171.149759521486,1500.0215040397645,383,0.0012709980155174588
711,Nominal,overly_thick,1.000000000,697.080000,355.973282,13856.99296447754,20182.814560546874,1498.1207663726807,394,0.0013075018749709628
712,Nominal,overly_thick,0.682926834,576.062641,234.955923,12697.453241271973,17897.956591186525,2650.463945541382,82,0.00027211967956248465
716,Nominal,overly_thick,0.821525335,631.819613,290.712895,13838.554424133301,16745.19238006592,2654.587399520874,100,0.00033185326775912765
717,Nominal,overly_thick,0.766937673,610.467655,269.360937,16132.430454711915,16733.529351806643,2656.48824798584,137,0.00045463897683000484
721,Nominal,overly_thick,0.755710423,605.982843,264.876125,13850.224543457032,19039.05777404785,2648.2413400268556,93,0.0003086235390159887
724,Nominal,overly_thick,0.804490924,625.234878,284.128160,16144.098801269532,19027.392973022463,2650.1421884918213,136,0.0004513204441524136
727,Nominal,overly_thick,0.670925260,570.978419,229.871701,14991.32572631836,17886.293562927247,2652.364794006348,112,0.00037167565989022294
731,Nominal,overly_thick,0.723964393,593.118166,252.011448,15002.997618408204,20180.15895690918,2646.0189561080933,97,0.00032189766972635377
732,Nominal,overly_thick,1.000000000,697.080000,355.973282,18433.073133544924,17865.61956451416,1508.268411998749,406,0.0013473242671020581
733,Nominal,overly_thick,1.000000000,697.080000,355.973282,20726.947391357422,17853.95476348877,1510.1691496658327,404,0.0013406872017468756
734,Nominal,overly_thick,1.000000000,697.080000,355.973282,20738.61573791504,20147.821930236816,1503.8232009696962,406,0.0013473242671020581
735,Nominal,overly_thick,1.000000000,697.080000,355.973282,18444.74148010254,20159.484958496094,1501.9223525047303,397,0.0013174574730037366
736,Nominal,overly_thick,0.763066173,608.924886,267.818167,17285.201756896975,17874.628761901855,2654.2656424713136,127,0.00042145365005409206
737,Nominal,overly_thick,0.721641481,592.165862,251.059144,17296.871876220703,20168.49415588379,2647.9195829772952,122,0.0004048609866661357
740,Nominal,overly_thick,0.840108395,638.925593,297.818875,18426.304712524416,16721.86455078125,2658.389096450806,152,0.000504416966993874
741,Nominal,overly_thick,0.843592703,640.249178,299.142460,20720.178970336914,16710.19974975586,2660.2899449157717,160,0.0005309652284146042
745,Nominal,overly_thick,0.786294997,618.123676,277.016958,18437.973059082033,19015.729944763185,2652.043036956787,134,0.000444683378797231
748,Nominal,overly_thick,0.886178851,656.210708,315.103990,20731.84731689453,19004.066916503907,2653.9438854217533,143,0.0004745501728955525
751,Nominal,overly_thick,0.730158746,595.650168,254.543449,19579.076014709473,17862.96573364258,2656.1664909362794,159,0.0005276466957370129
755,Nominal,overly_thick,0.751064658,604.117318,263.010600,19590.746134033205,20156.83112762451,2649.820431442261,130,0.0004314092480868659
756,Nominal,overly_thick,1.000000000,697.080000,355.973282,23020.821649169924,17842.28996246338,1512.0699981307985,397,0.0013174574730037366
757,Nominal,overly_thick,1.000000000,697.080000,355.973282,25314.695906982422,17830.6269342041,1513.9708465957642,382,0.0012676794828398676
758,Nominal,overly_thick,1.000000000,697.080000,355.973282,25326.366026306154,20124.492328186036,1507.6248978996277,391,0.001297546276938189
759,Nominal,overly_thick,1.000000000,697.080000,355.973282,23032.491768493655,20136.157129211428,1505.724049434662,397,0.0013174574730037366
760,Nominal,overly_thick,0.812620997,628.386205,287.279487,21872.952045288086,17851.30093261719,2658.067339401245,160,0.0005309652284146042
761,Nominal,overly_thick,0.723964393,593.118166,252.011448,21884.620391845703,20145.168099365237,2651.7212799072267,134,0.000444683378797231
764,Nominal,overly_thick,0.829268277,634.790105,293.683387,23014.053228149416,16698.53494873047,2662.1907933807374,193,0.0006404768067751163
765,Nominal,overly_thick,0.902826190,662.345663,321.238945,25307.927485961914,16686.870147705078,2664.091641845703,180,0.0005973358819664297
769,Nominal,overly_thick,0.841269851,639.367100,298.260382,23025.723347473147,18992.402115478515,2655.844733886719,164,0.0005442393591249693
772,Nominal,overly_thick,0.812620997,628.386205,287.279487,25319.597605285646,18980.737314453127,2657.745582351685,212,0.0007035289276493506
775,Nominal,overly_thick,0.794037938,621.159668,280.052950,24166.826303100588,17839.636131591797,2659.968187866211,175,0.0005807432185784733
779,Nominal,overly_thick,0.785907865,617.971491,276.864772,24178.494649658205,20133.503298339845,2653.6221283721925,155,0.0005143725650266478
780,Nominal,overly_thick,1.000000000,697.080000,355.973282,27608.570164794924,17818.962133178713,1515.87169506073,402,0.0013340501363916931
781,Nominal,overly_thick,1.000000000,697.080000,355.973282,29902.444422607423,17807.29733215332,1517.772543525696,398,0.0013207760056813279
782,Nominal,overly_thick,1.000000000,697.080000,355.973282,29914.11631469727,20101.16449890137,1511.4265948295595,382,0.0012676794828398676
783,Nominal,overly_thick,1.000000000,697.080000,355.973282,27620.240284118652,20112.829299926758,1509.5257463645935,401,0.0013307316037141019
784,Nominal,overly_thick,0.819976747,631.223837,290.117119,26460.700560913087,17827.971330566408,2661.869036331177,177,0.0005873802839336559
785,Nominal,overly_thick,0.748354614,603.026424,261.919706,26472.368907470704,20121.838497314453,2655.5229768371582,169,0.0005608320225129257
788,Nominal,overly_thick,0.765776217,610.005232,268.898513,27601.801743774417,16675.2071194458,2665.992490310669,203,0.0006736621335510291
789,Nominal,overly_thick,0.933410764,673.471194,332.364476,29895.676001586915,16663.544091186526,2667.893338775635,183,0.0006072914799992035
793,Nominal,overly_thick,0.891598940,658.214423,317.107704,27613.471863098148,18969.072513427735,2659.6464308166505,169,0.0005608320225129257
796,Nominal,overly_thick,0.721641481,592.165862,251.059144,29907.344348144532,18957.407712402346,2661.5472792816163,198,0.0006570694701630727
799,Nominal,overly_thick,0.782036364,616.447501,275.340783,28754.57481872559,17816.30830230713,2663.769884796143,176,0.0005840617512560646
803,Nominal,overly_thick,0.718544304,590.893752,249.787034,28766.243165283206,20110.173696289065,2657.423825302124,190,0.0006305212087423425
804,Nominal,overly_thick,1.000000000,697.080000,355.973282,32196.318680419925,17795.634303894043,1519.6733919906617,382,0.0012676794828398676
805,Nominal,overly_thick,1.000000000,697.080000,355.973282,34490.19293823242,17783.969502868655,1521.5742404556274,382,0.0012676794828398676
806,Nominal,overly_thick,1.000000000,697.080000,355.973282,34501.864830322265,20077.8366696167,1515.228180961609,397,0.0013174574730037366
807,Nominal,overly_thick,1.000000000,697.080000,355.973282,32207.990572509767,20089.499697875977,1513.327332496643,404,0.0013406872017468756
808,Nominal,overly_thick,0.756871879,606.448334,265.341616,31048.449076538087,17804.64350128174,2665.6707332611086,190,0.0006305212087423425
809,Nominal,overly_thick,0.737127364,598.485853,257.379135,31060.117423095704,20098.508895263672,2659.32467376709,194,0.0006437953394527075
812,Nominal,overly_thick,0.740611672,599.898670,258.791951,32189.553804931642,16651.879290161134,2669.794187240601,232,0.000769899581201176
813,Nominal,overly_thick,0.802942336,624.632822,283.526104,34483.42806274414,16640.214489135742,2671.6950357055666,188,0.0006238841433871599
817,Nominal,overly_thick,0.925667822,670.672048,329.565329,32201.218605957034,18945.74468414307,2663.448127746582,168,0.0005575134898353344
820,Nominal,overly_thick,0.648857892,561.509900,220.403182,34495.09286376953,18934.08165588379,2665.3489762115482,188,0.0006238841433871599
823,Nominal,overly_thick,0.716995716,590.256669,249.149951,33342.323334350585,17792.98047302246,2667.5715817260743,198,0.0006570694701630727
827,Nominal,overly_thick,0.697251260,582.072761,240.966043,33353.991680908206,20086.845867004395,2661.225522232056,180,0.0005973358819664297
828,Nominal,overly_thick,1.000000000,697.080000,355.973282,36784.067196044925,17772.304701843263,1523.4750889205934,386,0.0012809536135502326
829,Nominal,overly_thick,1.000000000,697.080000,355.973282,39077.94145385743,17760.641673583985,1525.3759373855592,403,0.0013373686690692844
830,Nominal,overly_thick,1.000000000,697.080000,355.973282,39089.61334594727,20054.50706756592,1519.0298778915405,409,0.001357279865134832
831,Nominal,overly_thick,1.000000000,697.080000,355.973282,36795.73908813477,20066.17186859131,1517.1290294265748,397,0.0013174574730037366
832,Nominal,overly_thick,0.660859466,566.679080,225.572361,35636.19759216309,17781.315671997072,2669.47243019104,205,0.0006802991989062116
833,Nominal,overly_thick,0.638404965,556.968650,215.861932,35647.86593872071,20075.182838745117,2663.1263706970217,182,0.0006039729473216123
836,Nominal,overly_thick,0.643437862,559.159785,218.053066,36777.30232055664,16628.549688110354,2673.5958841705324,197,0.0006537509374854814
837,Nominal,overly_thick,0.766163349,610.159404,269.052685,39071.176578369144,16616.88488708496,2675.496732635498,127,0.00042145365005409206
839,Nominal,overly_thin,0.066589236,179.880729,-161.225989,39069.30453735352,16623.24202636719,4969.392263641358,44,0.00014601543781401615
840,Nominal,overly_thin,0.083623692,201.579931,-139.526787,36787.10217163086,18928.772221374515,4961.1453556823735,37,0.00012278570907087722
841,Nominal,overly_thick,0.888888896,657.213329,316.106611,36788.967121582034,18922.4168548584,2667.249824676514,161,0.0005342837610921954
847,Nominal,overly_thick,0.645373583,560.000242,218.893524,37930.07184997559,17769.65087097168,2671.373278656006,174,0.0005774246859008821
852,Nominal,overly_thick,1.000000000,697.080000,355.973282,41371.81571166992,17748.976872558596,1527.276785850525,394,0.0013075018749709628
853,Nominal,overly_thick,0.998451412,696.540046,355.433328,43665.689969482424,17737.312071533204,1529.1776343154909,362,0.001201308829288042
854,Nominal,overly_thick,0.998451412,696.540046,355.433328,43677.361861572266,20031.179238281253,1522.8315748214723,385,0.0012776350808726413
855,Nominal,overly_thick,1.000000000,697.080000,355.973282,41383.48760375977,20042.84403930664,1520.9307263565065,396,0.0013141389403261454
860,Missing_Unintentional,overly_thin,0.012001549,76.366216,-264.740502,44811.69462341309,17734.65824066162,2677.0758240509035,21,6.96891862294168e-05
861,Nominal,overly_thin,0.061556328,172.949366,-168.157352,44823.36296997071,20028.523634643556,2670.729764556885,41,0.00013605983978124233
862,Missing_Unintentional,overly_thin,0.007355788,59.785686,-281.321032,44809.82612792969,17741.013607177734,4970.9709118652345,21,6.96891862294168e-05
863,Missing_Unintentional,overly_thin,0.003097174,38.794076,-302.312643,44821.498020019535,20034.880773925783,4964.625295562744,26,8.628184961737318e-05
867,Missing_Unintentional,overly_thin,0.017034456,90.980173,-250.126545,43657.05305297852,16599.912424316408,4973.19396057129,46,0.00015265250316919872
868,Nominal,overly_thin,0.051103368,157.582282,-183.524436,41374.850687255865,18905.444392089845,4964.947052612305,35,0.00011614864371569467
869,Nominal,overly_thick,0.635694921,555.785220,214.678502,41376.71563720703,18899.087252807618,2671.0515216064455,102,0.00033849033311431016
871,Nominal,overly_thin,0.082849398,200.644520,-140.462199,41369.950761718756,17755.33223907471,3821.17209526062,20,6.637065355182552e-05
873,Nominal,overly_thin,0.051490515,158.178059,-182.928659,43675.49336608887,20037.534604797365,3816.7268842315675,19,6.305212087423425e-05
877,Nominal,overly_thin,0.070847854,185.543597,-155.563121,42515.95187011719,17752.678408203126,4969.070506591797,25,8.296331693978191e-05
880,Nominal,overly_thick,0.915602028,667.015607,325.908888,4693.165166168214,22523.33738586426,1484.1713130187989,282,0.0009358262150807398
881,Nominal,overly_thick,1.000000000,697.080000,355.973282,6987.039423980713,22511.672584838867,1486.0721614837648,361,0.0011979902966104507
882,Nominal,overly_thick,0.999225736,696.810086,355.703367,6998.708656921387,24805.539751586915,1479.7261019897462,323,0.0010718860548619821
883,Nominal,overly_thick,0.977158368,689.072789,347.966071,4704.834399108887,24817.204552612307,1477.8252535247805,292,0.0009690115418566526
896,Nominal,overly_thick,0.626016259,551.537986,210.431268,6991.940235900879,23661.782965087892,2629.8468972396854,20,6.637065355182552e-05
904,Nominal,overly_thick,1.000000000,697.080000,355.973282,9280.91456817627,22500.009556579593,1487.9730099487306,375,0.0012444497540967285
905,Nominal,overly_thick,1.000000000,697.080000,355.973282,11574.78882598877,22488.3447555542,1489.8738584136963,406,0.0013473242671020581
906,Nominal,overly_thick,1.000000000,697.080000,355.973282,11586.458058929444,24782.21192230225,1483.527798919678,381,0.0012643609501622763
907,Nominal,overly_thick,1.000000000,697.080000,355.973282,9292.582914733886,24793.874950561523,1481.626950454712,382,0.0012676794828398676
912,Nominal,overly_thick,0.838172674,638.189084,297.082366,9274.145260772706,21356.25454284668,2638.0938051986695,47,0.00015597103584678997
913,Nominal,overly_thick,0.653116524,563.349559,222.242840,11568.019518585206,21344.58974182129,2639.9946536636353,72,0.0002389343527865719
920,Nominal,overly_thick,0.802168012,624.331565,283.224846,11579.68875152588,23638.456908569337,2633.648594169617,58,0.000192474895300294
928,Nominal,overly_thick,1.000000000,697.080000,355.973282,13868.66308380127,22476.67995452881,1491.7747068786623,408,0.0013539613324572407
929,Nominal,overly_thick,1.000000000,697.080000,355.973282,16162.53734161377,22465.01692626953,1493.675555343628,382,0.0012676794828398676
930,Nominal,overly_thick,1.000000000,697.080000,355.973282,16174.207460937501,24758.882320251465,1487.3294958496094,385,0.0012776350808726413
931,Nominal,overly_thick,1.000000000,697.080000,355.973282,13880.332316741944,24770.547121276857,1485.4286473846437,390,0.0012942277442605978
936,Nominal,overly_thick,0.817653894,630.329129,289.222411,13861.894662780762,21332.9249407959,2641.895502128601,84,0.0002787567449176672
937,Nominal,overly_thick,0.627951980,552.390040,211.283322,16155.768920593262,21321.260139770508,2643.7963505935672,129,0.00042809071540927463
941,Nominal,overly_thick,0.651180804,562.514106,221.407387,13873.563009338379,23626.792107543948,2635.5494426345826,80,0.0002654826142073021
944,Nominal,overly_thick,0.764227629,609.388129,268.281411,16167.437267150879,23615.127306518556,2637.4502910995484,93,0.0003086235390159887
946,Missing_Intentional,overly_thin,0.007742934,61.338819,-279.767899,16165.568771667482,23621.48267303467,4931.345600509644,0,0.0
947,Nominal,overly_thick,0.661246598,566.845036,225.738318,15014.665964965821,22474.02612365723,2639.672896614075,92,0.00030530500633839744
951,Nominal,overly_thick,0.632984877,554.599265,213.492546,15026.334311523438,24767.893290405274,2633.326837120056,81,0.0002688011468848934
952,Nominal,overly_thick,1.000000000,697.080000,355.973282,18456.413372192383,22453.352125244142,1495.5764038085938,382,0.0012676794828398676
953,Nominal,overly_thick,1.000000000,697.080000,355.973282,20750.287630004885,22441.68732421875,1497.4772522735598,391,0.001297546276938189
954,Nominal,overly_thick,1.000000000,697.080000,355.973282,20761.9559765625,24735.5544909668,1491.1311927795412,389,0.0012909092115830066
955,Nominal,overly_thick,1.000000000,697.080000,355.973282,18468.08171875,24747.219291992187,1489.2303443145752,369,0.001224538558031181
956,Nominal,overly_thick,0.700735569,583.525318,242.418600,17308.54022277832,22462.361322631838,2641.5737450790407,114,0.0003783127252454055
957,Nominal,overly_thick,0.647309303,560.839440,219.732722,17320.208569335937,24756.228489379886,2635.2276855850223,106,0.0003517644638246753
960,Nominal,overly_thick,0.807588100,626.437255,285.330537,18449.643178405764,21309.59533874512,2645.6969774627687,127,0.00042145365005409206
961,Nominal,overly_thick,0.806039512,625.836356,284.729637,20743.517436218262,21297.93231048584,2647.5978259277344,127,0.00042145365005409206
965,Nominal,overly_thick,0.730545878,595.808054,254.701336,18461.31329772949,23603.462505493164,2639.351139564514,129,0.00042809071540927463
968,Nominal,overly_thick,0.776616335,614.307593,273.200874,20755.187555541994,23591.797704467775,2641.2519880294803,134,0.000444683378797231
971,Nominal,overly_thick,0.700348437,583.364107,242.257389,19602.41448059082,22450.696521606445,2643.474371948242,129,0.00042809071540927463
975,Nominal,overly_thick,0.694541216,580.940473,239.833755,19614.084599914553,24744.563688354494,2637.128534049988,112,0.00037167565989022294
976,Nominal,overly_thick,1.000000000,697.080000,355.973282,23044.161887817383,22430.024295959473,1499.3781007385255,386,0.0012809536135502326
977,Nominal,overly_thick,1.000000000,697.080000,355.973282,25338.036145629885,22418.359494934084,1501.2789492034913,368,0.0012212200253535897
978,Nominal,overly_thick,1.000000000,697.080000,355.973282,25349.704492187502,24712.22666168213,1494.9328897094726,389,0.0012909092115830066
979,Nominal,overly_thick,1.000000000,697.080000,355.973282,23055.830234375,24723.889689941407,1493.032041244507,393,0.0013041833422933716
980,Nominal,overly_thick,0.752613246,604.739799,263.633081,21896.28873840332,22439.033493347168,2645.375442008972,136,0.0004513204441524136
981,Nominal,overly_thick,0.675958216,573.116020,232.009302,21907.95885772705,24732.898887329102,2639.029382514954,112,0.00037167565989022294
984,Nominal,overly_thick,0.696864128,581.911148,240.804430,23037.391694030764,21286.269282226564,2649.4986743927,158,0.0005243281630594217
985,Nominal,overly_thick,0.864498615,648.133954,307.027236,25331.265951843263,21274.60448120117,2651.3995228576664,159,0.0005276466957370129
989,Nominal,overly_thick,0.729771554,595.492215,254.385497,23049.061813354492,23580.134676208498,2643.152836494446,129,0.00042809071540927463
992,Nominal,overly_thick,0.783197820,616.905096,275.798377,25342.936071166994,23568.47164794922,2645.053684959412,136,0.0004513204441524136
995,Nominal,overly_thick,0.727835834,594.701918,253.595200,24190.162996215822,22427.370465087894,2647.276068878174,150,0.0004977799016386914
999,Nominal,overly_thick,0.708091378,586.580033,245.473315,24201.833115539554,24721.235859069824,2640.9302309799195,122,0.0004048609866661357
1000,Nominal,overly_thick,1.000000000,697.080000,355.973282,27631.910403442384,22406.694693908692,1503.179686870575,377,0.001251086819451911
1001,Nominal,overly_thick,1.000000000,697.080000,355.973282,29925.784661254886,22395.031665649414,1505.0805353355408,397,0.0013174574730037366
1002,Nominal,overly_thick,1.000000000,697.080000,355.973282,29937.453007812503,24688.89705963135,1498.7345866394044,407,0.0013506427997796494
1003,Nominal,overly_thick,1.000000000,697.080000,355.973282,27643.57875,24700.56186065674,1496.8337381744386,382,0.0012676794828398676
1004,Nominal,overly_thick,0.708478510,586.740361,245.633642,26484.03725402832,22415.7056640625,2649.177138938904,163,0.000540920826447378
1005,Nominal,overly_thick,0.712349951,588.341281,247.234563,26495.709146118166,24709.57283081055,2642.8310794448853,129,0.00042809071540927463
1008,Nominal,overly_thick,0.740611672,599.898670,258.791951,27625.141982421876,21262.939680175783,2653.300371322632,185,0.0006139285453543861
1009,Nominal,overly_thick,0.927603543,671.372923,330.266205,29919.016240234378,21251.27487915039,2655.201219787598,157,0.0005210096303818304
1013,Nominal,overly_thick,0.902438998,662.203619,321.096901,27636.810328979493,23556.806846923828,2646.9545334243776,137,0.00045463897683000484
1016,Nominal,overly_thick,0.660085201,566.347021,225.240303,29930.684586791995,23545.14204589844,2648.8553818893433,171,0.0005674690878681082
1019,Nominal,overly_thick,0.692605495,580.130353,239.023635,28777.913284606937,22404.04086303711,2651.0777658081056,153,0.0005077354996714653
1023,Nominal,overly_thick,0.629500568,553.070744,211.964025,28789.583403930665,24697.908029785158,2644.731927909851,128,0.0004247721827316834
1024,Nominal,overly_thick,1.000000000,697.080000,355.973282,32219.658919067384,22383.366864624026,1506.9813838005066,398,0.0013207760056813279
1025,Nominal,overly_thick,1.000000000,697.080000,355.973282,34513.533176879886,22371.702063598634,1508.8822322654726,382,0.0012676794828398676
1026,Nominal,overly_thick,1.000000000,697.080000,355.973282,34525.2015234375,24665.569230346682,1502.536283569336,398,0.0013207760056813279
1027,Nominal,overly_thick,1.000000000,697.080000,355.973282,32231.327265625,24677.23403137207,1500.6354351043701,411,0.0013639169304900146
1028,Nominal,overly_thick,0.704607069,585.135060,244.028341,31071.78931518555,22392.37606201172,2652.9788358688356,146,0.0004845057709283263
1029,Nominal,overly_thick,0.644986451,559.832257,218.725538,31083.457661743167,24686.243228759766,2646.6327763748172,132,0.00043804631344204845
1032,Nominal,overly_thick,0.677893937,573.936040,232.829322,32212.890498046876,21239.610078125002,2657.1020682525636,199,0.0006603880028406639
1033,Nominal,overly_thick,0.857142866,645.370678,304.263960,34506.764755859374,21227.947049865725,2659.0029167175294,170,0.000564150555190517
1037,Nominal,overly_thick,0.823073924,632.414828,291.308109,32224.56239013672,23533.477244873047,2650.756230354309,135,0.0004480019114748223
1040,Nominal,overly_thick,0.620209038,548.973863,207.867145,34518.436647949224,23521.81244384766,2652.656857223511,189,0.0006272026760647513
1043,Nominal,overly_thick,0.715834320,589.778424,248.671706,33365.66357299805,22380.71126098633,2654.879462738037,157,0.0005210096303818304
1047,Nominal,overly_thick,0.620983362,549.316450,208.209732,33377.33191955567,24674.578427734377,2648.533624839783,141,0.0004679131075403699
1048,Nominal,overly_thick,1.000000000,697.080000,355.973282,36807.40743469239,22360.039035339356,1510.7830807304383,396,0.0013141389403261454
1049,Nominal,overly_thick,1.000000000,697.080000,355.973282,39101.28523803711,22348.374234313967,1512.683929195404,396,0.0013141389403261454
1050,Nominal,overly_thick,1.000000000,697.080000,355.973282,39112.9500390625,24642.2396282959,1506.3379804992676,382,0.0012676794828398676
1051,Nominal,overly_thick,1.000000000,697.080000,355.973282,36819.07578125,24653.90442932129,1504.4371320343018,394,0.0013075018749709628
1053,Nominal,overly_thick,0.632984877,554.599265,213.492546,35671.20617736816,24662.913626708985,2650.4342517089844,152,0.000504416966993874
1057,Nominal,overly_thick,0.684862554,576.878473,235.771755,39094.51327148438,21204.619220581055,2662.804613647461,121,0.0004015424539885444
1059,Nominal,overly_thin,0.070073560,184.526912,-156.579807,39092.648321533205,21210.97458709717,4956.70014465332,48,0.00015928956852438126
1060,Nominal,overly_thin,0.080139376,197.335673,-143.771045,36810.438864746095,23516.504782104494,4948.453236694336,38,0.0001261042417484685
1061,Nominal,overly_thick,0.799845159,623.426965,282.320247,36812.31090576172,23510.14941558838,2654.5577056884767,139,0.0004612760421851874
1069,Nominal,overly_thin,0.080139376,197.335673,-143.771045,37951.54359313965,22363.738798217775,4952.576690673828,27,8.960038229496445e-05
1072,Nominal,overly_thick,1.000000000,697.080000,355.973282,41395.15949584961,22336.709433288575,1514.58477766037,386,0.0012809536135502326
1073,Nominal,overly_thick,0.999612868,696.945056,355.838338,43689.033753662115,22325.046405029298,1516.4856261253358,366,0.001214582959998407
1074,Nominal,overly_thick,1.000000000,697.080000,355.973282,43700.6985546875,24618.91179901123,1510.1395666313172,381,0.0012643609501622763
1075,Nominal,overly_thick,1.000000000,697.080000,355.973282,41406.824296875006,24630.57482727051,1508.2388289642336,383,0.0012709980155174588
1078,Nominal,overly_thin,0.066202089,179.357057,-161.749661,40257.086197509765,24645.94116394043,4948.131479644776,22,7.300771890700808e-05
1080,Missing_Unintentional,overly_thin,0.010065814,69.937014,-271.169705,44835.03486206055,22322.390801391604,2664.3837050628663,24,7.964478426219063e-05
1082,Nominal,overly_thin,0.057297714,166.859628,-174.247091,44833.16636657715,22328.74794067383,4958.278792877198,25,8.296331693978191e-05
1083,Missing_Unintentional,overly_thin,0.010840109,72.577071,-268.529647,44844.83471313477,24622.61333465576,4951.933176574707,24,7.964478426219063e-05
1087,Missing_Unintentional,overly_thin,0.014324429,83.429814,-257.676904,43680.39683715821,21187.6467578125,4960.501841583252,32,0.00010619304568292084
1088,Nominal,overly_thin,0.018583043,95.025690,-246.081028,41398.1873803711,23493.175180053713,4952.254933624268,26,8.628184961737318e-05
1089,Nominal,overly_thick,0.672861040,571.801531,230.694812,41400.05942138672,23486.82158630371,2658.3594026184082,88,0.0002920308756280323
1091,Nominal,overly_thin,0.082462251,200.175175,-140.931544,41393.28745483399,22343.064799804688,3808.4799762725834,19,6.305212087423425e-05
1093,Nominal,overly_thin,0.045296166,148.358811,-192.747907,43698.833604736334,24625.267165527344,3804.035208435059,21,6.96891862294168e-05
1097,Nominal,overly_thin,0.056136277,165.159829,-175.946889,42539.292108764654,22340.410968933105,4956.37838760376,25,8.296331693978191e-05
1100,Nominal,overly_thick,0.928764999,671.793106,330.686388,4716.503632049561,27111.06994659424,1471.479304828644,295,0.0009789671398894265
1101,Nominal,overly_thick,1.000000000,697.080000,355.973282,7010.378333053589,27099.406918334964,1473.3801532936097,345,0.0011448937737689902
1102,Nominal,overly_thick,1.000000000,697.080000,355.973282,7022.048009185792,29393.27408508301,1467.0340937995911,305,0.0010121524666653393
1103,Nominal,overly_thick,0.987611294,692.748583,351.641865,4728.173308181763,29404.935340576172,1465.1333561325075,289,0.0009590559438238789
1116,Nominal,overly_thick,0.638017833,556.799750,215.693032,7015.278701782227,28249.517298583985,2617.154778251648,23,7.632625158459936e-05
1124,Nominal,overly_thick,1.000000000,697.080000,355.973282,9304.253034057618,27087.74211730957,1475.2810017585755,362,0.001201308829288042
1125,Nominal,overly_thick,1.000000000,697.080000,355.973282,11598.127291870118,27076.07731628418,1477.1817394256593,380,0.001261042417484685
1126,Nominal,overly_thick,1.000000000,697.080000,355.973282,11609.797411193847,29369.944483032228,1470.8357907295228,386,0.0012809536135502326
1127,Nominal,overly_thick,1.000000000,697.080000,355.973282,9315.923153381349,29381.60928405762,1468.9349422645569,383,0.0012709980155174588
1132,Nominal,overly_thick,0.770809114,612.006512,270.899793,9297.483726654053,25943.98533081055,2625.4016862106323,31,0.00010287451300532956
1140,Nominal,overly_thick,0.718157172,590.734552,249.627834,11603.028103790284,28226.187696533205,2620.9564751815797,53,0.00017588223191233765
1148,Nominal,overly_thick,1.000000000,697.080000,355.973282,13892.002436065675,27064.41251525879,1479.082587890625,383,0.0012709980155174588
1149,Nominal,overly_thick,1.000000000,697.080000,355.973282,16185.875807495118,27052.7477142334,1480.9834363555908,393,0.0013041833422933716
1150,Nominal,overly_thick,1.000000000,697.080000,355.973282,16197.545926818848,29346.614880981448,1474.6374876594543,395,0.001310820407648554
1151,Nominal,overly_thick,1.000000000,697.080000,355.973282,13903.671669006348,29358.279682006836,1472.7366391944886,382,0.0012676794828398676
1156,Nominal,overly_thick,0.747967482,602.870428,261.763709,13885.23312866211,25920.659274291993,2629.2033831405643,83,0.0002754382122400759
1157,Nominal,overly_thick,0.690282643,579.156719,238.050001,16179.10738647461,25908.994473266604,2631.10423160553,107,0.00035508299650226655
1161,Nominal,overly_thick,0.627177715,552.049387,210.942669,13896.903247985842,28214.522895507813,2622.8573236465454,70,0.00023229728743138933
1164,Nominal,overly_thick,0.730158746,595.650168,254.543449,16190.77750579834,28202.859867248535,2624.758172111511,69,0.00022897875475379805
1172,Nominal,overly_thick,1.000000000,697.080000,355.973282,18479.750065307617,27041.08468597412,1482.8842848205568,376,0.0012477682867743198
1173,Nominal,overly_thick,1.000000000,697.080000,355.973282,20773.62432312012,27029.421657714844,1484.7851332855225,389,0.0012909092115830066
1174,Nominal,overly_thick,1.000000000,697.080000,355.973282,20785.29621520996,29323.288824462892,1478.439184589386,376,0.0012477682867743198
1175,Nominal,overly_thick,1.000000000,697.080000,355.973282,18491.420184631348,29334.950079956056,1476.5383361244203,386,0.0012809536135502326
1176,Nominal,overly_thick,0.637630641,556.630773,215.524054,17331.880461425782,27050.09565612793,2628.8816260910035,90,0.00029866794098321487
1181,Nominal,overly_thick,0.757646143,606.758447,265.651729,20766.85590209961,25885.66487121582,2634.9059285354615,93,0.0003086235390159887
1185,Nominal,overly_thick,0.728610158,595.018177,253.911459,18484.65176361084,28191.19683898926,2626.6590205764774,78,0.0002588455488521195
1188,Nominal,overly_thick,0.727835834,594.701918,253.595200,20778.526021423342,28179.53203796387,2628.559869041443,85,0.0002820752775952585
1191,Nominal,overly_thick,0.642663598,558.823258,217.716540,19625.75471923828,27038.430855102542,2630.782474555969,85,0.0002820752775952585
1196,Nominal,overly_thick,1.000000000,697.080000,355.973282,23067.498580932617,27017.756856689455,1486.6859817504883,397,0.0013174574730037366
1197,Nominal,overly_thick,1.000000000,697.080000,355.973282,25361.374611511234,27006.092055664063,1488.5868302154543,392,0.0013008648096157803
1198,Nominal,overly_thick,1.000000000,697.080000,355.973282,25373.04473083496,29299.95922241211,1482.2407707214356,396,0.0013141389403261454
1199,Nominal,overly_thick,1.000000000,697.080000,355.973282,23079.170473022463,29311.6240234375,1480.33992225647,383,0.0012709980155174588
1200,Nominal,overly_thick,0.650406480,562.179561,221.072843,21919.628977050783,27026.76605407715,2632.6833230209354,85,0.0002820752775952585
1201,Nominal,overly_thick,0.626790583,551.878981,210.772263,21931.2973236084,29320.6332208252,2626.3372635269166,89,0.00029534940830562356
1204,Nominal,overly_thick,0.759581864,607.533060,266.426342,23060.73015991211,25874.000070190432,2636.8067770004272,110,0.0003650385945350404
1205,Nominal,overly_thick,0.814169586,628.984669,287.877951,25354.60441772461,25862.337041931154,2638.7076254653934,118,0.0003915868559557706
1209,Nominal,overly_thick,0.739450276,599.428117,258.321399,23072.40027923584,28167.867236938477,2630.460717506409,114,0.0003783127252454055
1212,Nominal,overly_thick,0.615950465,547.085893,205.979175,25366.274537048343,28156.20243591309,2632.3615659713746,94,0.00031194207169357995
1215,Nominal,overly_thick,0.684475422,576.715404,235.608686,24213.50323486328,27015.10125305176,2634.584171485901,88,0.0002920308756280323
1220,Nominal,overly_thick,1.000000000,697.080000,355.973282,27655.248869323732,26994.427254638675,1490.48767868042,382,0.0012676794828398676
1221,Nominal,overly_thick,1.000000000,697.080000,355.973282,29949.124899902345,26982.762453613283,1492.3885271453858,381,0.0012643609501622763
1222,Nominal,overly_thick,1.000000000,697.080000,355.973282,29960.79324645996,29276.62962036133,1486.0424676513674,382,0.0012676794828398676
1223,Nominal,overly_thick,1.000000000,697.080000,355.973282,27666.918988647463,29288.29442138672,1484.1416191864014,371,0.0012311756233863635
1224,Nominal,overly_thick,0.660859466,566.679080,225.572361,26507.377492675783,27003.43822479248,2636.485019950867,103,0.0003418088657919015
1225,Nominal,overly_thick,0.658536613,565.682294,224.575576,26519.0458392334,29297.303618774415,2630.1389604568485,79,0.00026216408152971083
1228,Nominal,overly_thick,0.670150995,570.648863,229.542144,27648.480448303224,25850.674013671876,2640.608473930359,163,0.000540920826447378
1229,Nominal,overly_thick,0.864885807,648.279081,307.172363,29942.35293334961,25839.009212646484,2642.509322395325,113,0.0003749941925678142
1233,Nominal,overly_thick,0.819202483,630.925750,289.819031,27660.14879486084,28144.537634887696,2634.2624144363404,107,0.00035508299650226655
1239,Nominal,overly_thick,0.645760715,560.168177,219.061459,28801.25175048828,26991.773423767092,2638.3858684158326,120,0.00039822392131095316
1244,Nominal,overly_thick,1.000000000,697.080000,355.973282,32242.999157714847,26971.099425354005,1494.2893756103517,383,0.0012709980155174588
1245,Nominal,overly_thick,1.000000000,697.080000,355.973282,34536.87341552735,26959.436397094727,1496.1902240753175,383,0.0012709980155174588
1246,Nominal,overly_thick,1.000000000,697.080000,355.973282,34548.54176208496,29253.303563842775,1489.8441645812989,389,0.0012909092115830066
1247,Nominal,overly_thick,1.000000000,697.080000,355.973282,32254.667504272464,29264.96481933594,1487.943316116333,388,0.001287590678905415
1253,Nominal,overly_thick,0.807588100,626.437255,285.330537,34530.10144897461,25815.679610595704,2646.3110193252564,113,0.0003749941925678142
1257,Nominal,overly_thick,0.839721262,638.778364,297.671645,32247.899083251956,28121.21157836914,2638.0641113662723,106,0.0003517644638246753
1263,Nominal,overly_thick,0.666279495,568.998140,227.891421,33389.00026611328,26968.445594482422,2642.187565345764,130,0.0004314092480868659
1268,Nominal,overly_thick,1.000000000,697.080000,355.973282,36830.74767333984,26947.77159606934,1498.0910725402832,373,0.001237812688741546
1269,Nominal,overly_thick,1.000000000,697.080000,355.973282,39124.621931152345,26936.106795043946,1499.9919210052492,385,0.0012776350808726413
1270,Nominal,overly_thick,1.000000000,697.080000,355.973282,39136.290277709966,29229.973961791995,1493.6458615112306,388,0.001287590678905415
1271,Nominal,overly_thick,1.000000000,697.080000,355.973282,36842.416019897464,29241.638762817383,1491.7450130462648,393,0.0013041833422933716
1277,Nominal,overly_thick,0.762291908,608.615877,267.509158,39117.84996459961,25792.350008544923,2650.112716255188,108,0.0003584015291798578
1279,Nominal,overly_thin,0.051490515,158.178059,-182.928659,39115.98501464844,25798.70714782715,4944.008025665284,40,0.00013274130710365104
1280,Nominal,overly_thin,0.089818038,208.912490,-132.194229,36833.77555786133,28104.239115600587,4935.761117706299,35,0.00011614864371569467
1281,Nominal,overly_thick,0.753387511,605.050788,263.944070,36835.64759887695,28097.88197631836,2641.865808296204,107,0.00035508299650226655
1292,Nominal,overly_thick,1.000000000,697.080000,355.973282,41418.49618896485,26924.441994018558,1501.892769470215,403,0.0013373686690692844
1293,Nominal,overly_thick,1.000000000,697.080000,355.973282,43712.37044677735,26912.777192993166,1503.7936179351807,376,0.0012477682867743198
1294,Nominal,overly_thick,1.000000000,697.080000,355.973282,43724.04233886719,29206.644359741214,1497.4475584411623,383,0.0012709980155174588
1295,Nominal,overly_thick,1.000000000,697.080000,355.973282,41430.16808105469,29218.309160766603,1495.5467099761963,406,0.0013473242671020581
1298,Missing_Unintentional,overly_thin,0.036391791,132.979390,-208.127328,40280.42643615723,29233.675497436525,4935.439360656738,23,7.632625158459936e-05
1300,Missing_Unintentional,overly_thin,0.007355788,59.785686,-281.321032,44858.371555175785,26910.125134887698,2651.6918076705933,22,7.300771890700808e-05
1303,Missing_Unintentional,overly_thin,0.006581495,56.551599,-284.555120,44868.17495178223,29210.345895385744,4939.241057586671,26,8.628184961737318e-05
1307,Missing_Unintentional,overly_thin,0.032520324,125.707171,-215.399547,43703.73353027344,25775.37754577637,4947.809722595215,32,0.00010619304568292084
1308,Missing_Unintentional,overly_thin,0.016647309,89.940365,-251.166354,41421.53116455078,28080.909513549806,4939.5628146362305,50,0.00016592663387956383
1310,Expected_Missing_But_Material_Present,overly_thin,0.069299266,183.504593,-157.602125,41428.296040039066,29224.66630004883,3789.442240982056,4,1.3274130710365105e-05
1311,Nominal,overly_thin,0.082462251,200.175175,-140.931544,41416.627693481445,26930.79913330078,3795.7883004760743,20,6.637065355182552e-05
1313,Nominal,overly_thin,0.049554780,155.176302,-185.930416,43722.17029785157,29213.001499023438,3791.3430894470216,23,7.632625158459936e-05
1317,Nominal,overly_thin,0.066589236,179.880729,-161.225989,42562.63234741211,26928.143529663088,4943.686268615723,19,6.305212087423425e-05
1320,Nominal,overly_thick,0.922957778,669.689577,328.582859,4739.842984313965,31698.80250732422,1458.787296638489,284,0.0009424632804359225
1321,Nominal,overly_thick,1.000000000,697.080000,355.973282,7033.717242126465,31687.13770629883,1460.6881451034546,309,0.0010254265973757043
1322,Nominal,overly_thick,1.000000000,697.080000,355.973282,7045.386475067139,33981.00487304688,1454.342085609436,313,0.0010387007280860696
1323,Nominal,overly_thick,0.993031383,694.646912,353.540194,4751.512217254639,33992.66967407227,1452.4412371444703,291,0.0009656930091790614
1324,Nominal,overly_thin,0.068912119,182.991292,-158.115426,3591.9711644744875,31707.81525024414,2604.7846379089356,18,5.9733588196642975e-05
1344,Nominal,overly_thick,1.000000000,697.080000,355.973282,9327.591499938966,31675.476450805665,1462.5889935684204,365,0.0012112644273208158
1345,Nominal,overly_thick,1.000000000,697.080000,355.973282,11621.465757751466,31663.811649780277,1464.4898420333864,367,0.0012179014926759985
1346,Nominal,overly_thick,1.000000000,697.080000,355.973282,11633.135877075196,33957.67527099609,1458.1437825393677,380,0.001261042417484685
1347,Nominal,overly_thick,1.000000000,697.080000,355.973282,9339.261619262696,33969.340072021485,1456.242934074402,326,0.001081841652894756
1352,Nominal,overly_thick,0.714285731,589.140135,248.033417,9320.823078918458,30531.71966430664,2612.7095672225955,33,0.00010951157836051211
1360,Nominal,overly_thick,0.663182318,567.674115,226.567397,11626.36656967163,32813.9220300293,2608.2645777893067,26,8.628184961737318e-05
1368,Nominal,overly_thick,1.000000000,697.080000,355.973282,13915.340901947022,31652.146848754885,1466.3906904983521,381,0.0012643609501622763
1369,Nominal,overly_thick,1.000000000,697.080000,355.973282,16209.21604614258,31640.482047729492,1468.2915389633179,389,0.0012909092115830066
1370,Nominal,overly_thick,1.000000000,697.080000,355.973282,16220.884392700196,33934.349214477545,1461.9454794692995,362,0.001201308829288042
1371,Nominal,overly_thick,1.000000000,697.080000,355.973282,13927.010134887696,33946.01046997071,1460.0446310043335,360,0.0011946717639328595
1376,Nominal,overly_thick,0.711575687,588.021456,246.914737,13908.571594543459,30508.39006225586,2616.511264152527,49,0.00016260810120197254
1384,Nominal,overly_thick,0.703058481,584.491700,243.384982,16214.115971679688,32790.59242797852,2612.066274719238,56,0.00018583782994511147
1392,Nominal,overly_thick,1.000000000,697.080000,355.973282,18503.09030395508,31628.817246704104,1470.1922766304017,380,0.001261042417484685
1393,Nominal,overly_thick,1.000000000,697.080000,355.973282,20796.964561767578,31617.15599121094,1472.0931250953674,384,0.00127431654819505
1394,Nominal,overly_thick,1.000000000,697.080000,355.973282,20808.632908325195,33911.01961242676,1465.747176399231,371,0.0012311756233863635
1395,Nominal,overly_thick,1.000000000,697.080000,355.973282,18514.758650512696,33922.68441345215,1463.8463279342652,362,0.001201308829288042
1400,Nominal,overly_thick,0.678281069,574.099899,232.993181,18496.320110168457,30485.06046020508,2620.3129610824585,60,0.00019911196065547658
1401,Nominal,overly_thick,0.672473848,571.636988,230.530270,20790.19614074707,30473.399204711917,2622.2138095474243,89,0.00029534940830562356
1405,Nominal,overly_thick,0.650793672,562.346871,221.240153,18507.99022949219,32778.927626953126,2613.96690158844,59,0.0001957934279778853
1408,Nominal,overly_thick,0.667053819,569.328677,228.221959,20801.864487304687,32767.262825927737,2615.867750053406,47,0.00015597103584678997
1411,Nominal,overly_thick,0.617111862,547.601425,206.494707,19649.09141235352,31626.161643066407,2618.0903555679324,52,0.00017256369923474637
1416,Nominal,overly_thick,1.000000000,697.080000,355.973282,23090.83881958008,31605.49119018555,1473.9939735603334,374,0.0012411312214191373
1417,Nominal,overly_thick,1.000000000,697.080000,355.973282,25384.71307739258,31593.826389160156,1475.8948220252992,382,0.0012676794828398676
1418,Nominal,overly_thick,1.000000000,697.080000,355.973282,25396.381423950195,33887.693555908205,1469.5488733291627,388,0.001287590678905415
1419,Nominal,overly_thick,1.000000000,697.080000,355.973282,23102.507166137697,33899.3583569336,1467.648024864197,367,0.0012179014926759985
1425,Nominal,overly_thick,0.723577261,592.959563,251.852845,25377.94465637207,30450.069602661133,2626.015506477356,79,0.00026216408152971083
1429,Nominal,overly_thick,0.706155658,585.777713,244.670995,23095.73874511719,32755.601570434574,2617.7685985183716,48,0.00015928956852438126
1432,Nominal,overly_thick,0.615176141,546.741908,205.635190,25389.613002929687,32743.93676940918,2619.6694469833374,98,0.0003252162024039451
1440,Nominal,overly_thick,1.000000000,697.080000,355.973282,27678.58733520508,31582.161588134768,1477.795670490265,381,0.0012643609501622763
1441,Nominal,overly_thick,1.000000000,697.080000,355.973282,29972.46159301758,31570.496787109376,1479.6965189552309,380,0.001261042417484685
1442,Nominal,overly_thick,1.000000000,697.080000,355.973282,29984.133485107424,33864.36395385742,1473.3504594612123,382,0.0012676794828398676
1443,Nominal,overly_thick,1.000000000,697.080000,355.973282,27690.25745452881,33876.02875488281,1471.4497217941284,385,0.0012776350808726413
1449,Nominal,overly_thick,0.792489350,620.553658,279.446939,29965.69317199707,30426.74354614258,2629.8172034072877,79,0.00026216408152971083
1453,Nominal,overly_thick,0.689895451,578.994267,237.887548,27683.48726074219,32732.27196838379,2621.5702954483036,67,0.0002223416893986155
1459,Nominal,overly_thick,0.638017833,556.799750,215.693032,28824.591989135744,31579.5095300293,2625.6937494277954,67,0.0002223416893986155
1464,Nominal,overly_thick,1.000000000,697.080000,355.973282,32266.33585083008,31558.831986083987,1481.5973674201966,384,0.00127431654819505
1465,Nominal,overly_thick,1.000000000,697.080000,355.973282,34560.21010864258,31547.167185058595,1483.4982158851624,395,0.001310820407648554
1466,Nominal,overly_thick,1.000000000,697.080000,355.973282,34571.882000732425,33841.034351806644,1477.152156391144,389,0.0012909092115830066
1467,Nominal,overly_thick,1.000000000,697.080000,355.973282,32278.007742919923,33852.699152832036,1475.251307926178,384,0.00127431654819505
1473,Nominal,overly_thick,0.766937673,610.467655,269.360937,34553.4452331543,30403.413944091797,2633.618900337219,85,0.0002820752775952585
1475,Nominal,overly_thin,0.051490515,158.178059,-182.928659,34551.573192138676,30409.7675378418,4927.514209747314,29,9.6237447650147e-05
1477,Nominal,overly_thick,0.763066173,608.924886,267.818167,32271.23577636719,32708.945911865238,2625.371992378235,66,0.00021902315672102423
1478,Nominal,overly_thin,0.080139376,197.335673,-143.771045,32276.1357019043,33859.05629211426,3769.1467281341556,13,4.314092480868659e-05
1481,Nominal,overly_thin,0.084785134,202.974966,-138.131752,34570.0099597168,33847.39149108887,3771.0475765991214,37,0.00012278570907087722
1488,Nominal,overly_thick,1.000000000,697.080000,355.973282,36854.08436645508,31535.502384033203,1485.3990643501284,396,0.0013141389403261454
1489,Nominal,overly_thick,1.000000000,697.080000,355.973282,39147.95862426758,31523.837583007815,1487.299802017212,385,0.0012776350808726413
1490,Nominal,overly_thick,1.000000000,697.080000,355.973282,39159.63051635742,33817.70474975586,1480.9538533210755,357,0.0011847161659000857
1491,Nominal,overly_thick,1.000000000,697.080000,355.973282,36865.75625854493,33829.36955078125,1479.0530048561097,381,0.0012643609501622763
1497,Nominal,overly_thick,0.735578775,597.856861,256.750142,39141.1937487793,30380.084342041016,2637.420597267151,76,0.000252208483496937
1499,Nominal,overly_thin,0.083236545,201.112769,-139.993949,39139.32170776367,30386.43793579102,4931.315906677246,39,0.00012942277442605976
1501,Nominal,overly_thick,0.710027099,587.381257,246.274539,36858.98429199219,32685.616309814453,2629.1736893081666,68,0.0002256602220762068
1505,Nominal,overly_thin,0.081300810,198.760490,-142.346228,39157.7584753418,33824.06188903809,3774.849273529053,33,0.00010951157836051211
1512,Nominal,overly_thick,1.000000000,697.080000,355.973282,41441.83288208008,31512.17632751465,1489.200650482178,387,0.0012842721462278238
1513,Nominal,overly_thick,1.000000000,697.080000,355.973282,43735.707139892584,31500.51152648926,1491.1014989471437,357,0.0011847161659000857
1514,Nominal,overly_thick,0.999225736,696.810086,355.703367,43747.379031982426,33794.378693237304,1484.7555502510072,364,0.0012079458946432245
1515,Nominal,overly_thick,1.000000000,697.080000,355.973282,41453.50477416992,33806.03994873047,1482.8547017860415,379,0.0012577238848070938
1518,Nominal,overly_thin,0.073557876,189.058938,-152.047781,40303.76312927246,33821.40628540039,4922.7472416687015,20,6.637065355182552e-05
1520,Missing_Unintentional,overly_thin,0.021293070,101.718926,-239.387792,44881.71179382325,31497.855922851566,2638.999688682556,19,6.305212087423425e-05
1523,Missing_Unintentional,overly_thin,0.007355788,59.785686,-281.321032,44891.51519042969,33798.08022888184,4926.548938598633,17,5.64150555190517e-05
1527,Nominal,overly_thin,0.042198993,143.196917,-197.909801,43727.07022338868,30363.111879272463,4935.117603607178,49,0.00016260810120197254
1528,Nominal,overly_thin,0.050329074,156.383919,-184.722799,41444.86785766602,32668.640301513675,4926.870695648194,44,0.00014601543781401615
1529,Nominal,overly_thick,0.638017833,556.799750,215.693032,41446.73280761719,32662.286707763673,2632.9753862380985,56,0.00018583782994511147
1531,Nominal,overly_thin,0.075493611,191.530403,-149.576315,41439.96793212891,31518.53346679688,3783.0961814880375,21,6.96891862294168e-05
1533,Nominal,overly_thin,0.050329074,156.383919,-184.722799,43745.51053649902,33800.73583251953,3778.6509704589844,17,5.64150555190517e-05
1537,Missing_Unintentional,overly_thin,0.042973287,144.504680,-196.602039,42585.96904052734,31515.87786315918,4930.994149627686,36,0.00011946717639328595
1540,Nominal,overly_thick,0.995741367,695.594113,354.487394,4763.181450195313,36286.536840820314,1446.0951776504517,315,0.001045337793441252
1541,Nominal,overly_thick,1.000000000,697.080000,355.973282,7057.056151199341,36274.87203979492,1447.9960261154176,386,0.0012809536135502326
1542,Nominal,overly_thick,1.000000000,697.080000,355.973282,7068.725384140015,38568.739206542974,1441.6500774192812,361,0.0011979902966104507
1543,Nominal,overly_thick,1.000000000,697.080000,355.973282,4774.851126327515,38580.40400756836,1439.7492289543152,301,0.000998878335954974
1544,Nominal,overly_thin,0.056136277,165.159829,-175.946889,3615.3100735473636,36295.54603820801,2592.092518920899,23,7.632625158459936e-05
1546,Nominal,overly_thin,0.085172281,203.437852,-137.668867,3625.111032600403,38595.770344238284,4879.641547241211,8,2.654826142073021e-05
1564,Nominal,overly_thick,1.000000000,697.080000,355.973282,9350.93085220337,36263.20723876953,1449.8968745803834,376,0.0012477682867743198
1565,Nominal,overly_thick,1.000000000,697.080000,355.973282,11644.805996398927,36251.542437744145,1451.7977230453491,356,0.0011813976332224942
1566,Nominal,overly_thick,1.000000000,697.080000,355.973282,11656.474342956544,38545.40960449219,1445.4517743492127,367,0.0012179014926759985
1567,Nominal,overly_thick,1.000000000,697.080000,355.973282,9362.600085144044,38557.07440551758,1443.550925884247,355,0.001178079100544903
1572,Nominal,overly_thick,0.648083627,561.174783,220.068065,9344.161544799805,35119.45399780274,2600.0176698303226,21,6.96891862294168e-05
1580,Nominal,overly_thick,0.652342260,563.015536,221.908818,11649.705921936036,37401.65636352539,2595.5724588012695,16,5.309652284146042e-05
1588,Nominal,overly_thick,1.000000000,697.080000,355.973282,13938.680254211427,36239.87763671875,1453.698571510315,343,0.0011382567084138077
1589,Nominal,overly_thick,1.000000000,697.080000,355.973282,16232.554512023928,36228.21283569336,1455.5994199752809,327,0.0010851601855723474
1590,Nominal,overly_thick,1.000000000,697.080000,355.973282,16244.224631347657,38522.080002441406,1449.2533604812622,383,0.0012709980155174588
1591,Nominal,overly_thick,1.000000000,697.080000,355.973282,13950.348600769044,38533.7448034668,1447.3525120162965,387,0.0012842721462278238
1612,Nominal,overly_thick,1.000000000,697.080000,355.973282,18526.428769836428,36216.5515802002,1457.5002684402466,360,0.0011946717639328595
1613,Nominal,overly_thick,1.000000000,697.080000,355.973282,20820.303027648926,36204.886779174805,1459.4011169052126,366,0.001214582959998407
1614,Nominal,overly_thick,1.000000000,697.080000,355.973282,20831.973146972658,38498.75394592286,1453.055057411194,329,0.0010917972509275299
1615,Nominal,overly_thick,1.000000000,697.080000,355.973282,18538.098889160156,38510.41520141602,1451.1542089462282,361,0.0011979902966104507
1620,Nominal,overly_thick,0.613627553,546.053316,204.946597,18519.66034881592,35072.79479370117,2607.6210636901856,34,0.0001128301110381034
1636,Nominal,overly_thick,1.000000000,697.080000,355.973282,23114.17905822754,36193.22197814941,1461.3019653701783,349,0.0011581679044793554
1637,Nominal,overly_thick,1.000000000,697.080000,355.973282,25408.05331604004,36181.55717712403,1463.202813835144,378,0.0012544053521295025
1638,Nominal,overly_thick,1.000000000,697.080000,355.973282,25419.721662597658,38475.42434387207,1456.8567543411257,309,0.0010254265973757043
1639,Nominal,overly_thick,1.000000000,697.080000,355.973282,23125.847404785156,38487.089144897465,1454.9559058761597,315,0.001045337793441252
1649,Nominal,overly_thick,0.617886186,547.944870,206.838152,23119.078983764648,37343.33235839844,2605.0767011260987,23,7.632625158459936e-05
1660,Nominal,overly_thick,1.000000000,697.080000,355.973282,27701.92757385254,36169.892376098636,1465.10366230011,375,0.0012444497540967285
1661,Nominal,overly_thick,1.000000000,697.080000,355.973282,29995.80183166504,36158.23112060547,1467.0045107650758,364,0.0012079458946432245
1662,Nominal,overly_thick,1.000000000,697.080000,355.973282,30007.47017822266,38452.09474182129,1460.6584512710572,323,0.0010718860548619821
1663,Nominal,overly_thick,1.000000000,697.080000,355.973282,27713.595920410156,38463.75954284668,1458.7576028060914,318,0.0010552933914740258
1666,Missing_Intentional,overly_thin,0.022454510,104.456245,-236.650473,26563.85604827881,38479.12587951661,4898.650031890869,0,0.0
1669,Nominal,overly_thick,0.677893937,573.936040,232.829322,29989.033410644533,35014.474334106446,2617.1250844192505,41,0.00013605983978124233
1684,Nominal,overly_thick,1.000000000,697.080000,355.973282,32289.67608947754,36146.56631958008,1468.9053592300415,362,0.001201308829288042
1685,Nominal,overly_thick,1.000000000,697.080000,355.973282,34583.55034729004,36134.90151855469,1470.8062076950075,367,0.0012179014926759985
1686,Nominal,overly_thick,1.000000000,697.080000,355.973282,34595.21869384766,38428.76868530273,1464.460148200989,343,0.0011382567084138077
1687,Nominal,overly_thick,1.000000000,697.080000,355.973282,32301.344436035157,38440.433486328126,1462.559299736023,354,0.0011747605678673117
1693,Nominal,overly_thick,0.712349951,588.341281,247.234563,34576.781926269534,34991.14827758789,2620.9267813491824,55,0.0001825192972675202
1708,Nominal,overly_thick,1.000000000,697.080000,355.973282,36877.42460510254,36123.2367175293,1472.7070561599733,357,0.0011847161659000857
1709,Nominal,overly_thick,1.000000000,697.080000,355.973282,39171.29886291504,36111.57191650391,1474.607904624939,376,0.0012477682867743198
1710,Nominal,overly_thick,1.000000000,697.080000,355.973282,39182.967209472656,38405.43908325196,1468.2618451309204,362,0.001201308829288042
1711,Nominal,overly_thick,1.000000000,697.080000,355.973282,36889.09295166016,38417.10388427735,1466.3609966659546,371,0.0012311756233863635
1719,Nominal,overly_thin,0.079752229,196.858439,-144.248279,39162.65840087891,34974.17226928711,4918.623787689209,32,0.00010619304568292084
1722,Nominal,overly_thin,0.067750677,181.442677,-159.664042,36887.22800170899,38423.45747802735,3760.25630607605,16,5.309652284146042e-05
1723,Nominal,overly_thin,0.062330622,174.033700,-167.073018,36875.556109619145,36129.59385681152,3766.6023655700687,40,0.00013274130710365104
1725,Nominal,overly_thin,0.066202089,179.357057,-161.749661,39181.10225952149,38411.792677001955,3762.1571545410156,35,0.00011614864371569467
1728,Expected_Missing_But_Material_Present,overly_thin,0.051490515,158.178059,-182.928659,39169.43036743164,36117.92905578613,3768.5032140350345,4,1.3274130710365105e-05
1732,Nominal,overly_thick,1.000000000,697.080000,355.973282,41465.173120727544,36099.90711547852,1476.508753089905,377,0.001251086819451911
1733,Nominal,overly_thick,0.999612868,696.945056,355.838338,43759.05092407227,36088.24231445313,1478.4096015548707,344,0.001141575241091399
1734,Nominal,overly_thick,1.000000000,697.080000,355.973282,43770.71572509766,38382.10948120117,1472.0635420608521,324,0.0010752045875395736
1735,Nominal,overly_thick,1.000000000,697.080000,355.973282,41476.84146728516,38393.774282226565,1470.1626935958864,356,0.0011813976332224942
1738,Nominal,overly_thin,0.085946575,204.360478,-136.746241,40327.103367919924,38409.14061889649,4910.055122680665,22,7.300771890700808e-05
1740,Missing_Unintentional,overly_thin,0.006581495,56.551599,-284.555120,44905.0520324707,36085.590256347656,2626.3075696945193,25,8.296331693978191e-05
1743,Missing_Unintentional,overly_thin,0.003097174,38.794076,-302.312643,44914.85188354492,38385.811016845706,4913.856819610596,23,7.632625158459936e-05
1747,Nominal,overly_thin,0.042586140,143.852284,-197.254434,43750.41400756836,34950.84266723633,4922.425484619141,33,0.00010951157836051211
1748,Nominal,overly_thin,0.054587688,162.865829,-178.240889,41468.20455078125,37256.374635009764,4914.178576660157,38,0.0001261042417484685
1751,Nominal,overly_thin,0.059233449,169.654793,-171.451925,41463.30462524414,36106.26425476075,3770.4040625000002,33,0.00010951157836051211
1753,Missing_Unintentional,overly_thin,0.041811846,142.538536,-198.568182,43768.850775146486,38388.4666204834,3765.9588514709476,28,9.291891497255574e-05
1757,Nominal,overly_thin,0.046844754,150.873549,-190.233170,42609.309279174806,36103.608651123046,4918.302030639648,21,6.96891862294168e-05
1760,Nominal,overly_thick,0.992644191,694.511474,353.404756,4786.520802459717,40874.26762878418,1433.4032802581787,312,0.001035382195408478
1761,Nominal,overly_thick,1.000000000,697.080000,355.973282,7080.395060272217,40862.60637329102,1435.3041287231447,304,0.001008833933987748
1762,Nominal,overly_thick,0.932636440,673.191793,332.085074,7092.064293212891,43156.469994506835,1428.958069229126,253,0.0008395887674305929
1763,Nominal,overly_thick,0.862950087,647.553210,306.446492,4798.190035400391,43168.13479553223,1427.0572207641603,242,0.0008030849079770888
1764,Nominal,overly_thin,0.049554780,155.176302,-185.930416,3638.6489826202396,40883.276826171874,2579.400621528626,1,3.3185326775912764e-06
1765,Nominal,overly_thin,0.071622148,186.554742,-154.551976,3650.3182155609134,43177.143992919926,2573.054562034607,0,0.0
1766,Nominal,overly_thin,0.055749130,164.589326,-176.517392,3648.449720077515,43183.50113220215,4866.949871444703,0,0.0
1772,Missing_Unintentional,overly_thin,0.000000000,0.000000,-341.106718,7096.9651051330575,44306.58037475586,2572.7328049850466,0,0.0
1773,Missing_Unintentional,overly_thin,0.000000000,0.000000,-341.106718,4803.090404129029,44318.24517578125,2570.831956520081,0,0.0
1774,Missing_Unintentional,overly_thin,0.000000000,0.000000,-341.106718,4801.22190864563,44324.60231506348,4864.727265930176,0,0.0
1775,Missing_Unintentional,overly_thin,0.000000000,0.000000,-341.106718,7095.096609649659,44312.941059570316,4866.628114395142,0,0.0
1788,Nominal,overly_thick,1.000000000,697.080000,355.973282,9374.269318084718,40850.94157226563,1437.2048663902283,334,0.0011083899143154862
1789,Nominal,overly_thick,1.000000000,697.080000,355.973282,11668.144462280274,40839.276771240235,1439.1057148551943,317,0.0010519748587964346
1790,Nominal,overly_thick,0.958962440,682.626936,341.520218,11679.81280883789,43133.14393798829,1432.7597661590578,275,0.0009125964863376009
1791,Nominal,overly_thick,0.946186602,678.064519,336.957801,9385.93855102539,43144.80873901367,1430.8589176940918,270,0.0008960038229496446
1800,Missing_Unintentional,overly_thin,0.000000000,0.000000,-341.106718,11684.713620758057,44283.254318237305,2576.534501914978,0,0.0
1801,Missing_Unintentional,overly_thin,0.000000000,0.000000,-341.106718,9390.839362945557,44294.91557373047,2574.6336534500124,0,0.0
1802,Missing_Unintentional,overly_thin,0.000000000,0.000000,-341.106718,9388.970867462158,44301.27625854492,4868.528962860108,0,0.0
1803,Missing_Unintentional,overly_thin,0.000000000,0.000000,-341.106718,11682.845125274658,44289.61145751953,4870.429811325073,0,0.0
1816,Nominal,overly_thick,1.000000000,697.080000,355.973282,13962.018720092774,40827.61197021484,1441.00656332016,346,0.0011482123064465817
1817,Nominal,overly_thick,1.000000000,697.080000,355.973282,16255.892977905274,40815.94716918946,1442.9074117851258,351,0.001164804969834538
1818,Nominal,overly_thick,0.966705382,685.377260,344.270541,16267.561324462891,43109.8143359375,1436.5614630889893,288,0.0009557374111462876
1819,Nominal,overly_thick,0.962833941,684.003491,342.896773,13973.687066650391,43121.479136962895,1434.6606146240235,272,0.0009026408883048272
1828,Missing_Unintentional,overly_thin,0.000000000,0.000000,-341.106718,16272.463022766115,44259.92471618653,2580.3361988449096,0,0.0
1829,Missing_Unintentional,overly_thin,0.000000000,0.000000,-341.106718,13978.588764953614,44271.58951721192,2578.435350379944,0,0.0
1830,Missing_Unintentional,overly_thin,0.000000000,0.000000,-341.106718,13976.720269470215,44277.94665649415,4872.330659790039,0,0.0
1831,Missing_Unintentional,overly_thin,0.000000000,0.000000,-341.106718,16270.594527282716,44266.281855468755,4874.231508255005,0,0.0
1844,Nominal,overly_thick,1.000000000,697.080000,355.973282,18549.767235717776,40804.282368164066,1444.8082602500917,345,0.0011448937737689902
1845,Nominal,overly_thick,1.000000000,697.080000,355.973282,20843.641493530275,40792.61756713867,1446.7091087150575,351,0.001164804969834538
1846,Nominal,overly_thick,0.966705382,685.377260,344.270541,20855.311612854006,43086.48473388672,1440.3630492210389,289,0.0009590559438238789
1847,Nominal,overly_thick,0.968641102,686.063112,344.956394,18561.437355041504,43098.14953491211,1438.4623115539553,289,0.0009590559438238789
1856,Missing_Unintentional,overly_thin,0.000000000,0.000000,-341.106718,20860.211538391115,44236.59865966797,2584.1378957748416,0,0.0
1857,Missing_Unintentional,overly_thin,0.000000000,0.000000,-341.106718,18566.337280578613,44248.263460693364,2582.237047309876,0,0.0
1858,Missing_Unintentional,overly_thin,0.000000000,0.000000,-341.106718,18564.468785095214,44254.61705444336,4876.132356719971,0,0.0
1859,Missing_Unintentional,overly_thin,0.000000000,0.000000,-341.106718,20858.343042907716,44242.95225341797,4878.033205184936,0,0.0
1872,Nominal,overly_thick,1.000000000,697.080000,355.973282,23137.515751342773,40780.95631164551,1448.6099571800232,373,0.001237812688741546
1873,Nominal,overly_thick,1.000000000,697.080000,355.973282,25431.390009155275,40769.29151062012,1450.510694847107,360,0.0011946717639328595
1874,Nominal,overly_thick,0.972125411,687.295927,346.189209,25443.061901245117,43063.15867736817,1444.1647461509706,293,0.0009723300745342439
1875,Nominal,overly_thick,0.966705382,685.377260,344.270541,23149.185870666504,43074.819932861334,1442.2638976860046,310,0.0010287451300532956
1884,Missing_Unintentional,overly_thin,0.000000000,0.000000,-341.106718,25447.96182678223,44213.26905761719,2587.939371109009,0,0.0
1885,Missing_Unintentional,overly_thin,0.000000000,0.000000,-341.106718,23154.085796203613,44224.93385864258,2586.038522644043,0,0.0
1886,Missing_Unintentional,overly_thin,0.000000000,0.000000,-341.106718,23152.217300720215,44231.28745239258,4879.934053649903,0,0.0
1887,Missing_Unintentional,overly_thin,0.000000000,0.000000,-341.106718,25446.091558532717,44219.62265136719,4881.83445892334,0,0.0
1900,Nominal,overly_thick,1.000000000,697.080000,355.973282,27725.264266967773,40757.626709594726,1452.4115433120728,338,0.0011216640450258514
1901,Nominal,overly_thick,1.000000000,697.080000,355.973282,30019.1420703125,40745.96190856934,1454.3123917770386,315,0.001045337793441252
1902,Nominal,overly_thick,0.979094088,689.754967,348.648249,30030.806871337893,43039.829075317386,1447.966443080902,324,0.0010752045875395736
1903,Nominal,overly_thick,0.971738279,687.159062,346.052343,27736.93615905762,43051.49387634278,1446.0655946159363,329,0.0010917972509275299
1912,Missing_Unintentional,overly_thin,0.000000000,0.000000,-341.106718,30035.710342407227,44189.93945556641,2591.7410680389407,0,0.0
1913,Missing_Unintentional,overly_thin,0.000000000,0.000000,-341.106718,27741.836084594728,44201.604256591796,2589.8402195739745,0,0.0
1914,Missing_Unintentional,overly_thin,0.000000000,0.000000,-341.106718,27739.96758911133,44207.9578503418,4883.7357505798345,0,0.0
1915,Missing_Unintentional,overly_thin,0.000000000,0.000000,-341.106718,30033.84184692383,44196.29304931641,4885.636155853272,0,0.0
1928,Nominal,overly_thick,1.000000000,697.080000,355.973282,32313.016328125002,40734.29710754395,1456.2132402420045,298,0.0009889227379222003
1929,Nominal,overly_thick,1.000000000,697.080000,355.973282,34606.8905859375,40722.635852050786,1458.1140887069703,316,0.0010486563261188433
1930,Nominal,overly_thick,0.972125411,687.295927,346.189209,34618.55893249512,43016.4994732666,1451.7681400108338,295,0.0009789671398894265
1931,Nominal,overly_thick,0.977932632,689.345733,348.239015,32324.68112915039,43028.164274291994,1449.867291545868,333,0.001105071381637895
1940,Missing_Unintentional,overly_thin,0.000000000,0.000000,-341.106718,34623.45885803223,44166.60985351563,2595.5427649688722,0,0.0
1941,Missing_Unintentional,overly_thin,0.000000000,0.000000,-341.106718,32329.581054687504,44178.27465454102,2593.6419165039065,0,0.0
1942,Missing_Unintentional,overly_thin,0.000000000,0.000000,-341.106718,32327.71610473633,44184.631793823246,4887.537447509766,0,0.0
1943,Missing_Unintentional,overly_thin,0.000000000,0.000000,-341.106718,34621.59036254883,44172.97053833008,4889.437852783203,0,0.0
1956,Nominal,overly_thick,1.000000000,697.080000,355.973282,36900.76484375,40710.97105102539,1460.014937171936,319,0.001058611924151617
1957,Nominal,overly_thick,1.000000000,697.080000,355.973282,39194.639101562505,40699.30625,1461.915785636902,337,0.0011183455123482601
1958,Nominal,overly_thick,0.958962440,682.626936,341.520218,39206.30744812012,42993.173416748046,1455.5698369407655,260,0.0008628184961737318
1959,Nominal,overly_thick,0.964769661,684.690720,343.584001,36912.433190307616,43004.83821777344,1453.6689884757996,306,0.0010154709993429305
1968,Missing_Unintentional,overly_thin,0.000000000,0.000000,-341.106718,39211.210919189456,44143.28379699707,2599.3444618988037,0,0.0
1969,Missing_Unintentional,overly_thin,0.000000000,0.000000,-341.106718,36917.336661376954,44154.945052490235,2597.443613433838,0,0.0
1970,Missing_Unintentional,overly_thin,0.000000000,0.000000,-341.106718,36915.46462036133,44161.30573730469,4891.3391444396975,0,0.0
1971,Missing_Unintentional,overly_thin,0.000000000,0.000000,-341.106718,39209.33887817383,44149.6409362793,4893.239549713135,0,0.0
1974,Nominal,overly_thin,0.080913663,198.286686,-142.820033,36910.56469482422,43011.19181152344,3747.564187088013,5,1.659266338795638e-05
1975,Nominal,overly_thin,0.087495163,206.193345,-134.913373,36898.89280273438,40717.32464477539,3753.9102465820315,39,0.00012942277442605976
1977,Nominal,overly_thin,0.066589236,179.880729,-161.225989,39204.43895263672,42999.52701049805,3749.465035552979,40,0.00013274130710365104
1984,Nominal,overly_thick,1.000000000,697.080000,355.973282,41488.513359375,40687.64144897461,1463.8166341018677,326,0.001081841652894756
1985,Nominal,overly_thick,0.998451412,696.540046,355.433328,43782.3876171875,40675.976647949225,1465.7174825668335,306,0.0010154709993429305
1986,Nominal,overly_thick,0.901277602,661.777369,320.670651,43794.05596374512,42969.84381469727,1459.371423072815,235,0.0007798551792339499
1987,Nominal,overly_thick,0.945799470,677.925790,336.819071,41500.18170593262,42981.50861572266,1457.4705746078491,275,0.0009125964863376009
1992,Missing_Unintentional,overly_thin,0.011227255,73.861719,-267.244999,44928.38872558594,40673.32458984375,2613.6156723022464,24,7.964478426219063e-05
1993,Nominal,overly_thin,0.069686413,184.016462,-157.090256,44940.06061767579,42967.1917565918,2607.2696128082275,14,4.645945748627787e-05
1995,Missing_Unintentional,overly_thin,0.018970190,96.010440,-245.096279,44938.192122192384,42973.5453503418,4901.1647006225585,27,8.960038229496445e-05
1999,Nominal,overly_thin,0.032520324,125.707171,-215.399547,43773.750700683595,39538.577000732424,4909.733365631104,41,0.00013605983978124233
2000,Missing_Unintentional,overly_thin,0.000000000,0.000000,-341.106718,43798.95943481445,44119.954194946295,2603.1461588287357,0,0.0
2001,Missing_Unintentional,overly_thin,0.000000000,0.000000,-341.106718,41505.08517700196,44131.61899597168,2601.2453103637695,0,0.0
2002,Missing_Unintentional,overly_thin,0.000000000,0.000000,-341.106718,41503.21313598633,44137.976135253906,4895.140841369629,0,0.0
2003,Missing_Unintentional,overly_thin,0.000000000,0.000000,-341.106718,43797.08739379883,44126.31133422852,4897.041246643067,0,0.0
2004,Nominal,overly_thin,0.075106464,191.038668,-150.068050,41491.541243896485,41844.10896850586,4901.486457672119,51,0.00016924516655715508
2006,Nominal,overly_thin,0.043360434,145.154143,-195.952576,41498.31321044922,42987.86220947266,3751.3658840179446,20,6.637065355182552e-05
2007,Nominal,overly_thin,0.071235001,186.049857,-155.056861,41486.641318359376,40693.995042724615,3757.711943511963,33,0.00010951157836051211
2008,Nominal,overly_thin,0.071235001,186.049857,-155.056861,43787.28754272461,41826.09057373047,2609.492218322754,49,0.00016260810120197254
2009,Nominal,overly_thin,0.048393343,153.347053,-187.759666,43792.18746826172,42976.19740844727,3753.2667324829104,37,0.00012278570907087722
2013,Nominal,overly_thin,0.079752229,196.858439,-144.248279,42632.64597229004,40691.34298461914,4905.609911651612,21,6.96891862294168e-05
2015,Nominal,overly_thin,0.085946575,204.360478,-136.746241,42646.186359863284,42978.85301208496,2605.368764343262,28,9.291891497255574e-05
2212,Nominal,overly_thin,0.088269457,207.103697,-134.003022,40150.191946411134,4007.4991207885746,7299.141102905274,22,7.300771890700808e-05
2214,Nominal,overly_thin,0.087882310,206.649022,-134.457696,40159.99534301758,6307.720767669678,9586.690131225587,24,7.964478426219063e-05
2215,Nominal,overly_thin,0.075106464,191.038668,-150.068050,40148.32345092774,4013.8544873046876,9593.036633911133,22,7.300771890700808e-05
2216,Nominal,overly_thin,0.059620596,170.208318,-170.898400,44737.94400756836,3984.17040512085,7302.942799835206,23,7.632625158459936e-05
2217,Nominal,overly_thin,0.079752229,196.858439,-144.248279,44749.61235412598,6278.037128677369,7296.596297149658,19,6.305212087423425e-05
2218,Nominal,overly_thin,0.079752229,196.858439,-144.248279,44736.071966552736,3990.5262148284914,9596.837444458008,20,6.637065355182552e-05
2219,Nominal,overly_thin,0.054974835,163.442347,-177.664371,44747.74385864258,6284.39293838501,9590.491828155518,27,8.960038229496445e-05
2223,Nominal,overly_thin,0.079752229,196.858439,-144.248279,43583.29889160157,2849.4250319671632,9599.060493164063,20,6.637065355182552e-05
2228,Nominal,overly_thin,0.065040648,177.776787,-163.329932,43596.84282470703,5136.935945816041,7298.819345855713,42,0.0001393783724588336
2251,Missing_Intentional,overly_thin,0.013550135,81.143631,-259.963087,4617.54295249939,8779.205803222656,8403.933376617431,0,0.0
2289,Missing_Intentional,overly_thin,0.001548587,27.431554,-313.675164,12658.707665100099,11029.069369506837,7257.292742843629,0,0.0
2303,Missing_Intentional,overly_thin,0.001548587,27.431554,-313.675164,14940.911803588868,8723.539174499512,7265.539650802612,0,0.0
2359,Missing_Intentional,overly_thin,0.012775842,78.791141,-262.315577,27569.824588623047,10950.074025115968,6122.70071395874,0,0.0
2405,Nominal,overly_thin,0.087108016,205.736659,-135.370059,39027.53107666016,8597.886398773195,6138.55057258606,1,3.3185326775912764e-06
2412,Nominal,overly_thin,0.072396435,187.560427,-153.546291,36726.88485229493,7465.795299682618,7286.770740966797,18,5.9733588196642975e-05
2420,Nominal,overly_thin,0.062330622,174.033700,-167.073018,39032.43100219727,9747.997665405273,7282.325529937744,34,0.0001128301110381034
2429,Nominal,overly_thin,0.065427795,178.305100,-162.801618,43615.27959228516,8574.55768310547,6142.352269515992,16,5.309652284146042e-05
2432,Nominal,overly_thin,0.075106464,191.038668,-150.068050,40173.5321850586,8595.231681518555,7286.448983917237,35,0.00011614864371569467
2434,Nominal,overly_thin,0.082849398,200.644520,-140.462199,40183.332036132815,10895.454214782716,9573.99801223755,33,0.00010951157836051211
2436,Missing_Unintentional,overly_thin,0.039488968,138.522561,-202.584157,44761.280700683594,8571.903852233887,7290.250680847168,25,8.296331693978191e-05
2437,Nominal,overly_thin,0.087495163,206.193345,-134.913373,44772.95259277344,10865.769246215821,7283.90462135315,14,4.645945748627787e-05
2438,Nominal,overly_thin,0.077429347,193.970382,-147.136337,44759.4122052002,8578.259218750001,9584.146211853027,9,2.9866794098321488e-05
2439,Nominal,overly_thin,0.051103368,157.582282,-183.524436,44771.08055175781,10872.12549911499,9577.79970916748,24,7.964478426219063e-05
2440,Nominal,overly_thin,0.082462251,200.175175,-140.931544,41314.63336791992,7442.46747039795,7290.572437896729,42,0.0001393783724588336
2443,Nominal,overly_thin,0.042973287,144.504680,-196.602039,43606.64267578125,7437.158035888672,9586.368374176025,34,0.0001128301110381034
2444,Nominal,overly_thin,0.064653501,177.246899,-163.859819,41324.43321899414,9742.688230895998,9578.121466217042,39,0.00012942277442605976
2448,Nominal,overly_thin,0.040650405,140.544890,-200.561828,43620.17951782227,9724.66894973755,7286.127226867677,41,0.00013605983978124233
2449,Nominal,overly_thin,0.084785134,202.974966,-138.131752,43625.07944335938,10874.780216369629,8429.901741027832,1,3.3185326775912764e-06
2451,Nominal,overly_thin,0.063879207,176.182342,-164.924376,42467.4064428711,8583.568653259277,7288.349389190675,28,9.291891497255574e-05
2453,Nominal,overly_thin,0.041037552,141.212566,-199.894152,42465.5379473877,8589.924019775392,9582.244920196534,22,7.300771890700808e-05
2454,Nominal,overly_thin,0.067750677,181.442677,-159.664042,42477.20629394532,10883.789413757326,9575.899303894044,30,9.955598032773829e-05
2455,Nominal,overly_thin,0.058072008,167.983275,-173.123443,42479.07478942871,10877.434047241211,7282.003772888184,34,0.0001128301110381034
2617,Nominal,overly_thin,0.088269457,207.103697,-134.003022,34472.91910522461,15509.168435668946,8409.606228179931,0,0.0
2625,Nominal,overly_thin,0.086333722,204.820232,-136.286486,39050.867769775396,13185.61984588623,6125.858896789551,3,9.955598032773829e-06
2640,Nominal,overly_thin,0.031746034,124.201648,-216.905070,39055.767695312505,14335.730226135254,7269.6334109497075,27,8.960038229496445e-05
2641,Nominal,overly_thin,0.069686413,184.016462,-157.090256,39060.667620849614,15485.842379150392,8413.407925109865,1,3.3185326775912764e-06
2649,Nominal,overly_thin,0.050329074,156.383919,-184.722799,43638.61628540039,13162.29024383545,6129.660593719483,19,6.305212087423425e-05
2651,Nominal,overly_thin,0.077042200,193.484848,-147.621871,41356.41391967774,15467.820438842775,6121.413685760498,13,4.314092480868659e-05
2652,Nominal,overly_thin,0.073557876,189.058938,-152.047781,40196.86887817383,13182.965128631593,7273.7568649292,28,9.291891497255574e-05
2654,Nominal,overly_thin,0.076267906,192.510106,-148.596613,40206.67227478028,15483.186775512697,9561.305893249511,16,5.309652284146042e-05
2656,Missing_Unintentional,overly_thin,0.024777390,109.726216,-231.380503,44784.62093933106,13159.636412963868,7277.558561859131,26,8.628184961737318e-05
2657,Missing_Unintentional,overly_thin,0.008517228,64.332697,-276.774021,44796.28928588868,15453.503579711914,7271.212502365112,23,7.632625158459936e-05
2658,Nominal,overly_thin,0.085172281,203.437852,-137.668867,44782.75244384766,13165.991779479982,9571.453206481934,7,2.3229728743138934e-05
2659,Missing_Unintentional,overly_thin,0.000000000,0.000000,-341.106718,44794.420790405275,15459.858946228029,9565.1084765625,35,0.00011614864371569467
2660,Nominal,overly_thin,0.074719317,190.545664,-150.561055,41337.97006103516,12030.20003112793,7277.880318908692,42,0.0001393783724588336
2663,Nominal,overly_thin,0.052264810,159.362931,-181.743787,43629.979368896486,12024.890596618654,9573.67625518799,42,0.0001393783724588336
2664,Nominal,overly_thin,0.050329074,156.383919,-184.722799,41347.77700317383,14330.42256439209,9565.429347229005,33,0.00010951157836051211
2667,Nominal,overly_thin,0.070073560,184.526912,-156.579807,41342.873532104495,13180.310411376953,8421.654833068847,15,4.9777990163869145e-05
2668,Missing_Unintentional,overly_thin,0.016647309,89.940365,-251.166354,43643.5162109375,14312.402396850586,7273.435107879639,33,0.00010951157836051211
2669,Missing_Unintentional,overly_thin,0.034843206,130.119288,-210.987430,43648.41613647461,15462.51277709961,8417.209622039796,25,8.296331693978191e-05
2671,Nominal,overly_thin,0.080139376,197.335673,-143.771045,42490.74313598633,13171.301213989258,7275.6577133941655,34,0.0001128301110381034
2673,Missing_Unintentional,overly_thin,0.039488968,138.522561,-202.584157,42488.87818603516,13177.656580505372,9569.552801208496,37,0.00012278570907087722
2675,Nominal,overly_thin,0.060007744,170.760049,-170.346669,42502.415028076175,15465.168380737305,7269.311653900147,31,0.00010287451300532956
2813,Nominal,overly_thin,0.085559428,203.899687,-137.207032,29908.507282714847,20120.23237121582,8393.112412261964,0,0.0
2837,Nominal,overly_thin,0.085172281,203.437852,-137.668867,34496.255798339844,20096.90276916504,8396.914109191895,0,0.0
2855,Nominal,overly_thin,0.084397987,202.511022,-138.595696,39065.56754638672,16635.952759399413,9557.18243927002,47,0.00015597103584678997
2859,Nominal,overly_thin,0.086333722,204.820232,-136.286486,36778.465255126954,17791.370801391604,8405.16101715088,0,0.0
2860,Nominal,overly_thin,0.067750677,181.442677,-159.664042,39079.10438842774,18923.462786865235,7256.941291961671,31,0.00010287451300532956
2861,Nominal,overly_thin,0.064653501,177.246899,-163.859819,39084.00785949707,20073.57316711426,8400.715806121827,9,2.9866794098321488e-05
2867,Nominal,overly_thin,0.081300810,198.760490,-142.346228,37938.003205566405,20076.228770751954,7252.817837982178,29,9.6237447650147e-05
2869,Nominal,overly_thin,0.049167633,154.568956,-186.537762,43661.95297851563,17750.02280456543,6116.968474731446,14,4.645945748627787e-05
2871,Nominal,overly_thin,0.061943475,173.492380,-167.614338,41379.750612792974,20055.55477233887,6108.721566772461,1,3.3185326775912764e-06
2872,Nominal,overly_thin,0.067363530,180.923526,-160.183193,40220.209116821294,17770.696802978517,7261.064745941163,9,2.9866794098321488e-05
2876,Missing_Unintentional,overly_thin,0.000000000,0.000000,-341.106718,44807.95763244629,17747.37074645996,7264.8664428710945,28,9.291891497255574e-05
2877,Missing_Unintentional,overly_thin,0.013550135,81.143631,-259.963087,44819.62597900391,20041.236140441895,7258.520383377076,29,9.6237447650147e-05
2878,Missing_Unintentional,overly_thin,0.008130081,62.853586,-278.253133,44806.089136962895,17753.724340209963,9558.761973876954,36,0.00011946717639328595
2879,Missing_Unintentional,overly_thin,0.003484321,41.147332,-299.959387,44817.76102905274,20047.591506958008,9552.415471191407,29,9.6237447650147e-05
2880,Nominal,overly_thin,0.055361982,164.016840,-177.089879,41361.31384521485,16617.932591857912,7265.188199920654,42,0.0001393783724588336
2883,Missing_Unintentional,overly_thin,0.018583043,95.025690,-246.081028,43653.31606201172,16612.623157348633,9560.985022583009,34,0.0001128301110381034
2884,Nominal,overly_thin,0.038714673,137.157772,-203.948946,41371.11369628907,18918.15512512207,9552.738114624024,47,0.00015597103584678997
2887,Nominal,overly_thin,0.054974835,163.442347,-177.664371,41366.21377075196,17768.04474487305,8408.962714080812,19,6.305212087423425e-05
2888,Missing_Unintentional,overly_thin,0.011614402,75.124405,-265.982313,43666.852904052736,18900.13495758057,7260.742988891602,20,6.637065355182552e-05
2889,Missing_Unintentional,overly_thin,0.027100271,114.754424,-226.352295,43671.75637512207,20050.247110595705,8404.517503051758,21,6.96891862294168e-05
2893,Nominal,overly_thin,0.054587688,162.865829,-178.240889,42512.21487915039,17765.38914123535,9556.861568603515,35,0.00011614864371569467
2895,Nominal,overly_thin,0.053426247,161.123897,-179.982822,42525.75172119141,20052.899168701173,7256.61953491211,25,8.296331693978191e-05
2900,Nominal,overly_thin,0.086720869,205.278957,-135.827761,3541.5563553619386,22545.05731628418,7217.959494705201,0,0.0
3041,Nominal,overly_thin,0.073557876,189.058938,-152.047781,34509.79618591309,22384.412796630862,6096.672961883545,0,0.0
3043,Nominal,overly_thin,0.076655053,192.998092,-148.108626,32227.590274658203,24689.9447644043,6088.426053924561,0,0.0
3057,Nominal,overly_thin,0.077429347,193.970382,-147.136337,34519.599582519535,24684.637102661134,8384.221990203858,0,0.0
3065,Nominal,overly_thin,0.082462251,200.175175,-140.931544,39097.548247070314,22361.086740112307,6100.474658813477,0,0.0
3067,Nominal,overly_thin,0.055361982,164.016840,-177.089879,36815.338790283204,24666.61516235352,6092.227750854492,14,4.645945748627787e-05
3072,Nominal,overly_thin,0.078590788,195.419746,-145.686972,36796.90202270508,21228.994754638672,7248.694384002686,36,0.00011946717639328595
3075,Nominal,overly_thin,0.043360434,145.154143,-195.952576,39088.91133056641,21223.685320129396,9544.49120666504,32,0.00010619304568292084
3080,Nominal,overly_thin,0.068524972,182.476547,-158.630171,39102.44817260742,23511.19712036133,7244.249172973633,37,0.00012278570907087722
3081,Nominal,overly_thin,0.071622148,186.554742,-154.551976,39107.34809814453,24661.307500610354,8388.02368713379,1,3.3185326775912764e-06
3089,Missing_Unintentional,overly_thin,0.036004648,132.270168,-208.836550,43685.29676269532,22337.757138061526,6104.276355743408,21,6.96891862294168e-05
3091,Nominal,overly_thin,0.045683313,148.991475,-192.115243,41403.08730590821,24643.28733306885,6096.0294477844245,11,3.650385945350404e-05
3092,Nominal,overly_thin,0.090592332,209.811043,-131.295675,40243.54935546875,22358.43113647461,7248.372626953125,19,6.305212087423425e-05
3096,Missing_Unintentional,overly_thin,0.001161440,23.756423,-317.350296,44831.29787109375,22335.10153442383,7252.174323883057,24,7.964478426219063e-05
3097,Nominal,overly_thin,0.089430891,208.461761,-132.644958,44842.96621765137,24628.968701171878,7245.828264389039,8,2.654826142073021e-05
3098,Nominal,overly_thin,0.039488968,138.522561,-202.584157,44829.42937561035,22341.458673706056,9546.069854888916,11,3.650385945350404e-05
3099,Missing_Unintentional,overly_thin,0.006194348,54.863108,-286.243610,44841.09772216797,24635.325840454105,9539.724238586427,27,8.960038229496445e-05
3100,Nominal,overly_thin,0.048006196,152.732432,-188.374286,41384.65053833008,21205.66515258789,7252.496080932618,42,0.0001393783724588336
3103,Nominal,overly_thin,0.027874565,116.382229,-224.724489,43676.65984619141,21200.357490844726,9548.292017211914,37,0.00012278570907087722
3104,Nominal,overly_thin,0.057684861,167.422394,-173.684324,41394.4503894043,23505.887685852053,9540.045109252931,38,0.0001261042417484685
3107,Nominal,overly_thin,0.053813394,161.706626,-179.400093,41389.55046386719,22355.775532836917,8396.270595092774,11,3.650385945350404e-05
3108,Missing_Unintentional,overly_thin,0.021293070,101.718926,-239.387792,43690.19668823243,23487.867518310548,7248.0508699035645,34,0.0001128301110381034
3109,Missing_Unintentional,overly_thin,0.029036004,118.782113,-222.324605,43695.096613769536,24637.977898559573,8391.82538406372,21,6.96891862294168e-05
3113,Nominal,overly_thin,0.054974835,163.442347,-177.664371,42535.555117797856,22353.12347473145,9544.168563232422,24,7.964478426219063e-05
3115,Nominal,overly_thin,0.051103368,157.582282,-183.524436,42549.09195983887,24640.633502197266,7243.927415924073,11,3.650385945350404e-05
3227,Nominal,overly_thin,0.084397987,202.511022,-138.595696,23061.893094482424,27036.824729003907,8368.372574768067,0,0.0
3239,Nominal,overly_thin,0.087882310,206.649022,-134.457696,27663.181997680666,29301.00515441895,6071.932238006592,0,0.0
3251,Nominal,overly_thin,0.081687957,199.233168,-141.873551,27649.643382873535,27013.495126953127,8372.173385314942,0,0.0
3256,Missing_Intentional,overly_thin,0.019357337,96.985191,-244.121527,29943.515867919923,27001.830325927735,8374.074676971437,0,0.0
3261,Nominal,overly_thin,0.061169185,172.404647,-168.702071,34533.13642456055,26972.147130126956,6083.980842895508,0,0.0
3263,Nominal,overly_thin,0.085559428,203.899687,-137.207032,32250.930513305666,29277.675552368164,6075.733934936524,0,0.0
3275,Nominal,overly_thin,0.089818038,208.912490,-132.194229,32237.390125732425,26990.165524902346,8375.97596862793,0,0.0
3277,Nominal,overly_thin,0.083236545,201.112769,-139.993949,34542.93627563477,29272.367890625002,8371.52987121582,0,0.0
3285,Nominal,overly_thin,0.044909019,147.723438,-193.383280,39120.88494018555,26948.817528076175,6087.78253982544,19,6.305212087423425e-05
3287,Nominal,overly_thin,0.065814942,178.831852,-162.274866,36838.67902893067,29254.349495849612,6079.535631866455,4,1.3274130710365105e-05
3295,Nominal,overly_thin,0.066589236,179.880729,-161.225989,39112.24802368164,25811.417880859375,9531.798201293946,24,7.964478426219063e-05
3299,Nominal,overly_thin,0.087108016,205.736659,-135.370059,36825.13864135742,26966.83946838379,8379.776779174805,5,1.659266338795638e-05
3300,Nominal,overly_thin,0.087495163,206.193345,-134.913373,39125.78486572266,28098.927908325197,7231.557053985596,38,0.0001261042417484685
3301,Nominal,overly_thin,0.060007744,170.760049,-170.346669,39130.684791259766,29249.038288574222,8375.332454528809,9,2.9866794098321488e-05
3309,Missing_Unintentional,overly_thin,0.024390243,108.865604,-232.241114,43708.63345581055,26925.489698791505,6091.584236755371,21,6.96891862294168e-05
3311,Missing_Unintentional,overly_thin,0.034456059,129.394384,-211.712335,41426.43109008789,29231.01989379883,6083.337328796387,16,5.309652284146042e-05
3312,Nominal,overly_thin,0.044909019,147.723438,-193.383280,40266.88604858398,26946.163697204593,7235.6805079650885,21,6.96891862294168e-05
3314,Nominal,overly_thin,0.056910571,166.294962,-174.811756,40276.68944519043,29246.38623046875,9523.230422668457,20,6.637065355182552e-05
3316,Missing_Unintentional,overly_thin,0.007742934,61.338819,-279.767899,44854.63456420899,26922.835867919923,7239.48220489502,24,7.964478426219063e-05
3318,Nominal,overly_thin,0.075880758,192.020879,-149.085839,44852.76961425781,26929.191234436035,9533.37773590088,11,3.650385945350404e-05
3319,Missing_Unintentional,overly_thin,0.006968641,58.191114,-282.915604,44864.437960815434,29223.05662841797,9527.031233215333,22,7.300771890700808e-05
3320,Nominal,overly_thin,0.061169185,172.404647,-168.702071,41407.98723144532,25793.399486083985,7239.803961944581,47,0.00015597103584678997
3323,Missing_Unintentional,overly_thin,0.014324429,83.429814,-257.676904,43699.996539306645,25788.09005157471,9535.600784606933,37,0.00012278570907087722
3324,Nominal,overly_thin,0.043747582,145.800713,-195.306005,41417.794173583985,28093.62024658203,9527.35387664795,43,0.00014269690513642487
3327,Missing_Unintentional,overly_thin,0.042973287,144.504680,-196.602039,41412.89070251465,26943.50986633301,8383.578476104736,16,5.309652284146042e-05
3328,Missing_Unintentional,overly_thin,0.018195895,94.030629,-247.076090,43713.53338134766,28075.60185180664,7235.358750915528,36,0.00011946717639328595
3329,Missing_Unintentional,overly_thin,0.030197445,121.134465,-219.972254,43718.43330688477,29225.712232055666,8379.133265075685,19,6.305212087423425e-05
3333,Nominal,overly_thin,0.053813394,161.706626,-179.400093,42558.89535644532,26940.854262695313,9531.477330627442,17,5.64150555190517e-05
3335,Nominal,overly_thin,0.052651957,159.952076,-181.154643,42572.43219848633,29228.36783569336,7231.235740127564,18,5.9733588196642975e-05
3423,Nominal,overly_thin,0.088269457,207.103697,-134.003022,18497.484817504883,31647.885119018556,8351.878758850098,0,0.0
3481,Nominal,overly_thin,0.077816494,194.454703,-146.652015,34556.473117675785,31559.88146362305,6071.288723907471,5,1.659266338795638e-05
3483,Nominal,overly_thin,0.084010839,202.046013,-139.060705,32274.27075195313,33865.40988586426,6063.042259140015,0,0.0
3495,Nominal,overly_thin,0.087495163,206.193345,-134.913373,32260.733909912113,31577.89985839844,8363.283849639893,0,0.0
3497,Nominal,overly_thin,0.086720869,205.278957,-135.827761,34566.27296875,33860.102224121096,8358.83863861084,0,0.0
3504,Nominal,overly_thin,0.079752229,196.858439,-144.248279,36850.34737548828,31548.216662597657,6073.190015563965,4,1.3274130710365105e-05
3505,Nominal,overly_thin,0.061169185,172.404647,-168.702071,39144.22163330078,31536.55186157227,6075.090420837403,14,4.645945748627787e-05
3507,Nominal,overly_thin,0.081687957,199.233168,-141.873551,36862.01926757813,33842.083829345705,6066.843956069946,12,3.9822392131095315e-05
3515,Nominal,overly_thin,0.041811846,142.538536,-198.568182,39135.584716796875,30399.152214355472,9519.106968688966,37,0.00012278570907087722
3519,Nominal,overly_thin,0.077816494,194.454703,-146.652015,36848.48242553711,31554.57025634766,8367.085546569824,0,0.0
3520,Nominal,overly_thin,0.065427795,178.305100,-162.801618,39149.12155883789,32686.66224182129,7218.865821380616,20,6.637065355182552e-05
3521,Nominal,overly_thin,0.068524972,182.476547,-158.630171,39154.021484375,33836.77262207031,8362.640335540773,10,3.318532677591276e-05
3529,Missing_Unintentional,overly_thin,0.023228804,106.241953,-234.864766,43731.970148925786,31513.222259521488,6078.892117767335,13,4.314092480868659e-05
3531,Nominal,overly_thin,0.047231901,151.495711,-189.611007,41449.767783203126,33818.75422729492,6070.64520980835,17,5.64150555190517e-05
3532,Nominal,overly_thin,0.054587688,162.865829,-178.240889,40290.226287231446,31533.89625793457,7222.988832168579,23,7.632625158459936e-05
3534,Nominal,overly_thin,0.060782038,171.858197,-169.248522,40300.026138305664,33834.12056396485,9510.53830368042,19,6.305212087423425e-05
3536,Missing_Unintentional,overly_thin,0.009678668,68.578886,-272.527832,44877.97480285645,31510.570201416016,7226.790529098511,19,6.305212087423425e-05
3539,Missing_Unintentional,overly_thin,0.010840109,72.577071,-268.529647,44887.7781994629,33810.79096191406,9514.340000610353,19,6.305212087423425e-05
3540,Nominal,overly_thin,0.041037552,141.212566,-199.894152,41431.331015625,30381.133819580078,7227.112286148072,42,0.0001393783724588336
3543,Missing_Unintentional,overly_thin,0.018583043,95.025690,-246.081028,43723.33323242188,30375.822612304688,9522.908665618897,37,0.00012278570907087722
3544,Missing_Unintentional,overly_thin,0.013550135,81.143631,-259.963087,41441.13086669922,32681.35458007813,9514.661757659913,15,4.9777990163869145e-05
3547,Nominal,overly_thin,0.049554780,155.176302,-185.930416,41436.23094116211,31531.24065429688,8370.887243499756,21,6.96891862294168e-05
3548,Missing_Unintentional,overly_thin,0.026713124,113.931800,-227.174918,43736.870074462895,32663.336185302735,7222.667075119019,45,0.00014933397049160743
3549,Missing_Unintentional,overly_thin,0.030584592,121.908495,-219.198223,43741.770000000004,33813.443020019535,8366.442032470704,19,6.305212087423425e-05
3553,Missing_Unintentional,overly_thin,0.032520324,125.707171,-215.399547,42582.23204956055,31528.588596191406,9518.785211639404,22,7.300771890700808e-05
3555,Missing_Unintentional,overly_thin,0.035230353,130.840177,-210.266541,42595.76889160157,33816.09862365723,7218.543621139527,27,8.960038229496445e-05
3560,Nominal,overly_thin,0.082075104,199.704727,-141.401992,3611.5730825805667,36308.25677124024,7179.883580932617,0,0.0
3562,Nominal,overly_thin,0.089430891,208.461761,-132.644958,3621.373820037842,38608.47753173828,9467.43260925293,0,0.0
3725,Nominal,overly_thin,0.053813394,161.706626,-179.400093,39167.561871948245,36124.28619506836,6062.398745040894,17,5.64150555190517e-05
3727,Nominal,overly_thin,0.077042200,193.484848,-147.621871,36885.35596069336,38429.814617309574,6054.151837081909,13,4.314092480868659e-05
3735,Nominal,overly_thin,0.086333722,204.820232,-136.286486,39158.92140991211,34986.886547851565,9506.414849700928,40,0.00013274130710365104
3741,Nominal,overly_thin,0.070460707,185.035953,-156.070766,39177.36526855469,38424.50695556641,8349.948216552735,11,3.650385945350404e-05
3747,Nominal,overly_thin,0.088656604,207.557375,-133.549343,38031.36061462403,38427.15901367188,7202.050248413087,0,0.0
3749,Missing_Unintentional,overly_thin,0.026713124,113.931800,-227.174918,43755.31393310547,36100.95659301758,6066.2004419708255,20,6.637065355182552e-05
3751,Nominal,overly_thin,0.047231901,151.495711,-189.611007,41473.10447631836,38406.48856079102,6057.953534011841,25,8.296331693978191e-05
3752,Nominal,overly_thin,0.068524972,182.476547,-158.630171,40313.56652587891,36121.630591430665,7210.297156372071,21,6.96891862294168e-05
3754,Nominal,overly_thin,0.084397987,202.511022,-138.595696,40323.36637695313,38421.851351928715,9497.846184692384,17,5.64150555190517e-05
3756,Missing_Unintentional,overly_thin,0.008130081,62.853586,-278.253133,44901.315041503905,36098.30098937989,7214.098853302003,17,5.64150555190517e-05
3757,Nominal,overly_thin,0.072009295,187.058265,-154.048453,44912.983388061526,38392.16815612793,7207.752350616455,19,6.305212087423425e-05
3759,Missing_Unintentional,overly_thin,0.002710027,36.288536,-304.818183,44911.11489257813,38398.52529541016,9501.647881622315,23,7.632625158459936e-05
3760,Nominal,overly_thin,0.065040648,177.776787,-163.329932,41454.667708740235,34968.86460754395,7214.420610351563,31,0.00010287451300532956
3763,Missing_Unintentional,overly_thin,0.020518776,99.852363,-241.254355,43746.67347106934,34963.55694580078,9510.21654663086,31,0.00010287451300532956
3764,Missing_Unintentional,overly_thin,0.039488968,138.522561,-202.584157,41464.46755981445,37269.08891357422,9501.969638671875,36,0.00011946717639328595
3767,Nominal,overly_thin,0.056523424,165.728367,-175.378351,41459.567634277344,36118.97498779297,8358.19512451172,11,3.650385945350404e-05
3768,Missing_Unintentional,overly_thin,0.015098723,85.655001,-255.451717,43760.21385864258,37251.06697326661,7209.97539932251,27,8.960038229496445e-05
3769,Nominal,overly_thin,0.047231901,151.495711,-189.611007,43765.11378417969,38401.177353515624,8353.749913482667,21,6.96891862294168e-05
3773,Missing_Unintentional,overly_thin,0.037166085,134.386620,-206.720098,42605.56874267579,36116.3229296875,9506.093092651368,24,7.964478426219063e-05
3775,Missing_Unintentional,overly_thin,0.040650405,140.544890,-200.561828,42619.109130249024,38403.832957153325,7205.851945343018,21,6.96891862294168e-05
3779,Missing_Unintentional,overly_thin,0.000000000,0.000000,-341.106718,4794.453044433594,43180.84552856445,6014.847839584351,0,0.0
3780,Nominal,overly_thin,0.087108016,205.736659,-135.370059,3634.911991653443,40895.99110473633,7167.191461944581,0,0.0
3781,Missing_Unintentional,overly_thin,0.000387147,13.715777,-327.390941,3646.5812245941165,43189.85827148438,7160.844959259033,0,0.0
3782,Nominal,overly_thin,0.030971738,122.677639,-218.429080,3644.712729110718,43196.21186523438,9454.740490264892,22,7.300771890700808e-05
3788,Missing_Unintentional,overly_thin,0.000000000,0.000000,-341.106718,7093.22811416626,44319.294653320314,7160.523202209473,0,0.0
3789,Missing_Unintentional,overly_thin,0.000000000,0.000000,-341.106718,4799.353413162232,44330.959454345706,7158.622796936035,0,0.0
3790,Missing_Unintentional,overly_thin,0.000000000,0.000000,-341.106718,4797.484917678833,44337.313048095704,9452.518327941894,0,0.0
3791,Missing_Unintentional,overly_thin,0.000000000,0.000000,-341.106718,7091.359618682862,44325.64824707031,9454.418733215332,0,0.0
3816,Missing_Unintentional,overly_thin,0.000000000,0.000000,-341.106718,11680.976629791261,44295.96505126954,7164.324899139405,0,0.0
3817,Missing_Unintentional,overly_thin,0.000000000,0.000000,-341.106718,9387.10237197876,44307.62985229492,7162.424493865968,0,0.0
3818,Missing_Unintentional,overly_thin,0.000000000,0.000000,-341.106718,9385.233876495362,44313.98344604493,9456.31913848877,0,0.0
3819,Missing_Unintentional,overly_thin,0.000000000,0.000000,-341.106718,11679.108134307862,44302.318645019535,9458.220430145264,0,0.0
3844,Missing_Unintentional,overly_thin,0.000000000,0.000000,-341.106718,16268.726031799317,44272.63544921875,7168.126596069336,0,0.0
3845,Missing_Unintentional,overly_thin,0.000000000,0.000000,-341.106718,13974.851773986817,44284.300250244145,7166.226190795899,0,0.0
3846,Missing_Unintentional,overly_thin,0.000000000,0.000000,-341.106718,13972.98327850342,44290.65738952637,9460.12172180176,0,0.0
3847,Missing_Unintentional,overly_thin,0.000000000,0.000000,-341.106718,16266.85753631592,44278.99258850098,9462.022127075195,0,0.0
3872,Missing_Unintentional,overly_thin,0.000000000,0.000000,-341.106718,20856.474547424317,44249.3093927002,7171.928292999268,0,0.0
3873,Missing_Unintentional,overly_thin,0.000000000,0.000000,-341.106718,18562.60028961182,44260.97064819336,7170.027887725831,0,0.0
3874,Missing_Unintentional,overly_thin,0.000000000,0.000000,-341.106718,18560.73179412842,44267.32778747559,9463.922532348633,0,0.0
3875,Missing_Unintentional,overly_thin,0.000000000,0.000000,-341.106718,20854.60605194092,44255.666531982424,9465.823824005127,0,0.0
3900,Missing_Unintentional,overly_thin,0.000000000,0.000000,-341.106718,25444.223063049318,44225.97979064941,7175.729989929199,0,0.0
3901,Missing_Unintentional,overly_thin,0.000000000,0.000000,-341.106718,23150.34880523682,44237.644591674805,7173.829584655762,0,0.0
3902,Missing_Unintentional,overly_thin,0.000000000,0.000000,-341.106718,23148.48030975342,44244.00173095703,9467.725115661622,0,0.0
3903,Missing_Unintentional,overly_thin,0.000000000,0.000000,-341.106718,25442.35456756592,44232.33692993164,9469.625520935058,0,0.0
3928,Missing_Unintentional,overly_thin,0.000000000,0.000000,-341.106718,30031.973351440432,44202.653734130865,7179.531686859132,0,0.0
3929,Missing_Unintentional,overly_thin,0.000000000,0.000000,-341.106718,27738.09909362793,44214.31853515625,7177.631281585694,0,0.0
3930,Missing_Unintentional,overly_thin,0.000000000,0.000000,-341.106718,27736.23059814453,44220.672128906255,9471.525926208496,0,0.0
3931,Missing_Unintentional,overly_thin,0.000000000,0.000000,-341.106718,30030.104855957034,44209.00732788086,9473.427217864992,0,0.0
3956,Missing_Unintentional,overly_thin,0.000000000,0.000000,-341.106718,34619.72186706543,44179.32413208008,7183.333383789063,0,0.0
3957,Missing_Unintentional,overly_thin,0.000000000,0.000000,-341.106718,32325.844063720706,44190.98893310547,7181.432978515625,0,0.0
3958,Missing_Unintentional,overly_thin,0.000000000,0.000000,-341.106718,32323.979113769532,44197.34252685547,9475.328509521485,0,0.0
3959,Missing_Unintentional,overly_thin,0.000000000,0.000000,-341.106718,34617.85337158203,44185.67772583008,9477.228914794923,0,0.0
3973,Nominal,overly_thin,0.075106464,191.038668,-150.068050,39190.90211059571,40712.01698303223,6049.706626052857,12,3.9822392131095315e-05
3974,Nominal,overly_thin,0.089818038,208.912490,-132.194229,39202.57045715332,43005.88414978028,6043.360566558838,0,0.0
3975,Nominal,overly_thin,0.090592332,209.811043,-131.295675,36908.696199340826,43017.54895080566,6041.459718093873,8,2.654826142073021e-05
3980,Nominal,overly_thin,0.088656604,207.557375,-133.549343,36890.25588623047,39579.9249975586,7197.926794433594,22,7.300771890700808e-05
3983,Nominal,overly_thin,0.075106464,191.038668,-150.068050,39182.2651940918,39574.617335815434,9493.72273071289,19,6.305212087423425e-05
3984,Missing_Unintentional,overly_thin,0.000000000,0.000000,-341.106718,39207.47392822266,44155.9945300293,7187.135080718995,0,0.0
3985,Missing_Unintentional,overly_thin,0.000000000,0.000000,-341.106718,36913.599670410156,44167.65933105469,7185.2346754455575,0,0.0
3986,Missing_Unintentional,overly_thin,0.000000000,0.000000,-341.106718,36911.72762939453,44174.01292480469,9479.12932006836,0,0.0
3987,Missing_Unintentional,overly_thin,0.000000000,0.000000,-341.106718,39205.601887207034,44162.3481237793,9481.030611724855,0,0.0
3991,Nominal,overly_thin,0.088656604,207.557375,-133.549343,36895.15581176758,40730.038923339845,8341.70130859375,0,0.0
3992,Nominal,overly_thin,0.077042200,193.484848,-147.621871,39195.802036132816,41862.12736328125,7193.481583404541,30,9.955598032773829e-05
3993,Nominal,overly_thin,0.080139376,197.335673,-143.771045,39200.701961669925,43012.241289062506,8337.256097564697,0,0.0
4001,Nominal,overly_thin,0.054974835,163.442347,-177.664371,43778.650626220704,40688.69092651367,6053.508322982789,25,8.296331693978191e-05
4002,Nominal,overly_thin,0.078977935,195.900484,-145.206234,43790.318972778325,42982.554547729495,6047.16226348877,0,0.0
4003,Nominal,overly_thin,0.061943475,173.492380,-167.614338,41496.44471496582,42994.21934875489,6045.261415023804,26,8.628184961737318e-05
4004,Nominal,overly_thin,0.089043744,208.010055,-133.096663,40336.90321899414,40709.36137939453,7197.6050373840335,13,4.314092480868659e-05
4008,Missing_Unintentional,overly_thin,0.010452962,71.269268,-269.837450,44924.65173461915,40686.03532287598,7201.406734313965,28,9.291891497255574e-05
4009,Nominal,overly_thin,0.060007744,170.760049,-170.346669,44936.32362670899,42979.8989440918,7195.0602316284185,32,0.00010619304568292084
4010,Nominal,overly_thin,0.086720869,205.278957,-135.827761,44922.783239135744,40692.392462158205,9495.302265319824,21,6.96891862294168e-05
4011,Missing_Unintentional,overly_thin,0.008130081,62.853586,-278.253133,44934.451585693365,42986.25608337403,9488.955762634278,22,7.300771890700808e-05
4012,Nominal,overly_thin,0.068524972,182.476547,-158.630171,41478.00440185547,39556.595395507815,7201.728491363526,45,0.00014933397049160743
4015,Missing_Unintentional,overly_thin,0.018970190,96.010440,-245.096279,43770.0137097168,39551.29127929688,9497.524427642822,35,0.00011614864371569467
4016,Missing_Unintentional,overly_thin,0.000000000,0.000000,-341.106718,43795.22244384766,44132.66492797852,7190.936777648926,0,0.0
4017,Missing_Unintentional,overly_thin,0.000000000,0.000000,-341.106718,41501.34818603516,44144.32972900391,7189.036372375489,0,0.0
4018,Missing_Unintentional,overly_thin,0.000000000,0.000000,-341.106718,41499.47614501954,44150.68686828614,9482.931903381348,0,0.0
4019,Missing_Unintentional,overly_thin,0.000000000,0.000000,-341.106718,43793.35040283203,44139.02206726075,9484.832308654786,0,0.0
4020,Nominal,overly_thin,0.057684861,167.422394,-173.684324,41487.80425292969,41856.81970153809,9489.27751968384,21,6.96891862294168e-05
4023,Nominal,overly_thin,0.070460707,185.035953,-156.070766,41482.90432739258,40706.70932128906,8345.503005523682,12,3.9822392131095315e-05
4024,Nominal,overly_thin,0.045296166,148.358811,-192.747907,43783.55055175781,41838.79776123047,7197.283280334473,39,0.00012942277442605976
4025,Nominal,overly_thin,0.064653501,177.246899,-163.859819,43788.45047729492,42988.91168701172,8341.057794494629,16,5.309652284146042e-05
4029,Nominal,overly_thin,0.059620596,170.208318,-170.898400,42628.90898132324,40704.05371765137,9493.40097366333,19,6.305212087423425e-05
4101,Missing_Intentional,overly_thin,0.001548587,27.431554,-313.675164,14911.967851257325,4154.872270126343,14159.9179196167,0,0.0
4221,Nominal,overly_thin,0.056136277,165.159829,-175.946889,37850.71220214844,4038.230021362305,14178.925517883301,0,0.0
4229,Nominal,overly_thin,0.072009295,187.058265,-154.048453,40158.12330200196,6314.07657737732,11880.585662231446,21,6.96891862294168e-05
4230,Nominal,overly_thin,0.082075104,199.704727,-141.401992,40156.25835205078,6320.432387084961,14174.481193237305,22,7.300771890700808e-05
4231,Nominal,overly_thin,0.082075104,199.704727,-141.401992,40144.58645996094,4026.5656635284427,14180.826809539796,17,5.64150555190517e-05
4232,Nominal,overly_thin,0.069686413,184.016462,-157.090256,44734.20701660156,3996.882024536133,11890.732975463869,24,7.964478426219063e-05
4233,Nominal,overly_thin,0.074719317,190.545664,-150.561055,44745.87536315918,6290.748304901123,11884.387359161377,10,3.318532677591276e-05
4234,Nominal,overly_thin,0.072009295,187.058265,-154.048453,44732.33497558594,4003.2373910522465,14184.628506469728,10,3.318532677591276e-05
4235,Nominal,overly_thin,0.062717773,174.573346,-166.533372,44744.00686767579,6297.103671417237,14178.282003784181,26,8.628184961737318e-05
4239,Nominal,overly_thin,0.061556328,172.949366,-168.157352,43579.56190063477,2862.1362081909183,14186.851555175783,19,6.305212087423425e-05
4245,Nominal,overly_thin,0.084010839,202.046013,-139.060705,43598.005759277345,6299.758388671876,13030.384922027588,0,0.0
4445,Nominal,overly_thin,0.050329074,156.383919,-184.722799,43611.54260131836,8587.269302520752,10730.142888336182,17,5.64150555190517e-05
4447,Nominal,overly_thin,0.062717773,174.573346,-166.533372,41329.33314453125,10892.800383911133,10721.895980377198,9,2.9866794098321488e-05
4450,Nominal,overly_thin,0.075880758,192.020879,-149.085839,40179.59504516602,10908.164947814943,14161.789960632324,36,0.00011946717639328595
4452,Nominal,overly_thin,0.046070460,149.621463,-191.485255,44757.543709716796,8584.614585266114,11878.041742858888,21,6.96891862294168e-05
4453,Nominal,overly_thin,0.085172281,203.437852,-137.668867,44769.21205627442,10878.48175201416,11871.69524017334,12,3.9822392131095315e-05
4454,Nominal,overly_thin,0.079365082,196.380046,-144.726672,44755.6752142334,8590.969951782226,14171.93638748169,12,3.9822392131095315e-05
4455,Nominal,overly_thin,0.042198993,143.196917,-197.909801,44767.34356079102,10884.837118530275,14165.5907711792,10,3.318532677591276e-05
4456,Nominal,overly_thin,0.079365082,196.380046,-144.726672,41310.896376953126,7455.178203430176,11878.36261352539,21,6.96891862294168e-05
4459,Nominal,overly_thin,0.046457607,150.248810,-190.857908,43602.905684814454,7449.868768920899,14174.158549804688,21,6.96891862294168e-05
4460,Nominal,overly_thin,0.073945023,189.555809,-151.550910,41320.696228027344,9755.400736694337,14165.913414611818,10,3.318532677591276e-05
4464,Nominal,overly_thin,0.065814942,178.831852,-162.274866,43616.44252685547,9737.380569152832,11873.918288879395,43,0.00014269690513642487
4465,Nominal,overly_thin,0.054587688,162.865829,-178.240889,43621.34245239258,10887.490949401856,13017.692803039552,15,4.9777990163869145e-05
4470,Missing_Unintentional,overly_thin,0.040650405,140.544890,-200.561828,42473.46930297852,10896.501919555665,14163.690365905763,24,7.964478426219063e-05
4471,Missing_Unintentional,overly_thin,0.036391791,132.979390,-208.127328,42475.337798461915,10890.145666656495,11869.794834899903,30,9.955598032773829e-05
4495,Missing_Intentional,overly_thin,0.005420054,51.319739,-289.786979,5796.685480194092,15664.505293579103,11826.689140472412,0,0.0
4643,Nominal,overly_thin,0.081687957,199.233168,-141.873551,36764.92841308594,15503.860773925782,10705.403050842286,0,0.0
4656,Nominal,overly_thin,0.084010839,202.046013,-139.060705,39052.03070434571,14348.440959167481,11857.424472961426,45,0.00014933397049160743
4657,Nominal,overly_thin,0.089043744,208.010055,-133.096663,39056.930629882816,15498.553112182619,13001.198987121583,0,0.0
4661,Missing_Intentional,overly_thin,0.005807201,53.120976,-287.985742,37897.392679443365,13213.696029205323,14153.54305267334,0,0.0
4665,Missing_Unintentional,overly_thin,0.039876115,139.199937,-201.906781,43634.879294433595,13175.00274963379,10717.450769348145,22,7.300771890700808e-05
4667,Nominal,overly_thin,0.054587688,162.865829,-178.240889,41352.67692871094,15480.532944641114,10709.20386138916,20,6.637065355182552e-05
4670,Nominal,overly_thin,0.070847854,185.543597,-155.563121,40202.93528381348,15495.897508544922,14149.096955261231,10,3.318532677591276e-05
4672,Nominal,overly_thin,0.042586140,143.852284,-197.254434,44780.88040283204,13172.347145996095,11865.348737487793,25,8.296331693978191e-05
4673,Missing_Unintentional,overly_thin,0.008130081,62.853586,-278.253133,44792.55229492188,15466.214312744141,11859.004007568361,41,0.00013605983978124233
4675,Missing_Unintentional,overly_thin,0.000000000,0.000000,-341.106718,44790.68379943848,15472.569679260254,14152.89953857422,39,0.00012942277442605976
4676,Nominal,overly_thin,0.053039100,160.539053,-180.567666,41334.23307006836,12042.910764160157,11865.67138092041,19,6.305212087423425e-05
4679,Nominal,overly_thin,0.053039100,160.539053,-180.567666,43626.24237792969,12037.602216033936,14161.467317199707,25,8.296331693978191e-05
4680,Nominal,overly_thin,0.056136277,165.159829,-175.946889,41344.040012207035,14343.133297424318,14153.220409240723,37,0.00012278570907087722
4684,Nominal,overly_thin,0.046070460,149.621463,-191.485255,43639.779219970704,14325.113129882813,11861.225283508302,33,0.00010951157836051211
4685,Nominal,overly_thin,0.041811846,142.538536,-198.568182,43644.67914550781,15475.223510131837,13005.000684051514,13,4.314092480868659e-05
4687,Nominal,overly_thin,0.063492067,175.647655,-165.459063,42487.006145019535,13184.011947021485,11863.448332214357,25,8.296331693978191e-05
4689,Nominal,overly_thin,0.057684861,167.422394,-173.684324,42485.14119506836,13190.3673135376,14157.343863220216,30,9.955598032773829e-05
4690,Nominal,overly_thin,0.079752229,196.858439,-144.248279,42496.80954162598,15484.234480285646,14150.99736053467,25,8.296331693978191e-05
4691,Nominal,overly_thin,0.064653501,177.246899,-163.859819,42498.67803710938,15477.879113769532,11857.101829528809,32,0.00010619304568292084
4747,Missing_Intentional,overly_thin,0.003097174,38.794076,-302.312643,12688.109877471925,17929.735196533205,14119.940270996094,0,0.0
4752,Missing_Intentional,overly_thin,0.001548587,27.431554,-313.675164,13840.88206604004,19070.836379394532,14117.718995056153,0,0.0
4861,Nominal,overly_thin,0.084397987,202.511022,-138.595696,39070.46747192383,17786.06313964844,10700.957839813233,0,0.0
4863,Nominal,overly_thin,0.080526516,197.811746,-143.294972,36788.26510620117,20091.595107421876,10692.710931854248,0,0.0
4876,Nominal,overly_thin,0.073170729,188.560757,-152.545961,39075.36739746094,18936.173519897464,11844.73235397339,40,0.00013274130710365104
4877,Nominal,overly_thin,0.090592332,209.811043,-131.295675,39080.26732299805,20086.2856729126,12988.506868133545,0,0.0
4885,Nominal,overly_thin,0.037166085,134.386620,-206.720098,43658.21598754883,17762.733537597658,10704.759536743164,20,6.637065355182552e-05
4887,Nominal,overly_thin,0.046844754,150.873549,-190.233170,41376.013621826176,20068.265505371095,10696.51262878418,4,1.3274130710365105e-05
4890,Nominal,overly_thin,0.084397987,202.511022,-138.595696,40226.27552246094,20083.631842041017,14136.40572265625,9,2.9866794098321488e-05
4892,Missing_Unintentional,overly_thin,0.000000000,0.000000,-341.106718,44804.22064147949,17760.08147949219,11852.657504882813,38,0.0001261042417484685
4893,Missing_Unintentional,overly_thin,0.011614402,75.124405,-265.982313,44815.88898803711,20053.946873474124,11846.311002197266,11,3.650385945350404e-05
4894,Missing_Unintentional,overly_thin,0.008130081,62.853586,-278.253133,44802.3521459961,17766.435073242188,14146.553035888674,17,5.64150555190517e-05
4895,Missing_Unintentional,overly_thin,0.001935734,30.669410,-310.437309,44814.02403808594,20060.302239990237,14140.206533203125,32,0.00010619304568292084
4896,Nominal,overly_thin,0.054587688,162.865829,-178.240889,41357.57685424805,16630.645097656252,11852.979261932374,24,7.964478426219063e-05
4899,Nominal,overly_thin,0.039488968,138.522561,-202.584157,43649.57907104492,16625.33389038086,14148.776084594727,33,0.00010951157836051211
4900,Nominal,overly_thin,0.053426247,161.123897,-179.982822,41367.37670532227,18930.8658581543,14140.529176635742,35,0.00011614864371569467
4904,Nominal,overly_thin,0.032133177,124.956673,-216.150045,43663.11591308594,18912.845690612794,11848.534050903321,45,0.00014933397049160743
4905,Missing_Unintentional,overly_thin,0.033294618,127.194883,-213.911835,43668.019384155275,20062.95784362793,12992.308565063477,12,3.9822392131095315e-05
4909,Nominal,overly_thin,0.071235001,186.049857,-155.056861,42508.477888183595,17778.09987426758,14144.652630615235,29,9.6237447650147e-05
4911,Nominal,overly_thin,0.063104920,175.111325,-165.995394,42522.01473022461,20065.609901733398,11844.410596923828,27,8.960038229496445e-05
4931,Missing_Intentional,overly_thin,0.009678668,68.578886,-272.527832,5831.6940653991705,22546.10502105713,11807.65051879883,0,0.0
5066,Missing_Intentional,overly_thin,0.027487418,115.571192,-225.535526,32203.544475097657,21271.38868347168,14126.579280090333,0,0.0
5081,Nominal,overly_thin,0.077429347,193.970382,-147.136337,39093.811256103516,22373.797473144532,10688.265720825197,4,1.3274130710365105e-05
5083,Nominal,overly_thin,0.090205185,209.362248,-131.744470,36811.601799316406,24679.325895385744,10680.018812866212,0,0.0
5091,Nominal,overly_thin,0.082849398,200.644520,-140.462199,39085.17079406739,21236.397825927736,14132.28226867676,25,8.296331693978191e-05
5096,Nominal,overly_thin,0.081300810,198.760490,-142.346228,39098.711181640625,23523.907853393557,11832.040234985352,11,3.650385945350404e-05
5101,Nominal,overly_thin,0.087495163,206.193345,-134.913373,37944.06606567383,22389.16203704834,14128.158814697266,22,7.300771890700808e-05
5103,Nominal,overly_thin,0.079752229,196.858439,-144.248279,37957.60645324707,24676.673837280276,11827.91678100586,10,3.318532677591276e-05
5105,Missing_Unintentional,overly_thin,0.029036004,118.782113,-222.324605,43681.55977172852,22350.46787109375,10692.067417755128,19,6.305212087423425e-05
5107,Nominal,overly_thin,0.048780486,153.959214,-187.147505,41399.35031494141,24655.99983886719,10683.820509796144,15,4.9777990163869145e-05
5112,Missing_Unintentional,overly_thin,0.005807201,53.120976,-287.985742,44827.560880126955,22347.812267456055,11839.965385894777,21,6.96891862294168e-05
5113,Nominal,overly_thin,0.062717773,174.573346,-166.533372,44839.229226684576,24641.679434204103,11833.619769592286,19,6.305212087423425e-05
5114,Missing_Unintentional,overly_thin,0.031746034,124.201648,-216.905070,44825.69238464356,22354.16940673828,14133.860030517579,19,6.305212087423425e-05
5115,Missing_Unintentional,overly_thin,0.012388695,77.588151,-263.518567,44837.36073120117,24648.03657348633,14127.515300598145,22,7.300771890700808e-05
5116,Nominal,overly_thin,0.041424699,141.877100,-199.229618,41380.913547363285,21218.37588562012,11840.287142944337,20,6.637065355182552e-05
5119,Missing_Unintentional,overly_thin,0.037553232,135.084738,-206.021981,43672.92285522461,21213.068223876955,14136.083079223634,38,0.0001261042417484685
5120,Nominal,overly_thin,0.090205185,209.362248,-131.744470,41390.7133984375,23518.600191650392,14127.83617126465,18,5.9733588196642975e-05
5123,Nominal,overly_thin,0.070460707,185.035953,-156.070766,41385.813472900394,22368.488038635256,12984.061657104492,0,0.0
5125,Missing_Unintentional,overly_thin,0.038714673,137.157772,-203.948946,43691.35962280274,24650.6886315918,12979.61644607544,13,4.314092480868659e-05
5129,Nominal,overly_thin,0.073170729,188.560757,-152.545961,42531.81812683106,22365.834207763673,14131.95962524414,26,8.628184961737318e-05
5131,Nominal,overly_thin,0.056523424,165.728367,-175.378351,42545.354968872074,24653.344235229495,11831.718477935792,21,6.96891862294168e-05
5223,Missing_Intentional,overly_thin,0.008904375,65.778558,-275.328161,19618.28073730469,27063.852321166993,11806.363490600586,0,0.0
5301,Nominal,overly_thin,0.074332170,190.051381,-151.055338,39117.14794921875,26961.5282611084,10675.573601837159,0,0.0
5303,Nominal,overly_thin,0.082462251,200.175175,-140.931544,36834.94203796387,29267.060228881837,10667.326693878174,4,1.3274130710365105e-05
5317,Nominal,overly_thin,0.085559428,203.899687,-137.207032,39126.94780029297,29261.752567138672,12963.122630157472,0,0.0
5321,Nominal,overly_thin,0.070460707,185.035953,-156.070766,37967.40630432129,26976.894597778322,14115.465809326173,11,3.650385945350404e-05
5323,Nominal,overly_thin,0.082075104,199.704727,-141.401992,37980.94669189453,29264.406398010255,11815.224662017823,21,6.96891862294168e-05
5325,Missing_Unintentional,overly_thin,0.021680217,102.639479,-238.467240,43704.896464843754,26938.202204589845,10679.37529876709,20,6.637065355182552e-05
5327,Nominal,overly_thin,0.046070460,149.621463,-191.485255,41422.694099121094,29243.730626831057,10671.128390808106,19,6.305212087423425e-05
5328,Nominal,overly_thin,0.057297714,166.859628,-174.247091,40263.14905761719,26958.876203002932,11823.471569976808,26,8.628184961737318e-05
5330,Nominal,overly_thin,0.044909019,147.723438,-193.383280,40272.94890869141,29259.09696350098,14111.021484680177,21,6.96891862294168e-05
5332,Missing_Unintentional,overly_thin,0.007355788,59.785686,-281.321032,44850.89757324219,26935.54660095215,11827.273266906739,19,6.305212087423425e-05
5334,Nominal,overly_thin,0.052264810,159.362931,-181.743787,44849.032623291016,26941.901967468264,14121.168797912598,4,1.3274130710365105e-05
5335,Missing_Unintentional,overly_thin,0.011614402,75.124405,-265.982313,44860.700969848636,29235.76913421631,14114.822295227052,15,4.9777990163869145e-05
5336,Nominal,overly_thin,0.082462251,200.175175,-140.931544,41404.25024047852,25806.110219116214,11827.595023956299,37,0.00012278570907087722
5339,Missing_Unintentional,overly_thin,0.024003098,107.998138,-233.108580,43696.25954833985,25800.800784606934,14123.391846618653,29,9.6237447650147e-05
5343,Nominal,overly_thin,0.065814942,178.831852,-162.274866,41409.15016601563,26956.220599365235,12971.369538116456,9,2.9866794098321488e-05
5344,Missing_Unintentional,overly_thin,0.036778938,133.684857,-207.421862,43709.79639038086,28088.31258483887,11823.149812927248,36,0.00011946717639328595
5345,Nominal,overly_thin,0.038327526,136.470260,-204.636459,43714.69631591797,29238.42296508789,12966.924327087403,21,6.96891862294168e-05
5349,Nominal,overly_thin,0.052264810,159.362931,-181.743787,42555.15836547852,26953.564995727542,14119.26839263916,14,4.645945748627787e-05
5351,Nominal,overly_thin,0.077429347,193.970382,-147.136337,42568.69520751954,29241.07856872559,11819.026358947754,18,5.9733588196642975e-05
5511,Nominal,overly_thin,0.082462251,200.175175,-140.931544,32256.996918945315,31590.610591430664,12951.074025268555,0,0.0
5513,Nominal,overly_thin,0.083623692,201.579931,-139.526787,34562.535977783205,33872.81295715332,12946.628814239502,10,3.318532677591276e-05
5521,Nominal,overly_thin,0.060007744,170.760049,-170.346669,39140.484642333984,31549.262594604494,10662.881482849121,4,1.3274130710365105e-05
5531,Nominal,overly_thin,0.050716221,156.984244,-184.122474,39131.84772583008,30411.862947387697,14106.898030700684,33,0.00010951157836051211
5532,Nominal,overly_thin,0.088269457,207.103697,-134.003022,36849.645360107424,32717.39136962891,14098.6511227417,24,7.964478426219063e-05
5537,Nominal,overly_thin,0.049167633,154.568956,-186.537762,39150.2844934082,33849.483355102544,12950.430511169434,14,4.645945748627787e-05
5545,Missing_Unintentional,overly_thin,0.027874565,116.382229,-224.724489,43728.23315795899,31525.932992553713,10666.683179779053,20,6.637065355182552e-05
5547,Nominal,overly_thin,0.048780486,153.959214,-187.147505,41446.03079223633,33831.464960327154,10658.436271820068,16,5.309652284146042e-05
5548,Nominal,overly_thin,0.048393343,153.347053,-187.759666,40286.48929626465,31546.6069909668,11810.77945098877,14,4.645945748627787e-05
5550,Nominal,overly_thin,0.059233449,169.654793,-171.451925,40296.289147338866,33846.82775146484,14098.328479309082,19,6.305212087423425e-05
5552,Missing_Unintentional,overly_thin,0.012001549,76.366216,-264.740502,44874.23781188965,31523.277388916016,11814.581147918701,16,5.309652284146042e-05
5555,Missing_Unintentional,overly_thin,0.022067364,103.551848,-237.554870,44884.0412084961,33823.50169494629,14102.131062622071,13,4.314092480868659e-05
5556,Missing_Unintentional,overly_thin,0.015873017,87.823827,-253.282891,41427.5940246582,30393.84100708008,11814.902904968263,25,8.296331693978191e-05
5559,Missing_Unintentional,overly_thin,0.027100271,114.754424,-226.352295,43719.59624145508,30388.53689086914,14110.69884124756,30,9.955598032773829e-05
5563,Nominal,overly_thin,0.054587688,162.865829,-178.240889,41432.49395019531,31543.95493286133,12958.677419128418,12,3.9822392131095315e-05
5564,Missing_Unintentional,overly_thin,0.012775842,78.791141,-262.315577,43733.1330834961,32676.043372802735,11810.45769393921,19,6.305212087423425e-05
5565,Nominal,overly_thin,0.026713124,113.931800,-227.174918,43738.033009033206,33826.15729858399,12954.232208099365,18,5.9733588196642975e-05
5569,Nominal,overly_thin,0.055749130,164.589326,-176.517392,42578.495058593755,31541.299329223635,14106.575387268067,19,6.305212087423425e-05
5571,Missing_Unintentional,overly_thin,0.041424699,141.877100,-199.229618,42592.03190063477,33828.80935668945,11806.334239959717,24,7.964478426219063e-05
5621,Missing_Intentional,overly_thin,0.006968641,58.191114,-282.915604,16225.07875732422,36253.63784729004,10631.180879211426,0,0.0
5755,Nominal,overly_thin,0.080139376,197.335673,-143.771045,36868.08212768555,36155.01532287598,12942.18360321045,4,1.3274130710365105e-05
5757,Nominal,overly_thin,0.068524972,182.476547,-158.630171,39173.62827758789,38437.217688598634,12937.738392181398,15,4.9777990163869145e-05
5765,Nominal,overly_thin,0.043747582,145.800713,-195.306005,43751.57694213867,36113.66732604981,10653.991060791017,17,5.64150555190517e-05
5767,Nominal,overly_thin,0.060782038,171.858197,-169.248522,41469.36748535156,38419.195748291015,10645.744152832032,10,3.318532677591276e-05
5768,Nominal,overly_thin,0.073170729,188.560757,-152.545961,40309.82953491211,36134.34132446289,11798.087332000734,16,5.309652284146042e-05
5772,Missing_Unintentional,overly_thin,0.014711576,84.549728,-256.556990,44897.578050537115,36111.01172241211,11801.889028930666,17,5.64150555190517e-05
5773,Nominal,overly_thin,0.045296166,148.358811,-192.747907,44909.24639709473,38404.87888916016,11795.542526245117,19,6.305212087423425e-05
5775,Missing_Unintentional,overly_thin,0.002322880,33.596655,-307.510063,44907.37790161133,38411.232482910156,14089.438057250978,20,6.637065355182552e-05
5776,Nominal,overly_thin,0.058459155,168.542290,-172.564428,41450.93071777344,34981.57534057617,11802.210785980225,40,0.00013274130710365104
5779,Missing_Unintentional,overly_thin,0.021680217,102.639479,-238.467240,43742.936480102544,34976.264133300785,14098.00760864258,35,0.00011614864371569467
5780,Nominal,overly_thin,0.045296166,148.358811,-192.747907,41460.730568847655,37281.79610107422,14089.760700683595,23,7.632625158459936e-05
5783,Nominal,overly_thin,0.044134729,146.444428,-194.662290,41455.830643310546,36131.6857208252,12945.98530014038,16,5.309652284146042e-05
5784,Missing_Unintentional,overly_thin,0.008130081,62.853586,-278.253133,43756.47686767578,37263.77770629883,11797.765574951172,24,7.964478426219063e-05
5785,Missing_Unintentional,overly_thin,0.037940379,135.779266,-205.327452,43761.37679321289,38413.88808654786,12941.54008911133,22,7.300771890700808e-05
5789,Missing_Unintentional,overly_thin,0.038327526,136.470260,-204.636459,42601.83175170899,36129.0301171875,14093.884154663087,27,8.960038229496445e-05
5791,Missing_Unintentional,overly_thin,0.036778938,133.684857,-207.421862,42615.372139282226,38416.54369018555,11793.642120971681,22,7.300771890700808e-05
5798,Nominal,overly_thin,0.036778938,133.684857,-207.421862,3640.9757381439213,43208.9225982666,14042.530665893555,16,5.309652284146042e-05
5804,Missing_Unintentional,overly_thin,0.000000000,0.000000,-341.106718,7089.491123199463,44332.00538635254,11748.314264221191,0,0.0
5805,Missing_Unintentional,overly_thin,0.000000000,0.000000,-341.106718,4795.616422195435,44343.6666418457,11746.413858947755,0,0.0
5806,Missing_Unintentional,overly_thin,0.000000000,0.000000,-341.106718,4793.7474835205085,44350.02378112793,14040.308503570557,0,0.0
5807,Missing_Unintentional,overly_thin,0.000000000,0.000000,-341.106718,7087.622627716065,44338.362525634766,14042.209795227052,0,0.0
5823,Missing_Intentional,overly_thin,0.000000000,0.000000,-341.106718,9378.464569091797,43170.23020507813,10606.440155334474,0,0.0
5832,Missing_Unintentional,overly_thin,0.000000000,0.000000,-341.106718,11677.239638824463,44308.67578430176,11752.115961151123,0,0.0
5833,Missing_Unintentional,overly_thin,0.000000000,0.000000,-341.106718,9383.365381011963,44320.340585327154,11750.21466949463,0,0.0
5834,Missing_Unintentional,overly_thin,0.000000000,0.000000,-341.106718,9381.496885528564,44326.69772460938,14044.110200500489,0,0.0
5835,Missing_Unintentional,overly_thin,0.000000000,0.000000,-341.106718,11675.371143341064,44315.03292358399,14046.010605773927,0,0.0
5860,Missing_Unintentional,overly_thin,0.000000000,0.000000,-341.106718,16264.989040832521,44285.34972778321,11755.917658081054,0,0.0
5861,Missing_Unintentional,overly_thin,0.000000000,0.000000,-341.106718,13971.11478302002,44297.0145288086,11754.017252807618,0,0.0
5862,Missing_Unintentional,overly_thin,0.000000000,0.000000,-341.106718,13969.246287536622,44303.3681225586,14047.91189743042,0,0.0
5863,Missing_Unintentional,overly_thin,0.000000000,0.000000,-341.106718,16263.120545349122,44291.703321533205,14049.813189086915,0,0.0
5888,Missing_Unintentional,overly_thin,0.000000000,0.000000,-341.106718,20852.73755645752,44262.02012573242,11759.719355010988,0,0.0
5889,Missing_Unintentional,overly_thin,0.000000000,0.000000,-341.106718,18558.86329864502,44273.684926757815,11757.818063354493,0,0.0
5890,Missing_Unintentional,overly_thin,0.000000000,0.000000,-341.106718,18556.994803161622,44280.03852050781,14051.713594360352,0,0.0
5891,Missing_Unintentional,overly_thin,0.000000000,0.000000,-341.106718,20850.86906097412,44268.37371948243,14053.61399963379,0,0.0
5916,Missing_Unintentional,overly_thin,0.000000000,0.000000,-341.106718,25440.48607208252,44238.690523681646,11763.52105194092,0,0.0
5917,Missing_Unintentional,overly_thin,0.000000000,0.000000,-341.106718,23146.61181427002,44250.35532470703,11761.620646667481,0,0.0
5918,Missing_Unintentional,overly_thin,0.000000000,0.000000,-341.106718,23144.743318786623,44256.708918457036,14055.515291290283,0,0.0
5919,Missing_Unintentional,overly_thin,0.000000000,0.000000,-341.106718,25438.61757659912,44245.044117431644,14057.416582946778,0,0.0
5935,Nominal,overly_thin,0.085172281,203.437852,-137.668867,27729.460404357913,43076.91534240723,10621.6469430542,0,0.0
5944,Missing_Unintentional,overly_thin,0.000000000,0.000000,-341.106718,30028.236360473635,44215.36092163086,11767.32274887085,0,0.0
5945,Missing_Unintentional,overly_thin,0.000000000,0.000000,-341.106718,27734.362102661133,44227.02572265625,11765.421457214356,0,0.0
5946,Missing_Unintentional,overly_thin,0.000000000,0.000000,-341.106718,27732.493607177737,44233.38286193848,14059.316988220216,0,0.0
5947,Missing_Unintentional,overly_thin,0.000000000,0.000000,-341.106718,30026.367864990236,44221.71806091309,14061.217393493653,0,0.0
5962,Nominal,overly_thin,0.082075104,199.704727,-141.401992,34611.0814050293,43041.92448486328,10627.349931640625,0,0.0
5963,Nominal,overly_thin,0.080139376,197.335673,-143.771045,32317.2071472168,43053.58928588867,10625.448639984132,0,0.0
5972,Missing_Unintentional,overly_thin,0.000000000,0.000000,-341.106718,34615.98133056641,44192.034865112306,11771.124445800782,0,0.0
5973,Missing_Unintentional,overly_thin,0.000000000,0.000000,-341.106718,32322.107072753908,44203.69612060547,11769.224040527344,0,0.0
5974,Missing_Unintentional,overly_thin,0.000000000,0.000000,-341.106718,32320.242122802738,44210.053259887696,14063.118685150148,0,0.0
5975,Missing_Unintentional,overly_thin,0.000000000,0.000000,-341.106718,34614.11638061524,44198.39200439453,14065.019976806641,0,0.0
5991,Nominal,overly_thin,0.089430891,208.461761,-132.644958,36904.9556628418,43030.259683837896,10629.250336914063,10,3.318532677591276e-05
5999,Nominal,overly_thin,0.055749130,164.589326,-176.517392,39178.528203125,39587.32806884766,14081.51379272461,31,0.00010287451300532956
6000,Missing_Unintentional,overly_thin,0.000000000,0.000000,-341.106718,39203.73693725586,44168.70526306153,11774.926142730714,0,0.0
6001,Missing_Unintentional,overly_thin,0.000000000,0.000000,-341.106718,36909.85913391114,44180.370064086914,11773.02485107422,0,0.0
6002,Missing_Unintentional,overly_thin,0.000000000,0.000000,-341.106718,36907.990638427735,44186.72720336914,14066.92038208008,0,0.0
6003,Missing_Unintentional,overly_thin,0.000000000,0.000000,-341.106718,39201.86489624024,44175.062402343756,14068.820787353516,0,0.0
6007,Nominal,overly_thin,0.081687957,199.233168,-141.873551,36891.41882080078,40742.74611083985,12929.491484222413,6,1.9911196065547657e-05
6009,Nominal,overly_thin,0.073170729,188.560757,-152.545961,39196.96497070313,43024.9484765625,12925.04627319336,0,0.0
6017,Nominal,overly_thin,0.061943475,173.492380,-167.614338,43774.913635253906,40701.398114013675,10641.29894180298,21,6.96891862294168e-05
6020,Nominal,overly_thin,0.090205185,209.362248,-131.744470,40333.166228027345,40722.07565795899,11785.395213012696,21,6.96891862294168e-05
6024,Missing_Unintentional,overly_thin,0.009291521,67.193310,-273.913408,44920.91474365235,40698.7460559082,11789.196909942628,25,8.296331693978191e-05
6025,Nominal,overly_thin,0.053426247,161.123897,-179.982822,44932.58663574219,42992.613222656255,11782.851293640137,21,6.96891862294168e-05
6026,Nominal,overly_thin,0.063492067,175.647655,-165.459063,44919.04624816895,40705.09964965821,14083.09155456543,15,4.9777990163869145e-05
6027,Missing_Unintentional,overly_thin,0.013550135,81.143631,-259.963087,44930.71459472657,42998.96681640625,14076.746824645998,29,9.6237447650147e-05
6028,Nominal,overly_thin,0.039876115,139.199937,-201.906781,41474.26741088867,39569.30967407227,11789.518666992188,36,0.00011946717639328595
6031,Missing_Unintentional,overly_thin,0.022841657,105.352882,-235.753836,43766.27671875,39563.998466796875,14085.314603271485,25,8.296331693978191e-05
6032,Missing_Unintentional,overly_thin,0.000000000,0.000000,-341.106718,43791.485452880865,44145.37920654297,11778.727839660645,0,0.0
6033,Missing_Unintentional,overly_thin,0.000000000,0.000000,-341.106718,41497.61119506836,44157.044007568365,11776.826548004152,0,0.0
6034,Missing_Unintentional,overly_thin,0.000000000,0.000000,-341.106718,41495.73915405274,44163.397601318364,14070.721192626954,0,0.0
6035,Missing_Unintentional,overly_thin,0.000000000,0.000000,-341.106718,43789.61341186523,44151.73280029297,14072.623370666504,0,0.0
6036,Nominal,overly_thin,0.049941927,155.781281,-185.325437,41484.06726196289,41869.53043457031,14077.0676953125,21,6.96891862294168e-05
6038,Nominal,overly_thin,0.083236545,201.112769,-139.993949,41490.83922851563,43013.28722106934,12926.946678466798,0,0.0
6039,Nominal,overly_thin,0.060394891,171.310003,-169.796716,41479.16733642578,40719.420054321294,12933.293181152345,11,3.650385945350404e-05
6040,Nominal,overly_thin,0.040263258,139.874027,-201.232691,43779.813560791015,41851.51203979492,11785.073455963135,43,0.00014269690513642487
6041,Nominal,overly_thin,0.057297714,166.859628,-174.247091,43784.713486328124,43001.62242004395,12928.847970123292,23,7.632625158459936e-05
6045,Nominal,overly_thin,0.056910571,166.294962,-174.811756,42625.171990356444,40716.76445068359,14081.191149291993,19,6.305212087423425e-05
6047,Nominal,overly_thin,0.086720869,205.278957,-135.827761,42638.71237792969,43004.27802368164,11780.950001983643,9,2.9866794098321488e-05
6141,Nominal,overly_thin,0.042586140,143.852284,-197.254434,19495.981148681643,4144.2547306823735,18751.509792175293,0,0.0
6151,Nominal,overly_thin,0.073170729,188.560757,-152.545961,21789.85540649414,4132.5908160400395,18753.411970214845,0,0.0
6166,Missing_Unintentional,overly_thin,0.033681765,127.932252,-213.174466,24095.39801086426,6414.793181762696,18748.965872802735,0,0.0
6234,Missing_Intentional,overly_thin,0.036004648,132.270168,-208.836550,38999.74828613282,5192.042380447388,18764.49530395508,0,0.0
6244,Nominal,overly_thin,0.088269457,207.103697,-134.003022,40142.71796447754,4032.9214732360842,16474.723226928712,19,6.305212087423425e-05
6245,Nominal,overly_thin,0.049554780,155.176302,-185.930416,40154.38631103516,6326.787753601075,16468.376724243164,9,2.9866794098321488e-05
6246,Nominal,overly_thin,0.066202089,179.357057,-161.749661,40152.521361083986,6333.143120117188,18762.272255249023,21,6.96891862294168e-05
6247,Nominal,overly_thin,0.090205185,209.362248,-131.744470,40140.84946899414,4039.2768397521977,18768.61875793457,0,0.0
6248,Missing_Unintentional,overly_thin,0.024777390,109.726216,-231.380503,44730.47002563477,4009.5927575683595,16478.52403747559,20,6.637065355182552e-05
6249,Nominal,overly_thin,0.068524972,182.476547,-158.630171,44742.138372192385,6303.459481124878,16472.17753479004,0,0.0
6250,Missing_Unintentional,overly_thin,0.008130081,62.853586,-278.253133,44728.59798461914,4015.948567276001,18772.419568481448,19,6.305212087423425e-05
6251,Missing_Unintentional,overly_thin,0.020905923,100.789966,-240.316753,44740.26987670899,6309.81529083252,18766.0730657959,28,9.291891497255574e-05
6252,Nominal,overly_thin,0.086333722,204.820232,-136.286486,41283.822692871094,2880.1561541366577,16478.846680908206,11,3.650385945350404e-05
6255,Missing_Unintentional,overly_thin,0.041424699,141.877100,-199.229618,43575.82490966797,2874.847384414673,18774.642617187503,38,0.0001261042417484685
6256,Nominal,overly_thin,0.064653501,177.246899,-163.859819,41293.62254394531,5180.378022613526,18766.395709228516,10,3.318532677591276e-05
6259,Missing_Unintentional,overly_thin,0.017808750,93.024928,-248.081790,41288.7226184082,4030.267199172974,17622.62119506836,0,0.0
6261,Nominal,overly_thin,0.060782038,171.858197,-169.248522,43594.26876831055,6312.46956489563,17618.17509765625,1,3.3185326775912764e-06
6265,Nominal,overly_thin,0.077816494,194.454703,-146.652015,42434.723726806646,4027.6129251098637,18770.51916320801,0,0.0
6453,Nominal,overly_thin,0.077816494,194.454703,-146.652015,39029.856945800784,10923.531284484863,17601.68128173828,0,0.0
6463,Nominal,overly_thin,0.074719317,190.545664,-150.561055,41325.59615356445,10905.51111694336,15309.687928771973,0,0.0
6464,Nominal,overly_thin,0.083236545,201.112769,-139.993949,40166.058203125,8620.654920349121,16462.03022155762,6,1.9911196065547657e-05
6466,Nominal,overly_thin,0.081300810,198.760490,-142.346228,40175.85805419922,10920.876567230225,18749.57924987793,21,6.96891862294168e-05
6468,Nominal,overly_thin,0.060782038,171.858197,-169.248522,44753.806718750006,8597.326204681396,16465.831032104492,16,5.309652284146042e-05
6469,Nominal,overly_thin,0.057297714,166.859628,-174.247091,44765.47506530762,10891.192485046387,16459.486302185058,5,1.659266338795638e-05
6471,Nominal,overly_thin,0.034843206,130.119288,-210.987430,44763.606569824224,10897.5478515625,18753.38183319092,29,9.6237447650147e-05
6476,Nominal,overly_thin,0.059233449,169.654793,-171.451925,41316.959237060546,9768.111469726564,18753.702703857423,21,6.96891862294168e-05
6480,Nominal,overly_thin,0.066589236,179.880729,-161.225989,43612.70553588867,9750.09130218506,16461.709350891113,28,9.291891497255574e-05
6481,Nominal,overly_thin,0.048006196,152.732432,-188.374286,43617.60546142578,10900.20256881714,17605.483865051272,5,1.659266338795638e-05
6486,Missing_Unintentional,overly_thin,0.029810298,120.355456,-220.751262,42469.73231201172,10909.212652587892,18751.47965515137,27,8.960038229496445e-05
6487,Missing_Unintentional,overly_thin,0.029423151,119.571372,-221.535346,42471.60080749512,10902.857286071778,16457.585896911623,38,0.0001261042417484685
6670,Missing_Intentional,overly_thin,0.034843206,130.119288,-210.987430,36759.319381103516,15522.928646240236,17587.08787109375,0,0.0
6672,Nominal,overly_thin,0.089430891,208.461761,-132.644958,39048.29371337891,14361.15346496582,16445.215534973144,21,6.96891862294168e-05
6673,Nominal,overly_thin,0.080913663,198.286686,-142.820033,39053.19363891602,15511.263845214844,17588.990049133303,4,1.3274130710365105e-05
6681,Nominal,overly_thin,0.061169185,172.404647,-168.702071,43631.1423034668,13187.713482666017,15305.241831359865,21,6.96891862294168e-05
6683,Nominal,overly_thin,0.071235001,186.049857,-155.056861,41348.939937744144,15493.243677673341,15296.99492340088,8,2.654826142073021e-05
6684,Nominal,overly_thin,0.083623692,201.579931,-139.526787,40189.394896240236,13208.387481079102,16449.338988952637,6,1.9911196065547657e-05
6686,Nominal,overly_thin,0.075493611,191.530403,-149.576315,40199.19829284668,15508.610014343263,18736.88801727295,16,5.309652284146042e-05
6688,Nominal,overly_thin,0.054587688,162.865829,-178.240889,44777.14341186524,13185.058765411377,16453.139799499513,19,6.305212087423425e-05
6689,Nominal,overly_thin,0.034843206,130.119288,-210.987430,44788.81530395508,15478.925045776368,16446.79506958008,9,2.9866794098321488e-05
6690,Nominal,overly_thin,0.089818038,208.912490,-132.194229,44775.278461914066,13191.415018310548,18747.035330505372,12,3.9822392131095315e-05
6691,Missing_Unintentional,overly_thin,0.023228804,106.241953,-234.864766,44786.94680847168,15485.282185058595,18740.688827819824,22,7.300771890700808e-05
6692,Nominal,overly_thin,0.040650405,140.544890,-200.561828,41330.49607910156,12055.621497192384,16453.46244293213,24,7.964478426219063e-05
6695,Nominal,overly_thin,0.061943475,173.492380,-167.614338,43622.50538696289,12050.31383544922,18749.258379211427,45,0.00014933397049160743
6696,Nominal,overly_thin,0.076655053,192.998092,-148.108626,41340.30302124024,14355.844030456545,18741.01147125244,23,7.632625158459936e-05
6700,Missing_Unintentional,overly_thin,0.032133177,124.956673,-216.150045,43636.042229003906,14337.82386291504,16449.01634552002,35,0.00011614864371569467
6701,Nominal,overly_thin,0.044134729,146.444428,-194.662290,43640.942154541015,15487.934243164063,17592.790859680175,29,9.6237447650147e-05
6703,Nominal,overly_thin,0.045683313,148.991475,-192.115243,42483.26915405274,13196.722680053712,16451.239394226075,29,9.6237447650147e-05
6705,Missing_Unintentional,overly_thin,0.038714673,137.157772,-203.948946,42481.404204101564,13203.078932952882,18745.134925231934,26,8.628184961737318e-05
6706,Nominal,overly_thin,0.081687957,199.233168,-141.873551,42493.072550659184,15496.945213317873,18738.78842254639,25,8.296331693978191e-05
6707,Nominal,overly_thin,0.050329074,156.383919,-184.722799,42494.94104614258,15490.589846801759,16444.892891540527,30,9.955598032773829e-05
6880,Nominal,overly_thin,0.087495163,206.193345,-134.913373,35624.986619262694,17819.44787109375,16432.845173034668,5,1.659266338795638e-05
6892,Nominal,overly_thin,0.084785134,202.974966,-138.131752,39071.63040649414,18948.886025695803,16432.52252960205,9,2.9866794098321488e-05
6893,Nominal,overly_thin,0.079365082,196.380046,-144.726672,39076.53033203125,20098.99817871094,17576.29704376221,4,1.3274130710365105e-05
6901,Nominal,overly_thin,0.060007744,170.760049,-170.346669,43654.47899658203,17775.446043395998,15292.550598754884,0,0.0
6903,Nominal,overly_thin,0.064266354,176.715422,-164.391296,41372.27663085938,20080.97623840332,15284.3036907959,1,3.3185326775912764e-06
6906,Nominal,overly_thin,0.072396435,187.560427,-153.546291,40222.538531494145,20096.342575073242,18724.19501190186,0,0.0
6908,Missing_Unintentional,overly_thin,0.000000000,0.000000,-341.106718,44800.483650512695,17772.792212524415,16440.44856689453,36,0.00011946717639328595
6909,Missing_Unintentional,overly_thin,0.008130081,62.853586,-278.253133,44812.151997070316,20066.659379272463,16434.102064208986,20,6.637065355182552e-05
6910,Missing_Unintentional,overly_thin,0.008130081,62.853586,-278.253133,44798.6151550293,17779.147579040527,18734.344097900394,26,8.628184961737318e-05
6911,Missing_Unintentional,overly_thin,0.000387147,13.715777,-327.390941,44810.28704711914,20073.01297302246,18727.997595214845,30,9.955598032773829e-05
6915,Nominal,overly_thin,0.073945023,189.555809,-151.550910,43645.842080078124,16638.0463961792,18736.565373840334,32,0.00010619304568292084
6916,Nominal,overly_thin,0.034068912,128.665395,-212.441324,41363.63971435547,18943.576591186524,18728.318465881348,23,7.632625158459936e-05
6920,Nominal,overly_thin,0.060782038,171.858197,-169.248522,43659.37892211914,18925.558196411133,16436.32511291504,35,0.00011614864371569467
6921,Missing_Unintentional,overly_thin,0.025938831,112.268475,-228.838243,43664.28239318848,20075.66857666016,17580.099627075197,12,3.9822392131095315e-05
6925,Nominal,overly_thin,0.077429347,193.970382,-147.136337,42504.7408972168,17790.810607299805,18732.44191986084,31,0.00010287451300532956
6927,Nominal,overly_thin,0.058459155,168.542290,-172.564428,42518.277739257814,20078.324180297852,16432.201658935548,29,9.6237447650147e-05
7097,Nominal,overly_thin,0.049167633,154.568956,-186.537762,39090.07426513672,22386.50820617676,15276.056782836915,14,4.645945748627787e-05
7099,Nominal,overly_thin,0.078590788,195.419746,-145.686972,36807.86480834961,24692.038401184083,15267.80987487793,0,0.0
7108,Nominal,overly_thin,0.090205185,209.362248,-131.744470,36799.22789184571,23554.638753967287,18711.826422729493,0,0.0
7113,Nominal,overly_thin,0.076655053,192.998092,-148.108626,39099.874116210936,24686.728966674807,17563.605811157227,13,4.314092480868659e-05
7117,Nominal,overly_thin,0.075880758,192.020879,-149.085839,37940.329074707035,22401.874542846683,18715.949876708986,18,5.9733588196642975e-05
7119,Nominal,overly_thin,0.080913663,198.286686,-142.820033,37953.86946228027,24689.3845703125,16415.70784301758,16,5.309652284146042e-05
7121,Nominal,overly_thin,0.057297714,166.859628,-174.247091,43677.82278076172,22363.178604125977,15279.85759338379,8,2.654826142073021e-05
7123,Nominal,overly_thin,0.054587688,162.865829,-178.240889,41395.61332397461,24668.710571899417,15271.610685424806,19,6.305212087423425e-05
7128,Missing_Unintentional,overly_thin,0.007355788,59.785686,-281.321032,44823.82388916016,22360.524773254398,16427.755561523438,30,9.955598032773829e-05
7129,Nominal,overly_thin,0.050716221,156.984244,-184.122474,44835.49223571778,24654.390167236328,16421.409058837893,4,1.3274130710365105e-05
7130,Missing_Unintentional,overly_thin,0.013162989,79.976038,-261.130680,44821.95539367676,22366.88013977051,18721.651092529297,16,5.309652284146042e-05
7131,Missing_Unintentional,overly_thin,0.012001549,76.366216,-264.740502,44833.623740234376,24660.747306518555,18715.304589843752,23,7.632625158459936e-05
7135,Nominal,overly_thin,0.038714673,137.157772,-203.948946,43669.185864257815,21225.77895690918,18723.874141235352,28,9.291891497255574e-05
7136,Nominal,overly_thin,0.063492067,175.647655,-165.459063,41386.976407470705,23531.310924682617,18715.62723327637,36,0.00011946717639328595
7139,Nominal,overly_thin,0.060782038,171.858197,-169.248522,41382.0764819336,22381.200544433595,17571.85271911621,10,3.318532677591276e-05
7140,Nominal,overly_thin,0.066976383,180.402881,-160.703837,43682.72270629883,23513.288984375,16423.632107543945,31,0.00010287451300532956
7141,Missing_Unintentional,overly_thin,0.032520324,125.707171,-215.399547,43687.62263183594,24663.401137390138,17567.406621704104,14,4.645945748627787e-05
7145,Nominal,overly_thin,0.064266354,176.715422,-164.391296,42528.08113586426,22378.5449407959,18719.75068725586,25,8.296331693978191e-05
7147,Nominal,overly_thin,0.065040648,177.776787,-163.329932,42541.617977905276,24666.05496826172,16419.508653564455,22,7.300771890700808e-05
7225,Missing_Intentional,overly_thin,0.014324429,83.429814,-257.676904,17332.33783508301,29382.09502197266,16385.90764465332,0,0.0
7293,Nominal,overly_thin,0.081687957,199.233168,-141.873551,34525.662442626955,26997.56859619141,15259.562966918946,0,0.0
7317,Nominal,overly_thin,0.057684861,167.422394,-173.684324,39113.41095825195,26974.24076690674,15263.363777465822,0,0.0
7319,Nominal,overly_thin,0.061943475,173.492380,-167.614338,36831.20504699707,29279.770961914066,15255.116869506837,19,6.305212087423425e-05
7333,Nominal,overly_thin,0.069299266,183.504593,-157.602125,39123.21080932618,29274.4633001709,17550.912805786134,0,0.0
7337,Nominal,overly_thin,0.074332170,190.051381,-151.055338,37963.6693133545,26989.605330810547,18703.256871337893,10,3.318532677591276e-05
7339,Nominal,overly_thin,0.078203641,194.937822,-146.168897,37977.209700927735,29277.118903808594,16403.014837646486,0,0.0
7341,Missing_Unintentional,overly_thin,0.025551684,111.427500,-229.679218,43701.159473876956,26950.912937622074,15267.166360778809,23,7.632625158459936e-05
7343,Missing_Unintentional,overly_thin,0.036778938,133.684857,-207.421862,41418.957108154296,29256.441359863282,15258.919452819826,21,6.96891862294168e-05
7344,Nominal,overly_thin,0.056910571,166.294962,-174.811756,40259.412066650395,26971.586936035157,16411.26174560547,34,0.0001128301110381034
7346,Nominal,overly_thin,0.052651957,159.952076,-181.154643,40269.21191772461,29271.807696533204,18698.810773925783,21,6.96891862294168e-05
7348,Missing_Unintentional,overly_thin,0.009678668,68.578886,-272.527832,44847.16058227539,26948.257333984377,16415.06432891846,24,7.964478426219063e-05
7350,Nominal,overly_thin,0.068137825,181.960346,-159.146372,44845.29563232422,26954.614473266603,18708.959859924318,18,5.9733588196642975e-05
7351,Missing_Unintentional,overly_thin,0.013162989,79.976038,-261.130680,44856.96397888184,29248.481640014652,18702.61335723877,21,6.96891862294168e-05
7352,Nominal,overly_thin,0.073945023,189.555809,-151.550910,41400.51324951172,25818.82095214844,16415.38519958496,37,0.00012278570907087722
7355,Missing_Unintentional,overly_thin,0.036004648,132.270168,-208.836550,43692.52255737305,25813.513290405273,18711.18113586426,34,0.0001128301110381034
7356,Nominal,overly_thin,0.068524972,182.476547,-158.630171,41410.31664611817,28119.041712646485,18702.934227905276,29,9.6237447650147e-05
7359,Nominal,overly_thin,0.055749130,164.589326,-176.517392,41405.41317504883,26968.931332397464,17559.159713745117,10,3.318532677591276e-05
7360,Missing_Unintentional,overly_thin,0.032907471,126.453215,-214.653503,43706.059399414065,28101.023317871095,16410.940874938966,35,0.00011614864371569467
7361,Missing_Unintentional,overly_thin,0.026325978,113.103197,-228.003521,43710.959324951174,29251.13369812012,17554.71538909912,28,9.291891497255574e-05
7365,Nominal,overly_thin,0.055361982,164.016840,-177.089879,42551.42137451172,26966.27750152588,18707.057681884766,17,5.64150555190517e-05
7367,Nominal,overly_thin,0.053039100,160.539053,-180.567666,42564.95821655274,29253.789301757814,16406.817420959473,12,3.9822392131095315e-05
7420,Missing_Intentional,overly_thin,0.002710027,36.288536,-304.818183,12756.257666015626,31699.291790771487,16375.7603314209,0,0.0
7513,Nominal,overly_thin,0.089043744,208.010055,-133.096663,34548.99913574219,31585.302929687503,15246.869961547853,0,0.0
7537,Nominal,overly_thin,0.058459155,168.542290,-172.564428,39136.747651367186,31561.973327636722,15250.672544860841,13,4.314092480868659e-05
7539,Nominal,overly_thin,0.088656604,207.557375,-133.549343,36854.54528564453,33867.505295410156,15242.425636901857,0,0.0
7548,Nominal,overly_thin,0.089043744,208.010055,-133.096663,36845.90836914063,32730.105648193363,18686.440411987307,22,7.300771890700808e-05
7552,Nominal,overly_thin,0.050329074,156.383919,-184.722799,39141.6475769043,32712.08725341797,16394.447059020997,34,0.0001128301110381034
7553,Nominal,overly_thin,0.076655053,192.998092,-148.108626,39146.54750244141,33862.19408813477,17538.221573181152,7,2.3229728743138934e-05
7561,Missing_Unintentional,overly_thin,0.026713124,113.931800,-227.174918,43724.49616699219,31538.64372558594,15254.473355407716,22,7.300771890700808e-05
7563,Nominal,overly_thin,0.048006196,152.732432,-188.374286,41442.29380126953,33844.17569335938,15246.226447448731,21,6.96891862294168e-05
7564,Nominal,overly_thin,0.053813394,161.706626,-179.400093,40282.75230529785,31559.32126953125,16398.57051300049,14,4.645945748627787e-05
7566,Nominal,overly_thin,0.063104920,175.111325,-165.995394,40292.552156372076,33859.5420300293,18686.1195413208,9,2.9866794098321488e-05
7568,Missing_Unintentional,overly_thin,0.015873017,87.823827,-253.282891,44870.500820922854,31535.99166748047,16402.371323547366,17,5.64150555190517e-05
7571,Missing_Unintentional,overly_thin,0.032520324,125.707171,-215.399547,44880.30067199707,33836.21242797852,18689.92212463379,11,3.650385945350404e-05
7572,Nominal,overly_thin,0.049554780,155.176302,-185.930416,41423.857033691405,30406.555285644532,16402.693966979983,25,8.296331693978191e-05
7575,Missing_Unintentional,overly_thin,0.032133177,124.956673,-216.150045,43715.85925048828,30401.24407836914,18698.48990325928,31,0.00010287451300532956
7576,Nominal,overly_thin,0.071235001,186.049857,-155.056861,41433.65688476563,32706.77604614258,18690.242995300294,30,9.955598032773829e-05
7579,Nominal,overly_thin,0.051877663,158.771600,-182.335118,41428.756959228514,31556.665665893557,17546.46848114014,17,5.64150555190517e-05
7580,Missing_Unintentional,overly_thin,0.010840109,72.577071,-268.529647,43729.3960925293,32688.75765136719,16398.247869567873,24,7.964478426219063e-05
7581,Nominal,overly_thin,0.037940379,135.779266,-205.327452,43734.29601806641,33838.86803161621,17542.02238372803,19,6.305212087423425e-05
7585,Nominal,overly_thin,0.074719317,190.545664,-150.561055,42574.75806762696,31554.01006225586,18694.366449279787,9,2.9866794098321488e-05
7587,Missing_Unintentional,overly_thin,0.032907471,126.453215,-214.653503,42588.29490966797,33841.52363525391,16394.12441558838,25,8.296331693978191e-05
7706,Missing_Intentional,overly_thin,0.018970190,96.010440,-245.096279,24258.769044799807,38528.922879638674,18660.121926269534,0,0.0
7757,Nominal,overly_thin,0.073170729,188.560757,-152.545961,39160.08789001465,36149.707661132816,15237.979539489746,17,5.64150555190517e-05
7773,Nominal,overly_thin,0.087495163,206.193345,-134.913373,39169.891286621096,38449.92842163086,17525.530340576173,9,2.9866794098321488e-05
7781,Missing_Unintentional,overly_thin,0.036391791,132.979390,-208.127328,43747.839951171874,36126.37805908203,15241.782122802735,21,6.96891862294168e-05
7783,Nominal,overly_thin,0.054200541,162.287262,-178.819456,41465.630494384764,38431.91002685547,15233.53521484375,15,4.9777990163869145e-05
7784,Nominal,overly_thin,0.064653501,177.246899,-163.859819,40306.09254394531,36147.05205749512,16385.877507629397,19,6.305212087423425e-05
7788,Missing_Unintentional,overly_thin,0.023615951,107.123644,-233.983074,44893.84105957032,36123.72600097657,16389.680090942384,12,3.9822392131095315e-05
7789,Nominal,overly_thin,0.049554780,155.176302,-185.930416,44905.50940612793,38417.59316772461,16383.333588256837,10,3.318532677591276e-05
7791,Missing_Unintentional,overly_thin,0.010840109,72.577071,-268.529647,44903.640910644535,38423.94676147461,18677.229119262698,19,6.305212087423425e-05
7792,Nominal,overly_thin,0.072783582,188.061257,-153.045461,41447.19372680664,34994.289619140625,16390.000961608886,18,5.9733588196642975e-05
7795,Missing_Unintentional,overly_thin,0.023228804,106.241953,-234.864766,43739.19594360352,34988.97841186524,18685.798670654298,30,9.955598032773829e-05
7796,Nominal,overly_thin,0.059233449,169.654793,-171.451925,41456.993577880865,37294.510379638676,18677.551762695315,33,0.00010951157836051211
7799,Nominal,overly_thin,0.076655053,192.998092,-148.108626,41452.093652343756,36144.39645385742,17533.775475769045,8,2.654826142073021e-05
7800,Nominal,overly_thin,0.037166085,134.386620,-206.720098,43752.73987670898,37276.491984863285,16385.55663696289,39,0.00012942277442605976
7801,Nominal,overly_thin,0.048780486,153.959214,-187.147505,43757.6398022461,38426.59881958008,17529.33115112305,20,6.637065355182552e-05
7805,Nominal,overly_thin,0.049167633,154.568956,-186.537762,42598.09476074219,36141.74439575196,18681.675216674805,27,8.960038229496445e-05
7807,Nominal,overly_thin,0.049941927,155.781281,-185.325437,42611.635148315436,38429.254423217775,16381.4331829834,20,6.637065355182552e-05
7813,Nominal,overly_thin,0.029423151,119.571372,-221.535346,3639.107242660523,43215.27973754883,16336.426196899414,21,6.96891862294168e-05
7820,Missing_Unintentional,overly_thin,0.000000000,0.000000,-341.106718,7085.754132232666,44344.71611938477,16336.105326232911,0,0.0
7821,Missing_Unintentional,overly_thin,0.000000000,0.000000,-341.106718,4791.87898803711,44356.380920410156,16334.20314819336,1,3.3185326775912764e-06
7822,Missing_Unintentional,overly_thin,0.000000000,0.000000,-341.106718,4790.010492553712,44362.73451416016,18628.098679199218,0,0.0
7823,Missing_Unintentional,overly_thin,0.000000000,0.000000,-341.106718,7083.885636749268,44351.06971313477,18630.00085723877,0,0.0
7848,Missing_Unintentional,overly_thin,0.000000000,0.000000,-341.106718,11673.502647857667,44321.38651733399,16339.906136779786,0,0.0
7849,Missing_Unintentional,overly_thin,0.000000000,0.000000,-341.106718,9379.628390045167,44333.05131835938,16338.005731506348,0,0.0
7850,Missing_Unintentional,overly_thin,0.000000000,0.000000,-341.106718,9377.759894561768,44339.408457641606,18631.90126251221,0,0.0
7851,Missing_Unintentional,overly_thin,0.000000000,0.000000,-341.106718,11671.634152374269,44327.743656616214,18633.801667785647,0,0.0
7876,Missing_Unintentional,overly_thin,0.000000000,0.000000,-341.106718,16261.252049865723,44298.0569152832,16343.708720092774,0,0.0
7877,Missing_Unintentional,overly_thin,0.000000000,0.000000,-341.106718,13967.377792053223,44309.721716308595,16341.808314819336,0,0.0
7878,Missing_Unintentional,overly_thin,0.000000000,0.000000,-341.106718,13965.509296569826,44316.07885559082,18635.703845825195,0,0.0
7879,Missing_Unintentional,overly_thin,0.000000000,0.000000,-341.106718,16259.383554382324,44304.41760009766,18637.604251098634,0,0.0
7904,Missing_Unintentional,overly_thin,0.000000000,0.000000,-341.106718,20849.000565490725,44274.73085876465,16347.509530639649,0,0.0
7905,Missing_Unintentional,overly_thin,0.000000000,0.000000,-341.106718,18555.126307678223,44286.39211425782,16345.609125366213,0,0.0
7906,Missing_Unintentional,overly_thin,0.000000000,0.000000,-341.106718,18553.257812194825,44292.75279907227,18639.50465637207,0,0.0
7907,Missing_Unintentional,overly_thin,0.000000000,0.000000,-341.106718,20847.132070007327,44281.087998046874,18641.40506164551,0,0.0
7932,Missing_Unintentional,overly_thin,0.000000000,0.000000,-341.106718,25436.749081115726,44251.4048022461,16351.312113952637,0,0.0
7933,Missing_Unintentional,overly_thin,0.000000000,0.000000,-341.106718,23142.874823303224,44263.069603271484,16349.409935913087,0,0.0
7934,Missing_Unintentional,overly_thin,0.000000000,0.000000,-341.106718,23141.006327819825,44269.42319702149,18643.305466918948,0,0.0
7935,Missing_Unintentional,overly_thin,0.000000000,0.000000,-341.106718,25434.880585632327,44257.7583959961,18645.207644958497,0,0.0
7960,Missing_Unintentional,overly_thin,0.000000000,0.000000,-341.106718,30024.499369506837,44228.075200195315,16355.112924499512,0,0.0
7961,Missing_Unintentional,overly_thin,0.000000000,0.000000,-341.106718,27730.62511169434,44239.74000122071,16353.212519226076,0,0.0
7962,Missing_Unintentional,overly_thin,0.000000000,0.000000,-341.106718,27728.75661621094,44246.093594970705,18647.108050231935,0,0.0
7963,Missing_Unintentional,overly_thin,0.000000000,0.000000,-341.106718,30022.630874023438,44234.42879394531,18649.008455505373,0,0.0
7988,Missing_Unintentional,overly_thin,0.000000000,0.000000,-341.106718,34612.24433959961,44204.74559814453,16358.9155078125,0,0.0
7989,Missing_Unintentional,overly_thin,0.000000000,0.000000,-341.106718,32318.37008178711,44216.41039916992,16357.015102539064,0,0.0
7990,Missing_Unintentional,overly_thin,0.000000000,0.000000,-341.106718,32316.50513183594,44222.76399291992,18650.91063354492,0,0.0
7991,Missing_Unintentional,overly_thin,0.000000000,0.000000,-341.106718,34610.37938964844,44211.09919189454,18652.81103881836,0,0.0
8005,Nominal,overly_thin,0.081300810,198.760490,-142.346228,39183.42812866211,40737.438449096684,15225.288306884766,8,2.654826142073021e-05
8016,Missing_Unintentional,overly_thin,0.000000000,0.000000,-341.106718,39199.99994628906,44181.415996093754,16362.716318359377,0,0.0
8017,Missing_Unintentional,overly_thin,0.000000000,0.000000,-341.106718,36906.12214294434,44193.080797119146,16360.815913085939,0,0.0
8018,Missing_Unintentional,overly_thin,0.000000000,0.000000,-341.106718,36904.25364746094,44199.434390869144,18654.711444091798,0,0.0
8019,Missing_Unintentional,overly_thin,0.000000000,0.000000,-341.106718,39198.12790527344,44187.76958984375,18656.611849365236,0,0.0
8033,Nominal,overly_thin,0.054587688,162.865829,-178.240889,43771.17664428711,40714.11239257813,15229.089117431642,21,6.96891862294168e-05
8034,Nominal,overly_thin,0.088269457,207.103697,-134.003022,43782.84499084473,43007.976013793945,15222.742614746094,0,0.0
8035,Nominal,overly_thin,0.075880758,192.020879,-149.085839,41488.97073303223,43019.64081481934,15220.842209472657,9,2.9866794098321488e-05
8040,Missing_Unintentional,overly_thin,0.017808750,93.024928,-248.081790,44917.17775268555,40711.456788940435,16376.98708557129,26,8.628184961737318e-05
8041,Missing_Unintentional,overly_thin,0.010452962,71.269268,-269.837450,44928.84964477539,43005.32041015625,16370.642355651857,27,8.960038229496445e-05
8042,Missing_Unintentional,overly_thin,0.024390243,108.865604,-232.241114,44915.30925720215,40717.81392822266,18670.88261657715,14,4.645945748627787e-05
8043,Missing_Unintentional,overly_thin,0.015485869,86.746190,-254.360528,44926.97760375977,43011.68109497071,18664.537886657716,26,8.628184961737318e-05
8044,Nominal,overly_thin,0.049167633,154.568956,-186.537762,41470.53041992188,39582.016861572265,16377.309729003908,39,0.00012942277442605976
8047,Nominal,overly_thin,0.040650405,140.544890,-200.561828,43762.53972778321,39576.71274536133,18673.105665283205,34,0.0001128301110381034
8048,Missing_Unintentional,overly_thin,0.000000000,0.000000,-341.106718,43787.74846191407,44158.08639404297,16366.518901672363,0,0.0
8049,Missing_Unintentional,overly_thin,0.000000000,0.000000,-341.106718,41493.874204101565,44169.75119506836,16364.616723632813,0,0.0
8050,Missing_Unintentional,overly_thin,0.000000000,0.000000,-341.106718,41492.00216308594,44176.10833435059,18658.512254638674,0,0.0
8051,Missing_Unintentional,overly_thin,0.000000000,0.000000,-341.106718,43785.87642089844,44164.447078857425,18660.414432678223,0,0.0
8052,Nominal,overly_thin,0.063104920,175.111325,-165.995394,41480.3302709961,41882.244713134765,18664.85875732422,14,4.645945748627787e-05
8056,Nominal,overly_thin,0.074719317,190.545664,-150.561055,43776.076569824225,41864.219227294925,16372.863631591797,30,9.955598032773829e-05
8057,Nominal,overly_thin,0.088269457,207.103697,-134.003022,43780.976495361334,43014.33315307617,17516.639918518067,17,5.64150555190517e-05
8061,Nominal,overly_thin,0.056910571,166.294962,-174.811756,42621.434999389654,40729.47872924805,18668.98221130371,16,5.309652284146042e-05
8063,Nominal,overly_thin,0.066976383,180.402881,-160.703837,42634.97538696289,43016.98521118164,16368.740177612306,10,3.318532677591276e-05
8114,Missing_Intentional,overly_thin,0.000387147,13.715777,-327.390941,16065.902088012695,6458.7958958435065,19889.26044708252,0,0.0
8136,Missing_Unintentional,overly_thin,0.006194348,54.863108,-286.243610,18348.10799926758,4153.264814453125,19897.507355041504,0,0.0
8160,Nominal,overly_thin,0.065814942,178.831852,-162.274866,22935.85651489258,4129.936541976929,19901.309938354494,0,0.0
8164,Missing_Unintentional,overly_thin,0.010065814,69.937014,-271.169705,21787.986911010743,4138.946182556153,21047.30572845459,0,0.0
8170,Missing_Unintentional,overly_thin,0.037553232,135.084738,-206.021981,22927.219598388674,2992.536673164368,23345.324713439943,0,0.0
8261,Nominal,overly_thin,0.059233449,169.654793,-171.451925,40150.64932006836,6339.499373016358,21056.167786254882,13,4.314092480868659e-05
8262,Nominal,overly_thin,0.074332170,190.051381,-151.055338,40148.78437011719,6345.854739532471,23350.063317260745,21,6.96891862294168e-05
8264,Nominal,overly_thin,0.075493611,191.530403,-149.576315,44726.729489135745,4022.3043769836427,21066.315099487307,10,3.318532677591276e-05
8265,Missing_Unintentional,overly_thin,0.002710027,36.288536,-304.818183,44738.39783569336,6316.1706573486335,21059.96859680176,3,9.955598032773829e-06
8266,Nominal,overly_thin,0.054974835,163.442347,-177.664371,44724.86099365235,4028.659743499756,23360.210630493166,15,4.9777990163869145e-05
8267,Nominal,overly_thin,0.050329074,156.383919,-184.722799,44736.53288574219,6322.526023864746,23353.864127807617,24,7.964478426219063e-05
8277,Nominal,overly_thin,0.065427795,178.305100,-162.801618,43590.52823181153,6325.180741119385,22205.96615966797,0,0.0
8442,Missing_Intentional,overly_thin,0.011227255,73.861719,-267.244999,32144.497181396488,10971.234647827148,22183.77112792969,0,0.0
8469,Nominal,overly_thin,0.082075104,199.704727,-141.401992,39026.11995483399,10936.24201751709,22189.47234375,0,0.0
8477,Nominal,overly_thin,0.044521872,147.085320,-194.021398,43604.068619384765,8612.691654968263,19905.724125976565,11,3.650385945350404e-05
8479,Nominal,overly_thin,0.073170729,188.560757,-152.545961,41321.859162597655,10918.221849975587,19897.47721801758,0,0.0
8480,Nominal,overly_thin,0.083236545,201.112769,-139.993949,40162.321212158204,8633.365653381348,21049.821283569338,28,9.291891497255574e-05
8482,Nominal,overly_thin,0.074719317,190.545664,-150.561055,40172.12106323242,10933.58818664551,23337.37031188965,21,6.96891862294168e-05
8484,Nominal,overly_thin,0.037166085,134.386620,-206.720098,44750.06972778321,8610.03782409668,21053.622094116214,10,3.318532677591276e-05
8485,Nominal,overly_thin,0.066976383,180.402881,-160.703837,44761.73807434082,10903.903218078614,21047.27736419678,0,0.0
8486,Nominal,overly_thin,0.066202089,179.357057,-161.749661,44748.201232299805,8616.393190612793,23347.517625122073,10,3.318532677591276e-05
8487,Nominal,overly_thin,0.048780486,153.959214,-187.147505,44759.869578857426,10910.259470977784,23341.17289520264,19,6.305212087423425e-05
8495,Nominal,overly_thin,0.073557876,189.058938,-152.047781,41308.32232055665,8630.711822509766,22197.719251708986,0,0.0
8496,Nominal,overly_thin,0.064266354,176.715422,-164.391296,43608.968544921874,9762.802035217286,21049.49864013672,27,8.960038229496445e-05
8497,Nominal,overly_thin,0.050329074,156.383919,-184.722799,43613.86847045899,10912.914188232422,22193.27492706299,1,3.3185326775912764e-06
8502,Nominal,overly_thin,0.057297714,166.859628,-174.247091,42465.995321044924,10921.923385620117,23339.270717163086,13,4.314092480868659e-05
8503,Missing_Unintentional,overly_thin,0.033681765,127.932252,-213.174466,42467.86381652833,10915.568019104005,21045.375186157227,35,0.00011614864371569467
8687,Nominal,overly_thin,0.089430891,208.461761,-132.644958,36743.91049804688,13241.772212524414,22181.225435791017,0,0.0
8689,Nominal,overly_thin,0.063104920,175.111325,-165.995394,39049.45664794922,15523.97457824707,22176.78111114502,0,0.0
8697,Nominal,overly_thin,0.086333722,204.820232,-136.286486,43627.4053125,13200.424215698244,19893.032893371583,9,2.9866794098321488e-05
8699,Nominal,overly_thin,0.069686413,184.016462,-157.090256,41345.20294677735,15505.95618347168,19884.7859854126,5,1.659266338795638e-05
8704,Nominal,overly_thin,0.053813394,161.706626,-179.400093,44773.40642089844,13197.770384826661,21040.93086151123,10,3.318532677591276e-05
8705,Nominal,overly_thin,0.068912119,182.991292,-158.115426,44785.078312988284,15491.637551574708,21034.584358825683,0,0.0
8706,Nominal,overly_thin,0.073557876,189.058938,-152.047781,44771.54147094727,13204.125751342774,23334.82639251709,0,0.0
8707,Nominal,overly_thin,0.054587688,162.865829,-178.240889,44783.20981750489,15497.992918090822,23328.479889831546,22,7.300771890700808e-05
8712,Nominal,overly_thin,0.058072008,167.983275,-173.123443,41336.56603027344,14368.55476348877,23328.802533264163,30,9.955598032773829e-05
8715,Nominal,overly_thin,0.058459155,168.542290,-172.564428,41331.6625592041,13218.444383239746,22185.028019104004,0,0.0
8716,Nominal,overly_thin,0.036778938,133.684857,-207.421862,43632.305238037115,14350.53636871338,21036.807407531738,25,8.296331693978191e-05
8717,Missing_Unintentional,overly_thin,0.029810298,120.355456,-220.751262,43637.205163574225,15500.646748962403,22180.581921691897,15,4.9777990163869145e-05
8719,Missing_Unintentional,overly_thin,0.034843206,130.119288,-210.987430,42479.53216308594,13209.435185852051,21039.030456237793,26,8.628184961737318e-05
8721,Missing_Unintentional,overly_thin,0.037940379,135.779266,-205.327452,42477.667213134766,13215.790552368166,23332.925987243652,40,0.00013274130710365104
8722,Nominal,overly_thin,0.049554780,155.176302,-185.930416,42489.33555969239,15509.657719116212,23326.579484558108,21,6.96891862294168e-05
8723,Missing_Unintentional,overly_thin,0.037166085,134.386620,-206.720098,42491.20405517578,15503.300579833985,21032.68395355225,36,0.00011946717639328595
8764,Missing_Intentional,overly_thin,0.003484321,41.147332,-299.959387,11541.402321777345,19101.56727996826,20997.50341003418,0,0.0
8823,Missing_Intentional,overly_thin,0.003097174,38.794076,-302.312643,23017.542031860354,20187.001834106446,19856.88796508789,0,0.0
8893,Nominal,overly_thin,0.079752229,196.858439,-144.248279,39062.99348999024,17811.484605712893,19876.539077453614,0,0.0
8917,Nominal,overly_thin,0.083236545,201.112769,-139.993949,43650.74200561524,17788.158549194337,19880.33988800049,0,0.0
8919,Nominal,overly_thin,0.049554780,155.176302,-185.930416,41368.53963989258,20093.68697143555,19872.092980041503,13,4.314092480868659e-05
8920,Nominal,overly_thin,0.080526516,197.811746,-143.294972,40208.9981439209,17808.832547607424,21024.437045593262,6,1.9911196065547657e-05
8922,Nominal,overly_thin,0.086720869,205.278957,-135.827761,40218.79799499512,20109.05330810547,23311.986073913577,0,0.0
8924,Missing_Unintentional,overly_thin,0.000000000,0.000000,-341.106718,44796.746659545905,17785.50294555664,21028.239628906253,35,0.00011614864371569467
8925,Missing_Unintentional,overly_thin,0.008130081,62.853586,-278.253133,44808.41500610352,20079.37011230469,21021.893126220704,27,8.960038229496445e-05
8926,Missing_Unintentional,overly_thin,0.008130081,62.853586,-278.253133,44794.8781640625,17791.858312072756,23322.13515991211,37,0.00012278570907087722
8927,Missing_Unintentional,overly_thin,0.000000000,0.000000,-341.106718,44806.550056152344,20085.72370605469,23315.788657226563,29,9.6237447650147e-05
8928,Nominal,overly_thin,0.086333722,204.820232,-136.286486,41350.102872314455,16656.066563720706,21028.560499572755,20,6.637065355182552e-05
8931,Nominal,overly_thin,0.088269457,207.103697,-134.003022,43642.105089111334,16650.75890197754,23324.356435852053,26,8.628184961737318e-05
8935,Nominal,overly_thin,0.064266354,176.715422,-164.391296,41355.002797851565,17806.176943969727,22172.33501373291,0,0.0
8936,Missing_Unintentional,overly_thin,0.019357337,96.985191,-244.121527,43655.64193115235,18938.268929443362,21024.11617492676,20,6.637065355182552e-05
8937,Nominal,overly_thin,0.031358887,123.441997,-217.664721,43660.54540222168,20088.379309692384,22167.890689086915,7,2.3229728743138934e-05
8941,Nominal,overly_thin,0.063879207,176.182342,-164.924376,42501.00390625,17803.523113098145,23320.23298187256,29,9.6237447650147e-05
8943,Nominal,overly_thin,0.057297714,166.859628,-174.247091,42514.540748291016,20091.03491333008,21019.992720947266,29,9.6237447650147e-05
9113,Nominal,overly_thin,0.085559428,203.899687,-137.207032,39086.33727416993,22399.218939208986,19863.847844848635,0,0.0
9128,Nominal,overly_thin,0.071622148,186.554742,-154.551976,39091.23719970704,23549.32931945801,21007.62235900879,21,6.96891862294168e-05
9133,Nominal,overly_thin,0.080913663,198.286686,-142.820033,37936.59208374024,22414.585275878908,23303.73916595459,15,4.9777990163869145e-05
9137,Missing_Unintentional,overly_thin,0.027100271,114.754424,-226.352295,43674.085789794924,22375.889337158205,19867.648655395507,16,5.309652284146042e-05
9139,Nominal,overly_thin,0.062330622,174.033700,-167.073018,41391.876333007815,24681.421304931642,19859.401747436525,6,1.9911196065547657e-05
9144,Missing_Unintentional,overly_thin,0.010840109,72.577071,-268.529647,44820.08689819336,22373.237279052737,21015.546623535156,31,0.00010287451300532956
9145,Nominal,overly_thin,0.048393343,153.347053,-187.759666,44831.75524475098,24667.10267303467,21009.20012084961,16,5.309652284146042e-05
9146,Missing_Unintentional,overly_thin,0.014324429,83.429814,-257.676904,44818.218402709965,22379.590872802735,23309.44215454102,23,7.632625158459936e-05
9147,Missing_Unintentional,overly_thin,0.018195895,94.030629,-247.076090,44829.88674926758,24673.458039550784,23303.09565185547,28,9.291891497255574e-05
9148,Nominal,overly_thin,0.085559428,203.899687,-137.207032,41373.43956542969,21243.799124450685,21015.869266967773,19,6.305212087423425e-05
9151,Nominal,overly_thin,0.089043744,208.010055,-133.096663,43665.44887329102,21238.48968994141,23311.66520324707,26,8.628184961737318e-05
9155,Nominal,overly_thin,0.053813394,161.706626,-179.400093,41378.3394909668,22393.91127746582,22159.643781127932,0,0.0
9156,Nominal,overly_thin,0.044134729,146.444428,-194.662290,43678.98571533203,23526.00149017334,21011.423169555666,32,0.00010619304568292084
9157,Missing_Unintentional,overly_thin,0.036004648,132.270168,-208.836550,43683.88564086914,24676.113643188477,22155.19768371582,19,6.305212087423425e-05
9161,Nominal,overly_thin,0.060782038,171.858197,-169.248522,42524.34414489746,22391.255673828127,23307.54174926758,28,9.291891497255574e-05
9163,Nominal,overly_thin,0.072009295,187.058265,-154.048453,42537.88098693848,24678.765701293945,21007.299715576173,17,5.64150555190517e-05
9273,Missing_Intentional,overly_thin,0.002322880,33.596655,-307.510063,23057.452315368653,28218.71371459961,20981.622971191406,0,0.0
9303,Missing_Intentional,overly_thin,0.017034456,90.980173,-250.126545,28786.303786621094,27042.61812866211,20989.54900848389,0,0.0
9329,Missing_Intentional,overly_thin,0.003097174,38.794076,-302.312643,33372.183806762696,27025.645665893557,23287.24535003662,0,0.0
9333,Nominal,overly_thin,0.089430891,208.461761,-132.644958,39109.67396728516,26986.95327270508,19851.154839477542,4,1.3274130710365105e-05
9353,Nominal,overly_thin,0.082075104,199.704727,-141.401992,37959.9323223877,27002.316063842776,23291.04793334961,11,3.650385945350404e-05
9355,Nominal,overly_thin,0.086333722,204.820232,-136.286486,37973.47270996094,29289.829636840823,20990.805899658204,9,2.9866794098321488e-05
9357,Missing_Unintentional,overly_thin,0.034843206,130.119288,-210.987430,43697.42248291016,26963.6236706543,19854.95742279053,22,7.300771890700808e-05
9359,Nominal,overly_thin,0.046070460,149.621463,-191.485255,41415.220117187506,29269.15209289551,19846.710514831546,11,3.650385945350404e-05
9362,Nominal,overly_thin,0.061169185,172.404647,-168.702071,40265.474926757815,29284.520202331543,23286.6018359375,33,0.00010951157836051211
9364,Missing_Unintentional,overly_thin,0.014711576,84.549728,-256.556990,44843.423591308594,26960.9680670166,21002.855390930177,17,5.64150555190517e-05
9365,Nominal,overly_thin,0.072009295,187.058265,-154.048453,44855.09548339844,29254.83523376465,20996.50888824463,4,1.3274130710365105e-05
9366,Nominal,overly_thin,0.034456059,129.394384,-211.712335,44841.55864135743,26967.32520629883,23296.749149169922,11,3.650385945350404e-05
9367,Missing_Unintentional,overly_thin,0.015485869,86.746190,-254.360528,44853.22698791504,29261.192373046877,23290.404419250488,19,6.305212087423425e-05
9371,Nominal,overly_thin,0.039876115,139.199937,-201.906781,43688.78556640625,25826.224023437502,23298.972197875977,20,6.637065355182552e-05
9372,Nominal,overly_thin,0.084397987,202.511022,-138.595696,41406.57610961914,28131.754218444825,23290.725289916994,32,0.00010619304568292084
9375,Nominal,overly_thin,0.066589236,179.880729,-161.225989,41401.67618408203,26981.64206542969,22146.95077575684,0,0.0
9376,Nominal,overly_thin,0.057297714,166.859628,-174.247091,43702.32240844727,28113.73405090332,20998.731936950684,25,8.296331693978191e-05
9377,Missing_Unintentional,overly_thin,0.026713124,113.931800,-227.174918,43707.22233398438,29263.844431152345,22142.50645111084,25,8.296331693978191e-05
9381,Nominal,overly_thin,0.065814942,178.831852,-162.274866,42547.6808380127,26978.99000732422,23294.848743896484,12,3.9822392131095315e-05
9383,Nominal,overly_thin,0.061556328,172.949366,-168.157352,42561.22122558594,29266.500034790042,20994.60848297119,21,6.96891862294168e-05
9553,Nominal,overly_thin,0.069299266,183.504593,-157.602125,39133.010660400396,31574.684060668947,19838.46360687256,0,0.0
9567,Nominal,overly_thin,0.085172281,203.437852,-137.668867,36837.27145263672,31592.706000976563,22130.45695983887,10,3.318532677591276e-05
9569,Nominal,overly_thin,0.062330622,174.033700,-167.073018,39142.810511474614,33874.90836669922,22126.012635192874,11,3.650385945350404e-05
9577,Nominal,overly_thin,0.033681765,127.932252,-213.174466,43720.75917602539,31551.358004150392,19842.264417419436,20,6.637065355182552e-05
9579,Nominal,overly_thin,0.065040648,177.776787,-163.329932,41438.55681030274,33856.886426391604,19834.01750946045,11,3.650385945350404e-05
9580,Nominal,overly_thin,0.057297714,166.859628,-174.247091,40279.01531433106,31572.02845703125,20986.361575012208,21,6.96891862294168e-05
9582,Nominal,overly_thin,0.056910571,166.294962,-174.811756,40288.81516540528,33872.25276306152,23273.910603332522,12,3.9822392131095315e-05
9584,Missing_Unintentional,overly_thin,0.017808750,93.024928,-248.081790,44866.76382995606,31548.7024005127,20990.162385559084,17,5.64150555190517e-05
9587,Missing_Unintentional,overly_thin,0.018195895,94.030629,-247.076090,44876.563681030275,33848.923161010745,23277.711413879395,21,6.96891862294168e-05
9588,Nominal,overly_thin,0.069299266,183.504593,-157.602125,41420.120042724615,30419.262473144532,20990.4850289917,25,8.296331693978191e-05
9591,Nominal,overly_thin,0.047231901,151.495711,-189.611007,43712.122259521486,30413.958356933595,23286.280965271,32,0.00010619304568292084
9592,Nominal,overly_thin,0.078977935,195.900484,-145.206234,41429.91989379883,32719.486779174807,23278.034057312012,31,0.00010287451300532956
9595,Nominal,overly_thin,0.044521872,147.085320,-194.021398,41425.019968261724,31569.376398925782,22134.259543151857,9,2.9866794098321488e-05
9596,Nominal,overly_thin,0.047619049,152.115328,-188.991390,43725.6591015625,32701.46483886719,20986.03893157959,30,9.955598032773829e-05
9597,Missing_Intentional,overly_thin,0.006581495,56.551599,-284.555120,43730.55902709961,33851.57876464844,22129.813445739746,0,0.0
9603,Missing_Unintentional,overly_thin,0.039876115,139.199937,-201.906781,42584.557918701175,33854.23082275391,20981.915477600098,30,9.955598032773829e-05
9735,Nominal,overly_thin,0.073170729,188.560757,-152.545961,29972.213405761722,35071.67440551758,23262.183755493166,14,4.645945748627787e-05
9778,Missing_Intentional,overly_thin,0.002710027,36.288536,-304.818183,35724.40688842774,38483.313153076175,23257.416787414553,0,0.0
9789,Nominal,overly_thin,0.075106464,191.038668,-150.068050,39166.1542956543,38462.63915466309,22113.319629821777,13,4.314092480868659e-05
9797,Nominal,overly_thin,0.046844754,150.873549,-190.233170,43744.099414672855,36139.08879211426,19829.573184814453,13,4.314092480868659e-05
9799,Nominal,overly_thin,0.084785134,202.974966,-138.131752,41461.893503417974,38444.6207598877,19821.32627685547,0,0.0
9800,Nominal,overly_thin,0.076267906,192.510106,-148.596613,40302.355552978515,36159.76279052735,20973.668569641115,9,2.9866794098321488e-05
9804,Missing_Unintentional,overly_thin,0.030197445,121.134465,-219.972254,44890.10406860352,36136.43318847656,20977.471152954102,12,3.9822392131095315e-05
9805,Nominal,overly_thin,0.085946575,204.360478,-136.746241,44901.77241516113,38430.30035522461,20971.124650268557,0,0.0
9807,Nominal,overly_thin,0.039488968,138.522561,-202.584157,44899.90391967774,38436.657494506835,23265.020181274416,8,2.654826142073021e-05
9808,Nominal,overly_thin,0.080913663,198.286686,-142.820033,41443.45673583985,35006.99680664063,20977.79202362061,31,0.00010287451300532956
9811,Missing_Unintentional,overly_thin,0.041037552,141.212566,-199.894152,43735.45895263672,35001.689144897464,23273.587959899905,28,9.291891497255574e-05
9815,Nominal,overly_thin,0.050716221,156.984244,-184.122474,41448.35666137696,36157.110732421876,22121.566537780764,22,7.300771890700808e-05
9816,Missing_Unintentional,overly_thin,0.038327526,136.470260,-204.636459,43749.00288574219,37289.19917236328,20973.347698974612,36,0.00011946717639328595
9817,Missing_Unintentional,overly_thin,0.024777390,109.726216,-231.380503,43753.9028112793,38439.313098144536,22117.122213134768,21,6.96891862294168e-05
9821,Nominal,overly_thin,0.058846302,169.099457,-172.007262,42594.35776977539,36154.45512878418,23269.464505920412,39,0.00012942277442605976
9823,Nominal,overly_thin,0.054974835,163.442347,-177.664371,42607.89815734864,38441.96515625,20969.22424499512,22,7.300771890700808e-05
9836,Missing_Unintentional,overly_thin,0.000000000,0.000000,-341.106718,7082.016698074342,44357.426852417,20923.894615478515,0,0.0
9837,Missing_Unintentional,overly_thin,0.000000000,0.000000,-341.106718,4788.141997070313,44369.09165344239,20921.99421020508,0,0.0
9838,Missing_Unintentional,overly_thin,0.000000000,0.000000,-341.106718,4786.273501586915,44375.448792724615,23215.88974121094,0,0.0
9839,Missing_Unintentional,overly_thin,0.000000000,0.000000,-341.106718,7080.147759399414,44363.78399169922,23217.790146484378,0,0.0
9864,Missing_Unintentional,overly_thin,0.000000000,0.000000,-341.106718,11669.76565689087,44334.10079589844,20927.697198791506,0,0.0
9865,Missing_Unintentional,overly_thin,0.000000000,0.000000,-341.106718,9375.89139907837,44345.76559692383,20925.796793518068,0,0.0
9866,Missing_Unintentional,overly_thin,0.000000000,0.000000,-341.106718,9374.022017211915,44352.11919067383,23219.692324523927,0,0.0
9867,Missing_Unintentional,overly_thin,0.000000000,0.000000,-341.106718,11667.89716140747,44340.45438964844,23221.592729797365,0,0.0
9892,Missing_Unintentional,overly_thin,0.000000000,0.000000,-341.106718,16257.515058898927,44310.77119384766,20931.499782104493,0,0.0
9893,Missing_Unintentional,overly_thin,0.000000000,0.000000,-341.106718,13963.640801086427,44322.43599487305,20929.597604064944,0,0.0
9894,Missing_Unintentional,overly_thin,0.000000000,0.000000,-341.106718,13961.772305603028,44328.78958862305,23223.493135070803,0,0.0
9895,Missing_Unintentional,overly_thin,0.000000000,0.000000,-341.106718,16255.646563415528,44317.12478759766,23225.39531311035,0,0.0
9920,Missing_Unintentional,overly_thin,0.000000000,0.000000,-341.106718,20845.263574523928,44287.44159179688,20935.30059265137,0,0.0
9921,Missing_Unintentional,overly_thin,0.000000000,0.000000,-341.106718,18551.389316711426,44299.106392822265,20933.40018737793,0,0.0
9922,Missing_Unintentional,overly_thin,0.000000000,0.000000,-341.106718,18549.520821228027,44305.45998657227,23227.29571838379,0,0.0
9923,Missing_Unintentional,overly_thin,0.000000000,0.000000,-341.106718,20843.39507904053,44293.79518554688,23229.196123657228,0,0.0
9948,Missing_Unintentional,overly_thin,0.000000000,0.000000,-341.106718,25433.012090148928,44264.111989746096,20939.101403198245,0,0.0
9949,Missing_Unintentional,overly_thin,0.000000000,0.000000,-341.106718,23139.137832336426,44275.77679077149,20937.200997924807,0,0.0
9950,Missing_Unintentional,overly_thin,0.000000000,0.000000,-341.106718,23137.269336853027,44282.133930053715,23231.096528930666,0,0.0
9951,Missing_Unintentional,overly_thin,0.000000000,0.000000,-341.106718,25431.14359466553,44270.46912902832,23232.996934204104,0,0.0
9976,Missing_Intentional,overly_thin,0.000000000,0.000000,-341.106718,30020.758833007814,44240.78593322754,20942.90398651123,0,0.0
9977,Missing_Unintentional,overly_thin,0.000000000,0.000000,-341.106718,27726.886347961427,44252.447188720704,20941.003581237794,0,0.0
9978,Missing_Unintentional,overly_thin,0.000000000,0.000000,-341.106718,27725.017852478028,44258.80432800293,23234.899112243653,0,0.0
9979,Missing_Unintentional,overly_thin,0.000000000,0.000000,-341.106718,30018.893883056644,44247.14307250977,23236.79951751709,0,0.0
10003,Missing_Intentional,overly_thin,0.000000000,0.000000,-341.106718,34583.30570556641,39636.07913696289,23253.29333343506,0,0.0
10004,Missing_Unintentional,overly_thin,0.000000000,0.000000,-341.106718,34608.50734863281,44217.45633117676,20946.70656982422,0,0.0
10005,Missing_Unintentional,overly_thin,0.000000000,0.000000,-341.106718,32314.633090820313,44229.12113220215,20944.80439178467,0,0.0
10006,Missing_Unintentional,overly_thin,0.000000000,0.000000,-341.106718,32312.768140869142,44235.478271484375,23238.69992279053,0,0.0
10007,Missing_Unintentional,overly_thin,0.000000000,0.000000,-341.106718,34606.642398681644,44223.81347045899,23240.602100830078,0,0.0
10022,Nominal,overly_thin,0.084785134,202.974966,-138.131752,39191.359484252935,43044.016348876954,19806.73286621094,0,0.0
10027,Missing_Intentional,overly_thin,0.024003098,107.998138,-233.108580,35736.07523498535,40777.18031982422,23251.070284729005,0,0.0
10030,Missing_Intentional,overly_thin,0.025938831,112.268475,-228.838243,36877.179963378905,39624.4143359375,23255.193738708498,0,0.0
10032,Missing_Unintentional,overly_thin,0.000000000,0.000000,-341.106718,39196.262955322265,44194.13027465821,20950.507380371095,0,0.0
10033,Missing_Unintentional,overly_thin,0.000000000,0.000000,-341.106718,36902.38515197754,44205.7950756836,20948.606975097657,0,0.0
10034,Missing_Unintentional,overly_thin,0.000000000,0.000000,-341.106718,36900.51665649414,44212.1486694336,23242.502506103516,0,0.0
10035,Missing_Unintentional,overly_thin,0.000000000,0.000000,-341.106718,39194.39091430664,44200.483868408206,23244.402911376954,0,0.0
10040,Nominal,overly_thin,0.079365082,196.380046,-144.726672,39184.59106323242,41900.263107910156,20956.853883056643,13,4.314092480868659e-05
10041,Nominal,overly_thin,0.085172281,203.437852,-137.668867,39189.49098876953,43050.37348815918,22100.6283972168,0,0.0
10049,Nominal,overly_thin,0.070847854,185.543597,-155.563121,43767.43965332032,40726.82312561035,19816.88017944336,9,2.9866794098321488e-05
10051,Nominal,overly_thin,0.089043744,208.010055,-133.096663,41485.23374206543,43032.35154785156,19808.633271484377,4,1.3274130710365105e-05
10056,Missing_Unintentional,overly_thin,0.008130081,62.853586,-278.253133,44913.44076171875,40724.16752197266,20964.77814758301,27,8.960038229496445e-05
10057,Missing_Unintentional,overly_thin,0.004645761,47.512845,-293.593873,44925.112653808595,43018.034688720705,20958.43164489746,0,0.0
10058,Missing_Unintentional,overly_thin,0.017421603,92.008231,-249.098487,44911.57226623535,40730.52111572266,23258.673678588868,17,5.64150555190517e-05
10059,Missing_Unintentional,overly_thin,0.003484321,41.147332,-299.959387,44923.24061279297,43024.3882824707,23252.327175903323,31,0.00010287451300532956
10060,Nominal,overly_thin,0.083623692,201.579931,-139.526787,41466.79342895508,39594.73114013672,20965.100791015626,21,6.96891862294168e-05
10063,Nominal,overly_thin,0.049167633,154.568956,-186.537762,43758.80273681641,39589.41993286133,23260.896727294923,23,7.632625158459936e-05
10064,Missing_Unintentional,overly_thin,0.000000000,0.000000,-341.106718,43784.01147094727,44170.80067260742,20954.30819091797,0,0.0
10065,Missing_Unintentional,overly_thin,0.000000000,0.000000,-341.106718,41490.13721313477,44182.465473632816,20952.407785644533,0,0.0
10066,Missing_Unintentional,overly_thin,0.000000000,0.000000,-341.106718,41488.26517211914,44188.819067382814,23246.303316650392,0,0.0
10067,Missing_Unintentional,overly_thin,0.000000000,0.000000,-341.106718,43782.139429931645,44177.15426635742,23248.20372192383,0,0.0
10070,Nominal,overly_thin,0.087882310,206.649022,-134.457696,41483.365246582034,43038.70868713379,22102.528802490237,0,0.0
10071,Nominal,overly_thin,0.058846302,169.099457,-172.007262,41471.69335449219,40744.841520385744,22108.87530517578,0,0.0
10072,Nominal,overly_thin,0.081687957,199.233168,-141.873551,43772.33957885743,41876.93350585938,20960.654693603516,29,9.6237447650147e-05
10073,Nominal,overly_thin,0.063492067,175.647655,-165.459063,43777.239504394536,43027.043886108404,22104.429207763675,19,6.305212087423425e-05
10077,Nominal,overly_thin,0.071235001,186.049857,-155.056861,42617.698008422856,40742.18591674805,23256.77327331543,20,6.637065355182552e-05
10079,Nominal,overly_thin,0.085172281,203.437852,-137.668867,42631.23839599609,43029.6994897461,20956.531239624026,8,2.654826142073021e-05
10277,Missing_Unintentional,overly_thin,0.041037552,141.212566,-199.894152,40146.912329101564,6352.210549240112,25643.958848266604,10,3.318532677591276e-05
10278,Nominal,overly_thin,0.065814942,178.831852,-162.274866,40145.04737915039,6358.565915756226,27937.85260650635,20,6.637065355182552e-05
10280,Nominal,overly_thin,0.050329074,156.383919,-184.722799,44722.99249816895,4035.0155532073977,25654.106161499025,27,8.960038229496445e-05
10281,Nominal,overly_thin,0.048393343,153.347053,-187.759666,44734.66084472657,6328.881833572388,25647.759658813477,5,1.659266338795638e-05
10282,Nominal,overly_thin,0.042973287,144.504680,-196.602039,44721.12400268555,4041.370919723511,27948.001692504884,4,1.3274130710365105e-05
10283,Missing_Unintentional,overly_thin,0.018970190,96.010440,-245.096279,44732.795894775394,6335.237643280029,27941.65518981934,29,9.6237447650147e-05
10293,Nominal,overly_thin,0.084397987,202.511022,-138.595696,43586.79124084473,6337.89191734314,26793.75722167969,0,0.0
10298,Missing_Intentional,overly_thin,0.008517228,64.332697,-276.774021,42438.92163696289,6346.901557922363,27939.7547845459,0,0.0
10493,Nominal,overly_thin,0.085172281,203.437852,-137.668867,43600.331628417975,8625.402388000488,24493.515187988283,0,0.0
10496,Nominal,overly_thin,0.082075104,199.704727,-141.401992,40158.584221191406,8646.076386413575,25637.612345581056,22,7.300771890700808e-05
10497,Nominal,overly_thin,0.085946575,204.360478,-136.746241,40170.25256774903,10939.943553161622,25631.26584289551,9,2.9866794098321488e-05
10498,Nominal,overly_thin,0.086333722,204.820232,-136.286486,40168.384072265624,10946.298919677734,27925.16137390137,19,6.305212087423425e-05
10499,Nominal,overly_thin,0.070847854,185.543597,-155.563121,40156.71572570801,8652.431752929688,27931.507876586915,20,6.637065355182552e-05
10500,Nominal,overly_thin,0.052651957,159.952076,-181.154643,44746.33273681641,8622.748557128907,25641.413156127932,23,7.632625158459936e-05
10501,Nominal,overly_thin,0.063492067,175.647655,-165.459063,44758.00108337402,10916.615723876954,25635.066653442384,0,0.0
10502,Nominal,overly_thin,0.059620596,170.208318,-170.898400,44744.46424133301,8629.10392364502,27935.30868713379,0,0.0
10503,Nominal,overly_thin,0.051877663,158.771600,-182.335118,44756.13258789063,10922.971090393066,27928.962184448243,22,7.300771890700808e-05
10507,Nominal,overly_thin,0.084010839,202.046013,-139.060705,43591.69471191407,7488.0027407836915,27937.531735839846,0,0.0
10512,Nominal,overly_thin,0.090205185,209.362248,-131.744470,43605.231553955084,9775.514541015626,25637.28970214844,4,1.3274130710365105e-05
10513,Nominal,overly_thin,0.066976383,180.402881,-160.703837,43610.13147949219,10925.624921264649,26781.064216308594,0,0.0
10519,Nominal,overly_thin,0.071622148,186.554742,-154.551976,42464.12682556153,10928.278752136232,25633.166248168945,12,3.9822392131095315e-05
10713,Nominal,overly_thin,0.062330622,174.033700,-167.073018,43623.66832153321,13213.135835113526,24480.8239553833,6,1.9911196065547657e-05
10715,Nominal,overly_thin,0.080913663,198.286686,-142.820033,41341.46595581055,15518.666916503907,24472.577047424318,0,0.0
10716,Nominal,overly_thin,0.084785134,202.974966,-138.131752,40181.92091430664,13233.809833526611,25624.919340209963,19,6.305212087423425e-05
10720,Missing_Unintentional,overly_thin,0.039488968,138.522561,-202.584157,44769.669429931644,13210.481117858888,25628.72192352295,26,8.628184961737318e-05
10722,Nominal,overly_thin,0.068137825,181.960346,-159.146372,44767.80447998047,13216.836484375,27922.61745452881,10,3.318532677591276e-05
10723,Nominal,overly_thin,0.048393343,153.347053,-187.759666,44779.47282653809,15510.703651123047,27916.270951843264,20,6.637065355182552e-05
10731,Nominal,overly_thin,0.059620596,170.208318,-170.898400,41327.925568237304,13231.155116271973,26772.81730834961,0,0.0
10732,Nominal,overly_thin,0.050329074,156.383919,-184.722799,43628.56824707032,14363.247101745606,25624.59846954346,31,0.00010287451300532956
10733,Missing_Unintentional,overly_thin,0.040263258,139.874027,-201.232691,43633.46817260743,15513.35748199463,26768.372983703615,20,6.637065355182552e-05
10735,Missing_Unintentional,overly_thin,0.037166085,134.386620,-206.720098,42475.79517211914,13222.145918884278,25626.8197454834,18,5.9733588196642975e-05
10737,Missing_Unintentional,overly_thin,0.024003098,107.998138,-233.108580,42473.93022216797,13228.50128540039,27920.71527648926,30,9.955598032773829e-05
10738,Missing_Unintentional,overly_thin,0.034068912,128.665395,-212.441324,42485.59856872559,15522.36845214844,27914.370546569826,27,8.960038229496445e-05
10739,Missing_Unintentional,overly_thin,0.030584592,121.908495,-219.198223,42487.467064208984,15516.011312866212,25620.475015563967,40,0.00013274130710365104
10925,Nominal,overly_thin,0.088269457,207.103697,-134.003022,39069.05635009766,20124.419644775393,26751.879167785646,0,0.0
10933,Nominal,overly_thin,0.046070460,149.621463,-191.485255,43647.00501464844,17800.869282226562,24468.130950012208,16,5.309652284146042e-05
10935,Nominal,overly_thin,0.069686413,184.016462,-157.090256,41364.80264892578,20106.39947723389,24459.884042053225,0,0.0
10936,Nominal,overly_thin,0.083236545,201.112769,-139.993949,40205.2611529541,17821.54328063965,25612.22810760498,8,2.654826142073021e-05
10938,Nominal,overly_thin,0.089043744,208.010055,-133.096663,40215.06100402832,20121.764041137696,27899.777135925295,0,0.0
10940,Missing_Unintentional,overly_thin,0.000000000,0.000000,-341.106718,44793.00966857911,17798.21367858887,25616.028918151856,30,9.955598032773829e-05
10941,Missing_Unintentional,overly_thin,0.010452962,71.269268,-269.837450,44804.67801513672,20092.080845336914,25609.684188232422,22,7.300771890700808e-05
10942,Missing_Unintentional,overly_thin,0.012388695,77.588151,-263.518567,44791.141173095704,17804.570817871096,27909.924449157716,23,7.632625158459936e-05
10943,Missing_Unintentional,overly_thin,0.000000000,0.000000,-341.106718,44802.813065185546,20098.43621185303,27903.57971923828,30,9.955598032773829e-05
10944,Nominal,overly_thin,0.063492067,175.647655,-165.459063,41346.36588134766,16668.77729675293,25616.351561584474,8,2.654826142073021e-05
10947,Nominal,overly_thin,0.051877663,158.771600,-182.335118,43638.368098144536,16663.469635009766,27912.14749786377,18,5.9733588196642975e-05
10948,Missing_Intentional,overly_thin,0.010452962,71.269268,-269.837450,41356.165732421876,18968.999830017092,27903.900589904788,1,3.3185326775912764e-06
10951,Nominal,overly_thin,0.058459155,168.542290,-172.564428,41351.26580688477,17818.887677001952,26760.12607574463,5,1.659266338795638e-05
10952,Nominal,overly_thin,0.087108016,205.736659,-135.370059,43651.90494018555,18950.979662475587,25611.905464172363,26,8.628184961737318e-05
10953,Nominal,overly_thin,0.029810298,120.355456,-220.751262,43656.80841125488,20101.09004272461,26755.679978332522,19,6.305212087423425e-05
10955,Nominal,overly_thin,0.070460707,185.035953,-156.070766,42499.135410766605,17809.878479614257,25614.12851287842,16,5.309652284146042e-05
10957,Nominal,overly_thin,0.062717773,174.573346,-166.533372,42497.2669152832,17816.235618896484,27908.024043884277,37,0.00012278570907087722
10958,Nominal,overly_thin,0.082849398,200.644520,-140.462199,42508.93880737305,20110.10101287842,27901.677541198733,12,3.9822392131095315e-05
10959,Nominal,overly_thin,0.068137825,181.960346,-159.146372,42510.80375732422,20103.745646362306,25607.782010192874,28,9.291891497255574e-05
11129,Nominal,overly_thin,0.075106464,191.038668,-150.068050,39082.5967376709,22411.92967224121,24451.63713409424,0,0.0
11145,Nominal,overly_thin,0.078590788,195.419746,-145.686972,39092.40013427735,24712.152205505372,26739.187935180667,0,0.0
11151,Nominal,overly_thin,0.086333722,204.820232,-136.286486,37946.395480346684,24714.806036376955,25591.28996704102,8,2.654826142073021e-05
11153,Nominal,overly_thin,0.033681765,127.932252,-213.174466,43670.34879882813,22388.601842956545,24455.43971740723,14,4.645945748627787e-05
11155,Nominal,overly_thin,0.058459155,168.542290,-172.564428,41388.13934204102,24694.132037963867,24447.192809448243,0,0.0
11160,Missing_Unintentional,overly_thin,0.003484321,41.147332,-299.959387,44816.34990722656,22385.948012084962,25603.337685546878,29,9.6237447650147e-05
11161,Missing_Unintentional,overly_thin,0.030971738,122.677639,-218.429080,44828.01825378418,24679.813406066896,25596.99118286133,14,4.645945748627787e-05
11162,Missing_Unintentional,overly_thin,0.008904375,65.778558,-275.328161,44814.48141174317,22392.301605834964,27897.233216552737,25,8.296331693978191e-05
11163,Missing_Unintentional,overly_thin,0.007355788,59.785686,-281.321032,44826.14975830078,24686.16877258301,27890.88671386719,29,9.6237447650147e-05
11171,Nominal,overly_thin,0.042973287,144.504680,-196.602039,41374.6025,22406.62201049805,26747.433070373536,14,4.645945748627787e-05
11172,Nominal,overly_thin,0.055361982,164.016840,-177.089879,43675.248724365236,23538.71399597168,25599.214231567385,23,7.632625158459936e-05
11173,Nominal,overly_thin,0.032907471,126.453215,-214.653503,43680.148649902345,24688.824376220706,26742.98874572754,15,4.9777990163869145e-05
11177,Nominal,overly_thin,0.069686413,184.016462,-157.090256,42520.607153930665,22403.966406860352,27895.3328112793,25,8.296331693978191e-05
11179,Nominal,overly_thin,0.079365082,196.380046,-144.726672,42534.14399597168,24691.47820709229,25595.09077758789,13,4.314092480868659e-05
11349,Nominal,overly_thin,0.071235001,186.049857,-155.056861,39105.936976318364,26999.664005737308,24438.94590148926,0,0.0
11365,Nominal,overly_thin,0.065814942,178.831852,-162.274866,39115.73682739258,29299.884766235355,26726.49492980957,0,0.0
11373,Missing_Unintentional,overly_thin,0.031746034,124.201648,-216.905070,43693.68549194336,26976.334403686524,24442.746712036133,22,7.300771890700808e-05
11375,Nominal,overly_thin,0.049554780,155.176302,-185.930416,41411.47958068848,29281.866371459964,24434.49980407715,11,3.650385945350404e-05
11378,Nominal,overly_thin,0.056136277,165.159829,-175.946889,40261.73793579102,29297.232708129886,27874.39289794922,33,0.00010951157836051211
11380,Missing_Unintentional,overly_thin,0.019744484,97.950242,-243.156476,44839.686600341796,26973.67880004883,25590.64468017578,31,0.00010287451300532956
11381,Nominal,overly_thin,0.043360434,145.154143,-195.952576,44851.358492431646,29267.545966796875,25584.29995025635,9,2.9866794098321488e-05
11382,Missing_Unintentional,overly_thin,0.016260162,88.888393,-252.218325,44837.82165039063,26980.035939331057,27884.540211181644,20,6.637065355182552e-05
11383,Missing_Unintentional,overly_thin,0.016647309,89.940365,-251.166354,44849.48999694824,29273.903106079102,27878.19548126221,18,5.9733588196642975e-05
11387,Nominal,overly_thin,0.062717773,174.573346,-166.533372,43685.048575439454,25838.934756469727,27886.763259887695,27,8.960038229496445e-05
11391,Nominal,overly_thin,0.054587688,162.865829,-178.240889,41397.939193115235,26994.35457122803,26734.741837768557,2,6.637065355182553e-06
11392,Nominal,overly_thin,0.045296166,148.358811,-192.747907,43698.58541748047,28126.44478393555,25586.52122619629,35,0.00011614864371569467
11393,Missing_Unintentional,overly_thin,0.027874565,116.382229,-224.724489,43703.48534301758,29276.55516418457,26730.29751312256,21,6.96891862294168e-05
11397,Nominal,overly_thin,0.079365082,196.380046,-144.726672,42543.9438470459,26991.700740356446,27882.639805908206,13,4.314092480868659e-05
11399,Nominal,overly_thin,0.066976383,180.402881,-160.703837,42557.48423461914,29279.210767822267,25582.3977722168,12,3.9822392131095315e-05
11569,Nominal,overly_thin,0.067750677,181.442677,-159.664042,39129.2736694336,31587.394793701173,24426.252896118167,0,0.0
11585,Nominal,overly_thin,0.083623692,201.579931,-139.526787,39139.073520507816,33887.61909973145,26713.803697204592,0,0.0
11593,Nominal,overly_thin,0.035230353,130.840177,-210.266541,43717.022185058595,31564.065191650392,24430.055479431154,30,9.955598032773829e-05
11595,Nominal,overly_thin,0.064653501,177.246899,-163.859819,41434.81981933594,33869.59715942383,24421.80857147217,12,3.9822392131095315e-05
11596,Nominal,overly_thin,0.062330622,174.033700,-167.073018,40275.27832336426,31584.742735595704,25574.150864257816,22,7.300771890700808e-05
11598,Nominal,overly_thin,0.078977935,195.900484,-145.206234,40285.07817443848,33884.963496093755,27861.70166534424,8,2.654826142073021e-05
11600,Missing_Unintentional,overly_thin,0.025938831,112.268475,-228.838243,44863.02683898926,31561.413133544924,25577.953447570802,21,6.96891862294168e-05
11601,Nominal,overly_thin,0.090205185,209.362248,-131.744470,44874.69518554688,33855.28030029297,25571.606944885254,0,0.0
11602,Nominal,overly_thin,0.059620596,170.208318,-170.898400,44861.158343505864,31567.766727294922,27871.84897857666,4,1.3274130710365105e-05
11603,Missing_Unintentional,overly_thin,0.028648857,117.987574,-223.119144,44872.82669006348,33861.63389404297,27865.502475891113,18,5.9733588196642975e-05
11604,Nominal,overly_thin,0.087108016,205.736659,-135.370059,41416.38305175782,30431.976751708986,25578.274318237305,23,7.632625158459936e-05
11607,Nominal,overly_thin,0.054974835,163.442347,-177.664371,43708.38526855469,30426.665544433596,27874.072027282717,25,8.296331693978191e-05
11611,Nominal,overly_thin,0.065814942,178.831852,-162.274866,41421.282977294926,31582.08713195801,26722.050605163575,8,2.654826142073021e-05
11612,Nominal,overly_thin,0.051490515,158.178059,-182.928659,43721.922110595704,32714.179117431642,25573.82999359131,25,8.296331693978191e-05
11613,Nominal,overly_thin,0.034456059,129.394384,-211.712335,43726.82203613281,33864.289497680664,26717.60450775147,11,3.650385945350404e-05
11617,Nominal,overly_thin,0.076655053,192.998092,-148.108626,42567.28408569336,31579.431528320314,27869.948573303223,8,2.654826142073021e-05
11619,Nominal,overly_thin,0.060782038,171.858197,-169.248522,42580.82092773438,33866.945101318364,25569.70653961182,23,7.632625158459936e-05
11650,Missing_Intentional,overly_thin,0.000000000,0.000000,-341.106718,8194.175258178711,38635.99795288086,27822.397667846682,0,0.0
11766,Missing_Intentional,overly_thin,0.000000000,0.000000,-341.106718,34576.53373901368,38492.322350463866,24403.414350280764,0,0.0
11791,Missing_Intentional,overly_thin,0.006581495,56.551599,-284.555120,36870.40799682617,38480.6610949707,24405.314755554202,0,0.0
11793,Missing_Intentional,overly_thin,0.000000000,0.000000,-341.106718,35722.53484741211,38489.66674682617,25551.312318420412,0,0.0
11813,Nominal,overly_thin,0.039876115,139.199937,-201.906781,43740.36242370606,36151.79952514649,24417.36247406006,12,3.9822392131095315e-05
11815,Nominal,overly_thin,0.080139376,197.335673,-143.771045,41458.156512451176,38457.331492919926,24409.11733886719,3,9.955598032773829e-06
11816,Nominal,overly_thin,0.081687957,199.233168,-141.873551,40298.61856201172,36172.47352355957,25561.459631652833,10,3.318532677591276e-05
11818,Nominal,overly_thin,0.087108016,205.736659,-135.370059,40308.41841308594,38472.697829589844,27849.008659973148,0,0.0
11820,Missing_Unintentional,overly_thin,0.038327526,136.470260,-204.636459,44886.36707763672,36149.14746704102,25565.26221496582,10,3.318532677591276e-05
11823,Missing_Unintentional,overly_thin,0.035230353,130.840177,-210.266541,44896.16692871094,38449.36822753907,27852.811243286134,9,2.9866794098321488e-05
11824,Nominal,overly_thin,0.088269457,207.103697,-134.003022,41439.71974487305,35019.71108520508,25565.583085632326,5,1.659266338795638e-05
11827,Nominal,overly_thin,0.066589236,179.880729,-161.225989,43731.72196166992,35014.39987792969,27861.379021911624,19,6.305212087423425e-05
11831,Nominal,overly_thin,0.084785134,202.974966,-138.131752,41444.61967041016,36169.81791992188,26709.35759979248,5,1.659266338795638e-05
11832,Nominal,overly_thin,0.049554780,155.176302,-185.930416,43745.265894775395,37301.913450927736,25561.13876098633,20,6.637065355182552e-05
11833,Nominal,overly_thin,0.052264810,159.362931,-181.743787,43750.165820312504,38452.02028564453,26704.913275146486,7,2.3229728743138934e-05
11837,Nominal,overly_thin,0.065040648,177.776787,-163.329932,42590.620778808596,36167.16586181641,27857.25556793213,36,0.00011946717639328595
11839,Nominal,overly_thin,0.058846302,169.099457,-172.007262,42604.16116638184,38454.675889282225,25557.015307006837,27,8.960038229496445e-05
11851,Missing_Intentional,overly_thin,0.003097174,38.794076,-302.312643,7053.07230255127,39788.76393676758,27818.27421386719,0,0.0
11852,Missing_Unintentional,overly_thin,0.000000000,0.000000,-341.106718,7078.279263916016,44370.13758544922,25511.685677490237,0,0.0
11853,Missing_Unintentional,overly_thin,0.000000000,0.000000,-341.106718,4784.405006103516,44381.802386474614,25509.7852722168,0,0.0
11854,Missing_Unintentional,overly_thin,0.000000000,0.000000,-341.106718,4782.536510620117,44388.15598022461,27803.680803222658,0,0.0
11855,Missing_Unintentional,overly_thin,0.000000000,0.000000,-341.106718,7076.410768432617,44376.49117919922,27805.581208496096,0,0.0
11875,Missing_Intentional,overly_thin,0.006968641,58.191114,-282.915604,8205.843604736328,40929.86511962891,27816.051165161134,0,0.0
11878,Missing_Intentional,overly_thin,0.000000000,0.000000,-341.106718,9346.946560363771,39777.09913574219,27820.174619140627,0,0.0
11880,Missing_Unintentional,overly_thin,0.000000000,0.000000,-341.106718,11666.028665924074,44346.80798339844,25515.488260803224,0,0.0
11881,Missing_Unintentional,overly_thin,0.000000000,0.000000,-341.106718,9372.153521728516,44358.47278442383,25513.587855529786,0,0.0
11882,Missing_Unintentional,overly_thin,0.000000000,0.000000,-341.106718,9370.285026245117,44364.82992370606,27807.481613769534,0,0.0
11883,Missing_Unintentional,overly_thin,0.000000000,0.000000,-341.106718,11664.160170440675,44353.16866821289,27809.383791809083,0,0.0
11908,Missing_Unintentional,overly_thin,0.000000000,0.000000,-341.106718,16253.77806793213,44323.48192687988,25519.29084411621,0,0.0
11909,Missing_Unintentional,overly_thin,0.000000000,0.000000,-341.106718,13959.90381011963,44335.14318237305,25517.388666076662,0,0.0
11910,Missing_Unintentional,overly_thin,0.000000000,0.000000,-341.106718,13958.03531463623,44341.5038671875,27811.28419708252,0,0.0
11911,Missing_Unintentional,overly_thin,0.000000000,0.000000,-341.106718,16251.90957244873,44329.83906616211,27813.18460235596,0,0.0
11936,Missing_Unintentional,overly_thin,0.000000000,0.000000,-341.106718,20841.52658355713,44300.152324829105,25523.091654663087,0,0.0
11937,Missing_Unintentional,overly_thin,0.000000000,0.000000,-341.106718,18547.65232574463,44311.8171258545,25521.19124938965,0,0.0
11938,Missing_Unintentional,overly_thin,0.000000000,0.000000,-341.106718,18545.783830261233,44318.174265136724,27815.086780395508,0,0.0
11939,Missing_Unintentional,overly_thin,0.000000000,0.000000,-341.106718,20839.65808807373,44306.50946411133,27816.987185668946,0,0.0
11963,Missing_Intentional,overly_thin,0.002322880,33.596655,-307.510063,25404.068137817383,39695.44552856446,27833.481001586915,0,0.0
11964,Missing_Unintentional,overly_thin,0.000000000,0.000000,-341.106718,25429.27509918213,44276.82626831055,25526.892465209963,0,0.0
11965,Missing_Unintentional,overly_thin,0.000000000,0.000000,-341.106718,23135.400841369632,44288.49106933594,25524.992059936525,0,0.0
11966,Missing_Unintentional,overly_thin,0.000000000,0.000000,-341.106718,23133.532345886233,44294.84466308594,27818.887590942384,0,0.0
11967,Missing_Unintentional,overly_thin,0.000000000,0.000000,-341.106718,25427.40660369873,44283.17986206055,27820.787996215822,0,0.0
11984,Missing_Intentional,overly_thin,0.005420054,51.319739,-289.786979,26558.709708251954,40830.193117675786,25537.362421875,0,0.0
11992,Missing_Unintentional,overly_thin,0.000000000,0.000000,-341.106718,30017.021842041016,44253.496666259765,25530.69504852295,0,0.0
11993,Missing_Unintentional,overly_thin,0.000000000,0.000000,-341.106718,27723.14935699463,44265.16146728516,25528.794643249512,0,0.0
11994,Missing_Unintentional,overly_thin,0.000000000,0.000000,-341.106718,27721.280861511234,44271.515061035156,27822.68840148926,0,0.0
11995,Missing_Unintentional,overly_thin,0.000000000,0.000000,-341.106718,30015.156892089846,44259.85026000977,27824.59057952881,0,0.0
12009,Missing_Intentional,overly_thin,0.001161440,23.756423,-317.350296,34588.20563110352,40786.18951721192,24397.067847595215,0,0.0
12017,Missing_Intentional,overly_thin,0.000000000,0.000000,-341.106718,34581.43366455079,39642.43273071289,25547.18886444092,0,0.0
12020,Missing_Unintentional,overly_thin,0.000000000,0.000000,-341.106718,34604.77035766602,44230.16706420899,25534.49763183594,0,0.0
12021,Missing_Unintentional,overly_thin,0.000000000,0.000000,-341.106718,32310.89609985352,44241.83186523438,25532.595453796388,0,0.0
12022,Missing_Unintentional,overly_thin,0.000000000,0.000000,-341.106718,32309.031149902345,44248.18545898438,27826.490984802247,0,0.0
12023,Missing_Unintentional,overly_thin,0.000000000,0.000000,-341.106718,34602.90540771485,44236.52065795899,27828.391390075685,0,0.0
12036,Missing_Intentional,overly_thin,0.022067364,103.551848,-237.554870,36882.079888916014,40774.524716186526,24398.970025634768,0,0.0
12040,Missing_Intentional,overly_thin,0.003871467,43.373095,-297.733623,35734.206739501955,40783.53391357422,25544.965815734864,0,0.0
12044,Missing_Intentional,overly_thin,0.001161440,23.756423,-317.350296,36875.30792236328,39630.7679296875,25549.089269714357,0,0.0
12048,Missing_Unintentional,overly_thin,0.000000000,0.000000,-341.106718,39192.522418823246,44206.837462158204,25538.298442382813,0,0.0
12049,Missing_Unintentional,overly_thin,0.000000000,0.000000,-341.106718,36898.644615478515,44218.5022631836,25536.398037109375,0,0.0
12050,Missing_Unintentional,overly_thin,0.000000000,0.000000,-341.106718,36896.77966552735,44224.85940246582,27830.293568115238,0,0.0
12051,Missing_Unintentional,overly_thin,0.000000000,0.000000,-341.106718,39190.65392333984,44213.19460144043,27832.193973388672,0,0.0
12065,Nominal,overly_thin,0.069686413,184.016462,-157.090256,43763.70266235352,40739.53385864258,24404.67124145508,12,3.9822392131095315e-05
12072,Missing_Unintentional,overly_thin,0.017808750,93.024928,-248.081790,44909.703770751956,40736.878255004885,25552.569209594727,30,9.955598032773829e-05
12073,Missing_Unintentional,overly_thin,0.007355788,59.785686,-281.321032,44921.3756628418,43030.74542175293,25546.222706909182,18,5.9733588196642975e-05
12074,Missing_Unintentional,overly_thin,0.008904375,65.778558,-275.328161,44907.83527526856,40743.23539428711,27846.464740600586,14,4.645945748627787e-05
12075,Missing_Unintentional,overly_thin,0.000000000,0.000000,-341.106718,44919.503621826174,43037.10256103516,27840.11823791504,27,8.960038229496445e-05
12079,Nominal,overly_thin,0.053813394,161.706626,-179.400093,43755.06574584961,39602.134211425786,27848.68778930664,23,7.632625158459936e-05
12080,Missing_Unintentional,overly_thin,0.000000000,0.000000,-341.106718,43780.27447998047,44183.51140563965,25542.09925292969,0,0.0
12081,Missing_Unintentional,overly_thin,0.000000000,0.000000,-341.106718,41486.40022216797,44195.17266113281,25540.19884765625,0,0.0
12082,Missing_Unintentional,overly_thin,0.000000000,0.000000,-341.106718,41484.528181152345,44201.52980041504,27834.09437866211,0,0.0
12083,Missing_Unintentional,overly_thin,0.000000000,0.000000,-341.106718,43778.40243896485,44189.868544921876,27835.99478393555,0,0.0
12088,Nominal,overly_thin,0.046844754,150.873549,-190.233170,43768.60258789063,41889.644238891604,25548.445755615237,26,8.628184961737318e-05
12093,Nominal,overly_thin,0.060394891,171.310003,-169.796716,42613.96101745606,40754.900195312504,27844.56433532715,16,5.309652284146042e-05
12094,Nominal,overly_thin,0.088269457,207.103697,-134.003022,42625.62936401367,43048.76736206055,27838.217832641603,0,0.0
12095,Nominal,overly_thin,0.073170729,188.560757,-152.545961,42627.5014050293,43042.41022277832,25544.322301635744,0,0.0
12281,Missing_Intentional,overly_thin,0.013937282,82.294663,-258.812055,38995.305734252936,6373.931809234619,31377.747473144533,0,0.0
12286,Missing_Intentional,overly_thin,0.003871467,43.373095,-297.733623,37847.4361303711,6382.941449813843,32523.74149047852,0,0.0
12291,Nominal,overly_thin,0.079752229,196.858439,-144.248279,41291.04848754883,6355.911641693116,29085.750574645997,0,0.0
12293,Nominal,overly_thin,0.064653501,177.246899,-163.859819,40143.175338134766,6364.921725463868,30231.749910278322,18,5.9733588196642975e-05
12294,Nominal,overly_thin,0.087495163,206.193345,-134.913373,40141.3103881836,6371.2770919799805,32525.64544128418,11,3.650385945350404e-05
12296,Nominal,overly_thin,0.051103368,157.582282,-183.524436,44719.25550720215,4047.7267294311528,30241.897223510743,18,5.9733588196642975e-05
12297,Missing_Unintentional,overly_thin,0.015873017,87.823827,-253.282891,44730.92385375977,6341.593009796143,30235.5507208252,13,4.314092480868659e-05
12298,Missing_Unintentional,overly_thin,0.025938831,112.268475,-228.838243,44717.387011718754,4054.0820959472658,32535.792754516602,20,6.637065355182552e-05
12299,Nominal,overly_thin,0.034456059,129.394384,-211.712335,44729.0589038086,6347.948376312256,32529.446251831057,19,6.305212087423425e-05
12488,Missing_Intentional,overly_thin,0.010452962,71.269268,-269.837450,35567.09871459961,8682.116721496583,30221.6025970459,2,6.637065355182553e-06
12509,Nominal,overly_thin,0.056523424,165.728367,-175.378351,43596.59463745118,8638.114007415772,29081.30625,2,6.637065355182553e-06
12511,Nominal,overly_thin,0.090592332,209.811043,-131.295675,41314.38518066407,10943.645088806154,29073.05934204102,0,0.0
12512,Nominal,overly_thin,0.067750677,181.442677,-159.664042,40154.84723022461,8658.788005828857,30225.403407592774,21,6.96891862294168e-05
12513,Nominal,overly_thin,0.080526516,197.811746,-143.294972,40166.51557678223,10952.654286193849,30219.05690490723,0,0.0
12514,Nominal,overly_thin,0.081300810,198.760490,-142.346228,40164.647081298834,10959.009652709961,32512.95243591309,19,6.305212087423425e-05
12515,Missing_Unintentional,overly_thin,0.032907471,126.453215,-214.653503,40152.97873474121,8665.144258728027,32519.298938598633,10,3.318532677591276e-05
12516,Missing_Unintentional,overly_thin,0.000387147,13.715777,-327.390941,44742.59574584961,8635.459290161134,30229.20421813965,28,9.291891497255574e-05
12517,Nominal,overly_thin,0.070847854,185.543597,-155.563121,44754.264092407226,10929.32645690918,30222.8577154541,8,2.654826142073021e-05
12518,Missing_Unintentional,overly_thin,0.017808750,93.024928,-248.081790,44740.72725036622,8641.814656677247,32523.09974914551,12,3.9822392131095315e-05
12519,Nominal,overly_thin,0.028648857,117.987574,-223.119144,44752.39559692383,10935.681823425293,32516.753246459964,22,7.300771890700808e-05
12527,Nominal,overly_thin,0.075493611,191.530403,-149.576315,41300.84833862305,8656.13328857422,31373.301375732422,0,0.0
12529,Nominal,overly_thin,0.063492067,175.647655,-165.459063,43606.394488525395,10938.335654296876,31368.855278320316,0,0.0
12619,Missing_Intentional,overly_thin,0.000774293,19.397038,-321.709680,20672.548290405273,12205.088726501466,32493.62219421387,0,0.0
12639,Missing_Intentional,overly_thin,0.003097174,38.794076,-302.312643,21825.321365356445,13346.189909362794,32491.399145507814,0,0.0
12709,Missing_Intentional,overly_thin,0.004645761,47.512845,-293.593873,35602.10729980469,15563.71644897461,30202.56308898926,0,0.0
12729,Nominal,overly_thin,0.051877663,158.771600,-182.335118,43619.93133056641,13225.84745452881,29068.615017395023,12,3.9822392131095315e-05
12732,Nominal,overly_thin,0.090592332,209.811043,-131.295675,40178.18392333985,13246.521452941895,30212.71040222168,27,8.960038229496445e-05
12734,Nominal,overly_thin,0.080913663,198.286686,-142.820033,40187.98731994629,15546.743986206056,32500.259430541995,17,5.64150555190517e-05
12735,Nominal,overly_thin,0.084785134,202.974966,-138.131752,40176.318973388676,13252.876819458008,32506.60593322754,12,3.9822392131095315e-05
12736,Nominal,overly_thin,0.050329074,156.383919,-184.722799,44765.93243896485,13223.19273727417,30216.511212768557,19,6.305212087423425e-05
12737,Nominal,overly_thin,0.077042200,193.484848,-147.621871,44777.60433105469,15517.059017639162,30210.16471008301,3,9.955598032773829e-06
12738,Nominal,overly_thin,0.048780486,153.959214,-187.147505,44764.06748901367,13229.54899017334,32510.406743774416,9,2.9866794098321488e-05
12739,Nominal,overly_thin,0.055749130,164.589326,-176.517392,44775.73583557129,15523.414384155274,32504.060241088868,16,5.309652284146042e-05
12747,Nominal,overly_thin,0.077816494,194.454703,-146.652015,41324.18857727051,13243.866735687257,31360.60837036133,0,0.0
12749,Nominal,overly_thin,0.061169185,172.404647,-168.702071,43629.73118164063,15526.06998779297,31356.16227294922,6,1.9911196065547657e-05
12751,Missing_Unintentional,overly_thin,0.036778938,133.684857,-207.421862,42472.058181152344,13234.856651916505,30214.61080749512,36,0.00011946717639328595
12753,Missing_Unintentional,overly_thin,0.024777390,109.726216,-231.380503,42470.19323120118,13241.212018432618,32508.506338500978,33,0.00010951157836051211
12754,Missing_Unintentional,overly_thin,0.030584592,121.908495,-219.198223,42481.86157775879,15535.079185180664,32502.159835815433,16,5.309652284146042e-05
12755,Missing_Unintentional,overly_thin,0.038327526,136.470260,-204.636459,42483.73007324219,15528.723818664552,30208.26430480957,26,8.628184961737318e-05
12949,Nominal,overly_thin,0.044521872,147.085320,-194.021398,43643.268023681645,17813.58001525879,29055.922012023926,20,6.637065355182552e-05
12951,Nominal,overly_thin,0.043747582,145.800713,-195.306005,41361.065657958985,20119.111983032228,29047.675104064943,0,0.0
12956,Missing_Unintentional,overly_thin,0.009678668,68.578886,-272.527832,44789.27267761231,17810.924411621094,30203.82175292969,26,8.628184961737318e-05
12957,Missing_Unintentional,overly_thin,0.008130081,62.853586,-278.253133,44800.94102416992,20104.791578369142,30197.47525024414,34,0.0001128301110381034
12958,Nominal,overly_thin,0.042586140,143.852284,-197.254434,44787.40418212891,17817.28155090332,32497.717283935548,13,4.314092480868659e-05
12959,Missing_Unintentional,overly_thin,0.000000000,0.000000,-341.106718,44799.076074218756,20111.14871765137,32491.370781250003,30,9.955598032773829e-05
12960,Nominal,overly_thin,0.062330622,174.033700,-167.073018,41342.62889038086,16681.488029785156,30204.14085083008,9,2.9866794098321488e-05
12963,Nominal,overly_thin,0.079752229,196.858439,-144.248279,43634.63110717774,16676.180368041994,32499.93678710938,20,6.637065355182552e-05
12967,Nominal,overly_thin,0.065427795,178.305100,-162.801618,41347.52881591797,17831.59841003418,31347.915364990236,0,0.0
12968,Nominal,overly_thin,0.088269457,207.103697,-134.003022,43648.167949218754,18963.690395507812,30199.698298950196,17,5.64150555190517e-05
12969,Nominal,overly_thin,0.057684861,167.422394,-173.684324,43653.07142028809,20113.800775756838,31343.472813110355,4,1.3274130710365105e-05
12971,Nominal,overly_thin,0.057297714,166.859628,-174.247091,42495.39841979981,17822.589212646486,30201.917802124026,13,4.314092480868659e-05
12973,Nominal,overly_thin,0.050716221,156.984244,-184.122474,42493.52992431641,17828.946351928713,32495.813333129885,26,8.628184961737318e-05
12974,Nominal,overly_thin,0.086333722,204.820232,-136.286486,42505.201816406254,20122.811745910647,32489.470375976565,10,3.318532677591276e-05
12975,Nominal,overly_thin,0.082075104,199.704727,-141.401992,42507.06676635743,20116.45637939453,30195.574844970706,29,9.6237447650147e-05
13061,Missing_Intentional,overly_thin,0.001161440,23.756423,-317.350296,18438.8895791626,23679.73044921875,30166.093744506838,0,0.0
13169,Nominal,overly_thin,0.034068912,128.665395,-212.441324,43666.61180786133,22401.31257598877,29043.230779418947,6,1.9911196065547657e-05
13171,Nominal,overly_thin,0.070073560,184.526912,-156.579807,41384.40235107422,24706.842770996096,29034.98387145996,0,0.0
13176,Missing_Unintentional,overly_thin,0.000000000,0.000000,-341.106718,44812.61291625977,22398.658745117187,30191.128747558596,29,9.6237447650147e-05
13177,Missing_Unintentional,overly_thin,0.011614402,75.124405,-265.982313,44824.281262817385,24692.525911865236,30184.782244873048,20,6.637065355182552e-05
13178,Missing_Unintentional,overly_thin,0.008130081,62.853586,-278.253133,44810.74442077637,22405.014111633303,32485.024278564455,21,6.96891862294168e-05
13179,Missing_Unintentional,overly_thin,0.013937282,82.294663,-258.812055,44822.41276733399,24698.879505615238,32478.677775878907,29,9.6237447650147e-05
13187,Nominal,overly_thin,0.080526516,197.811746,-143.294972,41370.8655090332,22419.332743530274,31335.22590515137,0,0.0
13188,Nominal,overly_thin,0.055749130,164.589326,-176.517392,43671.51173339844,23551.42472900391,30187.005293579103,21,6.96891862294168e-05
13189,Nominal,overly_thin,0.046844754,150.873549,-190.233170,43676.41165893555,24701.53510925293,31330.779807739258,8,2.654826142073021e-05
13193,Nominal,overly_thin,0.076655053,192.998092,-148.108626,42516.87016296387,22416.67713989258,32483.123873291017,21,6.96891862294168e-05
13195,Nominal,overly_thin,0.084785134,202.974966,-138.131752,42530.40700500488,24704.190712890628,30182.88183959961,15,4.9777990163869145e-05
13232,Missing_Intentional,overly_thin,0.002322880,33.596655,-307.510063,9284.862518310547,28320.475807800296,32439.694649047855,0,0.0
13345,Missing_Intentional,overly_thin,0.013937282,82.294663,-258.812055,31084.372409057618,29350.24196044922,30160.683262329105,0,0.0
13381,Nominal,overly_thin,0.088269457,207.103697,-134.003022,39111.999836425784,29312.59549926758,31314.285991821293,0,0.0
13389,Missing_Unintentional,overly_thin,0.036004648,132.270168,-208.836550,43689.94850097656,26989.045136718752,29030.537774047854,22,7.300771890700808e-05
13391,Nominal,overly_thin,0.055361982,164.016840,-177.089879,41407.74258972168,29294.57710449219,29022.290866088868,0,0.0
13394,Nominal,overly_thin,0.087495163,206.193345,-134.913373,40258.00094482422,29309.94344116211,32462.18395996094,21,6.96891862294168e-05
13396,Missing_Unintentional,overly_thin,0.005032907,49.452937,-291.653782,44835.949609375006,26986.39130584717,30178.435742187503,27,8.960038229496445e-05
13397,Nominal,overly_thin,0.033294618,127.194883,-213.911835,44847.62150146485,29280.256699829104,30172.089239501955,11,3.650385945350404e-05
13398,Missing_Unintentional,overly_thin,0.018583043,95.025690,-246.081028,44834.08465942383,26992.746672363282,32472.331273193362,18,5.9733588196642975e-05
13399,Missing_Unintentional,overly_thin,0.017808750,93.024928,-248.081790,44845.753005981445,29286.61383911133,32465.984770507814,26,8.628184961737318e-05
13400,Nominal,overly_thin,0.082849398,200.644520,-140.462199,41389.30227661133,25856.954924011232,30178.75838562012,25,8.296331693978191e-05
13403,Nominal,overly_thin,0.068137825,181.960346,-159.146372,43681.311584472656,25851.645489501956,32474.554321899417,35,0.00011614864371569467
13407,Nominal,overly_thin,0.078203641,194.937822,-146.168897,41394.20220214844,27007.067077026368,31322.532899780275,0,0.0
13408,Nominal,overly_thin,0.080913663,198.286686,-142.820033,43694.84842651367,28139.155516967774,30174.31228820801,22,7.300771890700808e-05
13409,Missing_Unintentional,overly_thin,0.033294618,127.194883,-213.911835,43699.74835205078,29289.2658972168,31318.086802368165,17,5.64150555190517e-05
13413,Nominal,overly_thin,0.081300810,198.760490,-142.346228,42540.2068560791,27004.411473388674,32470.430867919924,17,5.64150555190517e-05
13415,Nominal,overly_thin,0.078203641,194.937822,-146.168897,42553.747243652346,29291.921500854492,30170.188834228516,9,2.9866794098321488e-05
13452,Missing_Intentional,overly_thin,0.003097174,38.794076,-302.312643,9308.200984191895,32908.20836853028,32427.005189208987,0,0.0
13601,Nominal,overly_thin,0.065040648,177.776787,-163.329932,39135.33652954102,33900.32983276367,31301.592986450196,0,0.0
13609,Missing_Unintentional,overly_thin,0.034068912,128.665395,-212.441324,43713.2851940918,31576.779470214846,29017.846541442872,23,7.632625158459936e-05
13611,Nominal,overly_thin,0.073945023,189.555809,-151.550910,41431.082828369144,33882.31143798828,29009.59963348389,0,0.0
13612,Nominal,overly_thin,0.073557876,189.058938,-152.047781,40271.541332397464,31597.453468627933,30161.941926269534,30,9.955598032773829e-05
13614,Nominal,overly_thin,0.077816494,194.454703,-146.652015,40281.34118347168,33897.67422912598,32449.490954589844,6,1.9911196065547657e-05
13616,Missing_Unintentional,overly_thin,0.031358887,123.441997,-217.664721,44859.28984802246,31574.12386657715,30165.742736816406,26,8.628184961737318e-05
13617,Nominal,overly_thin,0.084010839,202.046013,-139.060705,44870.95819458008,33867.9910333252,30159.39623413086,0,0.0
13618,Nominal,overly_thin,0.040263258,139.874027,-201.232691,44857.421352539066,31580.481005859376,32459.63826782227,7,2.3229728743138934e-05
13619,Missing_Unintentional,overly_thin,0.034456059,129.394384,-211.712335,44869.08969909668,33874.348172607424,32453.29176513672,15,4.9777990163869145e-05
13620,Nominal,overly_thin,0.046844754,150.873549,-190.233170,41412.64606079102,30444.68748474121,30166.065380249027,19,6.305212087423425e-05
13623,Nominal,overly_thin,0.060394891,171.310003,-169.796716,43704.64827758789,30439.37982299805,32461.86131652832,24,7.964478426219063e-05
13627,Nominal,overly_thin,0.054200541,162.287262,-178.819456,41417.54598632813,31594.797864990236,31309.839894409182,0,0.0
13628,Nominal,overly_thin,0.051103368,157.582282,-183.524436,43718.185119628906,32726.889850463867,30161.619282836917,32,0.00010619304568292084
13629,Missing_Unintentional,overly_thin,0.030197445,121.134465,-219.972254,43723.085045166015,33877.000230712896,31305.393796997072,21,6.96891862294168e-05
13633,Nominal,overly_thin,0.075880758,192.020879,-149.085839,42563.547094726564,31592.145806884768,32457.73786254883,0,0.0
13638,Missing_Intentional,overly_thin,0.000774293,19.397038,-321.709680,7046.302995147706,38645.00715026856,28968.395230712893,0,0.0
13663,Missing_Intentional,overly_thin,0.000000000,0.000000,-341.106718,9340.178139343263,38633.34234924317,28970.29563598633,0,0.0
13665,Missing_Intentional,overly_thin,0.000000000,0.000000,-341.106718,8192.306762695312,38642.35154663086,30116.29319885254,0,0.0
13829,Nominal,overly_thin,0.061169185,172.404647,-168.702071,43736.62543273926,36164.51380371094,29005.15353607178,0,0.0
13832,Nominal,overly_thin,0.082462251,200.175175,-140.931544,40294.88157104493,36185.1842565918,30149.24892089844,6,1.9911196065547657e-05
13834,Nominal,overly_thin,0.086720869,205.278957,-135.827761,40304.681422119145,38485.40856262207,32436.79794921875,6,1.9911196065547657e-05
13836,Nominal,overly_thin,0.047619049,152.115328,-188.991390,44882.630086669924,36161.85820007324,30153.053276977542,4,1.3274130710365105e-05
13839,Nominal,overly_thin,0.048393343,153.347053,-187.759666,44892.42993774414,38462.07896057129,32440.602305297853,0,0.0
13840,Nominal,overly_thin,0.086720869,205.278957,-135.827761,41435.98275390625,35032.41827270508,30153.37237487793,29,9.6237447650147e-05
13847,Nominal,overly_thin,0.078203641,194.937822,-146.168897,41440.88267944336,36182.53219848633,31297.14688903809,8,2.654826142073021e-05
13848,Nominal,overly_thin,0.067363530,180.923526,-160.183193,43741.5289038086,37314.62063842774,30148.92982299805,32,0.00010619304568292084
13849,Nominal,overly_thin,0.060394891,171.310003,-169.796716,43746.42882934571,38464.734564208986,31292.704337158204,9,2.9866794098321488e-05
13853,Nominal,overly_thin,0.057684861,167.422394,-173.684324,42586.8837878418,36179.87659484863,32445.044857177738,33,0.00010951157836051211
13855,Nominal,overly_thin,0.062717773,174.573346,-166.533372,42600.42417541504,38467.38662231446,30144.806369018555,31,0.00010287451300532956
13857,Missing_Intentional,overly_thin,0.006968641,58.191114,-282.915604,7057.972671279907,40938.87077148438,28962.048728027345,0,0.0
13865,Missing_Intentional,overly_thin,0.002322880,33.596655,-307.510063,7051.203807067872,39795.11753051758,30112.16974487305,0,0.0
13868,Missing_Unintentional,overly_thin,0.000000000,0.000000,-341.106718,7074.542272949219,44382.851864013675,30099.476739501955,0,0.0
13869,Missing_Unintentional,overly_thin,0.000000000,0.000000,-341.106718,4780.668015136719,44394.51666503907,30097.576334228517,0,0.0
13870,Missing_Unintentional,overly_thin,0.000000000,0.000000,-341.106718,4778.79951965332,44400.870258789066,32391.471865234376,0,0.0
13871,Missing_Unintentional,overly_thin,0.000000000,0.000000,-341.106718,7072.67377746582,44389.20545776367,32393.372270507814,0,0.0
13884,Missing_Intentional,overly_thin,0.002322880,33.596655,-307.510063,9351.84648590088,40927.20951599121,28963.949133300783,0,0.0
13888,Missing_Intentional,overly_thin,0.000387147,13.715777,-327.390941,8203.97510925293,40936.21871337891,30109.946696166993,0,0.0
13892,Missing_Intentional,overly_thin,0.000000000,0.000000,-341.106718,9345.078064880372,39783.452729492186,30114.070150146486,0,0.0
13896,Missing_Unintentional,overly_thin,0.000000000,0.000000,-341.106718,11662.291674957276,44359.52226196289,30103.27755004883,0,0.0
13897,Missing_Unintentional,overly_thin,0.000000000,0.000000,-341.106718,9368.416530761719,44371.18706298828,30101.377144775393,0,0.0
13898,Missing_Unintentional,overly_thin,0.000000000,0.000000,-341.106718,9366.548035278322,44377.54065673828,32395.272675781252,0,0.0
13899,Missing_Unintentional,overly_thin,0.000000000,0.000000,-341.106718,11660.423179473877,44365.8758557129,32397.17308105469,0,0.0
13924,Missing_Unintentional,overly_thin,0.000000000,0.000000,-341.106718,16250.041076965334,44336.192659912114,30107.081906127933,0,0.0
13925,Missing_Unintentional,overly_thin,0.000000000,0.000000,-341.106718,13956.166819152833,44347.8574609375,30105.181500854495,0,0.0
13926,Missing_Unintentional,overly_thin,0.000000000,0.000000,-341.106718,13954.298323669434,44354.211054687505,32399.07348632813,0,0.0
13927,Missing_Unintentional,overly_thin,0.000000000,0.000000,-341.106718,16248.172581481935,44342.54625366211,32400.97743713379,0,0.0
13952,Missing_Unintentional,overly_thin,0.000000000,0.000000,-341.106718,20837.789592590332,44312.86305786133,30110.882716674805,0,0.0
13953,Missing_Unintentional,overly_thin,0.000000000,0.000000,-341.106718,18543.915334777834,44324.52785888672,30108.98231140137,0,0.0
13954,Missing_Unintentional,overly_thin,0.000000000,0.000000,-341.106718,18542.046839294435,44330.88499816895,32402.87784240723,0,0.0
13955,Missing_Unintentional,overly_thin,0.000000000,0.000000,-341.106718,20835.921097106933,44319.22019714356,32404.778247680664,0,0.0
13980,Missing_Unintentional,overly_thin,0.000000000,0.000000,-341.106718,25425.538108215333,44289.533455810546,30114.68352722168,0,0.0
13981,Missing_Unintentional,overly_thin,0.000000000,0.000000,-341.106718,23131.663850402834,44301.19825683594,30112.783121948243,0,0.0
13982,Missing_Unintentional,overly_thin,0.000000000,0.000000,-341.106718,23129.795354919435,44307.555396118165,32406.678652954102,0,0.0
13983,Missing_Unintentional,overly_thin,0.000000000,0.000000,-341.106718,25423.669612731934,44295.894140625,32408.57905822754,0,0.0
14008,Missing_Unintentional,overly_thin,0.000000000,0.000000,-341.106718,30013.28485107422,44266.207399292,30118.484337768557,0,0.0
14009,Missing_Unintentional,overly_thin,0.000000000,0.000000,-341.106718,27719.412366027835,44277.86865478516,30116.58393249512,0,0.0
14010,Missing_Unintentional,overly_thin,0.000000000,0.000000,-341.106718,27717.543870544436,44284.22933959961,32410.47946350098,0,0.0
14011,Missing_Unintentional,overly_thin,0.000000000,0.000000,-341.106718,30011.41990112305,44272.564538574225,32412.379868774417,0,0.0
14036,Missing_Unintentional,overly_thin,0.000000000,0.000000,-341.106718,34601.03336669922,44242.88134277344,30122.28869384766,0,0.0
14037,Missing_Unintentional,overly_thin,0.000000000,0.000000,-341.106718,32307.15910888672,44254.546143798834,30120.38828857422,0,0.0
14038,Missing_Unintentional,overly_thin,0.000000000,0.000000,-341.106718,32305.29415893555,44260.89973754883,32414.28381958008,0,0.0
14039,Missing_Unintentional,overly_thin,0.000000000,0.000000,-341.106718,34599.16841674805,44249.23493652344,32416.184224853518,0,0.0
14064,Missing_Unintentional,overly_thin,0.000000000,0.000000,-341.106718,39188.78542785645,44219.55174072266,30126.089504394535,0,0.0
14065,Missing_Unintentional,overly_thin,0.000000000,0.000000,-341.106718,36894.90762451172,44231.21654174805,30124.189099121097,0,0.0
14066,Missing_Unintentional,overly_thin,0.000000000,0.000000,-341.106718,36893.04267456055,44237.57013549805,32418.084630126956,0,0.0
14067,Missing_Unintentional,overly_thin,0.000000000,0.000000,-341.106718,39186.916932373046,44225.905334472656,32419.985035400394,0,0.0
14088,Missing_Unintentional,overly_thin,0.009291521,67.193310,-273.913408,44905.96677978516,40749.58898803711,30140.36027160645,29,9.6237447650147e-05
14089,Missing_Unintentional,overly_thin,0.005420054,51.319739,-289.786979,44917.638671875,43043.456154785155,30134.0137689209,37,0.00012278570907087722
14090,Nominal,overly_thin,0.047231901,151.495711,-189.611007,44904.09828430176,40755.94612731934,32434.255802612308,10,3.318532677591276e-05
14091,Missing_Unintentional,overly_thin,0.000000000,0.000000,-341.106718,44915.766630859376,43049.81329406738,32427.90929992676,30,9.955598032773829e-05
14096,Missing_Unintentional,overly_thin,0.000000000,0.000000,-341.106718,43776.53748901367,44196.22213867188,30129.890314941407,0,0.0
14097,Missing_Unintentional,overly_thin,0.000000000,0.000000,-341.106718,41482.66323120117,44207.886939697266,30127.98990966797,0,0.0
14098,Missing_Unintentional,overly_thin,0.000000000,0.000000,-341.106718,41480.79119018555,44214.24053344727,32421.88544067383,0,0.0
14099,Missing_Unintentional,overly_thin,0.000000000,0.000000,-341.106718,43774.66544799805,44202.57573242188,32423.785845947266,0,0.0
14103,Nominal,overly_thin,0.080913663,198.286686,-142.820033,41464.2193725586,40770.26653198242,31284.45742919922,0,0.0
14104,Missing_Unintentional,overly_thin,0.030971738,122.677639,-218.429080,43764.86559692383,41902.35497192383,30136.236817626956,24,7.964478426219063e-05
14105,Nominal,overly_thin,0.087108016,205.736659,-135.370059,43769.76552246094,43052.46889770508,31280.01133178711,6,1.9911196065547657e-05
14109,Nominal,overly_thin,0.068524972,182.476547,-158.630171,42610.22402648926,40767.61092834473,32432.35539733887,16,5.309652284146042e-05
14111,Nominal,overly_thin,0.084010839,202.046013,-139.060705,42623.764414062505,43055.12095581055,30132.113363647462,0,0.0
14119,Missing_Intentional,overly_thin,0.000000000,0.000000,-341.106718,3423.909834594727,4276.749497222901,37089.36588500977,0,0.0
14210,Missing_Intentional,overly_thin,0.003871467,43.373095,-297.733623,25230.18991912842,6450.27243637085,33660.23702697754,0,0.0
14296,Missing_Intentional,overly_thin,0.006968641,58.191114,-282.915604,38986.6652722168,5236.531718826294,34821.76047546387,0,0.0
14297,Missing_Intentional,overly_thin,0.013162989,79.976038,-261.130680,38991.56874328614,6386.642542266846,35965.53498962402,0,0.0
14301,Nominal,overly_thin,0.081300810,198.760490,-142.346228,37832.02724731446,4101.786345672607,37117.879055175785,5,1.659266338795638e-05
14302,Nominal,overly_thin,0.087108016,205.736659,-135.370059,37843.6991394043,6395.652626037598,37111.53255249024,0,0.0
14309,Nominal,overly_thin,0.081687957,199.233168,-141.873551,40139.43834716797,6377.6329016876225,34819.537426757815,0,0.0
14312,Missing_Unintentional,overly_thin,0.006581495,56.551599,-284.555120,44715.51851623535,4060.4379056549074,34829.68828552246,21,6.96891862294168e-05
14313,Missing_Unintentional,overly_thin,0.023615951,107.123644,-233.983074,44727.18686279297,6354.304186019898,34823.34178283691,12,3.9822392131095315e-05
14314,Missing_Unintentional,overly_thin,0.022454510,104.456245,-236.650473,44713.65002075196,4066.793272171021,37123.58381652832,11,3.650385945350404e-05
14315,Missing_Unintentional,overly_thin,0.010065814,69.937014,-271.169705,44725.3219128418,6360.659995727539,37117.23731384277,23,7.632625158459936e-05
14327,Nominal,overly_thin,0.089043744,208.010055,-133.096663,42421.64425842286,4072.1018202972414,34827.7843347168,0,0.0
14330,Nominal,overly_thin,0.082075104,199.704727,-141.401992,42431.4476550293,6372.324353561402,37115.33690856934,9,2.9866794098321488e-05
14517,Nominal,overly_thin,0.061169185,172.404647,-168.702071,39014.90898193359,10974.375989379883,35952.84552978516,0,0.0
14525,Nominal,overly_thin,0.054974835,163.442347,-177.664371,43592.85764648438,8650.825626831056,33669.09731201172,0,0.0
14528,Nominal,overly_thin,0.046457607,150.248810,-190.857908,40151.11023925782,8671.499625244141,34813.194469604496,25,8.296331693978191e-05
14529,Missing_Unintentional,overly_thin,0.029423151,119.571372,-221.535346,40162.77858581543,10965.365019226076,34806.84796691895,21,6.96891862294168e-05
14530,Nominal,overly_thin,0.062330622,174.033700,-167.073018,40160.910090332036,10971.721272125245,37100.74349792481,21,6.96891862294168e-05
14531,Missing_Unintentional,overly_thin,0.025164537,110.580130,-230.526588,40149.241743774415,8677.854991760254,37107.090000610355,26,8.628184961737318e-05
14532,Missing_Unintentional,overly_thin,0.008904375,65.778558,-275.328161,44738.858754882815,8648.170909576416,34816.99528015137,22,7.300771890700808e-05
14533,Missing_Unintentional,overly_thin,0.020905923,100.789966,-240.316753,44750.527101440435,10942.037189941408,34810.64877746582,14,4.645945748627787e-05
14534,Missing_Unintentional,overly_thin,0.026713124,113.931800,-227.174918,44736.99025939942,8654.527162475586,37110.89081115723,25,8.296331693978191e-05
14535,Missing_Unintentional,overly_thin,0.015873017,87.823827,-253.282891,44748.65860595703,10948.39255645752,37104.54430847168,24,7.964478426219063e-05
14545,Nominal,overly_thin,0.058846302,169.099457,-172.007262,43602.6574975586,10951.047273712158,35956.64634033203,0,0.0
14576,Missing_Intentional,overly_thin,0.002710027,36.288536,-304.818183,9208.076926879883,13413.521339111328,33627.89113647461,0,0.0
14625,Missing_Intentional,overly_thin,0.002322880,33.596655,-307.510063,20677.448215942382,13355.200879516602,33637.39670837403,0,0.0
14637,Missing_Intentional,overly_thin,0.000000000,0.000000,-341.106718,18388.475656433107,14516.976060791016,34779.270817260745,0,0.0
14713,Nominal,overly_thin,0.090592332,209.811043,-131.295675,34450.49715942383,15585.436379394532,35936.35171386719,0,0.0
14737,Nominal,overly_thin,0.085172281,203.437852,-137.668867,39038.24567504883,15562.108550109864,35940.152524414065,0,0.0
14745,Nominal,overly_thin,0.044134729,146.444428,-194.662290,43616.19433959961,13238.558187561035,33656.40430664063,4,1.3274130710365105e-05
14747,Nominal,overly_thin,0.084397987,202.511022,-138.595696,41333.99197387695,15544.08838256836,33648.157398681644,0,0.0
14748,Nominal,overly_thin,0.079365082,196.380046,-144.726672,40174.44693237305,13259.232185974122,34800.5014642334,16,5.309652284146042e-05
14749,Nominal,overly_thin,0.077042200,193.484848,-147.621871,40186.118824462894,15553.099352722169,34794.15496154785,11,3.650385945350404e-05
14750,Nominal,overly_thin,0.076655053,192.998092,-148.108626,40184.25032897949,15559.454719238282,37088.05049255371,16,5.309652284146042e-05
14751,Nominal,overly_thin,0.065814942,178.831852,-162.274866,40172.58198242188,13265.587552490235,37094.39699523926,12,3.9822392131095315e-05
14752,Nominal,overly_thin,0.023615951,107.123644,-233.983074,44762.19544799805,13235.904356689454,34804.302274780275,24,7.964478426219063e-05
14753,Nominal,overly_thin,0.058459155,168.542290,-172.564428,44773.86734008789,15529.771523437501,34797.95577209473,9,2.9866794098321488e-05
14754,Missing_Unintentional,overly_thin,0.039101820,137.841856,-203.264863,44760.330498046875,13242.259723205567,37098.197805786134,18,5.9733588196642975e-05
14755,Nominal,overly_thin,0.036778938,133.684857,-207.421862,44771.998844604495,15536.125117187501,37091.851303100586,24,7.964478426219063e-05
14763,Nominal,overly_thin,0.070847854,185.543597,-155.563121,41320.451586303716,13256.57835510254,35948.39943237305,0,0.0
14765,Missing_Unintentional,overly_thin,0.029036004,118.782113,-222.324605,43625.99419067383,15538.780720825196,35943.95333496094,11,3.650385945350404e-05
14767,Missing_Unintentional,overly_thin,0.027487418,115.571192,-225.535526,42468.32119018555,13247.567384948732,34802.40186950684,18,5.9733588196642975e-05
14769,Missing_Unintentional,overly_thin,0.027487418,115.571192,-225.535526,42466.45624023438,13253.923637847902,37096.297400512696,25,8.296331693978191e-05
14770,Missing_Unintentional,overly_thin,0.034068912,128.665395,-212.441324,42478.12458679199,15547.789918212891,37089.95089782715,32,0.00010619304568292084
14771,Missing_Unintentional,overly_thin,0.031358887,123.441997,-217.664721,42479.993082275396,15541.434551696779,34796.05536682129,30,9.955598032773829e-05
14943,Nominal,overly_thin,0.078977935,195.900484,-145.206234,36769.58015136719,20155.14877258301,33631.66358276367,0,0.0
14965,Nominal,overly_thin,0.056523424,165.728367,-175.378351,43639.53103271485,17826.290748291016,33643.71130126953,14,4.645945748627787e-05
14967,Nominal,overly_thin,0.080913663,198.286686,-142.820033,41357.32866699219,20131.822716064453,33635.46439331055,0,0.0
14972,Nominal,overly_thin,0.044909019,147.723438,-193.383280,44785.53568664551,17823.636917419433,34791.61281494141,15,4.9777990163869145e-05
14973,Missing_Unintentional,overly_thin,0.007355788,59.785686,-281.321032,44797.204033203125,20117.502311401367,34785.26631225586,21,6.96891862294168e-05
14974,Nominal,overly_thin,0.068137825,181.960346,-159.146372,44783.66719116211,17829.99228393555,37085.508345947266,9,2.9866794098321488e-05
14975,Missing_Unintentional,overly_thin,0.000000000,0.000000,-341.106718,44795.33908325196,20123.859450683594,37079.16184326172,33,0.00010951157836051211
14983,Nominal,overly_thin,0.068137825,181.960346,-159.146372,41343.79182495117,17844.31091583252,35935.706427001955,0,0.0
14985,Nominal,overly_thin,0.037553232,135.084738,-206.021981,43649.334429321294,20126.513281555177,35931.26387512207,8,2.654826142073021e-05
14987,Missing_Unintentional,overly_thin,0.038714673,137.157772,-203.948946,42491.66142883301,17835.29994567871,34789.70886413575,25,8.296331693978191e-05
14989,Nominal,overly_thin,0.044134729,146.444428,-194.662290,42489.792933349614,17841.657084960938,37083.60439514161,30,9.955598032773829e-05
14990,Nominal,overly_thin,0.070073560,184.526912,-156.579807,42501.464825439456,20135.524251708986,37077.26143798828,16,5.309652284146042e-05
14991,Nominal,overly_thin,0.089043744,208.010055,-133.096663,42503.32977539063,20129.16711242676,34783.36590698242,28,9.291891497255574e-05
15105,Nominal,overly_thin,0.089818038,208.912490,-132.194229,25321.677059936526,24807.560704956057,35903.36408203125,0,0.0
15177,Nominal,overly_thin,0.089043744,208.010055,-133.096663,39084.92615234375,24737.57544433594,35914.7700592041,0,0.0
15185,Nominal,overly_thin,0.037166085,134.386620,-206.720098,43662.87481689453,22414.02508178711,33631.021841430666,0,0.0
15187,Nominal,overly_thin,0.059620596,170.208318,-170.898400,41380.66536010742,24719.55350402832,33622.77493347168,0,0.0
15192,Missing_Unintentional,overly_thin,0.000000000,0.000000,-341.106718,44808.875925292974,22411.369478149416,34778.91980957032,29,9.6237447650147e-05
15193,Missing_Unintentional,overly_thin,0.009678668,68.578886,-272.527832,44820.54427185059,24705.23664489746,34772.57330688477,22,7.300771890700808e-05
15194,Missing_Unintentional,overly_thin,0.007355788,59.785686,-281.321032,44807.00742980957,22417.72484466553,37072.81534057618,32,0.00010619304568292084
15195,Missing_Unintentional,overly_thin,0.003097174,38.794076,-302.312643,44818.67577636719,24711.590238647463,37066.46883789063,30,9.955598032773829e-05
15204,Nominal,overly_thin,0.078977935,195.900484,-145.206234,43667.77474243164,23564.135462036134,34774.79635559082,18,5.9733588196642975e-05
15205,Nominal,overly_thin,0.034456059,129.394384,-211.712335,43672.67466796875,24714.245842285156,35918.570869750976,0,0.0
15211,Nominal,overly_thin,0.085172281,203.437852,-137.668867,42526.670014038085,24716.901445922853,34770.67290161133,14,4.645945748627787e-05
15381,Nominal,overly_thin,0.082075104,199.704727,-141.401992,39098.46299438477,27025.085471801758,33614.5280255127,0,0.0
15386,Missing_Intentional,overly_thin,0.009678668,68.578886,-272.527832,35666.515438232425,29345.982003479006,37046.17421142579,0,0.0
15405,Missing_Unintentional,overly_thin,0.033294618,127.194883,-213.911835,43686.211510009765,27001.755869750978,33618.32883605957,20,6.637065355182552e-05
15407,Nominal,overly_thin,0.065040648,177.776787,-163.329932,41404.005598754884,29307.287837524414,33610.08192810059,0,0.0
15412,Missing_Unintentional,overly_thin,0.003484321,41.147332,-299.959387,44832.21261840821,26999.10381164551,34766.22680419922,30,9.955598032773829e-05
15413,Missing_Unintentional,overly_thin,0.023615951,107.123644,-233.983074,44843.88451049805,29292.969205627443,34759.88030151367,17,5.64150555190517e-05
15414,Missing_Unintentional,overly_thin,0.009678668,68.578886,-272.527832,44830.344122924806,27005.45740539551,37060.12233520508,21,6.96891862294168e-05
15415,Missing_Unintentional,overly_thin,0.022454510,104.456245,-236.650473,44842.012469482426,29299.324572143556,37053.77583251953,26,8.628184961737318e-05
15423,Nominal,overly_thin,0.059620596,170.208318,-170.898400,41390.46521118164,27019.777810058597,35910.323961792,4,1.3274130710365105e-05
15425,Missing_Unintentional,overly_thin,0.030971738,122.677639,-218.429080,43696.01136108398,29301.980175781253,35905.87786437989,14,4.645945748627787e-05
15429,Nominal,overly_thin,0.089043744,208.010055,-133.096663,42536.46986511231,27017.1222064209,37058.22192993164,21,6.96891862294168e-05
15431,Nominal,overly_thin,0.081300810,198.760490,-142.346228,42550.01025268555,29304.634006652836,34757.979896240235,10,3.318532677591276e-05
15601,Nominal,overly_thin,0.067363530,180.923526,-160.183193,39121.7996875,31612.816259765626,33601.8350201416,0,0.0
15625,Missing_Unintentional,overly_thin,0.032520324,125.707171,-215.399547,43709.548203125,31589.49020324707,33605.63583068848,23,7.632625158459936e-05
15627,Nominal,overly_thin,0.051877663,158.771600,-182.335118,41427.34583740235,33895.01862548829,33597.38892272949,0,0.0
15628,Nominal,overly_thin,0.068137825,181.960346,-159.146372,40267.80434143067,31610.164201660158,34749.732988281256,30,9.955598032773829e-05
15629,Missing_Intentional,overly_thin,0.025164537,110.580130,-230.526588,40279.47268798828,33904.03136840821,34743.38648559571,0,0.0
15632,Missing_Unintentional,overly_thin,0.027874565,116.382229,-224.724489,44855.55285705566,31586.834599609378,34753.533798828124,21,6.96891862294168e-05
15633,Nominal,overly_thin,0.073170729,188.560757,-152.545961,44867.221203613284,33880.70176635742,34747.18729614258,8,2.654826142073021e-05
15634,Nominal,overly_thin,0.048006196,152.732432,-188.374286,44853.68436157227,31593.188193359376,37047.42932983398,15,4.9777990163869145e-05
15635,Nominal,overly_thin,0.040650405,140.544890,-200.561828,44865.35270812989,33887.05536010742,37041.08282714844,22,7.300771890700808e-05
15643,Nominal,overly_thin,0.068912119,182.991292,-158.115426,41413.80899536133,31607.51214355469,35897.6309564209,0,0.0
15645,Missing_Unintentional,overly_thin,0.042586140,143.852284,-197.254434,43719.348054199225,33889.71096374512,35893.18485900879,17,5.64150555190517e-05
15712,Missing_Intentional,overly_thin,0.000000000,0.000000,-341.106718,13915.552747497559,37485.32383300782,37005.90405639649,0,0.0
15845,Nominal,overly_thin,0.041424699,141.877100,-199.229618,43732.88844177246,36177.22099121094,33592.94637084961,5,1.659266338795638e-05
15847,Nominal,overly_thin,0.077429347,193.970382,-147.136337,41450.68253051758,38482.752958984376,33584.699462890625,5,1.659266338795638e-05
15848,Nominal,overly_thin,0.071622148,186.554742,-154.551976,40291.14458007813,36197.89853515625,34737.03998291016,0,0.0
15850,Nominal,overly_thin,0.089430891,208.461761,-132.644958,40300.94443115235,38498.1192956543,37024.58901123047,0,0.0
15852,Nominal,overly_thin,0.037940379,135.779266,-205.327452,44878.893095703126,36174.56893310547,34740.844338989256,12,3.9822392131095315e-05
15854,Nominal,overly_thin,0.075106464,191.038668,-150.068050,44877.0210546875,36180.92252685547,37034.736324462894,0,0.0
15855,Nominal,overly_thin,0.047231901,151.495711,-189.611007,44888.692946777344,38474.78969360352,37028.393367309574,16,5.309652284146042e-05
15859,Nominal,overly_thin,0.083236545,201.112769,-139.993949,43724.247979736334,35039.82134399414,37036.959373168946,20,6.637065355182552e-05
15864,Nominal,overly_thin,0.078590788,195.419746,-145.686972,43737.7919128418,37327.33491699219,34736.72088500977,18,5.9733588196642975e-05
15865,Nominal,overly_thin,0.059620596,170.208318,-170.898400,43742.69183837891,38477.44529724121,35880.49539916992,0,0.0
15869,Nominal,overly_thin,0.063492067,175.647655,-165.459063,42583.146796875,36192.587327880865,37032.835919189456,31,0.00010287451300532956
15871,Nominal,overly_thin,0.058846302,169.099457,-172.007262,42596.687184448245,38480.10090087891,34732.59743103028,41,0.00013605983978124233
15884,Missing_Unintentional,overly_thin,0.000000000,0.000000,-341.106718,7070.8052819824225,44395.55905151367,34687.26780151368,0,0.0
15885,Missing_Unintentional,overly_thin,0.000000000,0.000000,-341.106718,4776.931024169922,44407.223852539064,34685.36739624024,0,0.0
15886,Missing_Unintentional,overly_thin,0.000000000,0.000000,-341.106718,4775.062528686523,44413.58099182129,36979.2629272461,0,0.0
15887,Missing_Unintentional,overly_thin,0.000000000,0.000000,-341.106718,7068.936786499024,44401.9161907959,36981.163332519536,0,0.0
15912,Missing_Unintentional,overly_thin,0.000000000,0.000000,-341.106718,11658.553797607423,44372.232994995116,34691.068612060546,0,0.0
15913,Missing_Unintentional,overly_thin,0.000000000,0.000000,-341.106718,9364.679539794923,44383.89425048829,34689.16820678711,0,0.0
15914,Missing_Unintentional,overly_thin,0.000000000,0.000000,-341.106718,9362.811044311524,44390.251389770514,36983.063737792974,0,0.0
15915,Missing_Unintentional,overly_thin,0.000000000,0.000000,-341.106718,11656.685302124024,44378.59013427734,36984.964143066405,0,0.0
15939,Missing_Intentional,overly_thin,0.000000000,0.000000,-341.106718,16221.095351867676,39767.52619873047,37001.45795898438,0,0.0
15940,Missing_Unintentional,overly_thin,0.000000000,0.000000,-341.106718,16246.302313232423,44348.90339294434,34694.86942260742,0,0.0
15941,Missing_Unintentional,overly_thin,0.000000000,0.000000,-341.106718,13952.428055419923,44360.56819396973,34692.969017333984,0,0.0
15942,Missing_Unintentional,overly_thin,0.000000000,0.000000,-341.106718,13950.559559936524,44366.92533325196,36986.86454833984,0,0.0
15943,Missing_Unintentional,overly_thin,0.000000000,0.000000,-341.106718,16244.433817749024,44355.260532226566,36988.76495361328,0,0.0
15968,Missing_Unintentional,overly_thin,0.000000000,0.000000,-341.106718,20834.052601623538,44325.577336425784,34698.67377868653,0,0.0
15969,Missing_Unintentional,overly_thin,0.000000000,0.000000,-341.106718,18540.178343811036,44337.242137451176,34696.77337341309,0,0.0
15970,Missing_Unintentional,overly_thin,0.000000000,0.000000,-341.106718,18538.309848327637,44343.595731201174,36990.66890441895,0,0.0
15971,Missing_Unintentional,overly_thin,0.000000000,0.000000,-341.106718,20832.18410614014,44331.93093017578,36992.569309692386,0,0.0
15996,Missing_Unintentional,overly_thin,0.000000000,0.000000,-341.106718,25421.801117248535,44302.247734375,34702.4745892334,0,0.0
15997,Missing_Unintentional,overly_thin,0.000000000,0.000000,-341.106718,23127.926859436036,44313.91253540039,34700.574183959965,0,0.0
15998,Missing_Unintentional,overly_thin,0.000000000,0.000000,-341.106718,23126.058363952638,44320.26612915039,36994.469714965824,0,0.0
15999,Missing_Unintentional,overly_thin,0.000000000,0.000000,-341.106718,25419.93262176514,44308.601328125005,36996.37012023926,0,0.0
16024,Missing_Unintentional,overly_thin,0.000000000,0.000000,-341.106718,30009.547860107425,44278.91813232422,34706.27539978027,0,0.0
16025,Missing_Unintentional,overly_thin,0.000000000,0.000000,-341.106718,27715.675375061037,44290.582933349615,34704.37499450684,0,0.0
16026,Missing_Unintentional,overly_thin,0.000000000,0.000000,-341.106718,27713.806879577638,44296.93652709961,36998.2705255127,0,0.0
16027,Missing_Unintentional,overly_thin,0.000000000,0.000000,-341.106718,30007.68291015625,44285.27172607422,37000.17093078614,0,0.0
16052,Missing_Unintentional,overly_thin,0.000000000,0.000000,-341.106718,34597.296375732425,44255.58853027344,34710.07975585938,0,0.0
16053,Missing_Unintentional,overly_thin,0.000000000,0.000000,-341.106718,32303.422117919923,44267.25333129883,34708.17580505371,0,0.0
16054,Missing_Unintentional,overly_thin,0.000000000,0.000000,-341.106718,32301.557167968753,44273.61047058106,37002.07133605957,0,0.0
16055,Missing_Unintentional,overly_thin,0.000000000,0.000000,-341.106718,34595.43142578125,44261.945669555666,37003.975286865236,0,0.0
16080,Missing_Unintentional,overly_thin,0.000000000,0.000000,-341.106718,39185.04843688965,44232.26247375488,34713.88056640625,0,0.0
16081,Missing_Unintentional,overly_thin,0.000000000,0.000000,-341.106718,36891.17063354493,44243.92372924805,34711.980161132815,0,0.0
16082,Missing_Unintentional,overly_thin,0.000000000,0.000000,-341.106718,36889.30568359375,44250.28086853027,37005.875692138674,0,0.0
16083,Missing_Unintentional,overly_thin,0.000000000,0.000000,-341.106718,39183.179941406255,44238.61961303711,37007.77609741211,0,0.0
16097,Nominal,overly_thin,0.075880758,192.020879,-149.085839,43756.228680419925,40764.955324707036,33580.253365478515,0,0.0
16104,Nominal,overly_thin,0.049167633,154.568956,-186.537762,44902.22978881836,40762.303266601564,34728.15133361817,6,1.9911196065547657e-05
16105,Missing_Unintentional,overly_thin,0.000000000,0.000000,-341.106718,44913.9016809082,43056.17043334961,34721.80483093262,0,0.0
16106,Nominal,overly_thin,0.083236545,201.112769,-139.993949,44900.361293334965,40768.65686035156,37022.046864624026,0,0.0
16107,Missing_Unintentional,overly_thin,0.000000000,0.000000,-341.106718,44912.02963989258,43062.524027099615,37015.70036193848,30,9.955598032773829e-05
16112,Missing_Unintentional,overly_thin,0.000000000,0.000000,-341.106718,43772.800498046876,44208.932871704106,34717.68137695313,0,0.0
16113,Missing_Unintentional,overly_thin,0.000000000,0.000000,-341.106718,41478.926240234374,44220.5976727295,34715.78097167969,0,0.0
16114,Missing_Unintentional,overly_thin,0.000000000,0.000000,-341.106718,41477.05419921875,44226.95481201172,37009.67650268555,0,0.0
16115,Missing_Unintentional,overly_thin,0.000000000,0.000000,-341.106718,43770.92845703125,44215.29001098633,37011.57690795899,0,0.0
16125,Nominal,overly_thin,0.078203641,194.937822,-146.168897,42606.48703552246,40780.321661376955,37020.14645935059,19,6.305212087423425e-05
16126,Nominal,overly_thin,0.089043744,208.010055,-133.096663,42618.155382080084,43074.188828125,37013.79995666504,0,0.0
16127,Nominal,overly_thin,0.082462251,200.175175,-140.931544,42620.02742309571,43067.83168884277,34719.90442565918,9,2.9866794098321488e-05
16132,Nominal,overly_thick,0.999225736,696.810086,355.703367,4577.8454009246825,6580.672679748535,42818.711958007814,308,0.001022108064698113
16133,Nominal,overly_thick,0.933410764,673.471194,332.364476,4566.175724792481,4286.805956192017,42825.05846069336,250,0.0008296331693978191
16134,Nominal,overly_thick,0.967479646,685.651675,344.544956,6860.050425796509,4275.142041549683,42826.9588659668,296,0.0009822856725670178
16135,Nominal,overly_thick,0.988772750,693.155809,352.049090,6871.719658737183,6569.008765106201,42820.61236328125,293,0.0009723300745342439
16146,Nominal,overly_thin,0.087882310,206.649022,-134.457696,4579.713896408081,6574.317313232422,40524.816427001955,0,0.0
16160,Nominal,overly_thick,0.994967103,695.323621,354.216903,9165.594359741212,6557.34440727234,42822.51276855469,279,0.0009258706170479661
16161,Nominal,overly_thick,0.921409190,669.127520,328.020802,9153.92424041748,4263.477683715821,42828.85927124024,290,0.0009623744765014701
16162,Nominal,overly_thick,0.951993823,680.142147,339.035428,11447.79849822998,4251.813769073487,42830.75967651368,285,0.0009457818131135137
16163,Nominal,overly_thick,0.977545500,689.209274,348.102556,11459.468617553712,6545.680049438477,42824.41317382813,286,0.000949100345791105
16188,Nominal,overly_thick,0.991095603,693.969522,352.862803,13753.342875366212,6534.016134796143,42826.31357910157,280,0.0009291891497255573
16189,Nominal,overly_thick,0.902051866,662.061566,320.954848,13741.673642425538,4240.149411239624,42832.660081787115,288,0.0009557374111462876
16190,Nominal,overly_thick,0.945799470,677.925790,336.819071,16035.548786621095,4228.485053405762,42834.56048706055,265,0.0008794111595616882
16191,Nominal,overly_thick,0.944638014,677.509410,336.402692,16047.217133178712,6522.351333770753,42828.213984375005,269,0.0008926852902720533
16216,Nominal,overly_thick,0.972899735,687.569597,346.462879,18341.091390991212,6510.687419128419,42830.11438964844,263,0.0008727740942065056
16217,Nominal,overly_thick,0.863337219,647.698445,306.591727,18329.423044433595,4216.8206955719,42836.460892333984,269,0.0008926852902720533
16218,Nominal,overly_thick,0.894308925,659.213974,318.107256,20623.297302246094,4205.156337738037,42838.36129760742,269,0.0008926852902720533
16219,Nominal,overly_thick,0.926054955,670.812277,329.705559,20634.96564880371,6499.023504486085,42832.01479492188,263,0.0008727740942065056
16244,Nominal,overly_thick,0.931862175,672.912297,331.805578,22928.841679382327,6487.359146652222,42833.91520019531,261,0.0008661370288513231
16245,Nominal,overly_thick,0.813008130,628.535869,287.429150,22917.171560058596,4193.492423095703,42840.26170288086,277,0.0009192335516927836
16246,Nominal,overly_thick,0.853271365,643.911540,302.804821,25211.045817871094,4181.828508453369,42842.1621081543,267,0.0008860482249168708
16247,Nominal,overly_thick,0.874951601,652.040599,310.933881,25222.715937194826,6475.6947888183595,42835.81560546875,258,0.0008561814308185493
16272,Nominal,overly_thick,0.806039512,625.836356,284.729637,27516.590195007328,6464.0308741760255,42837.71955627442,254,0.0008429073001081841
16273,Nominal,overly_thick,0.765001953,609.696770,268.590052,27504.920075683596,4170.164150619507,42844.062513427736,268,0.000889366757594462
16274,Nominal,overly_thick,0.753000379,604.895314,263.788595,29798.794333496095,4158.499792785645,42845.9664642334,264,0.0008760926268840969
16275,Nominal,overly_thick,0.805265188,625.535678,284.428959,29810.46622558594,6452.366073150635,42839.619961547854,250,0.0008296331693978191
16300,Nominal,overly_thick,0.748354614,603.026424,261.919706,32104.34048339844,6440.702158508301,42841.52036682129,262,0.0008694555615289144
16301,Nominal,overly_thick,0.722028673,592.324702,251.217984,32092.668591308597,4146.835434951782,42847.86686950684,264,0.0008760926268840969
16302,Nominal,overly_thick,0.648470759,561.342367,220.235649,34386.5428491211,4135.1710771179205,42849.76727478028,242,0.0008030849079770888
16303,Nominal,overly_thick,0.710027099,587.381257,246.274539,34398.21474121094,6429.038243865967,42843.42077209473,250,0.0008296331693978191
16328,Nominal,overly_thick,0.620209038,548.973863,207.867145,36692.08899902344,6417.373886032105,42845.32117736817,240,0.0007964478426219063
16329,Nominal,overly_thick,0.626016259,551.537986,210.431268,36680.41710693359,4123.5071624755865,42851.66768005372,257,0.000852862898140958
16331,Nominal,overly_thick,0.634533465,555.277260,214.170542,38985.96325683594,6405.709528198243,42847.22158264161,227,0.0007533069178132197
16364,Missing_Unintentional,overly_thin,0.008517228,64.332697,-276.774021,44711.781525268554,4073.1490818786624,39417.47934753418,17,5.64150555190517e-05
16365,Missing_Unintentional,overly_thin,0.025938831,112.268475,-228.838243,44723.449871826175,6367.015362243653,39411.13284484864,32,0.00010619304568292084
16366,Missing_Unintentional,overly_thin,0.022454510,104.456245,-236.650473,44709.91302978516,4079.5044483947754,41711.37133300782,20,6.637065355182552e-05
16367,Missing_Unintentional,overly_thin,0.003484321,41.147332,-299.959387,44721.584921875,6373.370728759766,41705.0283758545,26,8.628184961737318e-05
16377,Nominal,overly_thin,0.082462251,200.175175,-140.931544,43575.58026794434,6376.025446014404,40557.130407714845,0,0.0
16381,Nominal,overly_thin,0.084785134,202.974966,-138.131752,42416.03877197266,4091.168806228638,41709.47092773438,9,2.9866794098321488e-05
16388,Nominal,overly_thick,0.991869926,694.240561,353.133843,4601.184309997559,11168.405240478516,42806.018952636725,298,0.0009889227379222003
16389,Nominal,overly_thick,0.982191265,690.845060,349.738341,4589.514633865357,8874.538960113527,42812.365455322266,309,0.0010254265973757043
16390,Nominal,overly_thick,1.000000000,697.080000,355.973282,6883.3893348693855,8862.875045471192,42814.265860595704,327,0.0010851601855723474
16391,Nominal,overly_thick,0.993031383,694.646912,353.540194,6895.058567810059,11156.741325836183,42807.919357910156,290,0.0009623744765014701
16408,Nominal,overly_thin,0.075493611,191.530403,-149.576315,6885.2578303527835,8856.51967895508,40520.370329589845,0,0.0
16416,Nominal,overly_thick,0.997677147,696.269922,355.163204,9188.93282562256,11145.077411193848,42809.819763183594,285,0.0009457818131135137
16417,Nominal,overly_thick,0.997289956,696.134800,355.028082,9177.263592681886,8851.210244445801,42816.16626586914,310,0.0010287451300532956
16418,Nominal,overly_thick,0.993805647,694.917666,353.810948,11471.138736877441,8839.546329803467,42818.06667114258,310,0.0010287451300532956
16419,Nominal,overly_thick,0.987611294,692.748583,351.641865,11482.80708343506,11133.412610168458,42811.72016845703,293,0.0009723300745342439
16430,Nominal,overly_thin,0.081300810,198.760490,-142.346228,9190.801321105957,11138.722044677736,40515.924232177735,0,0.0
16444,Nominal,overly_thick,0.998451412,696.540046,355.433328,13776.681341247559,11121.748695526123,42813.62057373047,324,0.0010752045875395736
16445,Nominal,overly_thick,0.991869926,694.240561,353.133843,13765.012994689941,8827.882415161133,42819.96707641602,283,0.0009391447477583312
16446,Nominal,overly_thick,0.998064280,696.404997,355.298279,16058.887252502442,8816.217614135743,42821.867481689456,290,0.0009623744765014701
16447,Nominal,overly_thick,0.998064280,696.404997,355.298279,16070.557371826173,11110.08478088379,42815.52097900391,297,0.000985604205244609
16472,Nominal,overly_thick,0.995354235,695.458880,354.352162,18364.43162963867,11098.4199798584,42817.424929809575,285,0.0009457818131135137
16473,Nominal,overly_thick,0.968641102,686.063112,344.956394,18352.761510314944,8804.553699493408,42823.767886962894,285,0.0009457818131135137
16474,Nominal,overly_thick,0.970964015,686.885249,345.778531,20646.635768127442,8792.889784851075,42825.66829223633,279,0.0009258706170479661
16475,Nominal,overly_thick,0.980642676,690.300229,349.193510,20658.305887451173,11086.756065216065,42819.32533508301,289,0.0009590559438238789
16500,Nominal,overly_thick,0.972899735,687.569597,346.462879,22952.180145263672,11075.092150573731,42821.22574035645,288,0.0009557374111462876
16501,Nominal,overly_thick,0.950832367,679.727125,338.620407,22940.511798706055,8781.224983825685,42827.56869750977,281,0.0009325076824031486
16502,Nominal,overly_thick,0.926054955,670.812277,329.705559,25234.386056518557,8769.56106918335,42829.47264831543,265,0.0008794111595616882
16503,Nominal,overly_thick,0.960898161,683.315549,342.208831,25246.054403076174,11063.427349548341,42823.12614562989,287,0.0009524188784686962
16528,Nominal,overly_thick,0.919473469,668.424291,327.317572,27539.928660888672,11051.763434906006,42825.02655090332,280,0.0009291891497255573
16529,Nominal,overly_thick,0.900116146,661.350823,320.244105,27528.260314331055,8757.897154541017,42831.37305358887,259,0.0008594999634961405
16530,Nominal,overly_thick,0.830429733,635.234487,294.127768,29822.134572143557,8746.232353515625,42833.273458862306,257,0.000852862898140958
16531,Nominal,overly_thick,0.919473469,668.424291,327.317572,29833.802918701174,11040.099520263673,42826.92695617676,273,0.0009059594209824184
16556,Nominal,overly_thick,0.804878056,625.385296,284.278578,32127.677176513673,11028.434719238281,42828.827361450196,254,0.0008429073001081841
16557,Nominal,overly_thick,0.814556718,629.134190,288.027472,32116.008829956056,8734.568438873292,42835.173864135744,261,0.0008661370288513231
16558,Nominal,overly_thick,0.740998864,600.055463,258.948744,34409.883087768554,8722.904524230957,42837.07426940918,257,0.000852862898140958
16559,Nominal,overly_thick,0.807588100,626.437255,285.330537,34421.551434326175,11016.770804595948,42830.73131225586,257,0.000852862898140958
16584,Nominal,overly_thick,0.714672863,589.299766,248.193048,36715.42569213868,11005.106889953613,42832.6317175293,254,0.0008429073001081841
16585,Nominal,overly_thick,0.735578775,597.856861,256.750142,36703.757345581056,8711.239723205566,42838.97467468262,247,0.0008196775713650452
16587,Nominal,overly_thick,0.733643055,597.069694,255.962976,39009.29994995117,10993.442088928223,42834.53212280274,265,0.0008794111595616882
16609,Nominal,overly_thin,0.056523424,165.728367,-175.378351,43589.12065551758,8663.536359863281,38256.88837402344,0,0.0
16616,Missing_Unintentional,overly_thin,0.030971738,122.677639,-218.429080,40147.37324829102,8684.210358276368,39400.985531616214,21,6.96891862294168e-05
16617,Nominal,overly_thin,0.079752229,196.858439,-144.248279,40159.04159484863,10978.077525024415,39394.639028930666,19,6.305212087423425e-05
16618,Nominal,overly_thin,0.047231901,151.495711,-189.611007,40157.17309936524,10984.432891540528,41688.534559936525,14,4.645945748627787e-05
16619,Nominal,overly_thin,0.061943475,173.492380,-167.614338,40145.50475280762,8690.565724792481,41694.877517089844,22,7.300771890700808e-05
16620,Missing_Unintentional,overly_thin,0.006968641,58.191114,-282.915604,44735.12176391602,8660.8825289917,39404.78634216309,27,8.960038229496445e-05
16621,Missing_Unintentional,overly_thin,0.032133177,124.956673,-216.150045,44746.79011047364,10954.747922973633,39398.43983947754,19,6.305212087423425e-05
16622,Missing_Unintentional,overly_thin,0.014324429,83.429814,-257.676904,44733.25326843262,8667.237895507813,41698.68187316895,19,6.305212087423425e-05
16623,Nominal,overly_thin,0.023228804,106.241953,-234.864766,44744.921614990235,10961.104175872804,41692.3353704834,24,7.964478426219063e-05
16633,Nominal,overly_thin,0.075880758,192.020879,-149.085839,43598.9205065918,10963.758893127442,40544.437402343756,0,0.0
16644,Nominal,overly_thick,0.999225736,696.810086,355.703367,4624.523219070435,15756.13957397461,42793.32594726563,321,0.0010652489895067996
16645,Nominal,overly_thick,0.993418515,694.782302,353.675584,4612.853542938233,13462.272407226563,42799.67244995118,311,0.0010320636627308868
16646,Nominal,overly_thick,0.999612868,696.945056,355.838338,6906.7282439422615,13450.607606201173,42801.572855224615,321,0.0010652489895067996
16647,Nominal,overly_thick,1.000000000,697.080000,355.973282,6918.397476882935,15744.47477294922,42795.226352539066,314,0.0010420192607636608
16664,Nominal,overly_thin,0.072396435,187.560427,-153.546291,6908.596296234131,13444.25223968506,40507.677324218756,0,0.0
16672,Nominal,overly_thick,1.000000000,697.080000,355.973282,9212.271291503906,15732.809971923829,42797.126757812504,316,0.0010486563261188433
16673,Nominal,overly_thick,0.994579971,695.188336,354.081618,9200.60294494629,13438.94369155884,42803.47326049805,297,0.000985604205244609
16674,Nominal,overly_thick,0.996902823,695.999673,354.892955,11494.47720275879,13427.279776916504,42805.37366577148,294,0.0009756486072118353
16675,Nominal,overly_thick,0.994579971,695.188336,354.081618,11506.146435699464,15721.145170898439,42799.02716308594,301,0.000998878335954974
16692,Nominal,overly_thin,0.082462251,200.175175,-140.931544,11496.345698242189,13420.923524017335,40511.478134765624,0,0.0
16700,Nominal,overly_thick,0.990708470,693.833973,352.727254,13800.020693511964,15709.480369873048,42800.9311138916,289,0.0009590559438238789
16701,Nominal,overly_thick,0.969802558,686.474304,345.367585,13788.35146057129,13415.614975891114,42807.27407104492,299,0.0009922412705997915
16702,Nominal,overly_thick,0.873790145,651.607679,310.500961,16082.22571838379,13403.95106124878,42809.17802185059,290,0.0009623744765014701
16703,Nominal,overly_thick,0.975996912,688.663149,347.556431,16093.894064941407,15697.81734161377,42802.83151916504,283,0.0009391447477583312
16714,Nominal,overly_thin,0.081300810,198.760490,-142.346228,13801.890075378418,15703.126776123048,40507.03203735352,0,0.0
16728,Nominal,overly_thick,0.968253970,685.926001,344.819283,18387.77009552002,15686.154313354493,42804.73192443848,273,0.0009059594209824184
16729,Nominal,overly_thick,0.896631837,660.069553,318.962834,18376.09997619629,13392.287146606446,42811.078427124026,290,0.0009623744765014701
16730,Nominal,overly_thick,0.956639588,681.799686,340.692968,20669.97423400879,13380.622345581056,42812.978832397464,281,0.0009325076824031486
16731,Nominal,overly_thick,0.909020543,664.613979,323.507261,20681.644353332522,15674.489512329103,42806.632329711916,275,0.0009125964863376009
16740,Nominal,overly_thick,0.637630641,556.630773,215.524054,18382.87016998291,14536.042160339357,41660.95741027832,6,1.9911196065547657e-05
16756,Nominal,overly_thick,0.855594277,644.787424,303.680705,22975.51861114502,15662.824711303712,42808.532734985354,268,0.000889366757594462
16757,Nominal,overly_thick,0.980642676,690.300229,349.193510,22963.84849182129,13368.958430938721,42814.8792376709,281,0.0009325076824031486
16758,Nominal,overly_thick,0.948509514,678.896341,337.789623,25257.724522399905,13357.294516296388,42816.77964294434,277,0.0009192335516927836
16759,Nominal,overly_thick,0.827719688,634.197120,293.090401,25269.394641723633,15651.159910278322,42810.43314025879,270,0.0008960038229496446
16768,Nominal,overly_thick,0.629887700,553.240782,212.134064,22970.61868560791,14512.714331054689,41664.7582208252,3,9.955598032773829e-06
16784,Nominal,overly_thick,0.857142866,645.370678,304.263960,27563.268899536135,15639.49510925293,42812.33354553223,281,0.0009325076824031486
16785,Nominal,overly_thick,0.949283779,679.173375,338.066657,27551.598780212404,13345.629715270998,42818.68004821778,277,0.0009192335516927836
16786,Nominal,overly_thick,0.888114572,656.927013,315.820295,29845.474810791016,13333.965800628663,42820.58045349122,271,0.0008993223556272358
16787,Nominal,overly_thick,0.941927969,676.536869,335.430150,29857.143157348633,15627.832080993654,42814.23749633789,276,0.0009159150190151922
16812,Nominal,overly_thick,0.876500189,652.617371,311.510653,32151.017415161135,15616.169052734376,42816.13790161133,292,0.0009690115418566526
16813,Nominal,overly_thick,0.895857513,659.784476,318.677757,32139.34906860352,13322.30188598633,42822.484404296876,270,0.0008960038229496446
16814,Nominal,overly_thick,0.772744894,612.774515,271.667796,34433.22332641602,13310.637084960938,42824.384809570314,265,0.0008794111595616882
16815,Nominal,overly_thick,0.897406101,660.354484,319.247766,34444.89167297364,15604.504251708986,42818.038306884766,279,0.0009258706170479661
16820,Missing_Intentional,overly_thin,0.015098723,85.655001,-255.451717,32136.31409301758,12165.83436645508,39384.81081359863,0,0.0
16840,Nominal,overly_thick,0.757259011,606.603410,265.496692,36738.76593078613,15592.839450683594,42819.938712158204,271,0.0008993223556272358
16841,Nominal,overly_thick,0.780487776,615.836854,274.730136,36727.09758422852,13298.973170318604,42826.28521484375,258,0.0008561814308185493
16842,Nominal,overly_thick,0.682152510,575.735970,234.629251,39020.97184204102,13287.30925567627,42828.18562011719,256,0.0008495443654633667
16843,Nominal,overly_thick,0.751064658,604.117318,263.010600,39032.640188598634,15581.174649658204,42821.83911743164,251,0.0008329517020754104
16865,Nominal,overly_thin,0.070460707,185.035953,-156.070766,43612.457348632815,13251.268920593262,38244.19536865235,0,0.0
16867,Nominal,overly_thin,0.088656604,207.557375,-133.549343,41330.254982910155,15556.799115600586,38235.94846069336,0,0.0
16868,Nominal,overly_thick,0.622144818,549.829917,208.723199,41326.517991943365,15569.509848632813,42823.73952270508,246,0.000816359038687454
16869,Nominal,overly_thick,0.658536613,565.682294,224.575576,41314.846099853516,13275.64445465088,42830.08602539063,244,0.0008097219733322715
16872,Nominal,overly_thin,0.059233449,169.654793,-171.451925,40170.709941406254,13271.94291900635,39388.29252624512,21,6.96891862294168e-05
16873,Nominal,overly_thin,0.083623692,201.579931,-139.526787,40182.381833496096,15565.810085754396,39381.946023559576,20,6.637065355182552e-05
16874,Nominal,overly_thin,0.089430891,208.461761,-132.644958,40180.50979248047,15572.165452270508,41675.841554565435,20,6.637065355182552e-05
16875,Nominal,overly_thin,0.090205185,209.362248,-131.744470,40168.84144592285,13278.298285522462,41682.188057250976,30,9.955598032773829e-05
16876,Missing_Unintentional,overly_thin,0.016260162,88.888393,-252.218325,44758.45845703125,13248.615089721681,39392.09333679199,26,8.628184961737318e-05
16877,Nominal,overly_thin,0.057297714,166.859628,-174.247091,44770.13034912109,15542.482256469728,39385.746834106445,20,6.637065355182552e-05
16878,Nominal,overly_thin,0.040650405,140.544890,-200.561828,44756.593507080084,13254.970456237794,41685.98886779785,24,7.964478426219063e-05
16879,Missing_Unintentional,overly_thin,0.004258614,45.490087,-295.616632,44768.2618536377,15548.83762298584,41679.642365112304,25,8.296331693978191e-05
16888,Nominal,overly_thin,0.087495163,206.193345,-134.913373,43617.357274169924,14401.3810736084,39387.969882812504,21,6.96891862294168e-05
16889,Nominal,overly_thin,0.066589236,179.880729,-161.225989,43622.25719970703,15551.491453857423,40531.74439697266,12,3.9822392131095315e-05
16891,Nominal,overly_thin,0.073945023,189.555809,-151.550910,42464.584199218756,13260.279890747071,39390.192931518555,12,3.9822392131095315e-05
16893,Nominal,overly_thin,0.081300810,198.760490,-142.346228,42462.71924926758,13266.635257263184,41684.088462524414,16,5.309652284146042e-05
16894,Nominal,overly_thin,0.090592332,209.811043,-131.295675,42474.387595825196,15560.500651245118,41677.741959838866,31,0.00010287451300532956
16895,Missing_Unintentional,overly_thin,0.027487418,115.571192,-225.535526,42476.2560913086,15554.147057495118,39383.84642883301,28,9.291891497255574e-05
16896,Nominal,overly_thin,0.088656604,207.557375,-133.549343,4639.929442977906,18037.294234924317,38199.18838256836,0,0.0
16900,Nominal,overly_thick,1.000000000,697.080000,355.973282,4647.862128143311,20343.870361938476,42780.63294189453,328,0.0010884787182499386
16901,Nominal,overly_thick,0.999225736,696.810086,355.703367,4636.192452011109,18050.004967956545,42786.97944458008,319,0.001058611924151617
16902,Nominal,overly_thick,1.000000000,697.080000,355.973282,6930.067153015137,18038.341939697268,42788.87984985352,344,0.001141575241091399
16903,Nominal,overly_thick,1.000000000,697.080000,355.973282,6941.736385955811,20332.207333679202,42782.53334716797,350,0.0011614864371569467
16928,Nominal,overly_thick,1.000000000,697.080000,355.973282,9235.611530151367,20320.544305419924,42784.437297973636,318,0.0010552933914740258
16929,Nominal,overly_thick,1.000000000,697.080000,355.973282,9223.941410827638,18026.677138671876,42790.780255126956,320,0.0010619304568292084
16930,Nominal,overly_thick,0.998451412,696.540046,355.433328,11517.815668640138,18015.012337646487,42792.68420593262,300,0.0009955598032773828
16931,Nominal,overly_thick,0.999612868,696.945056,355.838338,11529.485787963868,20308.879504394532,42786.337703247074,315,0.001045337793441252
16956,Nominal,overly_thick,0.998064280,696.404997,355.298279,13823.360045776368,20297.214703369144,42788.23810852051,296,0.0009822856725670178
16957,Nominal,overly_thick,0.997289956,696.134800,355.028082,13811.690812835694,18003.347536621095,42794.58461120606,296,0.0009822856725670178
16958,Nominal,overly_thick,0.992257059,694.376031,353.269313,16105.565957031251,17991.682735595703,42796.48501647949,295,0.0009789671398894265
16959,Nominal,overly_thick,0.995741367,695.594113,354.487394,16117.234303588868,20285.54990234375,42790.13851379395,310,0.0010287451300532956
16966,Nominal,overly_thick,0.624854803,551.026111,209.919393,13806.790000915527,16853.23715637207,41650.8100970459,9,2.9866794098321488e-05
16984,Nominal,overly_thick,0.950832367,679.727125,338.620407,18411.10856140137,20273.88510131836,42792.03891906739,290,0.0009623744765014701
16985,Nominal,overly_thick,0.989159882,693.291490,352.184772,18399.44021484375,17980.019707336425,42798.38542175293,297,0.000985604205244609
16986,Nominal,overly_thick,0.942315161,676.675904,335.569186,20693.31447265625,17968.35667907715,42800.28582702637,286,0.000949100345791105
16987,Nominal,overly_thick,0.992644191,694.511474,353.404756,20704.982819213867,20262.22207305908,42793.93932434082,302,0.0010021968686325655
16995,Nominal,overly_thick,0.612853289,545.708707,204.601988,20688.41277435303,16818.24452606201,41656.51131286621,5,1.659266338795638e-05
17007,Missing_Intentional,overly_thin,0.003484321,41.147332,-299.959387,19560.85020629883,20258.522310180666,39352.145825195315,0,0.0
17012,Nominal,overly_thick,0.895083249,659.499297,318.392579,22998.85707702637,20250.559044799807,42795.83972961426,282,0.0009358262150807398
17013,Nominal,overly_thick,0.928764999,671.793106,330.686388,22987.18873046875,17956.69187805176,42802.186232299806,283,0.0009391447477583312
17014,Nominal,overly_thick,0.830042601,635.086402,293.979683,25281.06298828125,17945.027077026367,42804.086637573244,267,0.0008860482249168708
17015,Nominal,overly_thick,0.941153705,676.258755,335.152037,25292.731334838867,20238.894243774415,42797.743680419924,282,0.0009358262150807398
17040,Nominal,overly_thick,0.823073924,632.414828,291.308109,27586.60559265137,20227.229442749023,42799.64408569336,273,0.0009059594209824184
17041,Nominal,overly_thick,0.847851336,641.863200,300.756482,27574.937246093752,17933.36227600098,42805.99058837891,266,0.0008827296922392795
17042,Nominal,overly_thick,0.768873394,611.237568,270.130849,29868.81150390625,17921.697474975586,42807.89099365235,253,0.0008395887674305929
17043,Nominal,overly_thick,0.831978321,635.826504,294.719786,29880.479850463867,20215.564641723635,42801.5444909668,272,0.0009026408883048272
17068,Nominal,overly_thick,0.766937673,610.467655,269.360937,32174.357653808594,20203.899840698243,42803.44489624024,253,0.0008395887674305929
17069,Nominal,overly_thick,0.787069321,618.427957,277.321239,32162.685761718752,17910.03444671631,42809.79139892579,258,0.0008561814308185493
17070,Nominal,overly_thick,0.774680614,613.541532,272.434814,34456.56001953125,17898.37141845703,42811.691804199225,263,0.0008727740942065056
17071,Nominal,overly_thick,0.752226114,604.584245,263.477527,34468.23191162109,20192.236812438965,42805.34530151368,264,0.0008760926268840969
17096,Nominal,overly_thick,0.651567936,562.681290,221.574572,36762.106169433595,20180.573784179687,42807.245706787115,257,0.000852862898140958
17097,Nominal,overly_thick,0.876887321,652.761479,311.654761,36750.43427734375,17886.706617431642,42813.592209472656,270,0.0008960038229496446
17098,Nominal,overly_thick,0.723964393,593.118166,252.011448,39044.308535156255,17875.04181640625,42815.492614746094,263,0.0008727740942065056
17121,Nominal,overly_thin,0.046457607,150.248810,-190.857908,43635.79404174805,17839.001481323245,38231.50236328125,21,6.96891862294168e-05
17125,Nominal,overly_thick,0.731707335,596.281488,255.174770,41338.18279296875,17863.377015380862,42817.39302001953,255,0.0008462258327857755
17132,Nominal,overly_thin,0.055361982,164.016840,-177.089879,44781.79869567871,17836.349423217773,39379.400331420904,16,5.309652284146042e-05
17133,Missing_Unintentional,overly_thin,0.005807201,53.120976,-287.985742,44793.467042236334,20130.214817199707,39373.05737426758,33,0.00010951157836051211
17134,Nominal,overly_thin,0.049167633,154.568956,-186.537762,44779.93020019532,17842.703016967775,41673.29586242676,17,5.64150555190517e-05
17135,Missing_Unintentional,overly_thin,0.000387147,13.715777,-327.390941,44791.60209228516,20136.570183715823,41666.95290527344,29,9.6237447650147e-05
17139,Nominal,overly_thin,0.052264810,159.362931,-181.743787,43627.15712524414,16701.601834106445,41675.518911132815,22,7.300771890700808e-05
17145,Nominal,overly_thin,0.062330622,174.033700,-167.073018,43645.59389282227,20139.225787353516,40519.05139160156,20,6.637065355182552e-05
17147,Nominal,overly_thin,0.053426247,161.123897,-179.982822,42487.92443786621,17848.01245147705,39377.499926147466,21,6.96891862294168e-05
17149,Missing_Unintentional,overly_thin,0.036778938,133.684857,-207.421862,42486.055942382816,17854.367817993167,41671.395457153325,30,9.955598032773829e-05
17151,Nominal,overly_thin,0.068524972,182.476547,-158.630171,42499.59278442383,20141.877845458985,39371.15342346192,20,6.637065355182552e-05
17156,Nominal,overly_thick,1.000000000,697.080000,355.973282,4671.200594024658,24931.604695434573,42767.94348205566,342,0.0011349381757362164
17157,Nominal,overly_thick,1.000000000,697.080000,355.973282,4659.531361083985,22637.737528686524,42774.28643920899,349,0.0011581679044793554
17158,Nominal,overly_thick,1.000000000,697.080000,355.973282,6953.405618896485,22626.072727661132,42776.19039001465,341,0.0011316196430586252
17159,Nominal,overly_thick,1.000000000,697.080000,355.973282,6965.074851837158,24919.93989440918,42769.8438873291,369,0.001224538558031181
17184,Nominal,overly_thick,1.000000000,697.080000,355.973282,9258.949996032716,24908.27509338379,42771.74429260254,369,0.001224538558031181
17185,Nominal,overly_thick,1.000000000,697.080000,355.973282,9247.279876708984,22614.40969940186,42778.09079528809,377,0.001251086819451911
17186,Nominal,overly_thick,1.000000000,697.080000,355.973282,11541.154134521485,22602.74667114258,42779.991200561526,328,0.0010884787182499386
17187,Nominal,overly_thick,1.000000000,697.080000,355.973282,11552.824253845216,24896.612065124515,42773.64469787598,380,0.001261042417484685
17212,Nominal,overly_thick,0.998451412,696.540046,355.433328,13846.698511657716,24884.949036865237,42775.545103149416,314,0.0010420192607636608
17213,Nominal,overly_thick,1.000000000,697.080000,355.973282,13835.029278717042,22591.08187011719,42781.891605834964,315,0.001045337793441252
17214,Nominal,overly_thick,0.992257059,694.376031,353.269313,16128.902650146485,22579.4170690918,42783.7920111084,311,0.0010320636627308868
17215,Nominal,overly_thick,1.000000000,697.080000,355.973282,16140.574542236329,24873.284235839845,42777.445508422854,311,0.0010320636627308868
17224,Nominal,overly_thick,0.612853289,545.708707,204.601988,13841.798586120607,23734.836883850097,41631.77058898926,15,4.9777990163869145e-05
17240,Nominal,overly_thick,0.993418515,694.782302,353.675584,18434.44880004883,24861.619434814456,42779.34591369629,295,0.0009789671398894265
17241,Nominal,overly_thick,0.996902823,695.999673,354.892955,18422.776907958985,22567.752268066408,42785.69241638184,310,0.0010287451300532956
17242,Nominal,overly_thick,0.985675573,692.069356,350.962638,20716.652938537598,22556.087467041016,42787.59282165528,296,0.0009822856725670178
17243,Nominal,overly_thick,0.998064280,696.404997,355.298279,20728.32305786133,24849.954633789064,42781.24986450196,305,0.0010121524666653393
17252,Nominal,overly_thick,0.660472333,566.513075,225.406357,18429.547101745608,23711.50905456543,41635.57139953614,12,3.9822392131095315e-05
17268,Nominal,overly_thick,0.986837029,692.476981,351.370262,23022.197315673828,24838.289832763672,42783.1502697754,300,0.0009955598032773828
17269,Nominal,overly_thick,0.993418515,694.782302,353.675584,23010.5271963501,22544.424438781738,42789.49677246094,276,0.0009159150190151922
17270,Nominal,overly_thick,0.892373204,658.500157,317.393439,25304.4014541626,22532.761410522464,42791.397177734376,284,0.0009424632804359225
17271,Nominal,overly_thick,0.992644191,694.511474,353.404756,25316.07157348633,24826.626804504394,42785.05067504883,303,0.0010055154013101568
17296,Nominal,overly_thick,0.909794807,664.896963,323.790245,27609.945831298828,24814.96377624512,42786.951080322266,287,0.0009524188784686962
17297,Nominal,overly_thick,0.939217985,675.562949,334.456230,27598.27748474121,22521.09660949707,42793.297583007814,283,0.0009391447477583312
17298,Nominal,overly_thick,0.833526909,636.417972,295.311253,29892.151742553713,22509.43180847168,42795.19798828125,273,0.0009059594209824184
17299,Nominal,overly_thick,0.893534660,658.928549,317.821831,29903.82008911133,24803.298975219728,42788.851485595704,293,0.0009723300745342439
17324,Nominal,overly_thick,0.832365453,635.974417,294.867699,32197.69434692383,24791.634174194336,42790.75189086914,270,0.0008960038229496446
17325,Nominal,overly_thick,0.826945424,633.900430,292.793712,32186.022454833987,22497.76700744629,42797.09839355469,264,0.0008760926268840969
17326,Nominal,overly_thick,0.740998864,600.055463,258.948744,34479.896712646485,22486.1022064209,42798.99879882813,266,0.0008827296922392795
17327,Nominal,overly_thick,0.810685277,627.637329,286.530611,34491.56860473633,24779.969373168948,42792.65229614258,267,0.0008860482249168708
17352,Nominal,overly_thick,0.712737143,588.501154,247.394435,36785.44286254883,24768.304572143556,42794.55270141602,266,0.0008827296922392795
17353,Nominal,overly_thick,0.732481599,596.596886,255.490167,36773.774515991216,22474.43917816162,42800.899204101566,256,0.0008495443654633667
17355,Nominal,overly_thick,0.626790583,551.878981,210.772263,39079.31712036133,24756.641543884278,42796.453106689456,242,0.0008030849079770888
17377,Nominal,overly_thin,0.054587688,162.865829,-178.240889,43659.13782592773,22426.735814819338,38218.812903442384,0,0.0
17388,Missing_Unintentional,overly_thin,0.000000000,0.000000,-341.106718,44805.138934326176,22424.08021118164,39366.710871582036,33,0.00010951157836051211
17389,Missing_Unintentional,overly_thin,0.013550135,81.143631,-259.963087,44816.80728088379,24717.94737792969,39360.36436889649,21,6.96891862294168e-05
17390,Missing_Unintentional,overly_thin,0.002322880,33.596655,-307.510063,44803.270438842774,22430.437350463868,41660.606402587895,25,8.296331693978191e-05
17391,Missing_Unintentional,overly_thin,0.000000000,0.000000,-341.106718,44814.938785400394,24724.304517211916,41654.25989990235,30,9.955598032773829e-05
17401,Nominal,overly_thin,0.066589236,179.880729,-161.225989,43668.93767700196,24726.956575317385,40506.361931762694,8,2.654826142073021e-05
17412,Nominal,overly_thick,0.991095603,693.969522,352.862803,4694.539503097534,29519.337256164552,42755.250476684574,318,0.0010552933914740258
17413,Nominal,overly_thick,0.999225736,696.810086,355.703367,4682.870270156861,27225.471862182618,42761.59697937012,392,0.0013008648096157803
17414,Nominal,overly_thick,1.000000000,697.080000,355.973282,6976.744527969361,27213.80706115723,42763.49738464356,351,0.001164804969834538
17415,Nominal,overly_thick,1.000000000,697.080000,355.973282,6988.414204101563,29507.674227905274,42757.15088195801,392,0.0013008648096157803
17440,Nominal,overly_thick,0.999225736,696.810086,355.703367,9282.288461914062,29496.009426879886,42759.05128723145,353,0.0011714420351897205
17441,Nominal,overly_thick,1.000000000,697.080000,355.973282,9270.61922897339,27202.142260131837,42765.39778991699,364,0.0012079458946432245
17442,Nominal,overly_thick,1.000000000,697.080000,355.973282,11564.494373168945,27190.477459106445,42767.29819519043,315,0.001045337793441252
17443,Nominal,overly_thick,1.000000000,697.080000,355.973282,11576.162719726562,29484.344625854494,42760.95169250489,398,0.0013207760056813279
17468,Nominal,overly_thick,1.000000000,697.080000,355.973282,13870.036977539063,29472.6798248291,42762.85209777833,324,0.0010752045875395736
17469,Nominal,overly_thick,1.000000000,697.080000,355.973282,13858.368630981446,27178.81443084717,42769.19860046387,366,0.001214582959998407
17470,Nominal,overly_thick,0.997289956,696.134800,355.028082,16152.242888793946,27167.151402587893,42771.099005737306,315,0.001045337793441252
17471,Nominal,overly_thick,1.000000000,697.080000,355.973282,16163.911235351563,29461.015023803713,42764.756048583986,361,0.0011979902966104507
17496,Nominal,overly_thick,0.996515691,695.864519,354.757801,18457.785493164065,29449.35022277832,42766.656453857424,305,0.0010121524666653393
17497,Nominal,overly_thick,1.000000000,697.080000,355.973282,18446.117146606448,27155.4866015625,42773.00295654297,326,0.001081841652894756
17498,Nominal,overly_thick,0.991869926,694.240561,353.133843,20739.991404418946,27143.821800537113,42774.90336181641,317,0.0010519748587964346
17499,Nominal,overly_thick,1.000000000,697.080000,355.973282,20751.659750976563,29437.688967285158,42768.55685913086,331,0.0010984343162827124
17524,Nominal,overly_thick,0.992257059,694.376031,353.269313,23045.535781555176,29426.02416625977,42770.4572644043,305,0.0010121524666653393
17525,Nominal,overly_thick,0.997677147,696.269922,355.163204,23033.86566223145,27132.15699951172,42776.80376708985,314,0.0010420192607636608
17526,Nominal,overly_thick,0.981029809,690.436471,349.329753,25327.739920043947,27120.49219848633,42778.70417236329,291,0.0009656930091790614
17527,Nominal,overly_thick,0.998451412,696.540046,355.433328,25339.410039367678,29414.359365234377,42772.35766967774,309,0.0010254265973757043
17552,Nominal,overly_thick,0.964769661,684.690720,343.584001,27633.284297180177,29402.694564208985,42774.258074951176,283,0.0009391447477583312
17553,Nominal,overly_thick,0.976771176,688.936255,347.829537,27621.614177856445,27108.82917022705,42780.604577636725,295,0.0009789671398894265
17554,Nominal,overly_thick,0.893147528,658.785790,317.679072,29915.491981201172,27097.166141967777,42782.504982910155,291,0.0009656930091790614
17555,Nominal,overly_thick,0.951993823,680.142147,339.035428,29927.156782226564,29391.029763183597,42776.158480224614,287,0.0009524188784686962
17562,Missing_Intentional,overly_thin,0.022454510,104.456245,-236.650473,27616.714252319336,25958.717017211915,41636.83006347656,6,1.9911196065547657e-05
17580,Nominal,overly_thick,0.841269851,639.367100,298.260382,32221.031040039063,29379.364962158204,42778.05888549805,282,0.0009358262150807398
17581,Nominal,overly_thick,0.856368542,645.079106,303.972387,32209.366239013674,27085.501340942385,42784.40538818359,278,0.0009225520843703748
17582,Nominal,overly_thick,0.787069321,618.427957,277.321239,34503.240496826176,27073.836539916992,42786.30579345703,250,0.0008296331693978191
17583,Nominal,overly_thick,0.791715086,620.250442,279.143724,34514.90529785156,29367.70370666504,42779.95929077149,266,0.0008827296922392795
17607,Missing_Intentional,overly_thin,0.002710027,36.288536,-304.818183,36812.52009216309,29343.328172607424,38194.07217956543,0,0.0
17608,Nominal,overly_thick,0.713898540,588.980436,247.873718,36808.77955566406,29356.03890563965,42781.86324157715,265,0.0008794111595616882
17609,Nominal,overly_thick,0.706542790,585.938260,244.831542,36797.11475463867,27062.171738891604,42788.20619873047,253,0.0008395887674305929
17633,Nominal,overly_thin,0.055361982,164.016840,-177.089879,43682.474519042975,27014.468375549317,38206.119898071294,8,2.654826142073021e-05
17635,Nominal,overly_thin,0.072396435,187.560427,-153.546291,41400.268607788086,29319.998570556643,38197.87299011231,0,0.0
17644,Missing_Unintentional,overly_thin,0.000000000,0.000000,-341.106718,44828.47562744141,27011.814544677734,39354.01786621094,27,8.960038229496445e-05
17645,Missing_Unintentional,overly_thin,0.010840109,72.577071,-268.529647,44840.14751953125,29305.67993865967,39347.67136352539,26,8.628184961737318e-05
17646,Missing_Unintentional,overly_thin,0.002710027,36.288536,-304.818183,44826.60713195801,27018.16991119385,41647.9133972168,30,9.955598032773829e-05
17647,Missing_Unintentional,overly_thin,0.000000000,0.000000,-341.106718,44838.27547851563,29312.035305175785,41641.56689453125,23,7.632625158459936e-05
17657,Nominal,overly_thin,0.053039100,160.539053,-180.567666,43692.27437011719,29314.690908813478,40493.668926391605,17,5.64150555190517e-05
17668,Nominal,overly_thick,0.974835455,688.253266,347.146547,4717.87841217041,34107.06981689453,42742.55747131348,325,0.0010785231202171649
17669,Nominal,overly_thick,0.999225736,696.810086,355.703367,4706.209179229737,31813.202650146486,42748.903973999026,395,0.001310820407648554
17670,Nominal,overly_thick,0.998451412,696.540046,355.433328,7000.083437042237,31801.537849121094,42750.804379272464,364,0.0012079458946432245
17671,Nominal,overly_thick,1.000000000,697.080000,355.973282,7011.75266998291,34095.405015869146,42744.457876586916,408,0.0013539613324572407
17696,Nominal,overly_thick,0.998838544,696.675068,355.568350,9305.62692779541,34083.740214843754,42746.35828186035,348,0.0011548493718017642
17697,Nominal,overly_thick,1.000000000,697.080000,355.973282,9293.958581237794,31789.87659362793,42752.7047845459,380,0.001261042417484685
17698,Nominal,overly_thick,0.999612868,696.945056,355.838338,11587.832839050294,31778.211792602542,42754.60518981934,352,0.0011681235025121292
17699,Nominal,overly_thick,1.000000000,697.080000,355.973282,11599.502071990968,34072.07895935059,42748.26223266602,396,0.0013141389403261454
17724,Nominal,overly_thick,0.999612868,696.945056,355.838338,13893.376329803468,34060.4141583252,42750.16263793946,341,0.0011316196430586252
17725,Nominal,overly_thick,1.000000000,697.080000,355.973282,13881.707096862794,31766.54699157715,42756.509140625,401,0.0013307316037141019
17726,Nominal,overly_thick,0.997677147,696.269922,355.163204,16175.581354675294,31754.882190551758,42758.40954589844,321,0.0010652489895067996
17727,Nominal,overly_thick,1.000000000,697.080000,355.973282,16187.251473999024,34048.74935729981,42752.0630432129,373,0.001237812688741546
17752,Nominal,overly_thick,0.996515691,695.864519,354.757801,18481.125731811524,34037.084556274414,42753.96344848633,301,0.000998878335954974
17753,Nominal,overly_thick,1.000000000,697.080000,355.973282,18469.457385253907,31743.21738952637,42760.309951171876,365,0.0012112644273208158
17754,Nominal,overly_thick,0.998838544,696.675068,355.568350,20763.33164306641,31731.556134033206,42762.210356445314,321,0.0010652489895067996
17755,Nominal,overly_thick,1.000000000,697.080000,355.973282,20774.999989624026,34025.41975524902,42755.863853759765,354,0.0011747605678673117
17780,Nominal,overly_thick,0.992257059,694.376031,353.269313,23068.874247436524,34013.75849975586,42757.7642590332,308,0.001022108064698113
17781,Nominal,overly_thick,1.000000000,697.080000,355.973282,23057.205900878907,31719.891333007814,42764.11076171875,312,0.001035382195408478
17782,Nominal,overly_thick,0.985288441,691.933435,350.826716,25351.08015869141,31708.226531982426,42766.01116699219,301,0.000998878335954974
17783,Nominal,overly_thick,1.000000000,697.080000,355.973282,25362.748505249026,34002.093698730474,42759.66466430664,318,0.0010552933914740258
17808,Nominal,overly_thick,0.987998426,692.884345,351.777626,27656.622763061525,33990.42889770508,42761.56506958008,292,0.0009690115418566526
17809,Nominal,overly_thick,0.992644191,694.511474,353.404756,27644.954416503908,31696.561730957033,42767.91157226563,300,0.0009955598032773828
17810,Nominal,overly_thick,0.956639588,681.799686,340.692968,29938.828674316406,31684.89692993164,42769.811977539066,298,0.0009889227379222003
17811,Nominal,overly_thick,0.973673999,687.843138,346.736420,29950.497020874027,33978.76409667969,42763.46547485352,297,0.000985604205244609
17836,Nominal,overly_thick,0.899729013,661.208587,320.101869,32244.37482421875,33967.0992956543,42765.369425659184,289,0.0009590559438238789
17837,Nominal,overly_thick,0.872628748,651.174493,310.067775,32232.70293212891,31673.232128906253,42771.712382812504,295,0.0009789671398894265
17838,Nominal,overly_thick,0.810685277,627.637329,286.530611,34526.57718994141,31661.56732788086,42773.61633361816,275,0.0009125964863376009
17839,Nominal,overly_thick,0.803329468,624.783385,283.676666,34538.24908203125,33955.434494628906,42767.26983093262,276,0.0009159150190151922
17855,Missing_Intentional,overly_thin,0.003871467,43.373095,-297.733623,33382.44103149414,31657.86579223633,39331.82283447266,0,0.0
17864,Nominal,overly_thick,0.730545878,595.808054,254.701336,36832.123339843754,33943.76969360352,42769.17023620606,263,0.0008727740942065056
17865,Nominal,overly_thick,0.692218363,579.968199,238.861480,36820.451447753905,31649.906072387697,42775.5167388916,249,0.0008263146367202277
17889,Nominal,overly_thin,0.050329074,156.383919,-184.722799,43705.81121215821,31602.2009362793,38193.4268927002,24,7.964478426219063e-05
17896,Nominal,overly_thin,0.083623692,201.579931,-139.526787,40264.06735046387,31622.874934692383,39337.524050292974,21,6.96891862294168e-05
17898,Nominal,overly_thin,0.087495163,206.193345,-134.913373,40273.86720153809,33923.09924072266,41625.073078613284,21,6.96891862294168e-05
17900,Missing_Unintentional,overly_thin,0.017421603,92.008231,-249.098487,44851.81586608887,31599.54887817383,39341.32486083984,29,9.6237447650147e-05
17901,Nominal,overly_thin,0.063492067,175.647655,-165.459063,44863.48421264649,33893.416044921876,39334.9783581543,15,4.9777990163869145e-05
17902,Missing_Unintentional,overly_thin,0.024390243,108.865604,-232.241114,44849.94737060547,31605.90247192383,41635.22039184571,17,5.64150555190517e-05
17903,Missing_Unintentional,overly_thin,0.021680217,102.639479,-238.467240,44861.61571716309,33899.769638671874,41628.87388916016,12,3.9822392131095315e-05
17907,Nominal,overly_thin,0.076655053,192.998092,-148.108626,43697.1742956543,30464.801289062503,41637.44344055176,10,3.318532677591276e-05
17911,Nominal,overly_thin,0.068912119,182.991292,-158.115426,41410.07200439453,31620.21933105469,40485.42201843262,0,0.0
17912,Nominal,overly_thin,0.054974835,163.442347,-177.664371,43710.71113769532,32752.31486206055,39337.20140686035,24,7.964478426219063e-05
17913,Nominal,overly_thin,0.043360434,145.154143,-195.952576,43715.61106323243,33902.42169677735,40480.97592102051,31,0.00010287451300532956
17917,Nominal,overly_thin,0.090205185,209.362248,-131.744470,42556.07311279297,31617.56727294922,41633.31998657227,0,0.0
17924,Nominal,overly_thick,0.945025146,677.648225,336.541506,4741.217321243286,38694.80415039063,42729.86446594239,306,0.0010154709993429305
17925,Nominal,overly_thick,0.996128559,695.729339,354.622621,4729.547645111084,36400.93698364258,42736.21096862793,383,0.0012709980155174588
17926,Nominal,overly_thick,0.991482794,694.105065,352.998347,7023.422346115112,36389.27218261719,42738.11137390137,332,0.0011017528489603036
17927,Nominal,overly_thick,1.000000000,697.080000,355.973282,7035.092022247315,38683.139349365236,42731.76841674805,382,0.0012676794828398676
17952,Nominal,overly_thick,0.987611294,692.748583,351.641865,9328.967166442872,38671.474548339844,42733.668822021486,327,0.0010851601855723474
17953,Nominal,overly_thick,1.000000000,697.080000,355.973282,9317.297047119142,36377.6073815918,42740.015324707034,389,0.0012909092115830066
17954,Nominal,overly_thick,0.998064280,696.404997,355.298279,11611.17130493164,36365.94258056641,42741.91572998047,313,0.0010387007280860696
17955,Nominal,overly_thick,1.000000000,697.080000,355.973282,11622.841424255372,38659.80974731446,42735.56922729492,387,0.0012842721462278238
17980,Nominal,overly_thick,0.987998426,692.884345,351.777626,13916.715682067872,38648.14494628907,42737.46963256836,311,0.0010320636627308868
17981,Nominal,overly_thick,1.000000000,697.080000,355.973282,13905.046449127198,36354.28132507324,42743.81613525391,391,0.001297546276938189
17982,Nominal,overly_thick,0.995741367,695.594113,354.487394,16198.91982055664,36342.61652404785,42745.71654052735,324,0.0010752045875395736
17983,Nominal,overly_thick,1.000000000,697.080000,355.973282,16210.589939880372,38636.4836907959,42739.3700378418,373,0.001237812688741546
18008,Nominal,overly_thick,0.987224162,692.612795,351.506077,18504.464197692872,38624.81888977051,42741.27044311524,308,0.001022108064698113
18009,Nominal,overly_thick,1.000000000,697.080000,355.973282,18492.79407836914,36330.95172302247,42747.616945800786,378,0.0012544053521295025
18010,Nominal,overly_thick,0.991869926,694.240561,353.133843,20786.668336181643,36319.286921997074,42749.517351074224,302,0.0010021968686325655
18011,Nominal,overly_thick,1.000000000,697.080000,355.973282,20798.340228271485,38613.15408874512,42743.170848388676,335,0.0011117084469930776
18036,Nominal,overly_thick,0.972899735,687.569597,346.462879,23092.214486083987,38601.48928771973,42745.071253662114,303,0.0010055154013101568
18037,Nominal,overly_thick,1.000000000,697.080000,355.973282,23080.54259399414,36307.62212097168,42751.41775634766,342,0.0011349381757362164
18038,Nominal,overly_thick,0.984514117,691.661491,350.554773,25374.418624572754,36295.96086547852,42753.31816162109,316,0.0010486563261188433
18039,Nominal,overly_thick,0.994579971,695.188336,354.081618,25386.088743896486,38589.824486694335,42746.97165893555,313,0.0010387007280860696
18064,Nominal,overly_thick,0.927216411,671.232811,330.126093,27679.963001708988,38578.16323120117,42748.87560974121,285,0.0009457818131135137
18065,Nominal,overly_thick,0.994192779,695.053004,353.946286,27668.292882385256,36284.29606445313,42755.21856689453,318,0.0010552933914740258
18066,Nominal,overly_thick,0.948896646,679.034872,337.928154,29962.165367431644,36272.631263427735,42757.1225177002,294,0.0009756486072118353
18067,Nominal,overly_thick,0.927990735,671.513028,330.406309,29973.837259521486,38566.49843017579,42750.77601501465,274,0.0009092779536600097
18092,Nominal,overly_thick,0.840108395,638.925593,297.818875,32267.711517333988,38554.833629150395,42752.67642028809,280,0.0009291891497255573
18093,Nominal,overly_thick,0.883855999,655.350114,314.243396,32256.039625244142,36260.96646240234,42759.022922973636,277,0.0009192335516927836
18094,Nominal,overly_thick,0.827719688,634.197120,293.090401,34549.913883056644,36249.30166137696,42760.923328247074,266,0.0008827296922392795
18095,Nominal,overly_thick,0.753000379,604.895314,263.788595,34561.58577514649,38543.168828125,42754.576825561526,267,0.0008860482249168708
18120,Nominal,overly_thick,0.658149421,565.515971,224.409253,36855.46003295899,38531.50402709961,42756.477230834964,264,0.0008760926268840969
18121,Nominal,overly_thick,0.672473848,571.636988,230.530270,36843.78814086914,36237.636860351566,42762.82373352051,251,0.0008329517020754104
18145,Nominal,overly_thin,0.060782038,171.858197,-169.248522,43729.151450805664,36189.93526977539,38180.7338873291,8,2.654826142073021e-05
18152,Nominal,overly_thin,0.090592332,209.811043,-131.295675,40287.40758911133,36210.60926818848,39324.83104492188,0,0.0
18154,Nominal,overly_thin,0.089043744,208.010055,-133.096663,40297.20744018555,38510.83002868653,41612.38007324219,0,0.0
18156,Nominal,overly_thin,0.042198993,143.196917,-197.909801,44875.15610473633,36187.2796661377,39328.63185546875,16,5.309652284146042e-05
18157,Nominal,overly_thin,0.088269457,207.103697,-134.003022,44886.82445129395,38481.143287353516,39322.28889831543,0,0.0
18158,Nominal,overly_thin,0.046844754,150.873549,-190.233170,44873.284063720705,36193.63680541993,41622.52738647461,0,0.0
18159,Missing_Unintentional,overly_thin,0.035230353,130.840177,-210.266541,44884.95595581055,38487.50397216797,41616.18442932129,8,2.654826142073021e-05
18160,Nominal,overly_thin,0.067750677,181.442677,-159.664042,41428.50877197266,35057.84328430176,39328.95449890137,24,7.964478426219063e-05
18163,Nominal,overly_thin,0.077429347,193.970382,-147.136337,43720.510988769536,35052.53562255859,41624.750435180664,24,7.964478426219063e-05
18167,Nominal,overly_thin,0.084785134,202.974966,-138.131752,41433.40869750977,36207.95366455078,40472.72901306153,0,0.0
18169,Nominal,overly_thin,0.042586140,143.852284,-197.254434,43738.95484741211,38490.15603027344,40468.28646118164,13,4.314092480868659e-05
18173,Nominal,overly_thin,0.085172281,203.437852,-137.668867,42579.4098059082,36205.30160644531,41620.626981201174,7,2.3229728743138934e-05
18174,Nominal,overly_thin,0.087108016,205.736659,-135.370059,42591.08169799805,38499.16877319336,41614.280478515626,16,5.309652284146042e-05
18175,Nominal,overly_thin,0.054200541,162.287262,-178.819456,42592.95019348145,38492.80808837891,39320.38494750977,29,9.6237447650147e-05
18181,Nominal,overly_thick,0.972512603,687.432786,346.326068,4752.886997375488,40988.67131713867,42723.52150878907,315,0.001045337793441252
18182,Nominal,overly_thick,0.947348058,678.480558,337.373839,7046.761255187988,40977.00651611328,42725.4219140625,290,0.0009623744765014701
18183,Nominal,overly_thick,0.782810688,616.752610,275.645891,7058.430488128663,43270.87368286133,42719.07541137696,227,0.0007533069178132197
18192,Missing_Unintentional,overly_thin,0.000000000,0.000000,-341.106718,7067.068291015626,44408.273330078126,39275.058863525395,0,0.0
18193,Missing_Unintentional,overly_thin,0.000000000,0.000000,-341.106718,4773.194033203125,44419.93813110352,39273.15845825196,0,0.0
18194,Missing_Unintentional,overly_thin,0.000000000,0.000000,-341.106718,4771.3255377197265,44426.291724853516,41567.053989257816,0,0.0
18195,Missing_Unintentional,overly_thin,0.000000000,0.000000,-341.106718,7065.199795532227,44414.62692382813,41568.954394531254,0,0.0
18200,Missing_Intentional,overly_thin,0.000774293,19.397038,-321.709680,7055.399058074951,42114.40616333008,39281.405366210936,0,0.0
18212,Nominal,overly_thick,0.724351525,593.276727,252.170008,9352.30563232422,43259.20888183594,42720.975816650396,239,0.0007931293099443151
18213,Nominal,overly_thick,1.000000000,697.080000,355.973282,9340.635513000489,40965.341715087896,42727.32231933594,367,0.0012179014926759985
18214,Nominal,overly_thick,0.965543926,684.965410,343.858692,11634.509770812989,40953.676914062504,42729.222724609375,293,0.0009723300745342439
18215,Nominal,overly_thick,0.814943850,629.283676,288.176958,11646.17989013672,43247.54408081055,42722.876221923834,242,0.0008030849079770888
18224,Missing_Unintentional,overly_thin,0.000000000,0.000000,-341.106718,11654.816806640625,44384.94372802735,39278.85967407227,0,0.0
18225,Missing_Unintentional,overly_thin,0.000000000,0.000000,-341.106718,9360.942548828125,44396.60852905273,39276.95926879883,0,0.0
18226,Missing_Unintentional,overly_thin,0.000000000,0.000000,-341.106718,9359.074053344728,44402.96212280274,41570.85479980469,0,0.0
18227,Missing_Unintentional,overly_thin,0.000000000,0.000000,-341.106718,11652.948311157228,44391.29732177735,41572.75520507813,0,0.0
18238,Nominal,overly_thin,0.082462251,200.175175,-140.931544,10500.177008972169,43250.19613891602,41574.97825378418,11,3.650385945350404e-05
18244,Nominal,overly_thick,0.720092893,591.530149,250.423431,13940.05414794922,43235.87927978516,42724.776627197265,234,0.0007765366465563587
18245,Nominal,overly_thick,1.000000000,697.080000,355.973282,13928.384915008546,40942.01211303711,42731.12312988281,338,0.0011216640450258514
18246,Nominal,overly_thick,0.938443661,675.284412,334.177694,16222.260059204102,40930.34731201172,42733.02353515625,303,0.0010055154013101568
18247,Nominal,overly_thick,0.800619423,623.728636,282.621918,16233.92840576172,43224.21447875977,42726.6770324707,244,0.0008097219733322715
18249,Missing_Unintentional,overly_thin,0.017034456,90.980173,-250.126545,12795.919762268068,43232.17774414063,39282.98312805176,0,0.0
18256,Missing_Unintentional,overly_thin,0.000000000,0.000000,-341.106718,16242.565322265626,44361.614125976565,39282.66048461914,0,0.0
18257,Missing_Unintentional,overly_thin,0.000000000,0.000000,-341.106718,13948.691064453125,44373.27892700196,39280.7600793457,0,0.0
18258,Missing_Unintentional,overly_thin,0.000000000,0.000000,-341.106718,13946.822568969726,44379.632520751955,41574.65561035156,0,0.0
18259,Missing_Unintentional,overly_thin,0.000000000,0.000000,-341.106718,16240.696826782227,44367.96771972656,41576.556015625,0,0.0
18274,Missing_Unintentional,overly_thin,0.000387147,13.715777,-327.390941,20825.413912353517,43188.17414367676,38142.69032653809,0,0.0
18276,Nominal,overly_thick,0.695315540,581.264220,240.157501,18527.80266357422,43212.54967773438,42728.57743774414,239,0.0007931293099443151
18277,Nominal,overly_thick,1.000000000,697.080000,355.973282,18516.134317016604,40918.686056518556,42734.92394042969,328,0.0010884787182499386
18278,Nominal,overly_thick,0.913666308,666.310148,325.203430,20810.008574829102,40907.021255493164,42736.82434570313,284,0.0009424632804359225
18279,Nominal,overly_thick,0.768486261,611.083667,269.976949,20821.67692138672,43200.888422241216,42730.47784301758,240,0.0007964478426219063
18288,Missing_Unintentional,overly_thin,0.000000000,0.000000,-341.106718,20830.31561065674,44338.28452392578,39286.464840698245,0,0.0
18289,Missing_Unintentional,overly_thin,0.000000000,0.000000,-341.106718,18536.44135284424,44349.94932495117,39284.56443542481,0,0.0
18290,Missing_Unintentional,overly_thin,0.000000000,0.000000,-341.106718,18534.57285736084,44356.3064642334,41578.45642089844,0,0.0
18291,Missing_Unintentional,overly_thin,0.000000000,0.000000,-341.106718,20828.44711517334,44344.645208740236,41580.360371704104,0,0.0
18308,Nominal,overly_thick,0.686024010,577.367429,236.260711,23115.55117919922,43189.223621215824,42732.381793823246,238,0.0007898107772667237
18309,Nominal,overly_thick,0.993031383,694.646912,353.540194,23103.882832641604,40895.35645446778,42738.724750976566,306,0.0010154709993429305
18310,Nominal,overly_thick,0.867208660,649.149049,308.042331,25397.757090454103,40883.69165344239,42740.62870178223,278,0.0009225520843703748
18311,Nominal,overly_thick,0.728997290,595.176232,254.069514,25409.42543701172,43177.55882019043,42734.282199096684,239,0.0007931293099443151
18320,Missing_Unintentional,overly_thin,0.000000000,0.000000,-341.106718,25418.06412628174,44314.95846740723,39290.26565124512,0,0.0
18321,Missing_Unintentional,overly_thin,0.000000000,0.000000,-341.106718,23124.18986846924,44326.619722900396,39288.36524597168,0,0.0
18322,Missing_Unintentional,overly_thin,0.000000000,0.000000,-341.106718,23122.32137298584,44332.980407714844,41582.26077697754,0,0.0
18323,Missing_Unintentional,overly_thin,0.000000000,0.000000,-341.106718,25416.195630798342,44321.31560668946,41584.16118225098,0,0.0
18340,Nominal,overly_thick,0.672086716,571.472423,230.365705,27703.301467590332,43165.89401916504,42736.18260437012,237,0.0007864922445891324
18341,Nominal,overly_thick,0.907859087,664.189254,323.082536,27691.631348266605,40872.026852416995,42742.52910705566,287,0.0009524188784686962
18342,Nominal,overly_thick,0.810685277,627.637329,286.530611,29985.50915161133,40860.36559692383,42744.4295123291,271,0.0008993223556272358
18343,Nominal,overly_thick,0.703058481,584.491700,243.384982,29997.17395263672,43154.22921813965,42738.08300964356,225,0.0007466698524580371
18352,Missing_Unintentional,overly_thin,0.000000000,0.000000,-341.106718,30005.810869140627,44291.62886535645,39294.066461792,0,0.0
18353,Missing_Unintentional,overly_thin,0.000000000,0.000000,-341.106718,27711.93838409424,44303.29366638184,39292.16605651856,0,0.0
18354,Missing_Unintentional,overly_thin,0.000000000,0.000000,-341.106718,27710.06988861084,44309.65080566407,41586.06158752442,0,0.0
18355,Missing_Unintentional,overly_thin,0.000000000,0.000000,-341.106718,30003.945919189457,44297.986004638675,41587.96199279786,0,0.0
18372,Nominal,overly_thick,0.625241995,551.196806,210.090088,32291.048210449222,43142.567962646484,42739.983414917,221,0.000733395721747672
18373,Nominal,overly_thick,0.793263674,620.856748,279.750030,32279.38340942383,40848.70079589844,42746.32991760254,274,0.0009092779536600097
18374,Nominal,overly_thick,0.726674438,594.227250,253.120532,34573.25766723633,40837.03599487305,42748.23032287598,269,0.0008926852902720533
18384,Missing_Unintentional,overly_thin,0.000000000,0.000000,-341.106718,34593.55938476563,44268.30280883789,39297.870817871095,0,0.0
18385,Missing_Unintentional,overly_thin,0.000000000,0.000000,-341.106718,32299.685126953125,44279.967609863284,39295.966867065436,0,0.0
18386,Missing_Unintentional,overly_thin,0.000000000,0.000000,-341.106718,32297.820177001955,44286.32120361328,41589.862398071295,0,0.0
18387,Missing_Unintentional,overly_thin,0.000000000,0.000000,-341.106718,34591.69443481445,44274.65640258789,41591.762803344725,0,0.0
18405,Nominal,overly_thick,0.611691833,545.191358,204.084640,36867.13192504883,40825.371193847655,42750.130728149416,245,0.0008130405060098627
18416,Missing_Unintentional,overly_thin,0.000000000,0.000000,-341.106718,39181.307900390624,44244.973206787115,39301.67162841797,0,0.0
18417,Missing_Unintentional,overly_thin,0.000000000,0.000000,-341.106718,36887.43364257813,44256.6380078125,39299.77122314453,0,0.0
18418,Missing_Unintentional,overly_thin,0.000000000,0.000000,-341.106718,36885.568692626955,44262.991601562506,41593.66675415039,0,0.0
18419,Missing_Unintentional,overly_thin,0.000000000,0.000000,-341.106718,39179.44295043946,44251.326800537114,41595.56715942383,0,0.0
18442,Nominal,overly_thin,0.079365082,196.380046,-144.726672,40320.544133300784,43098.56436218262,41599.69061340332,0,0.0
18444,Nominal,overly_thin,0.053039100,160.539053,-180.567666,44898.49279785156,40775.01045410157,39315.942395629885,0,0.0
18445,Missing_Unintentional,overly_thin,0.003484321,41.147332,-299.959387,44910.16468994141,43068.87762084961,39309.59589294434,35,0.00011614864371569467
18446,Nominal,overly_thin,0.066589236,179.880729,-161.225989,44896.62430236817,40781.371138916016,41609.837926635744,0,0.0
18447,Missing_Unintentional,overly_thin,0.000387147,13.715777,-327.390941,44908.29264892578,43075.23476013184,41603.491423950196,23,7.632625158459936e-05
18452,Missing_Unintentional,overly_thin,0.000000000,0.000000,-341.106718,43769.06350708008,44221.64360473633,39305.47243896485,0,0.0
18453,Missing_Unintentional,overly_thin,0.000000000,0.000000,-341.106718,41475.185703735355,44233.30840576172,39303.57203369141,0,0.0
18454,Missing_Unintentional,overly_thin,0.000000000,0.000000,-341.106718,41473.31720825195,44239.66199951172,41597.46756469727,0,0.0
18455,Missing_Unintentional,overly_thin,0.000000000,0.000000,-341.106718,43767.191466064454,44227.99719848633,41599.367969970706,0,0.0
18461,Nominal,overly_thin,0.082849398,200.644520,-140.462199,43762.291540527345,43077.89036376953,40455.59345581055,0,0.0
18465,Nominal,overly_thin,0.056136277,165.159829,-175.946889,42602.750044555665,40793.03239440918,41607.937521362306,17,5.64150555190517e-05
18466,Nominal,overly_thin,0.061556328,172.949366,-168.157352,42614.418391113286,43086.896015625,41601.59101867676,0,0.0
18467,Nominal,overly_thin,0.075106464,191.038668,-150.068050,42616.29043212891,43080.542421875005,39307.6954876709,5,1.659266338795638e-05
