component,voxels,volume_mm3,centroid_z_voxel,centroid_y_voxel,centroid_x_voxel,bbox_z,bbox_y,bbox_x
1,170734,267.7405379398775,14.14872257429686,187.35560579615074,220.38249557791653,28,360,359
1806,96620,151.51692560211185,370.4342786172635,206.89221693231215,192.06554543572759,24,358,359
52,97,0.15211283154010402,25.123711340206185,282.1855670103093,370.4020618556701,13,17,17
31,86,0.13486292280875203,24.627906976744185,342.75581395348837,310.8953488372093,14,17,17
34,85,0.13329474928772,24.847058823529412,361.1294117647059,332.1294117647059,14,16,17
62,80,0.12545388168256003,25.1875,322.2625,370.375,15,17,18
28,76,0.11918118759843202,24.644736842105264,341.5394736842105,350.44736842105266,14,17,17
37,69,0.10820397295120801,27.6231884057971,43.26086956521739,372.8985507246377,17,8,16
952,69,0.10820397295120801,148.231884057971,125.44927536231884,373.2463768115942,16,16,13
259,67,0.10506762590914401,45.1044776119403,263.13432835820896,331.0,14,17,17
294,63,0.098794931825016,48.888888888888886,183.47619047619048,373.4761904761905,17,16,14
707,63,0.098794931825016,106.5079365079365,162.8095238095238,372.984126984127,16,16,14
1148,59,0.09252223774088801,187.77966101694915,243.77966101694915,374.0,16,16,13
12,59,0.09252223774088801,25.88135593220339,24.423728813559322,352.0169491525424,15,5,15
272,59,0.09252223774088801,45.220338983050844,358.77966101694915,354.47457627118644,14,5,14
703,58,0.09095406421985601,107.3103448275862,84.48275862068965,373.0689655172414,16,16,14
295,58,0.09095406421985601,45.01724137931034,181.75862068965517,332.86206896551727,13,6,13
257,57,0.08938589069882402,44.98245614035088,240.7719298245614,353.3859649122807,14,5,15
309,56,0.087817717177792,45.375,259.6607142857143,373.23214285714283,14,5,14
448,55,0.08624954365676,65.34545454545454,279.6727272727273,373.8363636363636,14,5,14
290,54,0.08468137013572802,45.7037037037037,141.96296296296296,372.6111111111111,14,5,15
958,54,0.08468137013572802,147.4814814814815,202.96296296296296,373.9074074074074,16,17,12
280,54,0.08468137013572802,46.129629629629626,83.5925925925926,352.5,14,5,14
284,54,0.08468137013572802,46.370370370370374,102.53703703703704,372.5,14,4,15
579,53,0.08311319661469602,84.9245283018868,161.47169811320754,352.9622641509434,13,4,14
262,52,0.081545023093664,45.36538461538461,279.6923076923077,353.90384615384613,15,5,14
445,52,0.081545023093664,65.0,259.9230769230769,353.7307692307692,14,5,14
270,52,0.081545023093664,45.59615384615385,338.6923076923077,374.15384615384613,14,5,14
1042,52,0.081545023093664,165.44230769230768,103.3076923076923,373.36538461538464,16,11,14
289,51,0.07997684957263201,45.84313725490196,142.5686274509804,333.1372549019608,14,5,14
1330,51,0.07997684957263201,226.80392156862746,125.31372549019608,373.27450980392155,15,16,13
441,50,0.07840867605160001,64.14,240.12,372.54,14,5,14
955,50,0.07840867605160001,146.88,163.44,373.42,16,16,13
574,50,0.07840867605160001,84.86,102.52,372.22,14,5,13
439,49,0.076840502530568,65.40816326530613,220.6122448979592,354.0204081632653,14,4,14
452,49,0.076840502530568,64.65306122448979,319.57142857142856,334.3469387755102,13,4,13
456,49,0.076840502530568,65.22448979591837,339.2448979591837,354.51020408163265,14,5,13
822,49,0.076840502530568,123.73469387755102,220.9795918367347,333.2857142857143,14,6,14
578,49,0.076840502530568,85.73469387755102,142.81632653061226,333.9387755102041,14,5,14
458,49,0.076840502530568,64.77551020408163,358.59183673469386,373.7551020408163,14,4,14
283,49,0.076840502530568,45.857142857142854,103.34693877551021,333.0204081632653,14,4,14
35,49,0.076840502530568,25.612244897959183,358.42857142857144,374.2244897959184,14,5,14
464,48,0.07527232900953601,66.10416666666667,44.25,372.2708333333333,14,5,14
696,48,0.07527232900953601,104.0625,240.66666666666666,333.6875,14,5,14
699,48,0.07527232900953601,104.1875,358.7291666666667,373.7708333333333,14,5,14
421,47,0.07370415548850401,66.59574468085107,63.46808510638298,353.1914893617021,15,5,14
1055,47,0.07370415548850401,166.5744680851064,242.40425531914894,354.25531914893617,16,16,14
697,47,0.07370415548850401,104.38297872340425,240.31914893617022,373.06382978723406,15,4,14
590,47,0.07370415548850401,84.65957446808511,240.53191489361703,353.3404255319149,14,5,14
1333,47,0.07370415548850401,227.2340425531915,164.63829787234042,373.70212765957444,15,17,13
276,47,0.07370415548850401,45.4468085106383,63.234042553191486,371.59574468085106,14,4,15
255,46,0.07213598196747201,44.91304347826087,241.91304347826087,274.2608695652174,14,5,14
587,46,0.07213598196747201,85.15217391304348,220.34782608695653,373.7826086956522,14,4,13
708,46,0.07213598196747201,105.04347826086956,161.6086956521739,333.69565217391306,14,4,14
436,46,0.07213598196747201,65.06521739130434,201.43478260869566,333.2826086956522,14,4,15
465,46,0.07213598196747201,66.08695652173913,83.04347826086956,372.5217391304348,13,5,13
467,46,0.07213598196747201,65.80434782608695,102.69565217391305,353.32608695652175,14,4,14
428,46,0.07213598196747201,65.8695652173913,141.8913043478261,353.3695652173913,14,5,14
1256,46,0.07213598196747201,205.93478260869566,301.45652173913044,374.5,15,16,13
705,45,0.07056780844644,104.55555555555556,122.44444444444444,333.0444444444444,13,4,13
249,45,0.07056780844644,45.8,161.35555555555555,353.46666666666664,15,4,14
434,45,0.07056780844644,65.37777777777778,181.26666666666668,353.3333333333333,14,4,13
266,45,0.07056780844644,44.8,319.31111111111113,353.5111111111111,14,4,14
279,44,0.068999634925408,46.47727272727273,83.3409090909091,313.77272727272725,14,5,14
11,44,0.068999634925408,24.227272727272727,24.454545454545453,310.3636363636364,12,5,13
698,44,0.068999634925408,104.20454545454545,299.54545454545456,353.90909090909093,14,4,14
582,44,0.068999634925408,85.0909090909091,180.95454545454547,372.5681818181818,14,5,14
444,44,0.068999634925408,64.63636363636364,260.3863636363636,314.29545454545456,13,5,12
15,43,0.06743146140437602,24.441860465116278,32.97674418604651,342.13953488372096,12,12,4
253,43,0.06743146140437602,44.74418604651163,220.25581395348837,372.4186046511628,14,5,14
544,43,0.06743146140437602,81.83720930232558,153.67441860465115,381.72093023255815,14,14,4
7,43,0.06743146140437602,22.627906976744185,319.5581395348837,252.7906976744186,13,7,15
273,43,0.06743146140437602,46.16279069767442,24.069767441860463,372.2093023255814,14,4,14
600,43,0.06743146140437602,84.88372093023256,299.4651162790698,334.6046511627907,13,4,13
288,43,0.06743146140437602,45.651162790697676,122.23255813953489,352.7906976744186,14,4,14
605,43,0.06743146140437602,84.74418604651163,338.6511627906977,374.16279069767444,14,4,14
937,43,0.06743146140437602,143.74418604651163,220.3953488372093,353.48837209302326,14,4,14
252,42,0.06586328788334402,45.214285714285715,220.57142857142858,333.8809523809524,14,5,14
714,42,0.06586328788334402,105.19047619047619,220.4047619047619,353.9761904761905,14,4,13
836,42,0.06586328788334402,125.0,181.26190476190476,373.8095238095238,13,4,13
818,42,0.06586328788334402,124.5,161.35714285714286,353.3095238095238,14,5,14
594,42,0.06586328788334402,85.02380952380952,259.35714285714283,373.7142857142857,13,4,13
427,42,0.06586328788334402,65.64285714285714,143.61904761904762,313.8809523809524,14,4,14
433,41,0.06429511436231201,65.14634146341463,182.3170731707317,313.4634146341463,14,5,14
706,41,0.06429511436231201,105.1219512195122,121.97560975609755,372.5365853658537,14,5,14
1614,41,0.06429511436231201,300.3170731707317,329.8292682926829,363.2439024390244,12,13,2
584,41,0.06429511436231201,85.04878048780488,201.2439024390244,353.2926829268293,14,4,14
426,41,0.06429511436231201,65.92682926829268,121.97560975609755,373.0731707317073,15,5,14
589,41,0.06429511436231201,84.65853658536585,241.0731707317073,314.0487804878049,13,6,13
692,41,0.06429511436231201,103.58536585365853,151.1219512195122,382.2682926829268,12,12,3
1142,41,0.06429511436231201,183.3658536585366,122.39024390243902,333.1463414634146,13,4,13
816,41,0.06429511436231201,123.21951219512195,131.58536585365854,382.219512195122,12,13,3
922,41,0.06429511436231201,143.1951219512195,92.85365853658537,362.1951219512195,12,13,2
1381,41,0.06429511436231201,241.390243902439,151.97560975609755,362.219512195122,13,13,2
265,41,0.06429511436231201,45.21951219512195,299.0243902439024,373.9268292682927,14,5,14
942,41,0.06429511436231201,144.5609756097561,319.4146341463415,374.3170731707317,14,4,14
674,41,0.06429511436231201,102.41463414634147,133.09756097560975,381.6829268292683,13,13,2
275,41,0.06429511436231201,46.609756097560975,44.5609756097561,352.8048780487805,14,4,14
151,41,0.06429511436231201,35.75609756097561,309.3658536585366,316.1463414634146,2,12,12
571,40,0.06272694084128001,84.475,319.25,354.325,14,4,14
267,40,0.06272694084128001,45.4,319.425,315.15,14,5,15
960,40,0.06272694084128001,144.425,240.025,374.0,13,4,12
1214,40,0.06272694084128001,202.25,112.725,362.15,13,13,2
160,40,0.06272694084128001,35.75,368.275,336.275,2,12,12
154,40,0.06272694084128001,35.7,329.125,335.425,2,12,12
443,40,0.06272694084128001,65.025,240.4,333.8,14,4,14
572,40,0.06272694084128001,85.5,83.2,352.75,15,4,14
825,40,0.06272694084128001,123.85,279.85,353.375,14,5,14
1027,40,0.06272694084128001,163.675,23.375,371.4,15,4,15
593,40,0.06272694084128001,84.575,259.925,334.1,12,4,12
437,40,0.06272694084128001,64.25,200.375,372.0,13,5,13
1307,40,0.06272694084128001,221.725,132.275,362.25,12,12,2
299,40,0.06272694084128001,45.175,201.7,313.4,13,5,13
158,39,0.061158767320248004,35.666666666666664,368.12820512820514,375.28205128205127,2,13,11
943,39,0.061158767320248004,143.71794871794873,339.12820512820514,354.4871794871795,13,4,13
194,39,0.061158767320248004,36.84615384615385,313.64102564102564,378.94871794871796,6,12,13
577,39,0.061158767320248004,85.46153846153847,122.23076923076923,352.7435897435897,14,4,14
736,39,0.061158767320248004,104.56410256410257,339.20512820512823,354.38461538461536,13,4,13
311,39,0.061158767320248004,44.43589743589744,268.8205128205128,363.84615384615387,11,12,3
565,39,0.061158767320248004,83.7948717948718,131.23076923076923,382.15384615384613,12,12,3
269,39,0.061158767320248004,44.666666666666664,339.05128205128204,334.53846153846155,13,4,13
237,39,0.061158767320248004,44.333333333333336,75.15384615384616,342.2307692307692,11,13,2
263,39,0.061158767320248004,44.717948717948715,300.2564102564103,294.1025641025641,14,6,14
1072,39,0.061158767320248004,164.43589743589743,141.35897435897436,373.2307692307692,13,4,13
1219,39,0.061158767320248004,201.48717948717947,309.12820512820514,363.3333333333333,12,12,2
256,39,0.061158767320248004,45.64102564102564,241.05128205128204,313.97435897435895,14,5,14
832,39,0.061158767320248004,125.12820512820512,122.15384615384616,353.35897435897436,14,4,13
1410,39,0.061158767320248004,246.12820512820514,104.53846153846153,373.71794871794873,15,13,12
1731,39,0.061158767320248004,337.3076923076923,371.0,382.7435897435897,12,12,2
248,39,0.061158767320248004,44.51282051282051,162.25641025641025,312.61538461538464,13,4,13
1058,38,0.05959059379921601,163.42105263157896,259.8421052631579,373.36842105263156,12,4,13
404,38,0.05959059379921601,64.13157894736842,72.52631578947368,342.2631578947368,12,13,2
156,38,0.05959059379921601,35.73684210526316,349.3421052631579,316.13157894736844,2,12,12
819,38,0.05959059379921601,123.73684210526316,171.42105263157896,382.3421052631579,12,12,2
804,38,0.05959059379921601,122.78947368421052,92.1842105263158,342.2631578947368,12,12,2
1398,38,0.05959059379921601,241.3684210526316,309.6842105263158,363.2894736842105,12,12,2
264,38,0.05959059379921601,44.86842105263158,299.2894736842105,333.7368421052632,14,4,14
846,38,0.05959059379921601,123.92105263157895,259.3421052631579,373.63157894736844,12,4,13
406,38,0.05959059379921601,63.86842105263158,92.28947368421052,362.1578947368421,12,11,3
599,38,0.05959059379921601,84.71052631578948,299.07894736842104,373.55263157894734,13,4,13
1052,38,0.05959059379921601,163.6315789473684,220.18421052631578,373.39473684210526,13,4,13
423,38,0.05959059379921601,65.5,83.05263157894737,332.7894736842105,14,3,14
1375,38,0.05959059379921601,237.97368421052633,194.28947368421052,380.60526315789474,13,14,8
1449,38,0.05959059379921601,258.7105263157895,370.7631578947368,382.7631578947368,12,12,2
1086,38,0.05959059379921601,164.23684210526315,339.05263157894734,374.89473684210526,12,4,12
1129,37,0.058022420278184,182.21621621621622,131.72972972972974,362.2162162162162,12,11,2
712,37,0.058022420278184,104.37837837837837,200.21621621621622,373.1621621621622,13,4,13
1207,37,0.058022420278184,200.83783783783784,152.35135135135135,381.94594594594594,13,13,2
493,37,0.058022420278184,66.1891891891892,44.86486486486486,333.4594594594595,12,4,12
1248,37,0.058022420278184,203.16216216216216,259.4054054054054,373.9189189189189,12,5,11
1478,37,0.058022420278184,261.7027027027027,278.8918918918919,373.9189189189189,11,3,12
155,37,0.058022420278184,35.7027027027027,348.8918918918919,355.27027027027026,2,13,12
450,37,0.058022420278184,64.75675675675676,299.5405405405405,314.4594594594595,14,4,14
246,37,0.058022420278184,45.62162162162162,143.8918918918919,293.8918918918919,14,3,14
149,37,0.058022420278184,35.86486486486486,289.9189189189189,296.5135135135135,2,12,11
1031,37,0.058022420278184,162.59459459459458,92.02702702702703,381.27027027027026,12,12,2
925,37,0.058022420278184,142.97297297297297,151.56756756756758,382.18918918918916,12,10,2
240,37,0.058022420278184,44.648648648648646,111.91891891891892,362.2972972972973,12,13,2
852,37,0.058022420278184,124.37837837837837,299.1081081081081,374.2162162162162,13,4,13
1538,37,0.058022420278184,281.4594594594595,219.8918918918919,373.64864864864865,12,3,12
245,36,0.05645424675715201,44.5,131.33333333333334,382.22222222222223,12,12,3
243,36,0.05645424675715201,44.861111111111114,123.58333333333333,273.3611111111111,14,5,14
10,36,0.05645424675715201,24.194444444444443,25.61111111111111,271.3888888888889,12,5,12
1131,36,0.05645424675715201,182.86111111111111,191.16666666666666,382.27777777777777,12,12,2
1049,36,0.05645424675715201,163.38888888888889,201.08333333333334,353.3333333333333,13,4,13
1134,36,0.05645424675715201,182.91666666666666,319.22222222222223,373.77777777777777,14,4,14
221,36,0.05645424675715201,44.19444444444444,53.083333333333336,342.0833333333333,12,12,2
150,36,0.05645424675715201,35.69444444444444,309.27777777777777,354.8333333333333,2,13,11
808,36,0.05645424675715201,122.94444444444444,151.25,362.27777777777777,13,12,2
1215,36,0.05645424675715201,201.94444444444446,151.83333333333334,362.0833333333333,12,13,2
615,36,0.05645424675715201,85.80555555555556,141.11111111111111,373.6666666666667,13,4,12
612,36,0.05645424675715201,86.25,62.94444444444444,372.8611111111111,13,4,12
159,36,0.05645424675715201,35.80555555555556,368.1666666666667,297.55555555555554,2,13,12
410,36,0.05645424675715201,64.11111111111111,131.41666666666666,362.27777777777777,12,12,2
1145,36,0.05645424675715201,183.55555555555554,200.11111111111111,373.5,13,4,12
823,36,0.05645424675715201,124.0,240.13888888888889,353.75,14,4,14
581,36,0.05645424675715201,84.41666666666667,181.13888888888889,333.22222222222223,13,5,13
576,36,0.05645424675715201,84.44444444444444,122.16666666666667,313.30555555555554,13,4,13
834,36,0.05645424675715201,125.22222222222223,142.05555555555554,373.19444444444446,14,4,13
1668,36,0.05645424675715201,319.8611111111111,171.88888888888889,381.9166666666667,12,12,2
1057,35,0.054886073236120006,163.62857142857143,259.9428571428571,334.25714285714287,12,4,12
1311,35,0.054886073236120006,221.65714285714284,230.2,382.34285714285716,12,12,2
1062,35,0.054886073236120006,163.74285714285713,319.0857142857143,354.65714285714284,12,4,11
1451,35,0.054886073236120006,260.0,113.91428571428571,362.0,12,13,1
1284,35,0.054886073236120006,211.8,268.6,373.9714285714286,4,14,13
1452,35,0.054886073236120006,260.8285714285714,171.77142857142857,362.0571428571429,12,12,2
1137,35,0.054886073236120006,183.34285714285716,359.0,373.7142857142857,14,4,14
1080,35,0.054886073236120006,164.31428571428572,279.54285714285714,354.8285714285714,13,5,12
1124,35,0.054886073236120006,182.02857142857144,151.97142857142856,382.0571428571429,13,13,2
1127,35,0.054886073236120006,182.42857142857142,92.77142857142857,362.0571428571429,11,12,2
1338,35,0.054886073236120006,222.8,239.8,373.48571428571427,11,3,12
847,35,0.054886073236120006,124.42857142857143,260.0571428571429,334.34285714285716,12,4,12
1025,35,0.054886073236120006,162.14285714285714,151.82857142857142,362.14285714285717,13,13,2
44,35,0.054886073236120006,24.857142857142858,189.45714285714286,383.0,12,12,4
442,35,0.054886073236120006,65.45714285714286,241.02857142857144,294.77142857142854,14,3,14
152,35,0.054886073236120006,35.94285714285714,310.1714285714286,276.77142857142854,2,12,12
567,35,0.054886073236120006,83.85714285714286,151.2,362.2857142857143,12,12,2
562,35,0.054886073236120006,83.6,111.94285714285714,362.2857142857143,12,11,2
157,35,0.054886073236120006,35.91428571428571,349.77142857142854,276.65714285714284,2,12,12
453,35,0.054886073236120006,64.71428571428571,318.8,373.6857142857143,14,5,14
80,34,0.05331789971508801,25.323529411764707,162.11764705882354,42.794117647058826,10,4,11
972,34,0.05331789971508801,144.44117647058823,319.0,335.38235294117646,12,3,11
691,34,0.05331789971508801,103.20588235294117,131.3235294117647,362.3235294117647,12,12,2
1738,34,0.05331789971508801,338.1764705882353,171.88235294117646,381.97058823529414,12,12,2
969,34,0.05331789971508801,144.58823529411765,280.0,334.8529411764706,11,5,11
1221,34,0.05331789971508801,201.47058823529412,368.8529411764706,383.2352941176471,11,13,2
451,34,0.05331789971508801,64.8529411764706,299.11764705882354,353.7647058823529,13,4,13
1075,34,0.05331789971508801,164.3235294117647,180.38235294117646,373.79411764705884,13,4,13
1446,34,0.05331789971508801,259.52941176470586,172.7941176470588,382.0,13,13,1
1543,34,0.05331789971508801,280.6764705882353,309.88235294117646,363.29411764705884,11,11,2
274,34,0.05331789971508801,46.14705882352941,44.94117647058823,313.44117647058823,13,3,13
946,34,0.05331789971508801,145.35294117647058,359.02941176470586,375.1764705882353,14,4,13
1158,34,0.05331789971508801,183.1764705882353,299.0882352941176,354.11764705882354,13,4,12
1660,34,0.05331789971508801,318.7647058823529,133.3235294117647,362.0,13,13,1
938,34,0.05331789971508801,142.73529411764707,230.14705882352942,343.38235294117646,11,11,2
250,34,0.05331789971508801,45.64705882352941,182.64705882352942,293.94117647058823,14,5,14
841,33,0.051749726194056,124.45454545454545,220.06060606060606,373.3939393939394,13,4,13
1394,33,0.051749726194056,241.33333333333334,250.3939393939394,343.3333333333333,12,12,2
1756,33,0.051749726194056,339.3333333333333,270.1212121212121,382.1212121212121,11,12,2
1834,33,0.051749726194056,359.969696969697,153.03030303030303,361.969696969697,12,12,2
409,33,0.051749726194056,63.93939393939394,114.0,361.969696969697,12,11,2
258,33,0.051749726194056,43.60606060606061,259.8181818181818,293.6666666666667,11,6,14
14,33,0.051749726194056,22.939393939393938,31.818181818181817,302.06060606060606,10,11,3
827,33,0.051749726194056,124.51515151515152,339.09090909090907,335.5151515151515,14,4,12
403,33,0.051749726194056,63.96969696969697,54.96969696969697,342.0,12,12,1
746,33,0.051749726194056,105.78787878787878,221.24242424242425,315.09090909090907,12,4,11
1817,33,0.051749726194056,358.030303030303,113.03030303030303,342.0,12,12,1
1061,33,0.051749726194056,163.72727272727272,299.1212121212121,373.6666666666667,13,4,13
1753,33,0.051749726194056,339.969696969697,192.03030303030303,382.0,12,12,1
474,33,0.051749726194056,65.24242424242425,162.03030303030303,333.2121212121212,13,4,13
1469,33,0.051749726194056,261.6060606060606,230.66666666666666,382.3333333333333,12,12,2
1229,33,0.051749726194056,201.75757575757575,250.0,343.3030303030303,11,11,2
560,33,0.051749726194056,83.66666666666667,92.27272727272727,342.1818181818182,11,10,2
148,33,0.051749726194056,35.666666666666664,290.06060606060606,334.7878787878788,2,12,10
1459,33,0.051749726194056,261.06060606060606,73.03030303030303,381.030303030303,11,12,2
1732,33,0.051749726194056,339.0,54.333333333333336,381.0,13,12,1
1689,33,0.051749726194056,320.6363636363636,250.6969696969697,382.3333333333333,12,13,2
1525,33,0.051749726194056,280.969696969697,113.03030303030303,362.0,12,12,1
1528,33,0.051749726194056,280.969696969697,172.03030303030303,382.0,12,12,1
923,33,0.051749726194056,142.63636363636363,131.5151515151515,362.1212121212121,12,11,2
222,33,0.051749726194056,44.06060606060606,72.06060606060606,362.1212121212121,12,12,2
968,33,0.051749726194056,144.6060606060606,278.6363636363636,374.6666666666667,13,6,12
1226,32,0.05018155267302401,202.5,171.5,382.34375,12,12,2
153,32,0.05018155267302401,35.9375,329.25,296.6875,2,12,11
1047,32,0.05018155267302401,162.90625,170.90625,382.3125,11,11,2
1234,32,0.05018155267302401,203.78125,121.9375,353.84375,13,3,13
300,32,0.05018155267302401,44.65625,199.96875,352.4375,12,6,12
1040,32,0.05018155267302401,162.5,368.5,383.34375,12,12,2
1246,32,0.05018155267302401,203.0,240.25,353.78125,13,5,12
1482,32,0.05018155267302401,262.5,319.09375,374.46875,12,4,11
673,32,0.05018155267302401,103.1875,73.0625,342.09375,13,12,2
429,32,0.05018155267302401,64.5,151.3125,382.3125,12,11,3
1253,32,0.05018155267302401,203.96875,279.8125,355.21875,13,5,12
124,32,0.05018155267302401,35.46875,328.40625,375.03125,3,12,10
1663,32,0.05018155267302401,318.15625,191.9375,382.0,12,12,1
1157,32,0.05018155267302401,182.1875,289.28125,363.375,10,10,2
1799,32,0.05018155267302401,349.15625,288.6875,373.6875,3,13,13
58,32,0.05018155267302401,24.625,307.5625,384.09375,11,12,3
1466,32,0.05018155267302401,261.5,191.5,382.21875,12,12,2
1686,32,0.05018155267302401,320.15625,192.1875,362.0,11,12,1
220,32,0.05018155267302401,43.46875,134.3125,361.90625,13,11,3
460,32,0.05018155267302401,65.3125,358.5,335.0,14,4,14
1406,32,0.05018155267302401,242.3125,259.125,374.125,12,3,12
1757,32,0.05018155267302401,339.5,329.78125,363.15625,11,12,2
463,32,0.05018155267302401,63.15625,371.15625,383.1875,10,12,2
1309,31,0.04861337915199201,221.38709677419354,171.38709677419354,362.03225806451616,11,11,2
422,31,0.04861337915199201,64.58064516129032,72.51612903225806,381.3225806451613,11,12,2
1324,31,0.04861337915199201,222.19354838709677,349.7741935483871,383.16129032258067,11,12,2
449,31,0.04861337915199201,64.45161290322581,289.0967741935484,363.741935483871,12,12,3
1835,31,0.04861337915199201,359.0,171.32258064516128,381.93548387096774,11,12,2
1073,31,0.04861337915199201,163.93548387096774,159.48387096774192,354.2258064516129,10,6,12
469,31,0.04861337915199201,65.64516129032258,122.6774193548387,294.1290322580645,13,4,13
1693,31,0.04861337915199201,320.51612903225805,310.64516129032256,363.03225806451616,11,11,2
585,31,0.04861337915199201,84.61290322580645,210.5483870967742,382.61290322580646,12,11,3
1028,31,0.04861337915199201,162.7741935483871,52.38709677419355,381.2258064516129,12,11,2
1007,31,0.04861337915199201,153.1290322580645,248.93548387096774,374.03225806451616,3,12,12
1456,31,0.04861337915199201,259.80645161290323,328.5806451612903,363.1290322580645,11,11,2
82,31,0.04861337915199201,25.419354838709676,228.96774193548387,383.19354838709677,11,11,3
976,31,0.04861337915199201,145.70967741935485,82.06451612903226,373.7096774193548,12,4,11
78,31,0.04861337915199201,24.806451612903224,110.7741935483871,382.03225806451616,10,11,4
1123,31,0.04861337915199201,181.80645161290323,72.93548387096774,342.0,12,12,1
1619,31,0.04861337915199201,300.741935483871,230.7741935483871,382.3225806451613,11,11,2
71,31,0.04861337915199201,25.06451612903226,358.96774193548384,256.16129032258067,12,5,11
1130,31,0.04861337915199201,182.32258064516128,171.3548387096774,362.3225806451613,11,12,2
1608,31,0.04861337915199201,300.1290322580645,171.74193548387098,362.0967741935484,11,11,2
828,31,0.04861337915199201,124.12903225806451,338.80645161290323,374.19354838709677,14,3,14
457,31,0.04861337915199201,63.96774193548387,347.8709677419355,383.9032258064516,12,12,3
686,31,0.04861337915199201,103.3225806451613,92.38709677419355,361.96774193548384,11,11,2
1399,31,0.04861337915199201,241.03225806451613,369.64516129032256,382.7096774193548,10,10,3
802,31,0.04861337915199201,123.0,52.87096774193548,381.06451612903226,12,12,2
1613,30,0.04704520563096,300.5,270.6666666666667,343.26666666666665,12,11,2
1684,30,0.04704520563096,320.46666666666664,152.53333333333333,362.0,11,11,1
1673,30,0.04704520563096,319.46666666666664,369.53333333333336,383.0,11,11,1
1242,30,0.04704520563096,202.53333333333333,210.46666666666667,382.4,10,10,2
750,30,0.04704520563096,105.76666666666667,318.76666666666665,375.6666666666667,13,6,11
675,30,0.04704520563096,102.93333333333334,152.9,361.96666666666664,13,13,2
580,30,0.04704520563096,83.86666666666666,170.83333333333334,382.3333333333333,11,11,2
1687,30,0.04704520563096,320.46666666666664,211.53333333333333,382.0,11,11,1
934,30,0.04704520563096,142.83333333333334,190.9,382.3333333333333,11,11,2
384,30,0.04704520563096,55.63333333333333,368.46666666666664,355.46666666666664,2,11,11
1316,30,0.04704520563096,222.16666666666666,191.13333333333333,382.3333333333333,11,11,2
573,30,0.04704520563096,83.83333333333333,91.9,381.3333333333333,11,11,2
1308,30,0.04704520563096,221.46666666666667,151.53333333333333,382.0,11,11,1
77,30,0.04704520563096,24.966666666666665,71.8,381.26666666666665,10,11,3
1761,30,0.04704520563096,340.46666666666664,73.53333333333333,381.0,11,11,1
1822,30,0.04704520563096,357.53333333333336,172.53333333333333,362.0,11,11,1
1767,30,0.04704520563096,340.46666666666664,231.53333333333333,382.06666666666666,11,11,2
829,30,0.04704520563096,122.93333333333334,368.46666666666664,383.4,11,12,2
724,30,0.04704520563096,105.26666666666667,280.0,334.6,13,3,13
815,30,0.04704520563096,123.46666666666667,112.53333333333333,362.0,11,11,1
1826,30,0.04704520563096,357.53333333333336,231.53333333333333,382.0,11,11,1
1605,30,0.04704520563096,300.46666666666664,132.53333333333333,362.0,11,11,1
1173,30,0.04704520563096,184.46666666666667,279.2,374.4,11,4,10
1404,30,0.04704520563096,241.86666666666667,210.83333333333334,382.3333333333333,11,11,2
1484,30,0.04704520563096,261.3,349.8,383.1666666666667,9,12,2
1854,30,0.04704520563096,360.8666666666667,259.46666666666664,38.3,10,3,11
1392,30,0.04704520563096,241.46666666666667,171.53333333333333,382.06666666666666,11,11,2
1455,30,0.04704520563096,259.93333333333334,269.3,343.3,11,11,2
1388,30,0.04704520563096,241.46666666666667,112.53333333333333,362.0,11,11,1
301,30,0.04704520563096,44.4,209.1,383.1,11,11,3
1838,30,0.04704520563096,359.46666666666664,211.53333333333333,382.0,11,11,1
247,30,0.04704520563096,44.666666666666664,151.3,362.43333333333334,12,12,3
1531,30,0.04704520563096,280.46666666666664,369.53333333333336,383.0,11,11,1
293,30,0.04704520563096,44.86666666666667,170.83333333333334,382.3666666666667,11,11,2
693,30,0.04704520563096,103.8,170.86666666666667,362.3666666666667,12,11,2
307,30,0.04704520563096,45.233333333333334,249.1,383.3333333333333,11,11,3
33,30,0.04704520563096,23.6,358.1666666666667,293.6333333333333,12,5,13
1540,30,0.04704520563096,281.1666666666667,250.13333333333333,382.3333333333333,11,11,2
296,30,0.04704520563096,45.0,190.03333333333333,362.96666666666664,11,12,3
1302,29,0.045477032109928005,221.82758620689654,33.89655172413793,381.0,12,11,1
1415,29,0.045477032109928005,242.27586206896552,219.82758620689654,373.2068965517241,11,3,11
234,29,0.045477032109928005,44.58620689655172,52.689655172413794,381.17241379310343,11,11,2
1764,29,0.045477032109928005,339.86206896551727,112.86206896551724,381.0,11,11,1
232,29,0.045477032109928005,44.3448275862069,35.55172413793103,342.0,11,11,1
239,29,0.045477032109928005,44.37931034482759,94.51724137931035,362.0,11,11,1
400,29,0.045477032109928005,62.96551724137931,172.82758620689654,382.0,12,12,1
826,29,0.045477032109928005,123.13793103448276,308.9655172413793,363.37931034482756,12,10,2
485,29,0.045477032109928005,65.10344827586206,279.9655172413793,295.17241379310343,11,4,11
561,29,0.045477032109928005,83.51724137931035,94.41379310344827,361.9655172413793,11,12,2
1754,29,0.045477032109928005,339.7241379310345,211.79310344827587,362.0,12,11,1
1039,29,0.045477032109928005,162.24137931034483,309.13793103448273,363.37931034482756,12,11,2
431,29,0.045477032109928005,64.0,171.0,323.3448275862069,11,11,2
1610,29,0.045477032109928005,300.3103448275862,191.3448275862069,382.0,11,10,1
1537,29,0.045477032109928005,281.0,211.0,382.3448275862069,11,11,2
1849,29,0.045477032109928005,359.7586206896552,132.82758620689654,381.0,11,11,1
323,29,0.045477032109928005,43.689655172413794,339.0,293.7931034482759,11,5,12
424,29,0.045477032109928005,64.03448275862068,111.03448275862068,381.3103448275862,11,10,2
327,29,0.045477032109928005,44.03448275862069,367.86206896551727,383.37931034482756,10,12,2
1315,29,0.045477032109928005,222.0,112.0,381.3448275862069,11,11,2
1487,29,0.045477032109928005,264.44827586206895,122.44827586206897,374.0344827586207,14,8,12
1683,29,0.045477032109928005,320.3103448275862,132.41379310344828,381.0,11,11,1
1480,29,0.045477032109928005,261.7586206896552,299.1034482758621,354.6896551724138,11,3,11
1140,29,0.045477032109928005,185.27586206896552,82.79310344827586,373.62068965517244,16,6,14
558,29,0.045477032109928005,83.58620689655173,52.689655172413794,381.0,11,11,1
1384,29,0.045477032109928005,241.31034482758622,53.3448275862069,381.0,11,10,1
932,29,0.045477032109928005,143.0,171.0,362.3448275862069,11,11,2
704,28,0.043908858588896,104.07142857142857,112.03571428571429,381.35714285714283,11,11,2
807,28,0.043908858588896,122.82142857142857,133.0,362.0,12,13,1
738,28,0.043908858588896,103.5,348.39285714285717,383.42857142857144,10,11,2
402,28,0.043908858588896,63.642857142857146,32.892857142857146,381.0,12,12,1
1151,28,0.043908858588896,183.35714285714286,259.64285714285717,353.92857142857144,12,3,12
601,28,0.043908858588896,83.85714285714286,308.42857142857144,364.2857142857143,12,12,3
586,28,0.043908858588896,85.17857142857143,219.78571428571428,334.4642857142857,14,5,14
425,28,0.043908858588896,63.82142857142857,111.67857142857143,342.25,11,11,2
1135,28,0.043908858588896,182.0,348.85714285714283,383.35714285714283,11,11,2
435,28,0.043908858588896,63.92857142857143,189.89285714285714,382.42857142857144,11,10,2
964,28,0.043908858588896,143.42857142857142,259.67857142857144,353.64285714285717,12,4,12
975,28,0.043908858588896,143.0,348.7857142857143,383.39285714285717,10,12,2
1119,28,0.043908858588896,180.85714285714286,172.60714285714286,382.0,13,13,1
735,28,0.043908858588896,103.89285714285714,338.9642857142857,315.0,11,4,12
1227,28,0.043908858588896,201.89285714285714,190.85714285714286,362.35714285714283,11,11,2
719,28,0.043908858588896,105.17857142857143,259.82142857142856,315.39285714285717,13,4,12
1267,28,0.043908858588896,203.28571428571428,140.85714285714286,372.85714285714283,11,4,11
281,28,0.043908858588896,44.92857142857143,91.89285714285714,381.35714285714283,11,11,2
1831,28,0.043908858588896,359.5,92.71428571428571,381.0,12,12,1
1303,28,0.043908858588896,221.42857142857142,72.67857142857143,381.0,12,12,1
1477,28,0.043908858588896,261.2142857142857,270.10714285714283,382.35714285714283,10,10,2
1819,28,0.043908858588896,357.9642857142857,132.28571428571428,362.0,11,11,1
1750,28,0.043908858588896,340.07142857142856,132.96428571428572,362.0,12,11,1
1818,28,0.043908858588896,358.10714285714283,112.78571428571429,381.0,11,11,1
199,28,0.043908858588896,36.0,329.9642857142857,257.2857142857143,1,12,12
362,28,0.043908858588896,55.035714285714285,347.64285714285717,375.35714285714283,3,12,11
1536,28,0.043908858588896,281.4642857142857,152.92857142857142,362.0357142857143,11,11,2
1464,28,0.043908858588896,261.7857142857143,152.60714285714286,381.92857142857144,11,12,2
321,28,0.043908858588896,44.785714285714285,328.32142857142856,384.14285714285717,11,11,3
1238,28,0.043908858588896,203.60714285714286,180.78571428571428,373.7857142857143,12,3,13
1742,28,0.043908858588896,337.89285714285717,251.0,382.0,11,11,1
1032,27,0.04234068506786401,162.5185185185185,95.18518518518519,362.0,11,11,1
306,27,0.04234068506786401,44.851851851851855,249.25925925925927,344.3333333333333,12,11,3
683,27,0.04234068506786401,103.11111111111111,72.11111111111111,381.037037037037,11,12,2
68,27,0.04234068506786401,24.88888888888889,347.4074074074074,384.25925925925924,11,11,3
1604,27,0.04234068506786401,300.22222222222223,112.33333333333333,381.0,11,11,1
935,27,0.04234068506786401,143.88888888888889,200.85185185185185,334.037037037037,13,3,13
837,27,0.04234068506786401,124.70370370370371,180.74074074074073,334.22222222222223,12,4,12
83,27,0.04234068506786401,25.074074074074073,268.2962962962963,383.3333333333333,11,11,3
447,27,0.04234068506786401,65.81481481481481,279.44444444444446,334.85185185185185,14,4,14
1320,27,0.04234068506786401,222.40740740740742,279.4074074074074,374.0,12,4,12
1323,27,0.04234068506786401,221.74074074074073,329.51851851851853,363.3703703703704,11,11,2
821,27,0.04234068506786401,123.14814814814815,209.88888888888889,382.4074074074074,12,10,2
1393,27,0.04234068506786401,241.1851851851852,191.2962962962963,362.0,11,11,1
277,27,0.04234068506786401,43.48148148148148,64.33333333333333,330.037037037037,9,5,9
1461,27,0.04234068506786401,261.0740740740741,113.22222222222223,342.0,11,12,1
36,27,0.04234068506786401,24.962962962962962,32.925925925925924,381.1111111111111,10,11,2
186,27,0.04234068506786401,36.0,291.3333333333333,316.55555555555554,1,13,12
939,27,0.04234068506786401,142.74074074074073,229.66666666666666,382.3703703703704,11,10,2
1168,27,0.04234068506786401,183.77777777777777,121.74074074074075,372.962962962963,12,3,12
1587,27,0.04234068506786401,297.81481481481484,219.03703703703704,374.9259259259259,11,2,11
1840,27,0.04234068506786401,359.0,231.11111111111111,362.0,11,10,1
1856,27,0.04234068506786401,360.037037037037,299.18518518518516,373.81481481481484,12,3,11
1472,27,0.04234068506786401,260.77777777777777,357.7037037037037,374.14814814814815,12,4,9
468,27,0.04234068506786401,64.14814814814815,121.07407407407408,332.1111111111111,10,7,12
928,27,0.04234068506786401,142.14814814814815,370.74074074074076,383.0,11,11,1
1828,27,0.04234068506786401,359.55555555555554,53.55555555555556,381.0,12,11,1
727,27,0.04234068506786401,103.96296296296296,289.037037037037,363.77777777777777,11,10,3
607,26,0.040772511546832,84.03846153846153,368.6923076923077,383.4230769230769,11,12,2
1463,26,0.040772511546832,261.11538461538464,132.46153846153845,362.0,11,11,1
1679,26,0.040772511546832,320.38461538461536,93.1923076923077,381.0,11,11,1
180,26,0.040772511546832,36.0,271.7692307692308,256.84615384615387,1,13,12
1391,26,0.040772511546832,240.42307692307693,133.07692307692307,362.0,11,12,1
1060,26,0.040772511546832,163.23076923076923,279.34615384615387,314.88461538461536,12,3,12
630,26,0.040772511546832,84.1923076923077,328.7692307692308,383.4230769230769,10,11,2
1050,26,0.040772511546832,162.42307692307693,210.03846153846155,382.4230769230769,11,12,2
917,26,0.040772511546832,141.57692307692307,114.03846153846153,362.0,12,11,1
79,26,0.040772511546832,24.846153846153847,150.03846153846155,382.46153846153845,10,11,4
867,26,0.040772511546832,126.61538461538461,102.84615384615384,374.03846153846155,13,3,12
1048,26,0.040772511546832,162.57692307692307,190.5,362.38461538461536,11,10,2
1401,26,0.040772511546832,241.73076923076923,131.65384615384616,381.38461538461536,11,11,2
1681,26,0.040772511546832,320.61538461538464,113.5,361.88461538461536,11,12,2
1033,26,0.040772511546832,162.34615384615384,112.57692307692308,362.0,11,11,1
1405,26,0.040772511546832,241.8846153846154,250.26923076923077,382.5,11,11,2
227,26,0.040772511546832,43.42307692307692,192.69230769230768,382.0,12,12,1
592,26,0.040772511546832,84.46153846153847,259.8076923076923,294.7692307692308,12,5,12
557,26,0.040772511546832,83.3076923076923,53.0,342.03846153846155,11,12,2
1770,26,0.040772511546832,340.4230769230769,61.88461538461539,352.53846153846155,12,4,10
820,26,0.040772511546832,123.15384615384616,190.46153846153845,362.46153846153845,11,9,3
1370,26,0.040772511546832,231.46153846153845,248.96153846153845,373.46153846153845,2,14,13
710,26,0.040772511546832,103.8076923076923,190.5,382.4230769230769,11,12,2
1154,26,0.040772511546832,182.26923076923077,279.88461538461536,333.46153846153845,11,4,11
1841,26,0.040772511546832,359.0,250.15384615384616,382.11538461538464,11,11,2
1070,26,0.040772511546832,164.53846153846155,121.6923076923077,353.7692307692308,13,3,12
405,26,0.040772511546832,62.96153846153846,75.88461538461539,362.0,11,10,1
1233,26,0.040772511546832,202.26923076923077,53.42307692307692,381.0,10,11,1
18,26,0.040772511546832,23.23076923076923,182.19230769230768,64.84615384615384,12,4,13
1524,26,0.040772511546832,280.1923076923077,92.46153846153847,381.0,12,11,1
1326,26,0.040772511546832,222.69230769230768,358.5769230769231,374.38461538461536,12,3,12
53,26,0.040772511546832,24.384615384615383,281.03846153846155,83.5,11,5,12
940,26,0.040772511546832,142.73076923076923,289.38461538461536,363.4230769230769,11,11,2
732,26,0.040772511546832,104.57692307692308,318.84615384615387,334.8076923076923,11,5,11
1666,26,0.040772511546832,319.0,74.38461538461539,342.0,11,11,1
1021,26,0.040772511546832,160.6153846153846,152.73076923076923,381.96153846153845,13,12,2
1582,26,0.040772511546832,290.46153846153845,268.96153846153845,373.46153846153845,2,14,13
715,26,0.040772511546832,103.5,230.26923076923077,343.4230769230769,11,11,2
381,26,0.040772511546832,55.61538461538461,329.03846153846155,354.8076923076923,2,11,10
4,26,0.040772511546832,22.96153846153846,331.03846153846155,383.0,12,11,1
1105,25,0.039204338025800006,172.48,228.28,374.12,2,13,12
479,25,0.039204338025800006,64.6,229.48,383.04,11,11,3
1852,25,0.039204338025800006,359.72,219.4,373.56,11,2,10
1117,25,0.039204338025800006,181.6,113.44,362.0,13,13,1
1474,25,0.039204338025800006,262.36,180.76,353.68,12,4,11
1726,25,0.039204338025800006,329.48,268.76,373.2,2,13,13
1476,25,0.039204338025800006,261.76,220.16,353.6,11,4,11
622,25,0.039204338025800006,84.36,249.16,383.12,11,11,3
945,25,0.039204338025800006,143.56,358.64,334.92,13,3,12
743,25,0.039204338025800006,104.84,181.12,314.28,11,4,11
1424,25,0.039204338025800006,242.96,338.32,375.04,11,4,10
483,25,0.039204338025800006,64.04,268.32,383.4,11,11,3
1739,25,0.039204338025800006,338.32,191.92,362.0,11,12,1
1044,25,0.039204338025800006,163.68,132.48,381.88,11,13,3
936,25,0.039204338025800006,143.04,209.92,362.88,12,11,3
144,25,0.039204338025800006,35.52,249.36,373.24,2,11,11
318,25,0.039204338025800006,45.24,308.6,364.44,12,11,3
1600,25,0.039204338025800006,300.32,73.52,342.0,11,11,1
438,25,0.039204338025800006,64.08,209.6,324.44,12,12,3
1667,25,0.039204338025800006,319.56,73.52,381.0,12,11,1
432,25,0.039204338025800006,63.92,170.28,362.72,11,10,3
1768,25,0.039204338025800006,339.48,278.32,373.52,11,2,10
1144,25,0.039204338025800006,183.32,180.64,353.68,13,3,13
302,25,0.039204338025800006,45.24,210.56,343.4,11,11,2
260,25,0.039204338025800006,44.52,280.2,274.44,12,4,13
1823,25,0.039204338025800006,357.44,191.84,382.0,11,11,1
1343,25,0.039204338025800006,223.4,291.36,363.24,10,12,2
583,25,0.039204338025800006,84.6,190.76,362.88,12,10,3
179,25,0.039204338025800006,36.0,270.76,237.6,1,12,12
529,25,0.039204338025800006,74.52,130.48,373.16,2,12,11
1550,24,0.037636164504768005,281.2916666666667,279.3333333333333,353.9583333333333,11,3,11
950,24,0.037636164504768005,142.70833333333334,101.625,352.0833333333333,8,4,11
1549,24,0.037636164504768005,282.3333333333333,259.3333333333333,374.0,11,3,10
1621,24,0.037636164504768005,299.8333333333333,268.9166666666667,382.3333333333333,9,9,2
533,24,0.037636164504768005,74.5,209.5,373.9166666666667,2,12,12
1529,24,0.037636164504768005,279.875,190.875,362.0,11,10,1
1601,24,0.037636164504768005,301.0,73.70833333333333,381.0,12,11,1
588,24,0.037636164504768005,84.04166666666667,229.58333333333334,324.4583333333333,12,12,3
1692,24,0.037636164504768005,319.9583333333333,289.6666666666667,382.25,11,12,2
1630,24,0.037636164504768005,301.8333333333333,279.3333333333333,374.5,11,3,11
360,24,0.037636164504768005,54.75,229.04166666666666,374.2083333333333,3,12,12
604,24,0.037636164504768005,84.54166666666667,338.5833333333333,334.9583333333333,13,3,12
238,24,0.037636164504768005,44.166666666666664,92.54166666666667,342.0,11,11,1
1387,24,0.037636164504768005,241.08333333333334,92.41666666666667,381.0,11,11,1
1769,24,0.037636164504768005,340.0416666666667,298.8333333333333,354.375,12,3,10
662,24,0.037636164504768005,94.5,228.95833333333334,374.3333333333333,2,12,11
665,24,0.037636164504768005,94.54166666666667,268.4583333333333,374.0,2,12,11
669,24,0.037636164504768005,94.5,347.9166666666667,374.4583333333333,2,12,11
805,24,0.037636164504768005,122.83333333333333,94.45833333333333,361.9583333333333,12,12,2
1335,24,0.037636164504768005,222.79166666666666,200.5,373.25,11,4,12
680,24,0.037636164504768005,103.20833333333333,33.541666666666664,381.0,11,11,1
1304,24,0.037636164504768005,221.95833333333334,73.75,342.0,12,11,1
411,24,0.037636164504768005,63.291666666666664,133.79166666666666,381.75,11,11,2
1296,24,0.037636164504768005,219.29166666666666,258.0,375.1666666666667,12,1,12
758,24,0.037636164504768005,104.95833333333333,142.125,353.2083333333333,8,4,8
1262,24,0.037636164504768005,202.5,358.6666666666667,354.25,12,3,12
1259,24,0.037636164504768005,202.75,338.625,374.0833333333333,12,3,11
689,24,0.037636164504768005,103.54166666666667,112.29166666666667,342.1666666666667,11,10,2
1850,24,0.037636164504768005,359.125,140.375,372.0833333333333,11,3,9
388,24,0.037636164504768005,56.041666666666664,213.375,375.9583333333333,2,11,13
1861,24,0.037636164504768005,359.5416666666667,219.25,335.0,8,2,10
716,24,0.037636164504768005,103.625,229.79166666666666,382.5833333333333,11,11,3
244,24,0.037636164504768005,44.583333333333336,131.20833333333334,342.5416666666667,12,12,3
440,24,0.037636164504768005,64.125,229.625,343.4583333333333,12,10,2
916,24,0.037636164504768005,139.45833333333334,373.0416666666667,35.791666666666664,10,9,4
224,24,0.037636164504768005,43.916666666666664,153.5,381.9583333333333,12,12,2
608,24,0.037636164504768005,84.33333333333333,371.0416666666667,34.541666666666664,11,11,2
488,24,0.037636164504768005,64.79166666666667,308.4583333333333,344.5,11,11,2
1442,24,0.037636164504768005,251.0,267.625,374.5833333333333,3,12,12
1744,24,0.037636164504768005,337.4166666666667,298.1666666666667,374.75,10,2,11
484,24,0.037636164504768005,64.16666666666667,268.7083333333333,344.375,11,11,3
903,24,0.037636164504768005,133.5,268.7083333333333,373.875,2,12,10
900,24,0.037636164504768005,133.5,229.5,373.9166666666667,2,12,12
1413,24,0.037636164504768005,244.41666666666666,140.95833333333334,374.5833333333333,13,6,12
857,24,0.037636164504768005,123.20833333333333,328.5833333333333,383.5,11,11,2
865,24,0.037636164504768005,125.54166666666667,62.416666666666664,373.1666666666667,11,4,12
627,23,0.036067990983736004,84.34782608695652,288.6521739130435,383.5217391304348,11,11,2
138,23,0.036067990983736004,35.47826086956522,209.65217391304347,373.6521739130435,2,11,11
602,23,0.036067990983736004,84.26086956521739,328.7391304347826,305.5217391304348,12,12,2
1586,23,0.036067990983736004,298.7391304347826,211.52173913043478,382.0,12,11,1
1688,23,0.036067990983736004,320.5217391304348,231.91304347826087,362.0,11,11,1
713,23,0.036067990983736004,103.26086956521739,209.1304347826087,363.1304347826087,11,10,3
1857,23,0.036067990983736004,361.2608695652174,62.52173913043478,372.7391304347826,12,2,12
1594,23,0.036067990983736004,298.9130434782609,152.91304347826087,362.0,11,11,1
1675,23,0.036067990983736004,320.04347826086956,53.43478260869565,381.0,11,11,1
1844,23,0.036067990983736004,358.6521739130435,369.2173913043478,383.0,11,11,1
839,23,0.036067990983736004,125.21739130434783,200.7826086956522,315.39130434782606,13,3,12
1749,23,0.036067990983736004,339.7391304347826,113.26086956521739,342.0,12,12,1
1736,23,0.036067990983736004,338.0869565217391,132.82608695652175,381.0,11,11,1
1706,23,0.036067990983736004,322.30434782608694,220.04347826086956,375.0,11,3,11
1598,23,0.036067990983736004,300.7391304347826,34.26086956521739,381.0,12,12,1
596,23,0.036067990983736004,84.26086956521739,288.7391304347826,344.5217391304348,12,12,2
783,23,0.036067990983736004,114.21739130434783,248.34782608695653,374.4347826086956,3,11,10
855,23,0.036067990983736004,124.26086956521739,318.9130434782609,315.4347826086956,12,4,11
905,23,0.036067990983736004,133.47826086956522,288.7391304347826,354.6521739130435,2,12,11
606,23,0.036067990983736004,84.30434782608695,347.7391304347826,364.5217391304348,12,12,2
789,23,0.036067990983736004,113.56521739130434,328.2173913043478,374.2608695652174,3,11,11
790,23,0.036067990983736004,113.56521739130434,367.95652173913044,374.60869565217394,3,11,12
659,23,0.036067990983736004,94.47826086956522,189.7391304347826,373.6521739130435,2,12,11
625,23,0.036067990983736004,83.78260869565217,269.0,363.6521739130435,10,11,3
856,23,0.036067990983736004,124.17391304347827,318.6521739130435,354.5217391304348,11,3,11
956,23,0.036067990983736004,143.91304347826087,180.3913043478261,353.5217391304348,11,3,11
1376,23,0.036067990983736004,239.08695652173913,152.56521739130434,381.8695652173913,12,11,2
1132,23,0.036067990983736004,182.34782608695653,229.82608695652175,382.4782608695652,12,11,2
314,23,0.036067990983736004,45.130434782608695,288.6521739130435,344.4782608695652,11,11,2
310,23,0.036067990983736004,44.34782608695652,260.69565217391306,43.30434782608695,11,4,12
1510,23,0.036067990983736004,270.60869565217394,288.7826086956522,373.39130434782606,2,13,12
1147,23,0.036067990983736004,183.2608695652174,220.52173913043478,314.7391304347826,12,2,12
223,23,0.036067990983736004,42.82608695652174,114.95652173913044,381.39130434782606,12,11,2
1378,23,0.036067990983736004,239.52173913043478,231.3913043478261,382.0,12,13,1
1475,23,0.036067990983736004,262.2608695652174,200.52173913043478,373.7391304347826,12,2,12
297,23,0.036067990983736004,44.30434782608695,190.2173913043478,323.6521739130435,10,10,3
1462,23,0.036067990983736004,261.60869565217394,112.91304347826087,381.04347826086956,11,11,2
271,23,0.036067990983736004,44.26086956521739,358.5217391304348,275.7391304347826,12,2,12
490,23,0.036067990983736004,64.34782608695652,327.82608695652175,364.4347826086956,11,11,3
315,23,0.036067990983736004,44.82608695652174,288.17391304347825,383.4782608695652,11,11,2
1169,23,0.036067990983736004,183.47826086956522,200.65217391304347,333.82608695652175,11,3,11
408,23,0.036067990983736004,63.73913043478261,94.73913043478261,342.0,12,12,1
1078,23,0.036067990983736004,163.30434782608697,250.04347826086956,382.4782608695652,10,10,2
1422,23,0.036067990983736004,243.08695652173913,318.69565217391306,355.3478260869565,11,3,10
1319,23,0.036067990983736004,221.82608695652175,269.5652173913044,382.4347826086956,11,10,2
1403,23,0.036067990983736004,242.2608695652174,200.52173913043478,353.7391304347826,12,2,12
1407,23,0.036067990983736004,242.2608695652174,299.5217391304348,334.7391304347826,12,2,12
1409,23,0.036067990983736004,242.2608695652174,358.5217391304348,354.7391304347826,12,2,12
1255,23,0.036067990983736004,202.6086956521739,289.3478260869565,383.2173913043478,11,10,3
226,23,0.036067990983736004,43.82608695652174,173.69565217391303,323.0,12,12,1
361,23,0.036067990983736004,55.0,307.4782608695652,375.30434782608694,3,11,10
1418,23,0.036067990983736004,242.3913043478261,239.7826086956522,353.60869565217394,10,3,10
1023,23,0.036067990983736004,160.34782608695653,232.56521739130434,381.95652173913044,13,13,2
553,23,0.036067990983736004,82.73913043478261,350.7391304347826,383.0,12,12,1
1545,23,0.036067990983736004,282.7826086956522,62.608695652173914,373.17391304347825,13,3,12
1208,23,0.036067990983736004,199.95652173913044,192.04347826086956,382.0,12,12,1
954,23,0.036067990983736004,143.34782608695653,141.7826086956522,351.82608695652175,12,4,12
1235,23,0.036067990983736004,202.43478260869566,131.30434782608697,381.4347826086956,11,10,2
1143,23,0.036067990983736004,182.6086956521739,159.52173913043478,372.95652173913044,10,6,10
537,23,0.036067990983736004,74.52173913043478,288.2173913043478,374.17391304347825,2,11,11
1341,23,0.036067990983736004,223.1304347826087,259.5217391304348,354.60869565217394,11,4,11
322,23,0.036067990983736004,45.34782608695652,338.82608695652175,256.60869565217394,11,4,11
970,23,0.036067990983736004,144.2173913043478,298.6521739130435,354.5652173913044,12,3,11
325,23,0.036067990983736004,44.34782608695652,347.7391304347826,364.5217391304348,11,12,2
1523,23,0.036067990983736004,280.7391304347826,93.26086956521739,342.0,12,12,1
531,23,0.036067990983736004,74.47826086956522,169.7391304347826,373.6521739130435,2,12,11
1243,23,0.036067990983736004,202.3913043478261,219.56521739130434,372.7826086956522,11,3,12
1213,23,0.036067990983736004,201.47826086956522,92.82608695652173,342.0,12,12,1
1289,22,0.034499817462704,211.63636363636363,228.63636363636363,374.0,3,13,12
687,22,0.034499817462704,103.0,94.5,342.0,11,12,1
676,22,0.034499817462704,101.0,213.0909090909091,381.8636363636364,12,12,3
1815,22,0.034499817462704,357.8636363636364,73.72727272727273,342.0,11,11,1
636,22,0.034499817462704,84.86363636363636,73.77272727272727,362.0,7,10,1
1811,22,0.034499817462704,357.5,271.04545454545456,343.0,12,12,1
814,22,0.034499817462704,123.13636363636364,53.59090909090909,342.0,11,11,1
145,22,0.034499817462704,35.5,268.45454545454544,354.90909090909093,2,11,10
462,22,0.034499817462704,63.59090909090909,367.09090909090907,364.45454545454544,11,12,2
1345,22,0.034499817462704,222.6818181818182,318.59090909090907,374.09090909090907,11,3,11
849,22,0.034499817462704,123.86363636363636,269.45454545454544,363.5,10,11,2
1795,22,0.034499817462704,349.09090909090907,169.22727272727272,373.59090909090907,3,15,14
844,22,0.034499817462704,123.31818181818181,249.72727272727272,343.59090909090907,11,10,3
75,22,0.034499817462704,24.59090909090909,367.0,364.5,11,11,2
761,22,0.034499817462704,106.04545454545455,259.40909090909093,355.90909090909093,9,4,7
838,22,0.034499817462704,122.4090909090909,190.22727272727272,323.45454545454544,10,10,2
1318,22,0.034499817462704,221.13636363636363,269.1363636363636,343.40909090909093,10,11,2
1300,22,0.034499817462704,219.86363636363637,171.72727272727272,381.95454545454544,11,11,2
1766,22,0.034499817462704,340.09090909090907,172.54545454545453,362.0,11,11,1
303,22,0.034499817462704,44.54545454545455,221.5,43.0,11,2,11
67,22,0.034499817462704,24.454545454545453,338.8181818181818,235.6818181818182,11,4,11
304,22,0.034499817462704,45.0,229.45454545454547,324.5,11,11,2
59,22,0.034499817462704,24.545454545454547,310.0,33.5,11,11,2
1771,22,0.034499817462704,341.0,200.5,373.45454545454544,11,2,11
679,22,0.034499817462704,103.0,33.63636363636363,342.0,11,11,1
1230,22,0.034499817462704,202.22727272727272,249.9090909090909,382.45454545454544,11,10,2
1163,22,0.034499817462704,183.0,338.5,354.45454545454544,11,2,11
1051,22,0.034499817462704,163.5,220.5,295.0,12,2,11
1734,22,0.034499817462704,338.5,93.0,381.0,12,11,1
931,22,0.034499817462704,142.77272727272728,111.72727272727273,381.1818181818182,11,10,2
902,22,0.034499817462704,133.5,249.45454545454547,354.0,2,11,11
1698,22,0.034499817462704,321.90909090909093,299.1363636363636,374.77272727272725,12,3,11
702,22,0.034499817462704,105.5909090909091,64.45454545454545,352.6818181818182,14,3,14
1200,22,0.034499817462704,192.45454545454547,308.54545454545456,354.90909090909093,2,12,12
1034,22,0.034499817462704,161.95454545454547,134.27272727272728,362.0,11,12,1
734,22,0.034499817462704,103.77272727272727,328.3181818181818,364.45454545454544,11,11,3
1239,22,0.034499817462704,203.0,200.5,353.45454545454544,11,2,11
1236,22,0.034499817462704,203.5,141.5,334.0,12,2,11
540,22,0.034499817462704,74.5,328.0,374.40909090909093,2,11,11
1596,22,0.034499817462704,299.0,298.0,374.27272727272725,11,1,10
1548,22,0.034499817462704,282.0,180.5,373.45454545454544,11,2,11
730,22,0.034499817462704,103.5909090909091,308.04545454545456,383.5,11,11,2
941,22,0.034499817462704,143.5,309.0,344.5,12,11,2
147,22,0.034499817462704,35.5,288.0,374.40909090909093,2,11,11
554,22,0.034499817462704,84.72727272727273,23.363636363636363,371.40909090909093,15,3,15
555,22,0.034499817462704,83.36363636363636,35.54545454545455,342.0,11,11,1
929,22,0.034499817462704,143.3181818181818,33.77272727272727,381.0,11,11,1
417,22,0.034499817462704,64.0909090909091,33.68181818181818,342.0,11,11,1
20,22,0.034499817462704,23.954545454545453,201.72727272727272,43.86363636363637,11,4,13
491,22,0.034499817462704,64.63636363636364,338.59090909090907,315.04545454545456,11,3,11
473,22,0.034499817462704,62.54545454545455,160.86363636363637,370.59090909090907,7,5,10
1162,22,0.034499817462704,182.5,329.1818181818182,363.45454545454544,10,10,2
618,22,0.034499817462704,84.63636363636364,200.72727272727272,313.95454545454544,11,4,11
27,22,0.034499817462704,24.5,338.45454545454544,275.09090909090907,12,3,11
1441,22,0.034499817462704,250.9090909090909,227.5909090909091,374.6363636363636,3,11,11
21,22,0.034499817462704,24.5,211.0909090909091,52.54545454545455,12,11,3
489,22,0.034499817462704,64.5909090909091,308.0,383.5,11,11,2
1064,22,0.034499817462704,163.4090909090909,338.5,334.90909090909093,12,2,12
1074,22,0.034499817462704,164.0,180.5909090909091,334.40909090909093,11,3,11
23,22,0.034499817462704,24.5,280.59090909090907,44.04545454545455,12,3,12
1202,21,0.03293164394167201,192.47619047619048,328.23809523809524,374.23809523809524,2,11,11
1225,21,0.03293164394167201,202.28571428571428,92.61904761904762,381.14285714285717,11,10,2
1152,21,0.03293164394167201,181.9047619047619,269.5238095238095,343.4761904761905,10,10,2
1824,21,0.03293164394167201,357.76190476190476,211.76190476190476,362.0,11,11,1
1249,21,0.03293164394167201,202.76190476190476,259.5238095238095,334.23809523809524,11,2,11
1172,21,0.03293164394167201,183.28571428571428,249.71428571428572,363.4761904761905,10,10,2
1836,21,0.03293164394167201,359.23809523809524,191.76190476190476,362.0,11,11,1
1842,21,0.03293164394167201,359.5238095238095,291.14285714285717,343.0,11,12,1
1853,21,0.03293164394167201,359.23809523809524,239.33333333333334,353.95238095238096,9,3,9
1224,21,0.03293164394167201,202.23809523809524,53.76190476190476,342.0,11,11,1
1247,21,0.03293164394167201,201.85714285714286,240.76190476190476,274.7142857142857,10,7,11
737,21,0.03293164394167201,103.76190476190476,348.23809523809524,344.5238095238095,11,11,2
1203,21,0.03293164394167201,192.42857142857142,367.2857142857143,375.14285714285717,2,12,12
1257,21,0.03293164394167201,202.76190476190476,318.5238095238095,354.23809523809524,11,2,11
1581,21,0.03293164394167201,290.5238095238095,228.95238095238096,373.57142857142856,2,13,12
1334,21,0.03293164394167201,222.76190476190476,200.52380952380952,334.23809523809524,11,2,11
1519,21,0.03293164394167201,278.76190476190476,191.76190476190476,382.0,11,11,1
1737,21,0.03293164394167201,337.76190476190476,152.76190476190476,362.0,11,11,1
1056,21,0.03293164394167201,162.38095238095238,249.9047619047619,343.5238095238095,11,11,2
1041,21,0.03293164394167201,162.0952380952381,52.857142857142854,342.0952380952381,10,10,2
1489,21,0.03293164394167201,262.3809523809524,239.66666666666666,373.7142857142857,10,3,10
1697,21,0.03293164394167201,321.23809523809524,259.4761904761905,373.76190476190476,11,2,11
1491,21,0.03293164394167201,263.23809523809524,259.23809523809524,355.2857142857143,11,4,10
1038,21,0.03293164394167201,161.66666666666666,290.85714285714283,363.0,11,11,1
1680,21,0.03293164394167201,320.23809523809524,93.76190476190476,342.0,11,11,1
1030,21,0.03293164394167201,162.23809523809524,92.76190476190476,342.0,11,11,1
1522,21,0.03293164394167201,280.1904761904762,34.857142857142854,381.0,12,13,1
1816,21,0.03293164394167201,357.76190476190476,73.76190476190476,381.0,11,11,1
1008,21,0.03293164394167201,153.38095238095238,288.14285714285717,374.23809523809524,3,11,11
1664,21,0.03293164394167201,317.76190476190476,231.76190476190476,382.0,11,11,1
1658,21,0.03293164394167201,318.6190476190476,112.9047619047619,381.0,12,11,1
1616,21,0.03293164394167201,300.1904761904762,93.04761904761905,342.0,10,9,1
1532,21,0.03293164394167201,281.23809523809524,53.76190476190476,381.0,11,11,1
962,21,0.03293164394167201,144.8095238095238,239.85714285714286,335.0,12,4,11
1595,21,0.03293164394167201,298.76190476190476,171.76190476190476,382.0,11,11,1
1553,21,0.03293164394167201,281.76190476190476,338.5238095238095,374.23809523809524,11,2,11
1559,21,0.03293164394167201,281.8095238095238,251.95238095238096,343.0952380952381,8,11,2
1069,21,0.03293164394167201,165.8095238095238,82.42857142857143,354.5238095238095,13,4,12
1460,21,0.03293164394167201,261.23809523809524,73.76190476190476,342.0,11,11,1
927,21,0.03293164394167201,141.04761904761904,173.42857142857142,382.0,10,13,1
1740,21,0.03293164394167201,337.76190476190476,211.76190476190476,382.0,11,11,1
1337,21,0.03293164394167201,222.76190476190476,219.9047619047619,353.9047619047619,10,4,10
1813,21,0.03293164394167201,357.95238095238096,35.04761904761905,381.0,12,13,1
1781,21,0.03293164394167201,341.0,239.38095238095238,373.6190476190476,10,3,10
1779,21,0.03293164394167201,341.76190476190476,121.52380952380952,373.23809523809524,11,2,11
1775,21,0.03293164394167201,340.76190476190476,358.5238095238095,374.23809523809524,11,2,11
1760,21,0.03293164394167201,340.23809523809524,73.76190476190476,342.0,11,11,1
1386,21,0.03293164394167201,240.66666666666666,92.76190476190476,342.0,11,11,1
853,21,0.03293164394167201,124.28571428571429,298.76190476190476,334.57142857142856,11,4,11
860,21,0.03293164394167201,123.76190476190476,358.14285714285717,354.23809523809524,12,4,12
1414,21,0.03293164394167201,242.76190476190476,180.52380952380952,373.23809523809524,11,2,11
1128,21,0.03293164394167201,182.23809523809524,112.76190476190476,342.0,11,11,1
886,21,0.03293164394167201,128.57142857142858,23.80952380952381,376.0,9,3,9
899,21,0.03293164394167201,133.52380952380952,209.38095238095238,354.14285714285717,2,12,12
1419,21,0.03293164394167201,242.66666666666666,279.42857142857144,354.23809523809524,10,3,11
1121,21,0.03293164394167201,180.33333333333334,258.0,375.14285714285717,12,1,11
907,21,0.03293164394167201,133.47619047619048,308.23809523809524,374.23809523809524,2,11,11
909,21,0.03293164394167201,133.47619047619048,348.23809523809524,374.23809523809524,2,11,11
1421,21,0.03293164394167201,242.76190476190476,298.5238095238095,374.23809523809524,11,2,11
1106,21,0.03293164394167201,172.61904761904762,268.23809523809524,373.6666666666667,2,12,11
1755,21,0.03293164394167201,339.23809523809524,270.76190476190476,343.0,11,11,1
951,21,0.03293164394167201,143.76190476190476,121.52380952380952,333.23809523809524,11,2,11
305,21,0.03293164394167201,44.76190476190476,229.23809523809524,363.5238095238095,11,11,2
690,21,0.03293164394167201,103.23809523809524,114.23809523809524,362.0,11,11,1
228,21,0.03293164394167201,43.23809523809524,233.23809523809524,343.0,11,11,1
134,21,0.03293164394167201,35.61904761904762,150.14285714285714,353.9047619047619,2,11,11
487,21,0.03293164394167201,64.76190476190476,289.23809523809524,324.5238095238095,11,11,2
320,21,0.03293164394167201,44.76190476190476,328.23809523809524,344.5238095238095,11,11,2
566,21,0.03293164394167201,83.23809523809524,134.23809523809524,362.0,11,11,1
631,21,0.03293164394167201,86.14285714285714,358.2857142857143,356.0,12,4,11
419,21,0.03293164394167201,63.76190476190476,54.76190476190476,381.0,11,11,1
130,21,0.03293164394167201,35.476190476190474,91.23809523809524,373.23809523809524,2,11,11
133,21,0.03293164394167201,35.476190476190474,130.23809523809524,373.23809523809524,2,11,11
559,21,0.03293164394167201,83.23809523809524,75.23809523809524,342.0,11,11,1
136,21,0.03293164394167201,35.476190476190474,170.23809523809524,373.23809523809524,2,11,11
681,21,0.03293164394167201,103.23809523809524,55.23809523809524,342.0,11,11,1
475,21,0.03293164394167201,64.76190476190476,190.23809523809524,343.5238095238095,11,11,2
334,21,0.03293164394167201,45.285714285714285,300.57142857142856,42.333333333333336,10,3,10
552,21,0.03293164394167201,82.38095238095238,233.0952380952381,343.0,12,12,1
73,21,0.03293164394167201,24.761904761904763,359.5238095238095,43.76190476190476,11,2,11
49,21,0.03293164394167201,24.761904761904763,260.5238095238095,62.76190476190476,11,2,11
6,21,0.03293164394167201,21.0,300.6190476190476,191.8095238095238,8,8,10
319,21,0.03293164394167201,44.76190476190476,328.23809523809524,305.5238095238095,11,11,2
74,21,0.03293164394167201,24.61904761904762,367.04761904761904,286.5238095238095,11,12,3
233,21,0.03293164394167201,44.23809523809524,35.23809523809524,381.0,11,11,1
140,21,0.03293164394167201,35.476190476190474,229.23809523809524,354.23809523809524,2,11,11
481,21,0.03293164394167201,64.76190476190476,249.23809523809524,363.5238095238095,11,11,2
603,21,0.03293164394167201,84.0,338.6190476190476,295.3809523809524,11,3,11
667,21,0.03293164394167201,94.47619047619048,308.23809523809524,374.23809523809524,2,11,11
187,21,0.03293164394167201,36.0,291.76190476190476,198.71428571428572,1,13,13
655,21,0.03293164394167201,94.42857142857143,111.33333333333333,372.7142857142857,2,11,10
700,21,0.03293164394167201,102.52380952380952,371.0952380952381,383.0,10,10,1
41,21,0.03293164394167201,24.857142857142858,122.52380952380952,42.666666666666664,12,3,13
535,21,0.03293164394167201,74.61904761904762,248.8095238095238,373.95238095238096,2,11,11
656,21,0.03293164394167201,94.42857142857143,130.28571428571428,354.14285714285717,2,12,12
626,21,0.03293164394167201,85.0,277.76190476190476,354.76190476190476,10,6,11
717,21,0.03293164394167201,103.76190476190476,249.23809523809524,324.5238095238095,11,11,2
786,20,0.031363470420640006,114.0,289.65,372.8,3,11,10
1054,20,0.031363470420640006,162.95,229.5,363.35,11,10,3
1380,20,0.031363470420640006,240.75,74.95,342.0,12,11,1
1209,20,0.031363470420640006,199.55,199.0,375.0,11,1,11
657,20,0.031363470420640006,94.45,150.1,373.35,2,11,11
1588,20,0.031363470420640006,298.85,250.75,382.0,12,12,1
556,20,0.031363470420640006,83.45,35.0,381.0,11,11,1
1321,20,0.031363470420640006,222.1,299.45,314.65,12,2,12
591,20,0.031363470420640006,83.75,249.35,343.6,11,10,2
1814,20,0.031363470420640006,358.8,53.8,322.0,12,12,1
1261,20,0.031363470420640006,203.2,349.9,363.5,10,11,2
1670,20,0.031363470420640006,319.55,290.2,343.2,12,11,2
1265,20,0.031363470420640006,204.0,101.55,373.45,11,2,11
50,20,0.031363470420640006,24.55,270.05,33.5,11,11,2
1118,20,0.031363470420640006,180.4,153.5,362.0,12,13,1
1447,20,0.031363470420640006,258.9,211.65,382.0,11,11,1
1383,20,0.031363470420640006,241.15,53.7,342.0,11,11,1
1703,20,0.031363470420640006,321.95,141.5,373.45,11,2,11
1632,20,0.031363470420640006,301.8,318.5,374.3,11,2,11
1820,20,0.031363470420640006,357.55,152.8,381.0,10,11,1
1625,20,0.031363470420640006,301.9,160.5,373.4,11,2,11
550,20,0.031363470420640006,82.85,291.4,363.0,13,12,1
723,20,0.031363470420640006,102.3,278.6,371.9,8,5,11
896,20,0.031363470420640006,133.55,111.45,372.1,2,11,12
1751,20,0.031363470420640006,339.0,132.5,342.0,11,10,1
242,20,0.031363470420640006,43.8,114.55,342.0,11,11,1
536,20,0.031363470420640006,74.5,269.1,354.4,2,11,11
1555,20,0.031363470420640006,282.8,141.45,373.6,11,3,10
709,20,0.031363470420640006,101.75,180.8,351.0,8,5,10
739,20,0.031363470420640006,103.75,358.5,295.25,11,2,11
188,20,0.031363470420640006,36.0,290.95,256.6,1,11,11
878,20,0.031363470420640006,125.5,279.75,316.1,8,3,8
1832,20,0.031363470420640006,359.2,132.8,342.0,12,12,1
455,20,0.031363470420640006,64.5,338.6,275.9,12,2,12
446,20,0.031363470420640006,64.25,280.45,43.2,12,2,12
1084,20,0.031363470420640006,163.35,329.15,383.4,10,11,2
974,20,0.031363470420640006,143.05,328.7,363.6,10,10,2
412,20,0.031363470420640006,63.4,154.05,362.0,11,11,1
620,20,0.031363470420640006,84.95,229.85,363.3,10,10,3
207,20,0.031363470420640006,36.0,349.65,237.9,1,11,11
329,20,0.031363470420640006,44.7,131.45,303.5,10,10,2
1765,20,0.031363470420640006,340.2,152.6,381.0,11,11,1
215,20,0.031363470420640006,36.0,370.45,356.0,1,11,11
1542,20,0.031363470420640006,281.0,298.6,373.45,11,3,11
851,20,0.031363470420640006,124.0,289.45,344.45,11,11,2
759,20,0.031363470420640006,105.35,173.3,323.35,8,8,2
906,20,0.031363470420640006,133.55,308.2,335.35,2,12,11
1672,19,0.029795296899608005,318.36842105263156,348.63157894736844,363.0,11,10,1
1178,19,0.029795296899608005,184.26315789473685,141.8421052631579,353.4736842105263,8,3,8
128,19,0.029795296899608005,35.578947368421055,52.31578947368421,372.2631578947368,2,12,12
364,19,0.029795296899608005,55.31578947368421,110.57894736842105,373.2105263157895,2,11,11
1741,19,0.029795296899608005,338.2105263157895,231.3684210526316,362.0,11,11,1
1195,19,0.029795296899608005,192.52631578947367,208.89473684210526,373.63157894736844,2,11,11
161,19,0.029795296899608005,35.89473684210526,367.6842105263158,259.3157894736842,2,9,8
901,19,0.029795296899608005,133.57894736842104,249.0,315.57894736842104,2,12,11
1677,19,0.029795296899608005,319.7368421052632,73.26315789473684,361.0,10,10,1
619,19,0.029795296899608005,84.26315789473684,209.73684210526315,343.5263157894737,10,10,2
1237,19,0.029795296899608005,202.73684210526315,160.8421052631579,352.94736842105266,11,4,12
225,19,0.029795296899608005,44.05263157894737,173.05263157894737,362.0,12,11,1
1420,19,0.029795296899608005,241.94736842105263,289.5263157894737,382.5263157894737,10,10,2
859,19,0.029795296899608005,123.36842105263158,347.89473684210526,364.4736842105263,11,11,2
530,19,0.029795296899608005,74.57894736842105,150.1578947368421,354.42105263157896,2,12,12
32,19,0.029795296899608005,23.263157894736842,365.7894736842105,247.52631578947367,12,14,3
1306,19,0.029795296899608005,220.89473684210526,112.36842105263158,342.0,11,11,1
131,19,0.029795296899608005,35.578947368421055,110.84210526315789,353.6842105263158,2,11,11
1018,19,0.029795296899608005,153.42105263157896,327.89473684210526,374.5263157894737,2,11,11
678,19,0.029795296899608005,102.3157894736842,331.10526315789474,383.0,11,12,1
125,19,0.029795296899608005,34.578947368421055,328.94736842105266,42.36842105263158,2,12,11
1733,19,0.029795296899608005,337.57894736842104,94.0,342.0,11,11,1
1024,19,0.029795296899608005,161.52631578947367,34.36842105263158,381.0,12,12,1
1700,19,0.029795296899608005,320.57894736842104,329.2631578947368,382.4736842105263,10,11,2
1624,19,0.029795296899608005,301.5263157894737,121.42105263157895,372.7368421052632,11,3,12
742,19,0.029795296899608005,105.84210526315789,102.05263157894737,353.94736842105266,12,5,11
1211,19,0.029795296899608005,198.05263157894737,317.5263157894737,194.73684210526315,7,3,6
1758,19,0.029795296899608005,339.8421052631579,33.94736842105263,381.0,11,12,1
1439,19,0.029795296899608005,251.26315789473685,151.31578947368422,372.05263157894734,3,10,10
416,19,0.029795296899608005,63.31578947368421,331.10526315789474,383.0,11,11,1
379,19,0.029795296899608005,55.421052631578945,309.94736842105266,334.57894736842104,2,11,11
747,19,0.029795296899608005,104.26315789473684,249.73684210526315,363.4736842105263,10,10,2
748,19,0.029795296899608005,104.36842105263158,268.89473684210526,383.42105263157896,11,11,2
1483,19,0.029795296899608005,262.2105263157895,338.57894736842104,354.63157894736844,11,2,11
563,19,0.029795296899608005,83.52631578947368,113.89473684210526,342.0,11,11,1
1701,19,0.029795296899608005,322.2105263157895,82.47368421052632,353.7368421052632,11,2,10
564,19,0.029795296899608005,82.84210526315789,130.3684210526316,342.4736842105263,12,10,2
1810,19,0.029795296899608005,355.8421052631579,272.57894736842104,382.0,9,10,1
1493,19,0.029795296899608005,262.89473684210526,239.8421052631579,38.8421052631579,7,2,7
1206,19,0.029795296899608005,201.05263157894737,132.68421052631578,362.0,12,11,1
1153,19,0.029795296899608005,182.52631578947367,269.0,382.8421052631579,11,10,3
568,19,0.029795296899608005,83.10526315789474,173.31578947368422,362.0,11,12,1
666,19,0.029795296899608005,94.63157894736842,288.3157894736842,354.6842105263158,2,11,10
1495,19,0.029795296899608005,263.63157894736844,160.57894736842104,374.1578947368421,9,3,9
1821,19,0.029795296899608005,358.05263157894734,152.52631578947367,342.0,11,11,1
803,19,0.029795296899608005,122.3157894736842,75.21052631578948,342.0,11,11,1
801,19,0.029795296899608005,122.63157894736842,35.63157894736842,342.0,12,12,1
799,19,0.029795296899608005,121.3157894736842,192.52631578947367,382.0,11,12,1
1662,19,0.029795296899608005,318.94736842105266,171.68421052631578,362.0,12,12,1
869,18,0.028227123378576004,125.27777777777777,200.44444444444446,353.94444444444446,10,4,11
989,18,0.028227123378576004,147.83333333333334,42.888888888888886,375.1666666666667,10,4,8
1146,18,0.028227123378576004,182.0,209.66666666666666,362.55555555555554,11,10,2
1509,18,0.028227123378576004,270.5,246.77777777777777,375.22222222222223,3,10,10
718,18,0.028227123378576004,104.16666666666667,259.8888888888889,275.3333333333333,12,4,11
1412,18,0.028227123378576004,243.22222222222223,121.61111111111111,353.6111111111111,11,2,11
1170,18,0.028227123378576004,183.38888888888889,219.55555555555554,353.8333333333333,10,2,10
729,18,0.028227123378576004,103.88888888888889,308.44444444444446,344.44444444444446,11,11,2
331,18,0.028227123378576004,45.611111111111114,171.0,343.3333333333333,10,10,2
1312,18,0.028227123378576004,220.05555555555554,372.0,383.0,11,11,1
1327,18,0.028227123378576004,224.11111111111111,43.05555555555556,373.1111111111111,12,4,12
1798,18,0.028227123378576004,349.1111111111111,247.94444444444446,374.0,3,14,13
1829,18,0.028227123378576004,359.3333333333333,74.16666666666667,322.0,12,12,1
1603,18,0.028227123378576004,299.6111111111111,112.22222222222223,342.0,11,11,1
1035,18,0.028227123378576004,162.11111111111111,172.0,362.0,11,12,1
1297,18,0.028227123378576004,217.38888888888889,317.77777777777777,175.38888888888889,8,2,7
1520,18,0.028227123378576004,278.8888888888889,231.44444444444446,382.0,11,11,1
663,18,0.028227123378576004,94.5,248.5,355.0,2,10,9
1527,18,0.028227123378576004,280.05555555555554,132.44444444444446,342.0,12,11,1
1627,18,0.028227123378576004,302.44444444444446,200.22222222222223,374.22222222222223,11,3,10
1444,18,0.028227123378576004,258.5,56.5,342.0,10,10,1
123,18,0.028227123378576004,34.611111111111114,250.0,42.388888888888886,2,12,11
51,18,0.028227123378576004,24.333333333333332,269.72222222222223,72.38888888888889,11,11,2
1671,18,0.028227123378576004,319.3333333333333,329.44444444444446,363.0,11,11,1
1617,18,0.028227123378576004,299.27777777777777,150.16666666666666,381.3888888888889,8,7,2
1535,18,0.028227123378576004,280.1111111111111,131.72222222222223,381.05555555555554,10,10,2
1457,18,0.028227123378576004,261.05555555555554,33.666666666666664,381.0,11,11,1
480,18,0.028227123378576004,64.05555555555556,248.61111111111111,324.44444444444446,10,11,2
430,18,0.028227123378576004,64.33333333333333,161.94444444444446,292.77777777777777,12,3,13
200,18,0.028227123378576004,36.0,331.27777777777777,277.94444444444446,1,12,12
1036,18,0.028227123378576004,161.5,190.66666666666666,323.05555555555554,10,9,2
373,18,0.028227123378576004,55.333333333333336,268.1111111111111,374.94444444444446,2,11,11
967,18,0.028227123378576004,142.88888888888889,268.55555555555554,383.3333333333333,10,11,3
1722,17,0.026658949857544006,329.47058823529414,148.41176470588235,374.5882352941176,2,10,10
1368,17,0.026658949857544006,231.58823529411765,207.58823529411765,374.94117647058823,2,11,10
543,17,0.026658949857544006,74.6470588235294,367.2352941176471,375.11764705882354,2,10,9
1104,17,0.026658949857544006,172.64705882352942,188.76470588235293,373.88235294117646,2,12,11
1264,17,0.026658949857544006,205.35294117647058,62.588235294117645,373.94117647058823,12,3,11
56,17,0.026658949857544006,20.941176470588236,300.29411764705884,231.11764705882354,3,6,6
949,17,0.026658949857544006,144.88235294117646,82.41176470588235,333.52941176470586,12,3,12
312,17,0.026658949857544006,43.8235294117647,268.3529411764706,285.47058823529414,9,10,2
84,17,0.026658949857544006,26.235294117647058,27.470588235294116,234.7058823529412,9,2,10
42,17,0.026658949857544006,21.352941176470587,123.11764705882354,87.3529411764706,5,5,7
177,17,0.026658949857544006,36.0,272.29411764705884,179.7058823529412,1,13,12
1848,17,0.026658949857544006,359.88235294117646,113.52941176470588,361.2352941176471,11,12,2
653,17,0.026658949857544006,94.3529411764706,71.52941176470588,372.8235294117647,2,11,11
1752,17,0.026658949857544006,339.70588235294116,153.05882352941177,342.0,12,11,1
1071,17,0.026658949857544006,164.64705882352942,121.76470588235294,314.88235294117646,11,3,11
1763,17,0.026658949857544006,340.05882352941177,93.70588235294117,361.0,11,11,1
809,17,0.026658949857544006,122.6470588235294,152.58823529411765,382.0,12,13,1
1015,17,0.026658949857544006,153.35294117647058,268.8235294117647,354.52941176470586,2,11,11
211,17,0.026658949857544006,36.0,351.6470588235294,337.4117647058824,1,10,11
787,17,0.026658949857544006,113.82352941176471,308.5882352941176,354.52941176470586,2,12,11
461,17,0.026658949857544006,63.11764705882353,366.7647058823529,325.3529411764706,11,12,2
1020,17,0.026658949857544006,153.41176470588235,367.70588235294116,374.70588235294116,2,10,10
755,17,0.026658949857544006,104.29411764705883,368.7647058823529,325.47058823529414,8,9,2
1218,17,0.026658949857544006,198.52941176470588,297.7647058823529,253.52941176470588,6,3,5
1481,17,0.026658949857544006,260.29411764705884,310.0,363.0,8,9,1
1220,17,0.026658949857544006,200.47058823529412,351.3529411764706,383.0,11,11,1
1655,17,0.026658949857544006,309.8235294117647,288.4117647058824,373.7647058823529,3,8,8
1654,17,0.026658949857544006,310.3529411764706,246.58823529411765,375.7647058823529,3,9,8
377,17,0.026658949857544006,55.23529411764706,288.11764705882354,355.47058823529414,2,11,10
1607,17,0.026658949857544006,299.52941176470586,152.11764705882354,342.0,10,10,1
661,17,0.026658949857544006,94.47058823529412,208.35294117647058,355.11764705882354,2,10,10
1839,17,0.026658949857544006,358.7647058823529,231.41176470588235,323.0,11,11,1
1539,17,0.026658949857544006,279.52941176470586,229.58823529411765,362.29411764705884,8,9,2
137,17,0.026658949857544006,35.588235294117645,189.47058823529412,354.11764705882354,2,11,10
1181,17,0.026658949857544006,185.88235294117646,43.705882352941174,374.0,8,3,8
1065,17,0.026658949857544006,162.52941176470588,348.05882352941177,363.94117647058823,11,10,3
26,17,0.026658949857544006,20.352941176470587,322.8235294117647,168.2941176470588,4,5,6
1551,16,0.025090776336512004,280.75,289.125,382.625,10,10,2
1325,16,0.025090776336512004,220.625,358.5,333.125,9,2,9
966,16,0.025090776336512004,142.1875,268.375,343.6875,10,11,2
1212,16,0.025090776336512004,202.125,34.75,381.0,12,12,1
122,16,0.025090776336512004,34.625,210.375,41.75,2,11,10
731,16,0.025090776336512004,104.1875,318.6875,295.5,11,2,11
1299,16,0.025090776336512004,220.0625,152.6875,362.0,10,10,1
1517,16,0.025090776336512004,279.0625,132.625,362.0,11,11,1
363,16,0.025090776336512004,55.3125,71.3125,373.0,2,11,11
1486,16,0.025090776336512004,263.5625,82.375,373.1875,11,2,10
1805,16,0.025090776336512004,355.5,121.375,374.125,11,2,10
1682,16,0.025090776336512004,319.6875,132.75,342.0,11,12,1
193,16,0.025090776336512004,36.0,309.0,239.0,1,8,9
60,16,0.025090776336512004,22.9375,306.375,227.4375,8,7,4
629,16,0.025090776336512004,82.6875,327.0,344.5,7,9,2
1833,16,0.025090776336512004,356.6875,140.125,331.125,7,3,4
534,16,0.025090776336512004,74.625,228.375,355.25,2,11,10
1346,16,0.025090776336512004,223.3125,180.4375,353.875,10,2,10
1408,16,0.025090776336512004,241.4375,348.9375,363.625,10,10,2
959,16,0.025090776336512004,142.3125,209.875,323.625,10,10,2
1120,16,0.025090776336512004,180.25,212.0,382.0,11,11,1
845,16,0.025090776336512004,122.75,248.625,383.0,10,10,3
1691,16,0.025090776336512004,318.875,270.0625,382.0,9,9,1
1628,16,0.025090776336512004,301.25,239.125,373.4375,10,3,10
843,16,0.025090776336512004,122.9375,228.9375,363.0,10,10,3
1136,16,0.025090776336512004,179.5625,357.8125,332.5,7,3,6
1843,16,0.025090776336512004,357.25,347.625,363.1875,8,7,2
1773,16,0.025090776336512004,340.25,309.75,382.5,10,10,2
613,16,0.025090776336512004,82.5625,65.3125,330.0625,6,4,7
1845,16,0.025090776336512004,359.625,73.9375,361.0,11,11,1
64,16,0.025090776336512004,24.0625,319.6875,83.625,11,2,11
1812,16,0.025090776336512004,357.4375,330.25,363.0,11,11,1
848,16,0.025090776336512004,123.3125,268.9375,324.375,10,11,2
864,16,0.025090776336512004,121.75,370.6875,34.9375,7,6,2
1379,16,0.025090776336512004,239.5625,278.0,374.75,12,1,12
478,16,0.025090776336512004,64.1875,209.3125,362.9375,11,11,3
850,16,0.025090776336512004,123.0,287.875,383.25,10,11,2
407,16,0.025090776336512004,63.625,94.0625,381.0,12,11,1
371,16,0.025090776336512004,55.375,250.25,354.125,2,10,10
135,15,0.02352260281548,35.666666666666664,169.6,335.06666666666666,2,11,10
415,15,0.02352260281548,63.06666666666667,272.26666666666665,363.0,10,10,1
1591,15,0.02352260281548,298.8666666666667,93.4,381.0,11,11,1
374,15,0.02352260281548,55.266666666666666,268.8,335.46666666666664,2,11,10
1778,15,0.02352260281548,342.0,81.66666666666667,373.3333333333333,10,2,10
1108,15,0.02352260281548,172.73333333333332,306.93333333333334,374.8,2,12,11
1702,15,0.02352260281548,322.0,101.86666666666666,373.1333333333333,11,3,11
1228,15,0.02352260281548,201.2,228.66666666666666,362.6666666666667,11,10,2
181,15,0.02352260281548,36.0,271.8,140.06666666666666,1,10,10
644,15,0.02352260281548,88.13333333333334,280.6,317.46666666666664,6,5,6
784,15,0.02352260281548,114.2,267.6,355.6,3,11,10
1231,15,0.02352260281548,201.53333333333333,299.06666666666666,294.53333333333336,11,3,11
30,15,0.02352260281548,21.733333333333334,344.1333333333333,266.93333333333334,7,8,3
870,15,0.02352260281548,123.66666666666667,259.6666666666667,295.0,8,3,7
366,15,0.02352260281548,55.266666666666666,150.26666666666668,373.0,2,11,11
230,15,0.02352260281548,42.8,292.46666666666664,363.0,11,11,1
143,15,0.02352260281548,35.666666666666664,248.86666666666667,334.8,2,11,10
1402,15,0.02352260281548,239.13333333333333,180.0,254.0,5,3,7
1847,15,0.02352260281548,359.06666666666666,92.53333333333333,322.0,9,9,1
1865,15,0.02352260281548,358.3333333333333,371.6,125.73333333333333,5,6,2
1167,15,0.02352260281548,184.2,101.73333333333333,353.46666666666664,11,2,11
908,15,0.02352260281548,133.73333333333332,327.6666666666667,355.1333333333333,2,11,10
1690,15,0.02352260281548,319.53333333333336,270.1333333333333,343.0,10,10,1
831,15,0.02352260281548,125.33333333333333,102.13333333333334,334.26666666666665,12,4,12
1251,15,0.02352260281548,202.2,268.8666666666667,363.3333333333333,10,10,2
1193,15,0.02352260281548,192.33333333333334,129.8,373.46666666666664,2,10,10
1295,15,0.02352260281548,219.4,211.86666666666667,382.0,12,11,1
1160,15,0.02352260281548,181.86666666666667,307.53333333333336,383.26666666666665,10,11,2
16,15,0.02352260281548,21.0,108.8,74.46666666666667,5,4,6
788,15,0.02352260281548,113.73333333333333,327.8,335.93333333333334,2,12,11
569,15,0.02352260281548,83.4,190.53333333333333,323.46666666666664,12,9,2
1468,15,0.02352260281548,260.2,210.26666666666668,362.2,9,8,2
948,15,0.02352260281548,143.0,34.266666666666666,342.0,8,7,1
1083,15,0.02352260281548,162.93333333333334,298.6666666666667,334.26666666666665,10,2,10
1800,15,0.02352260281548,349.3333333333333,325.53333333333336,376.06666666666666,3,9,8
749,15,0.02352260281548,104.73333333333333,270.06666666666666,344.2,10,10,2
1103,15,0.02352260281548,172.8,169.53333333333333,354.26666666666665,2,13,12
812,15,0.02352260281548,122.6,350.6666666666667,383.0,11,11,1
782,15,0.02352260281548,113.8,209.06666666666666,373.6,2,11,11
785,14,0.021954429294448,113.92857142857143,288.2857142857143,335.64285714285717,3,12,11
1659,14,0.021954429294448,318.57142857142856,113.28571428571429,342.0,12,12,1
539,14,0.021954429294448,74.78571428571429,307.7857142857143,355.07142857142856,2,11,10
781,14,0.021954429294448,113.85714285714286,130.42857142857142,372.64285714285717,2,11,11
1618,14,0.021954429294448,298.85714285714283,219.57142857142858,352.5,6,3,7
1026,14,0.021954429294448,160.92857142857142,351.7142857142857,383.0,10,10,1
492,14,0.021954429294448,64.85714285714286,348.07142857142856,344.7857142857143,11,11,2
208,14,0.021954429294448,36.0,351.5,220.07142857142858,1,11,11
1866,14,0.021954429294448,360.42857142857144,173.92857142857142,342.0,8,9,1
1458,14,0.021954429294448,259.92857142857144,52.642857142857146,361.0,10,10,1
767,14,0.021954429294448,107.07142857142857,219.85714285714286,278.2142857142857,6,3,7
202,14,0.021954429294448,36.0,331.35714285714283,217.28571428571428,1,10,9
1485,14,0.021954429294448,263.85714285714283,62.92857142857143,353.92857142857144,12,3,11
184,14,0.021954429294448,36.0,273.07142857142856,274.0,1,7,5
1094,14,0.021954429294448,166.35714285714286,141.78571428571428,335.7857142857143,7,3,7
1846,14,0.021954429294448,360.14285714285717,94.07142857142857,342.0,11,11,1
1611,14,0.021954429294448,299.7857142857143,211.57142857142858,323.0,11,11,1
897,14,0.021954429294448,133.57142857142858,190.92857142857142,333.64285714285717,2,9,8
971,14,0.021954429294448,143.35714285714286,308.64285714285717,383.14285714285717,10,10,2
1580,14,0.021954429294448,290.14285714285717,149.28571428571428,373.7142857142857,2,12,12
1367,14,0.021954429294448,231.5,187.5,356.0,2,8,7
1801,14,0.021954429294448,349.14285714285717,129.07142857142858,373.92857142857144,2,12,12
308,14,0.021954429294448,44.57142857142857,250.85714285714286,33.285714285714285,10,10,2
1377,14,0.021954429294448,239.57142857142858,172.71428571428572,362.0,12,12,1
338,14,0.021954429294448,47.142857142857146,358.42857142857144,316.92857142857144,11,4,10
1592,14,0.021954429294448,298.35714285714283,113.35714285714286,362.0,10,10,1
1855,14,0.021954429294448,358.5,289.2142857142857,382.0,8,8,1
358,14,0.021954429294448,50.57142857142857,63.642857142857146,337.2142857142857,5,4,4
1643,14,0.021954429294448,303.2857142857143,337.7142857142857,201.35714285714286,5,3,5
628,14,0.021954429294448,83.64285714285714,307.92857142857144,324.7142857142857,10,10,2
871,14,0.021954429294448,124.14285714285714,220.42857142857142,40.857142857142854,6,2,8
1417,14,0.021954429294448,241.71428571428572,230.07142857142858,362.7142857142857,10,10,2
1066,14,0.021954429294448,162.14285714285714,358.2142857142857,353.2857142857143,11,2,11
22,14,0.021954429294448,22.857142857142858,221.57142857142858,65.5,10,3,11
1612,14,0.021954429294448,299.07142857142856,210.21428571428572,362.0,9,8,1
1266,14,0.021954429294448,201.78571428571428,132.0,342.14285714285717,7,7,2
13,14,0.021954429294448,20.571428571428573,28.928571428571427,152.42857142857142,4,3,4
113,14,0.021954429294448,29.928571428571427,222.85714285714286,99.28571428571429,6,3,4
500,13,0.020386255773416,67.15384615384616,165.23076923076923,257.38461538461536,9,3,8
1102,13,0.020386255773416,172.3846153846154,67.23076923076923,376.15384615384613,3,8,7
1081,13,0.020386255773416,163.30769230769232,289.0,383.15384615384613,10,10,2
1077,13,0.020386255773416,162.76923076923077,240.3846153846154,313.53846153846155,10,3,10
904,13,0.020386255773416,133.69230769230768,268.38461538461536,335.3076923076923,2,10,9
1622,13,0.020386255773416,300.9230769230769,309.2307692307692,382.7692307692308,11,10,2
891,13,0.020386255773416,127.6923076923077,160.69230769230768,239.92307692307693,4,4,5
1189,13,0.020386255773416,186.53846153846155,240.15384615384616,337.46153846153845,6,4,4
367,13,0.020386255773416,55.15384615384615,210.76923076923077,314.46153846153845,2,11,11
1436,13,0.020386255773416,243.84615384615384,100.92307692307692,258.0769230769231,5,2,5
369,13,0.020386255773416,55.46153846153846,228.92307692307693,335.7692307692308,2,8,7
810,13,0.020386255773416,122.46153846153847,232.69230769230768,343.0,11,11,1
1201,13,0.020386255773416,192.3846153846154,326.61538461538464,336.7692307692308,2,8,8
1445,13,0.020386255773416,258.7692307692308,153.07692307692307,362.0,11,11,1
1205,13,0.020386255773416,198.6153846153846,96.61538461538461,362.0,8,7,1
1858,13,0.020386255773416,361.3076923076923,160.84615384615384,354.46153846153845,11,2,11
1860,13,0.020386255773416,360.0,180.30769230769232,372.6923076923077,9,2,10
210,13,0.020386255773416,36.0,351.53846153846155,376.53846153846155,1,11,11
1869,13,0.020386255773416,360.38461538461536,159.76923076923077,316.46153846153845,5,2,6
1518,13,0.020386255773416,275.7692307692308,156.3846153846154,382.0,5,6,1
1515,13,0.020386255773416,278.9230769230769,74.38461538461539,381.0,11,11,1
380,13,0.020386255773416,55.30769230769231,328.6923076923077,315.84615384615387,2,11,9
1217,13,0.020386255773416,199.53846153846155,292.53846153846155,363.0,8,9,1
1492,13,0.020386255773416,261.61538461538464,52.53846153846154,381.0,6,8,1
81,13,0.020386255773416,24.76923076923077,172.46153846153845,34.0,9,9,1
854,13,0.020386255773416,124.15384615384616,300.2307692307692,42.07692307692308,11,2,10
1351,13,0.020386255773416,223.23076923076923,338.46153846153845,355.7692307692308,7,2,7
963,13,0.020386255773416,143.84615384615384,249.6153846153846,363.2307692307692,10,10,2
328,13,0.020386255773416,44.46153846153846,367.61538461538464,305.84615384615387,11,11,2
1336,13,0.020386255773416,222.46153846153845,210.76923076923077,362.7692307692308,10,10,2
1012,13,0.020386255773416,153.15384615384616,210.0,334.15384615384613,2,11,11
1126,13,0.020386255773416,182.3846153846154,54.53846153846154,342.0,11,11,1
459,13,0.020386255773416,61.38461538461539,358.61538461538464,292.7692307692308,6,3,7
1783,13,0.020386255773416,339.7692307692308,288.7692307692308,382.0,7,7,1
1087,13,0.020386255773416,164.6153846153846,61.23076923076923,373.53846153846155,10,2,8
542,13,0.020386255773416,74.76923076923077,347.9230769230769,354.84615384615387,2,10,10
1156,13,0.020386255773416,183.23076923076923,290.0,324.2307692307692,11,10,2
1159,13,0.020386255773416,182.76923076923077,299.0769230769231,314.7692307692308,10,3,11
616,13,0.020386255773416,85.0,161.23076923076923,313.84615384615387,11,3,11
915,13,0.020386255773416,140.07692307692307,258.0,375.84615384615387,12,1,12
1139,12,0.018818082252384002,180.16666666666666,69.25,381.3333333333333,5,4,2
351,12,0.018818082252384002,49.083333333333336,123.58333333333333,316.25,7,3,7
1254,12,0.018818082252384002,201.91666666666666,289.0833333333333,343.8333333333333,10,10,2
454,12,0.018818082252384002,64.5,328.5,286.0,12,12,1
1294,12,0.018818082252384002,212.08333333333334,348.0833333333333,374.0,2,11,11
1210,12,0.018818082252384002,200.16666666666666,230.91666666666666,382.0,11,11,1
368,12,0.018818082252384002,55.083333333333336,210.25,353.75,2,10,11
1626,12,0.018818082252384002,300.8333333333333,189.83333333333334,362.0,8,8,1
114,12,0.018818082252384002,30.833333333333332,320.0,276.0833333333333,6,3,4
1244,12,0.018818082252384002,201.83333333333334,220.25,333.0,10,2,10
339,12,0.018818082252384002,46.833333333333336,66.08333333333333,294.9166666666667,9,3,9
1372,12,0.018818082252384002,231.5,285.5,376.1666666666667,2,8,7
47,12,0.018818082252384002,22.0,240.91666666666666,46.333333333333336,5,4,5
918,12,0.018818082252384002,139.08333333333334,334.0833333333333,383.0,7,7,1
1735,12,0.018818082252384002,335.1666666666667,116.75,362.0,6,7,1
609,12,0.018818082252384002,82.5,27.5,291.0,6,2,7
595,12,0.018818082252384002,80.58333333333333,279.9166666666667,310.6666666666667,5,3,6
1808,12,0.018818082252384002,356.3333333333333,199.83333333333334,373.8333333333333,10,2,10
947,12,0.018818082252384002,142.83333333333334,367.75,364.0833333333333,11,11,2
1448,12,0.018818082252384002,257.3333333333333,258.0,376.3333333333333,8,1,8
191,12,0.018818082252384002,36.0,291.0,217.83333333333334,1,7,7
538,12,0.018818082252384002,74.91666666666667,288.5833333333333,335.25,2,11,10
532,12,0.018818082252384002,74.83333333333333,189.66666666666666,354.1666666666667,2,11,10
1358,12,0.018818082252384002,224.5,95.5,362.0,4,6,1
688,12,0.018818082252384002,103.0,93.66666666666667,381.0,10,11,1
1590,12,0.018818082252384002,298.9166666666667,54.0,381.0,11,11,1
1780,12,0.018818082252384002,340.9166666666667,213.66666666666666,323.0,9,10,1
317,12,0.018818082252384002,44.75,307.8333333333333,324.9166666666667,11,11,2
287,12,0.018818082252384002,41.583333333333336,123.75,308.8333333333333,4,4,5
1389,12,0.018818082252384002,240.75,112.08333333333333,381.0,10,10,1
528,12,0.018818082252384002,74.58333333333333,112.16666666666667,352.4166666666667,2,8,7
1557,12,0.018818082252384002,281.5833333333333,169.83333333333334,362.0,8,7,1
806,12,0.018818082252384002,122.5,114.5,342.0,12,12,1
668,12,0.018818082252384002,94.58333333333333,326.3333333333333,356.25,2,8,7
811,12,0.018818082252384002,121.83333333333333,292.25,363.0,11,11,1
1530,12,0.018818082252384002,278.75,348.0,363.0833333333333,9,7,2
830,12,0.018818082252384002,122.66666666666667,90.58333333333333,381.5,9,7,2
833,12,0.018818082252384002,121.33333333333333,141.83333333333334,291.5,6,3,6
1533,12,0.018818082252384002,279.0833333333333,71.66666666666667,361.0,7,7,1
646,12,0.018818082252384002,89.58333333333333,64.83333333333333,336.9166666666667,6,4,6
1453,12,0.018818082252384002,259.8333333333333,250.33333333333334,382.0,10,10,1
1521,12,0.018818082252384002,280.5,34.5,322.0,12,12,1
201,12,0.018818082252384002,36.0,331.25,356.1666666666667,1,11,11
866,12,0.018818082252384002,123.08333333333333,73.25,381.0,8,8,1
1830,12,0.018818082252384002,357.8333333333333,82.33333333333333,371.8333333333333,9,2,8
1400,12,0.018818082252384002,238.41666666666666,41.083333333333336,310.8333333333333,5,3,3
621,12,0.018818082252384002,84.33333333333333,230.16666666666666,382.0,9,10,1
1597,12,0.018818082252384002,298.9166666666667,309.9166666666667,363.0,10,10,1
797,12,0.018818082252384002,114.08333333333333,348.1666666666667,354.9166666666667,2,11,10
1063,12,0.018818082252384002,162.83333333333334,328.6666666666667,344.1666666666667,10,10,2
324,12,0.018818082252384002,44.583333333333336,347.4166666666667,325.1666666666667,11,11,2
1317,12,0.018818082252384002,221.75,249.91666666666666,323.9166666666667,11,11,2
744,12,0.018818082252384002,104.66666666666667,200.16666666666666,333.5,10,2,10
132,12,0.018818082252384002,35.916666666666664,130.5,334.4166666666667,2,12,11
499,12,0.018818082252384002,65.66666666666667,132.75,303.25,6,9,2
711,12,0.018818082252384002,104.5,201.0,294.5,12,1,12
1759,12,0.018818082252384002,340.0833333333333,54.166666666666664,361.0,11,11,1
94,12,0.018818082252384002,25.833333333333332,289.1666666666667,246.91666666666666,6,6,3
1053,12,0.018818082252384002,162.58333333333334,229.66666666666666,323.9166666666667,11,11,2
1013,12,0.018818082252384002,153.08333333333334,228.66666666666666,354.4166666666667,2,11,11
1665,11,0.017249908731352,319.0,34.0,381.0,11,11,1
694,11,0.017249908731352,103.0,173.0,382.0,11,11,1
1395,11,0.017249908731352,237.8181818181818,258.09090909090907,292.0,5,3,3
1859,11,0.017249908731352,357.09090909090907,164.9090909090909,84.63636363636364,3,3,4
682,11,0.017249908731352,103.0,55.0,381.0,11,11,1
1245,11,0.017249908731352,200.45454545454547,229.1818181818182,323.45454545454544,7,7,2
1746,11,0.017249908731352,334.8181818181818,337.27272727272725,116.36363636363636,5,3,4
880,11,0.017249908731352,127.27272727272727,82.18181818181819,355.3636363636364,8,4,8
1416,11,0.017249908731352,242.27272727272728,220.0909090909091,334.1818181818182,10,2,10
5,11,0.017249908731352,19.90909090909091,69.27272727272727,72.9090909090909,5,3,3
1079,11,0.017249908731352,163.45454545454547,269.3636363636364,363.09090909090907,10,10,2
1676,11,0.017249908731352,320.0,74.0,322.0,11,11,1
1875,11,0.017249908731352,360.72727272727275,160.9090909090909,57.63636363636363,5,2,4
182,11,0.017249908731352,36.0,273.0,218.0,1,11,11
1674,11,0.017249908731352,320.0,34.0,361.0,11,11,1
1292,11,0.017249908731352,212.0,249.0,354.0,1,11,11
641,11,0.017249908731352,87.27272727272727,318.54545454545456,317.72727272727275,6,2,6
842,11,0.017249908731352,123.36363636363636,229.45454545454547,323.90909090909093,10,10,2
1862,11,0.017249908731352,360.3636363636364,259.0,373.45454545454544,10,1,10
99,11,0.017249908731352,26.818181818181817,146.27272727272728,139.8181818181818,5,4,4
278,11,0.017249908731352,45.0,72.0,323.0,11,11,1
1240,11,0.017249908731352,203.0,201.0,314.0,11,1,11
129,11,0.017249908731352,35.81818181818182,76.72727272727273,334.54545454545456,2,10,9
1293,11,0.017249908731352,212.0,289.0,354.0,1,11,11
495,11,0.017249908731352,63.81818181818182,62.63636363636363,311.45454545454544,6,4,4
651,11,0.017249908731352,90.0,44.27272727272727,357.27272727272725,3,5,3
172,11,0.017249908731352,36.0,252.0,160.0,1,11,11
390,11,0.017249908731352,56.0,233.0,356.0,1,11,11
1199,11,0.017249908731352,192.36363636363637,286.8181818181818,336.54545454545456,2,7,7
1340,11,0.017249908731352,222.1818181818182,248.8181818181818,382.0,9,8,1
335,11,0.017249908731352,44.81818181818182,249.27272727272728,304.54545454545456,7,6,2
394,11,0.017249908731352,56.0,254.36363636363637,377.90909090909093,1,7,9
1339,11,0.017249908731352,221.72727272727272,248.9090909090909,363.0,9,9,1
378,11,0.017249908731352,55.45454545454545,292.3636363636364,312.45454545454544,2,7,6
522,11,0.017249908731352,69.36363636363636,143.45454545454547,238.63636363636363,4,4,4
1029,11,0.017249908731352,162.0,75.0,342.0,11,11,1
476,11,0.017249908731352,64.45454545454545,191.72727272727272,362.0,9,9,1
979,11,0.017249908731352,145.72727272727272,22.90909090909091,353.8181818181818,10,2,10
1141,11,0.017249908731352,180.45454545454547,110.63636363636364,381.0,5,6,1
982,11,0.017249908731352,143.8181818181818,249.45454545454547,382.0,7,8,1
1589,11,0.017249908731352,295.0,298.0,38.18181818181818,5,4,4
1022,11,0.017249908731352,160.0,192.0,382.0,11,11,1
988,11,0.017249908731352,145.27272727272728,358.54545454545456,297.72727272727275,7,2,7
745,11,0.017249908731352,104.0909090909091,210.1818181818182,323.90909090909093,10,10,2
991,11,0.017249908731352,145.8181818181818,75.18181818181819,381.09090909090907,5,7,2
1593,11,0.017249908731352,299.0,133.0,342.0,11,11,1
1344,11,0.017249908731352,221.27272727272728,308.09090909090907,383.09090909090907,9,10,2
70,11,0.017249908731352,24.636363636363637,356.0,356.54545454545456,9,1,9
1718,11,0.017249908731352,324.09090909090907,40.63636363636363,317.72727272727275,4,3,4
1149,11,0.017249908731352,183.0,250.0,324.0,11,11,1
516,11,0.017249908731352,67.27272727272727,311.72727272727275,305.54545454545456,6,6,2
570,11,0.017249908731352,83.0,193.0,382.0,11,11,1
911,11,0.017249908731352,133.72727272727272,365.8181818181818,356.90909090909093,2,9,8
1107,11,0.017249908731352,172.9090909090909,288.09090909090907,354.8181818181818,2,10,10
395,11,0.017249908731352,56.45454545454545,256.45454545454544,340.90909090909093,3,6,7
1322,11,0.017249908731352,222.0,309.0,344.0,11,11,1
1258,11,0.017249908731352,202.0909090909091,328.0,383.09090909090907,10,11,2
1109,11,0.017249908731352,172.9090909090909,347.0,374.90909090909093,2,11,10
1563,11,0.017249908731352,283.09090909090907,56.54545454545455,342.0,7,6,1
1045,11,0.017249908731352,160.0,129.0,342.3636363636364,5,5,2
1656,11,0.017249908731352,310.45454545454544,127.72727272727273,375.72727272727275,2,6,6
515,11,0.017249908731352,67.27272727272727,259.54545454545456,277.72727272727275,6,2,6
399,11,0.017249908731352,56.0,331.0,376.0,1,11,11
1719,11,0.017249908731352,323.8181818181818,60.36363636363637,298.72727272727275,4,3,4
1699,11,0.017249908731352,321.0,299.0,335.0,11,1,11
1298,11,0.017249908731352,220.0,113.0,362.0,11,11,1
1479,10,0.015681735210320003,261.5,289.5,363.0,10,10,1
1514,10,0.015681735210320003,275.4,354.5,383.0,6,6,1
1260,10,0.015681735210320003,200.7,338.6,333.1,6,2,7
1232,10,0.015681735210320003,198.8,318.7,40.1,5,2,6
1366,10,0.015681735210320003,231.4,324.0,377.5,3,7,6
1606,10,0.015681735210320003,299.5,132.5,381.0,10,10,1
1615,10,0.015681735210320003,298.4,52.1,361.0,7,8,1
332,10,0.015681735210320003,44.8,231.0,382.0,8,9,1
1331,10,0.015681735210320003,220.4,140.3,351.1,6,3,5
1350,10,0.015681735210320003,220.8,357.5,295.2,5,3,4
1631,10,0.015681735210320003,301.5,299.0,354.5,10,1,10
142,10,0.015681735210320003,35.8,230.1,314.7,2,8,8
292,10,0.015681735210320003,44.5,170.5,304.0,10,10,1
1241,10,0.015681735210320003,202.5,210.5,343.0,10,10,1
162,10,0.015681735210320003,36.0,71.5,353.5,1,10,10
236,10,0.015681735210320003,41.1,77.5,381.0,6,6,1
1546,10,0.015681735210320003,281.5,74.5,342.0,10,10,1
1423,10,0.015681735210320003,241.6,328.5,383.0,9,10,1
365,10,0.015681735210320003,55.0,130.5,353.5,1,10,10
1427,10,0.015681735210320003,242.9,260.0,38.7,8,1,7
1433,10,0.015681735210320003,243.5,238.7,316.7,7,3,6
1585,10,0.015681735210320003,297.5,141.0,373.5,10,1,10
1508,10,0.015681735210320003,270.4,205.8,376.2,2,7,7
990,10,0.015681735210320003,144.9,259.8,315.9,5,3,5
623,10,0.015681735210320003,84.5,249.5,305.0,10,10,1
1695,10,0.015681735210320003,319.8,53.4,361.0,9,9,1
889,10,0.015681735210320003,126.5,358.5,318.0,6,2,5
740,10,0.015681735210320003,103.5,367.5,364.0,10,10,1
957,10,0.015681735210320003,143.5,190.5,343.0,10,10,1
504,10,0.015681735210320003,65.7,319.7,42.0,7,2,7
1125,10,0.015681735210320003,179.5,31.0,381.0,6,5,1
502,10,0.015681735210320003,65.1,289.5,285.6,6,6,2
1710,10,0.015681735210320003,320.9,209.5,362.0,7,6,1
472,10,0.015681735210320003,64.5,150.5,343.0,10,10,1
1745,10,0.015681735210320003,335.0,313.5,363.0,5,6,1
1884,10,0.015681735210320003,361.3,368.9,85.5,3,5,2
753,10,0.015681735210320003,104.3,151.6,342.8,8,8,2
617,10,0.015681735210320003,84.5,170.5,343.0,10,10,1
858,10,0.015681735210320003,123.5,328.5,344.0,10,10,1
1504,10,0.015681735210320003,263.8,337.7,135.7,4,2,4
1802,10,0.015681735210320003,349.1,206.7,375.3,2,9,9
640,10,0.015681735210320003,86.2,206.8,160.1,4,2,5
1729,10,0.015681735210320003,336.5,141.0,373.5,10,1,10
835,10,0.015681735210320003,123.5,170.5,343.0,10,10,1
98,10,0.015681735210320003,26.9,145.6,61.3,4,4,4
1807,10,0.015681735210320003,356.5,141.0,353.5,10,1,10
795,10,0.015681735210320003,114.0,289.5,295.5,1,10,10
597,10,0.015681735210320003,81.9,299.3,253.6,7,2,8
921,10,0.015681735210320003,139.2,69.2,381.0,5,4,1
1082,10,0.015681735210320003,163.5,289.5,344.0,10,10,1
1085,10,0.015681735210320003,163.5,329.5,305.0,10,10,1
1161,10,0.015681735210320003,182.5,308.5,344.0,10,10,1
598,10,0.015681735210320003,83.5,300.0,43.5,10,1,10
29,10,0.015681735210320003,21.5,344.1,227.5,7,8,3
9,10,0.015681735210320003,20.2,337.1,302.6,5,2,6
1192,10,0.015681735210320003,186.4,234.6,343.3,4,5,2
1792,10,0.015681735210320003,343.3,219.6,357.1,6,2,7
980,10,0.015681735210320003,143.9,93.5,342.0,6,6,1
671,10,0.015681735210320003,94.3,369.3,315.1,2,7,8
1197,10,0.015681735210320003,192.2,269.1,315.1,2,8,8
817,10,0.015681735210320003,120.9,130.0,342.1,7,6,2
883,10,0.015681735210320003,125.9,240.5,315.6,7,3,7
1006,10,0.015681735210320003,152.9,188.7,354.4,2,8,8
884,10,0.015681735210320003,125.0,258.9,78.6,5,2,5
90,9,0.014113561689288002,24.555555555555557,184.33333333333334,104.0,3,5,4
998,9,0.014113561689288002,146.11111111111111,161.55555555555554,335.44444444444446,3,4,3
549,9,0.014113561689288002,77.77777777777777,237.88888888888889,379.22222222222223,6,2,7
794,9,0.014113561689288002,114.0,229.0,354.0,1,9,9
1467,9,0.014113561689288002,257.77777777777777,208.44444444444446,323.22222222222223,4,4,2
346,9,0.014113561689288002,46.77777777777778,52.111111111111114,361.1111111111111,5,5,2
1569,9,0.014113561689288002,283.8888888888889,120.88888888888889,200.44444444444446,4,2,4
994,9,0.014113561689288002,145.88888888888889,180.0,57.888888888888886,4,1,4
1784,9,0.014113561689288002,341.77777777777777,71.66666666666667,322.0,8,7,1
1349,9,0.014113561689288002,222.0,308.44444444444446,363.0,7,8,1
63,9,0.014113561689288002,22.0,319.3333333333333,46.333333333333336,6,2,7
773,9,0.014113561689288002,106.0,359.0,336.22222222222223,3,3,3
65,9,0.014113561689288002,21.77777777777778,319.55555555555554,164.77777777777777,5,2,5
1067,9,0.014113561689288002,160.0,365.6666666666667,305.3333333333333,6,7,2
512,9,0.014113561689288002,66.22222222222223,308.22222222222223,363.0,5,5,1
1017,9,0.014113561689288002,153.0,306.1111111111111,356.1111111111111,1,7,7
1019,9,0.014113561689288002,153.22222222222223,328.6666666666667,334.55555555555554,2,7,7
498,9,0.014113561689288002,66.0,201.0,295.0,9,1,9
654,9,0.014113561689288002,94.22222222222223,89.55555555555556,354.6666666666667,2,8,7
1438,9,0.014113561689288002,244.22222222222223,336.8888888888889,260.3333333333333,3,2,4
520,9,0.014113561689288002,68.77777777777777,23.555555555555557,355.44444444444446,6,3,7
519,9,0.014113561689288002,68.33333333333333,358.55555555555554,299.55555555555554,6,3,5
545,9,0.014113561689288002,75.0,170.0,335.0,1,9,9
517,9,0.014113561689288002,67.33333333333333,120.77777777777777,116.33333333333333,3,2,4
930,9,0.014113561689288002,140.11111111111111,57.666666666666664,342.0,5,5,1
513,9,0.014113561689288002,66.55555555555556,114.44444444444444,303.44444444444446,5,4,2
1043,9,0.014113561689288002,161.0,113.88888888888889,381.0,6,6,1
772,9,0.014113561689288002,106.77777777777777,292.22222222222223,285.55555555555554,5,5,2
509,9,0.014113561689288002,65.88888888888889,190.55555555555554,323.0,5,6,1
333,9,0.014113561689288002,43.0,279.6666666666667,312.1111111111111,4,3,4
1382,9,0.014113561689288002,239.0,353.0,383.0,9,9,1
1678,9,0.014113561689288002,316.6666666666667,80.88888888888889,271.77777777777777,4,2,3
924,9,0.014113561689288002,139.11111111111111,136.55555555555554,382.0,6,6,1
887,9,0.014113561689288002,126.88888888888889,121.77777777777777,316.1111111111111,7,2,7
1636,9,0.014113561689288002,301.3333333333333,318.77777777777777,78.55555555555556,5,2,5
1252,9,0.014113561689288002,201.77777777777777,278.0,373.3333333333333,8,1,8
235,9,0.014113561689288002,40.888888888888886,58.44444444444444,361.1111111111111,5,5,2
107,9,0.014113561689288002,28.22222222222222,101.11111111111111,135.88888888888889,3,2,4
1494,9,0.014113561689288002,261.55555555555554,140.33333333333334,353.8888888888889,4,2,5
1512,9,0.014113561689288002,271.0,327.0,375.0,1,9,9
1182,9,0.014113561689288002,183.55555555555554,179.55555555555554,83.88888888888889,4,3,4
685,9,0.014113561689288002,100.0,80.88888888888889,174.22222222222223,5,3,3
116,9,0.014113561689288002,30.22222222222222,124.11111111111111,117.66666666666667,3,4,4
163,9,0.014113561689288002,36.22222222222222,78.44444444444444,376.0,2,7,9
1511,9,0.014113561689288002,270.6666666666667,305.3333333333333,357.3333333333333,2,8,7
1194,9,0.014113561689288002,192.55555555555554,166.55555555555554,376.0,2,6,6
118,9,0.014113561689288002,30.11111111111111,280.44444444444446,299.0,4,4,3
875,9,0.014113561689288002,124.22222222222223,143.55555555555554,332.22222222222223,5,2,5
868,9,0.014113561689288002,124.0,172.0,362.0,9,9,1
861,9,0.014113561689288002,120.77777777777777,358.55555555555554,312.22222222222223,5,2,5
1490,9,0.014113561689288002,262.0,250.0,363.0,9,9,1
1827,9,0.014113561689288002,357.44444444444446,32.333333333333336,361.0,8,8,1
1096,9,0.014113561689288002,163.88888888888889,239.22222222222223,238.22222222222223,3,2,5
1122,9,0.014113561689288002,179.0,278.0,357.0,9,1,9
1110,9,0.014113561689288002,173.0,51.0,354.0,1,9,9
614,9,0.014113561689288002,84.0,74.0,381.0,9,9,1
1288,9,0.014113561689288002,211.44444444444446,185.22222222222223,376.77777777777777,2,5,5
1560,9,0.014113561689288002,281.3333333333333,268.44444444444446,382.0,7,7,1
1273,9,0.014113561689288002,203.66666666666666,193.33333333333334,323.22222222222223,7,6,2
349,9,0.014113561689288002,47.0,158.55555555555554,331.8888888888889,5,2,5
268,9,0.014113561689288002,41.888888888888886,327.6666666666667,33.77777777777778,7,7,2
1629,9,0.014113561689288002,301.0,250.0,363.0,9,9,1
1562,9,0.014113561689288002,282.3333333333333,35.888888888888886,361.0,6,5,1
97,9,0.014113561689288002,26.22222222222222,368.22222222222223,383.0,5,5,1
195,9,0.014113561689288002,36.0,309.77777777777777,256.77777777777777,1,6,5
800,8,0.012545388168256002,119.5,258.0,357.5,8,1,8
874,8,0.012545388168256002,125.5,141.0,334.5,8,1,8
933,8,0.012545388168256002,141.125,179.0,374.75,7,1,7
633,8,0.012545388168256002,83.25,173.5,323.0,6,6,1
920,8,0.012545388168256002,139.0,69.625,342.0,5,5,1
286,8,0.012545388168256002,41.125,107.875,241.125,3,2,3
898,8,0.012545388168256002,133.875,190.75,372.125,2,7,7
1371,8,0.012545388168256002,231.75,265.75,357.0,2,7,6
169,8,0.012545388168256002,36.0,208.125,336.0,1,7,7
965,8,0.012545388168256002,140.0,259.75,311.0,4,3,5
876,8,0.012545388168256002,122.875,162.125,312.125,3,3,3
637,8,0.012545388168256002,84.625,112.125,381.0,7,7,1
39,8,0.012545388168256002,20.75,103.25,67.375,3,4,5
1397,8,0.012545388168256002,238.5,287.375,343.25,6,5,2
1851,8,0.012545388168256002,358.375,181.125,312.5,7,2,8
547,8,0.012545388168256002,75.0,248.5,335.5,1,8,8
638,8,0.012545388168256002,85.125,132.375,303.875,7,7,2
1796,8,0.012545388168256002,348.75,186.625,356.375,2,7,7
1721,8,0.012545388168256002,324.125,338.5,377.125,4,3,4
1544,8,0.012545388168256002,279.5,329.5,363.0,8,8,1
197,8,0.012545388168256002,36.0,311.25,218.0,1,6,5
1878,8,0.012545388168256002,360.125,249.0,323.125,4,5,2
345,8,0.012545388168256002,45.625,348.75,383.0,5,6,1
96,8,0.012545388168256002,25.5,359.5,82.0,4,2,5
347,8,0.012545388168256002,47.0,71.5,381.0,5,4,1
108,8,0.012545388168256002,28.25,180.5,137.0,4,2,4
357,8,0.012545388168256002,49.75,222.125,79.25,4,3,4
1470,8,0.012545388168256002,257.0,298.5,39.25,4,2,6
1165,8,0.012545388168256002,181.5,367.5,364.0,8,8,1
728,8,0.012545388168256002,101.0,299.5,272.5,5,2,4
1872,8,0.012545388168256002,359.75,239.0,315.875,4,1,3
1285,8,0.012545388168256002,211.625,106.5,376.5,2,6,6
1725,8,0.012545388168256002,329.375,225.0,377.0,2,5,5
1882,8,0.012545388168256002,362.5,318.75,356.75,6,2,6
1634,8,0.012545388168256002,300.5,160.125,273.25,4,2,4
1720,8,0.012545388168256002,324.5,62.5,375.0,6,2,5
1633,8,0.012545388168256002,301.0,288.25,382.0,6,6,1
103,8,0.012545388168256002,26.875,85.875,160.875,3,3,3
1488,8,0.012545388168256002,259.0,180.75,41.0,4,2,5
1876,8,0.012545388168256002,362.0,180.75,38.0,6,2,6
1305,8,0.012545388168256002,216.875,81.125,94.875,3,3,3
496,8,0.012545388168256002,64.5,211.5,382.0,8,8,1
1599,8,0.012545388168256002,298.5,52.5,322.0,8,8,1
61,8,0.012545388168256002,21.5,318.5,213.0,4,2,5
382,8,0.012545388168256002,55.625,345.75,338.5,2,4,4
720,8,0.012545388168256002,100.125,258.875,349.75,3,5,4
385,8,0.012545388168256002,55.0,369.5,314.5,1,8,8
1499,8,0.012545388168256002,263.25,80.75,310.75,3,2,3
677,8,0.012545388168256002,99.375,275.125,363.0,5,5,1
389,8,0.012545388168256002,56.0,216.0,338.75,1,6,6
3,8,0.012545388168256002,16.0,367.875,161.375,1,7,6
1863,8,0.012545388168256002,358.75,328.0,382.875,7,7,2
189,8,0.012545388168256002,36.0,290.0,235.5,1,6,8
1867,8,0.012545388168256002,361.5,36.5,322.0,8,8,1
1868,8,0.012545388168256002,360.75,90.875,361.0,6,5,1
1190,8,0.012545388168256002,186.0,259.5,317.5,5,2,4
1871,8,0.012545388168256002,360.875,175.125,303.0,7,7,1
505,8,0.012545388168256002,66.625,32.625,322.0,6,6,1
1310,8,0.012545388168256002,219.0,209.25,323.0,7,6,1
1886,7,0.010977214647224,361.7142857142857,159.85714285714286,251.57142857142858,3,2,3
726,7,0.010977214647224,100.57142857142857,285.85714285714283,285.7142857142857,5,5,2
1895,7,0.010977214647224,362.85714285714283,314.14285714285717,363.0,3,5,1
635,7,0.010977214647224,84.42857142857143,43.714285714285715,351.42857142857144,5,2,5
1888,7,0.010977214647224,361.7142857142857,238.42857142857142,370.2857142857143,3,2,2
183,7,0.010977214647224,36.0,273.0,102.0,1,7,7
791,7,0.010977214647224,114.0,111.0,353.0,1,7,7
1429,7,0.010977214647224,241.71428571428572,133.28571428571428,342.0,4,4,1
1430,7,0.010977214647224,243.0,271.0,324.0,7,7,1
670,7,0.010977214647224,94.57142857142857,366.7142857142857,355.85714285714283,2,4,5
176,7,0.010977214647224,36.0,268.0,316.0,1,7,7
8,7,0.010977214647224,19.428571428571427,317.42857142857144,284.14285714285717,3,3,4
175,7,0.010977214647224,36.0,255.0,200.28571428571428,1,7,6
178,7,0.010977214647224,36.0,267.14285714285717,202.57142857142858,1,4,6
1864,7,0.010977214647224,358.0,338.0,372.14285714285717,5,3,5
770,7,0.010977214647224,105.57142857142857,350.14285714285717,305.42857142857144,5,5,2
203,7,0.010977214647224,36.0,329.42857142857144,314.7142857142857,1,6,6
1465,7,0.010977214647224,259.0,151.0,303.0,7,7,1
645,7,0.010977214647224,87.14285714285714,336.85714285714283,274.14285714285717,3,2,5
762,7,0.010977214647224,103.85714285714286,43.714285714285715,370.85714285714283,3,3,3
1880,7,0.010977214647224,361.2857142857143,130.28571428571428,283.0,4,4,1
212,7,0.010977214647224,36.0,353.0,299.0,1,7,7
196,7,0.010977214647224,36.0,310.0,295.0,1,7,7
171,7,0.010977214647224,36.0,249.0,296.0,1,7,7
1883,7,0.010977214647224,361.85714285714283,359.0,44.714285714285715,5,1,4
190,7,0.010977214647224,36.0,289.2857142857143,274.14285714285717,1,6,6
684,7,0.010977214647224,99.28571428571429,78.57142857142857,362.0,4,4,1
1651,7,0.010977214647224,309.85714285714283,164.0,378.57142857142856,3,3,2
632,7,0.010977214647224,83.71428571428571,136.42857142857142,284.14285714285717,6,6,2
95,7,0.010977214647224,25.0,301.7142857142857,183.0,3,3,3
1095,7,0.010977214647224,166.0,220.0,336.0,7,1,7
1291,7,0.010977214647224,212.0,192.0,370.85714285714283,1,7,6
1092,7,0.010977214647224,163.85714285714286,338.57142857142856,296.2857142857143,5,2,4
1091,7,0.010977214647224,163.85714285714286,270.2857142857143,324.2857142857143,5,4,2
1090,7,0.010977214647224,163.85714285714286,161.85714285714286,313.2857142857143,4,3,3
1301,7,0.010977214647224,218.0,179.0,376.0,7,1,7
343,7,0.010977214647224,46.42857142857143,233.28571428571428,52.857142857142854,6,6,2
525,7,0.010977214647224,69.42857142857143,83.71428571428571,297.57142857142856,2,4,2
93,7,0.010977214647224,26.428571428571427,249.14285714285714,382.0,6,5,1
88,7,0.010977214647224,25.285714285714285,293.42857142857144,265.7142857142857,6,5,2
508,7,0.010977214647224,67.0,106.0,315.0,7,1,7
86,7,0.010977214647224,25.0,260.0,102.0,7,1,7
85,7,0.010977214647224,24.142857142857142,246.0,238.14285714285714,5,1,5
1329,7,0.010977214647224,221.0,115.0,362.0,7,7,1
1287,7,0.010977214647224,211.42857142857142,154.28571428571428,368.7142857142857,2,4,4
126,7,0.010977214647224,35.714285714285715,35.857142857142854,372.2857142857143,2,5,4
1114,7,0.010977214647224,173.0,367.0,317.0,1,7,7
1714,7,0.010977214647224,323.42857142857144,121.28571428571429,355.14285714285717,5,2,5
1713,7,0.010977214647224,323.0,200.0,356.0,7,1,7
1272,7,0.010977214647224,202.85714285714286,169.28571428571428,362.0,6,6,1
470,7,0.010977214647224,62.142857142857146,135.28571428571428,342.0,5,6,1
1709,7,0.010977214647224,319.2857142857143,201.0,42.714285714285715,4,1,4
1708,7,0.010977214647224,320.7142857142857,150.14285714285714,381.0,6,6,1
420,7,0.010977214647224,60.714285714285715,61.57142857142857,231.42857142857142,5,2,4
1705,7,0.010977214647224,319.7142857142857,211.14285714285714,323.0,6,6,1
1696,7,0.010977214647224,319.0,141.0,352.0,7,1,7
353,7,0.010977214647224,47.142857142857146,219.28571428571428,219.42857142857142,3,2,4
1164,7,0.010977214647224,181.0,347.0,344.0,7,7,1
1176,7,0.010977214647224,181.14285714285714,240.42857142857142,331.7142857142857,3,4,3
1191,7,0.010977214647224,185.14285714285714,297.85714285714283,214.71428571428572,3,2,4
1204,7,0.010977214647224,196.14285714285714,297.57142857142856,134.71428571428572,5,2,3
521,7,0.010977214647224,68.85714285714286,65.57142857142857,316.57142857142856,3,4,4
1602,7,0.010977214647224,297.42857142857144,90.14285714285714,361.0,5,5,1
1790,7,0.010977214647224,342.7142857142857,179.28571428571428,162.42857142857142,4,3,2
1354,7,0.010977214647224,224.0,180.0,57.57142857142857,5,1,4
910,7,0.010977214647224,133.57142857142858,351.7142857142857,331.85714285714283,2,4,5
45,7,0.010977214647224,21.285714285714285,187.71428571428572,72.42857142857143,4,4,2
1564,7,0.010977214647224,281.7142857142857,220.42857142857142,334.2857142857143,4,2,4
1016,7,0.010977214647224,153.28571428571428,285.85714285714283,337.42857142857144,2,5,5
879,7,0.010977214647224,125.71428571428571,32.42857142857143,381.0,6,6,1
1791,7,0.010977214647224,342.14285714285717,219.14285714285714,213.0,4,3,3
1356,7,0.010977214647224,224.28571428571428,318.85714285714283,336.42857142857144,6,2,6
984,7,0.010977214647224,142.85714285714286,288.57142857142856,324.2857142857143,5,5,2
624,7,0.010977214647224,81.57142857142857,266.2857142857143,324.2857142857143,5,6,2
231,7,0.010977214647224,40.142857142857146,354.14285714285717,383.0,5,5,1
1772,7,0.010977214647224,339.0,240.0,352.0,7,1,7
1000,7,0.010977214647224,147.0,338.57142857142856,318.42857142857144,5,2,4
872,7,0.010977214647224,122.14285714285714,242.28571428571428,272.14285714285717,3,3,3
995,7,0.010977214647224,146.42857142857142,180.85714285714286,316.57142857142856,6,2,6
987,7,0.010977214647224,143.28571428571428,310.14285714285717,363.0,4,5,1
164,7,0.010977214647224,36.0,113.0,313.0,1,7,7
1513,6,0.009409041126192001,271.0,365.5,376.5,1,6,6
1889,6,0.009409041126192001,363.1666666666667,338.3333333333333,376.8333333333333,5,2,4
1552,6,0.009409041126192001,279.5,327.5,344.0,6,6,1
1893,6,0.009409041126192001,363.0,298.6666666666667,36.166666666666664,3,2,4
1650,6,0.009409041126192001,305.8333333333333,358.6666666666667,378.3333333333333,4,3,3
1541,6,0.009409041126192001,278.0,287.6666666666667,343.1666666666667,5,5,2
1640,6,0.009409041126192001,302.1666666666667,140.33333333333334,316.0,3,2,3
1685,6,0.009409041126192001,316.5,169.0,342.0,4,3,1
1556,6,0.009409041126192001,279.5,171.83333333333334,303.0,4,4,1
112,6,0.009409041126192001,29.666666666666668,75.16666666666667,225.66666666666666,4,3,3
1649,6,0.009409041126192001,305.0,354.0,383.1666666666667,3,5,2
1762,6,0.009409041126192001,337.5,91.5,322.0,6,6,1
1570,6,0.009409041126192001,283.5,121.66666666666667,354.8333333333333,4,3,3
46,6,0.009409041126192001,20.666666666666668,201.66666666666666,87.0,3,3,5
1885,6,0.009409041126192001,361.6666666666667,122.16666666666667,45.5,3,2,4
1565,6,0.009409041126192001,282.0,180.0,257.8333333333333,3,1,3
1573,6,0.009409041126192001,283.1666666666667,356.8333333333333,331.6666666666667,4,2,3
1579,6,0.009409041126192001,290.3333333333333,105.66666666666667,377.3333333333333,2,4,4
127,6,0.009409041126192001,35.5,40.5,337.0,2,4,3
1652,6,0.009409041126192001,309.8333333333333,169.0,374.1666666666667,3,3,3
1881,6,0.009409041126192001,360.8333333333333,160.33333333333334,330.1666666666667,3,2,3
146,6,0.009409041126192001,35.0,268.5,60.5,1,6,6
1526,6,0.009409041126192001,277.5,114.5,381.0,6,6,1
1786,6,0.009409041126192001,341.5,31.5,361.0,6,6,1
1785,6,0.009409041126192001,340.5,288.5,343.0,6,6,1
1609,6,0.009409041126192001,297.5,180.0,373.5,6,1,6
89,6,0.009409041126192001,24.0,357.0,278.5,3,1,4
1547,6,0.009409041126192001,278.0,121.5,349.5,3,2,4
55,6,0.009409041126192001,20.666666666666668,298.8333333333333,184.83333333333334,3,3,5
721,6,0.009409041126192001,101.5,266.5,305.0,6,6,1
414,6,0.009409041126192001,60.5,254.5,382.0,6,6,1
1009,6,0.009409041126192001,153.0,87.5,375.5,1,6,6
1088,6,0.009409041126192001,163.5,191.5,382.0,6,6,1
482,6,0.009409041126192001,61.166666666666664,245.33333333333334,125.5,4,2,4
494,6,0.009409041126192001,62.0,51.5,322.0,3,4,1
497,6,0.009409041126192001,63.0,269.1666666666667,33.166666666666664,5,5,2
1059,6,0.009409041126192001,159.5,278.3333333333333,78.5,4,2,2
506,6,0.009409041126192001,64.5,84.0,292.5,2,3,2
511,6,0.009409041126192001,65.5,249.83333333333334,343.0,4,5,1
1046,6,0.009409041126192001,159.16666666666666,142.33333333333334,328.3333333333333,3,3,3
1014,6,0.009409041126192001,153.0,227.5,316.5,1,6,6
1361,6,0.009409041126192001,224.66666666666666,317.8333333333333,116.66666666666667,4,2,3
1098,6,0.009409041126192001,165.16666666666666,316.6666666666667,293.6666666666667,3,2,3
1005,6,0.009409041126192001,149.0,260.5,319.5,3,4,2
1003,6,0.009409041126192001,148.0,21.0,327.5,3,1,4
1365,6,0.009409041126192001,226.16666666666666,298.6666666666667,357.5,4,2,4
1222,6,0.009409041126192001,198.83333333333334,22.0,158.5,5,1,6
985,6,0.009409041126192001,144.5,151.5,362.0,6,6,1
978,6,0.009409041126192001,140.83333333333334,278.1666666666667,215.66666666666666,3,2,3
977,6,0.009409041126192001,141.0,111.5,342.0,3,4,1
1374,6,0.009409041126192001,232.0,147.5,356.5,1,6,6
541,6,0.009409041126192001,74.66666666666667,325.0,338.5,2,3,4
1089,6,0.009409041126192001,163.5,42.166666666666664,352.8333333333333,4,2,4
342,6,0.009409041126192001,45.5,280.0,236.5,6,1,6
241,6,0.009409041126192001,40.333333333333336,118.83333333333333,303.1666666666667,3,3,2
1275,6,0.009409041126192001,204.83333333333334,70.16666666666667,381.0,4,5,1
383,6,0.009409041126192001,55.5,352.6666666666667,331.5,2,4,4
386,6,0.009409041126192001,56.0,197.0,319.5,1,3,4
370,6,0.009409041126192001,55.666666666666664,233.83333333333334,331.1666666666667,2,3,3
1187,6,0.009409041126192001,185.5,339.0,317.5,6,1,6
1250,6,0.009409041126192001,200.5,267.5,324.0,6,6,1
1175,6,0.009409041126192001,182.5,151.16666666666666,342.6666666666667,6,4,2
354,6,0.009409041126192001,48.166666666666664,280.3333333333333,59.166666666666664,5,2,4
398,6,0.009409041126192001,56.0,295.3333333333333,379.1666666666667,1,5,5
1155,6,0.009409041126192001,180.5,287.5,285.0,6,6,1
413,6,0.009409041126192001,59.333333333333336,217.83333333333334,343.1666666666667,3,3,2
1112,6,0.009409041126192001,173.0,207.5,355.5,1,6,6
1276,6,0.009409041126192001,204.83333333333334,140.66666666666666,37.0,4,2,4
1138,6,0.009409041126192001,178.66666666666666,44.0,366.8333333333333,3,3,3
1133,6,0.009409041126192001,178.83333333333334,298.6666666666667,272.3333333333333,5,2,4
466,6,0.009409041126192001,62.5,89.5,323.0,6,6,1
1280,6,0.009409041126192001,207.0,82.16666666666667,355.8333333333333,5,2,5
477,6,0.009409041126192001,60.166666666666664,202.66666666666666,288.8333333333333,2,4,2
1282,6,0.009409041126192001,207.5,339.0,339.5,4,3,2
1283,6,0.009409041126192001,211.16666666666666,144.0,378.5,3,3,2
1286,6,0.009409041126192001,211.5,149.0,374.0,2,3,3
1390,6,0.009409041126192001,237.5,129.0,342.0,4,3,1
996,6,0.009409041126192001,145.83333333333334,298.8333333333333,317.0,5,2,5
1411,6,0.009409041126192001,238.5,104.0,351.5,2,3,2
214,6,0.009409041126192001,36.0,367.1666666666667,235.83333333333334,1,5,5
1425,6,0.009409041126192001,240.5,348.5,383.0,6,6,1
1426,6,0.009409041126192001,239.83333333333334,199.33333333333334,373.1666666666667,3,2,3
840,6,0.009409041126192001,121.5,208.5,304.0,6,6,1
1434,6,0.009409041126192001,243.5,271.5,363.0,6,6,1
798,6,0.009409041126192001,114.0,350.5,313.5,1,6,6
792,6,0.009409041126192001,114.0,152.5,351.5,1,6,6
1440,6,0.009409041126192001,250.66666666666666,184.83333333333334,377.1666666666667,2,5,5
764,6,0.009409041126192001,104.33333333333333,219.33333333333334,43.666666666666664,3,3,3
885,6,0.009409041126192001,125.5,271.5,285.0,6,6,1
1471,6,0.009409041126192001,257.8333333333333,305.5,382.6666666666667,5,4,2
760,6,0.009409041126192001,104.5,258.0,372.5,6,1,6
1473,6,0.009409041126192001,258.1666666666667,42.833333333333336,368.0,3,3,3
192,6,0.009409041126192001,36.0,295.8333333333333,280.5,1,4,4
757,6,0.009409041126192001,102.66666666666667,51.5,361.5,3,4,2
1498,6,0.009409041126192001,263.5,311.5,344.0,6,6,1
733,6,0.009409041126192001,101.5,325.5,325.0,6,6,1
881,6,0.009409041126192001,125.0,179.16666666666666,64.16666666666667,4,3,3
1216,6,0.009409041126192001,197.5,188.0,323.0,4,3,1
229,6,0.009409041126192001,40.5,258.0,320.5,6,1,6
912,6,0.009409041126192001,134.0,128.5,355.5,1,6,6
890,6,0.009409041126192001,126.0,279.0,122.5,3,1,4
981,5,0.007840867605160002,143.0,94.0,381.0,5,5,1
575,5,0.007840867605160002,80.6,105.0,328.0,4,3,5
396,5,0.007840867605160002,56.0,269.0,313.0,1,5,5
397,5,0.007840867605160002,56.0,271.0,355.0,1,5,5
1694,5,0.007840867605160002,317.4,31.8,322.0,4,3,1
754,5,0.007840867605160002,101.4,359.2,331.6,2,3,2
611,5,0.007840867605160002,82.0,56.0,361.0,5,5,1
1150,5,0.007840867605160002,179.2,259.6,310.6,3,2,4
2,5,0.007840867605160002,16.0,349.0,183.0,1,5,5
110,5,0.007840867605160002,28.2,185.2,257.6,3,3,2
1804,5,0.007840867605160002,349.4,347.8,354.6,2,3,4
418,5,0.007840867605160002,60.2,49.4,361.0,4,4,1
1803,5,0.007840867605160002,349.4,344.2,358.2,2,3,3
1879,5,0.007840867605160002,360.6,260.0,115.2,4,1,4
763,5,0.007840867605160002,105.0,191.0,323.0,5,5,1
1877,5,0.007840867605160002,360.2,188.2,32.4,3,3,2
765,5,0.007840867605160002,105.0,309.0,363.0,5,5,1
392,5,0.007840867605160002,56.0,249.0,333.0,1,5,5
741,5,0.007840867605160002,100.4,64.8,308.6,2,3,2
766,5,0.007840867605160002,104.8,133.4,303.2,3,4,2
919,5,0.007840867605160002,138.0,21.4,230.0,3,2,3
1897,5,0.007840867605160002,363.2,338.6,36.4,3,2,4
1894,5,0.007840867605160002,363.0,298.6,74.8,3,2,3
914,5,0.007840867605160002,136.2,257.2,342.8,4,3,2
121,5,0.007840867605160002,30.8,282.6,221.0,3,3,3
1661,5,0.007840867605160002,314.8,156.4,381.0,4,4,1
1196,5,0.007840867605160002,192.4,265.2,357.2,2,3,3
117,5,0.007840867605160002,30.0,204.2,157.6,3,3,2
1188,5,0.007840867605160002,186.0,161.0,336.0,5,1,5
1669,5,0.007840867605160002,315.4,227.8,323.0,4,3,1
1890,5,0.007840867605160002,361.8,358.0,252.8,3,1,3
1186,5,0.007840867605160002,183.8,318.6,335.2,3,2,3
695,5,0.007840867605160002,98.8,199.0,163.8,3,1,3
1184,5,0.007840867605160002,184.8,60.8,212.4,4,2,4
1183,5,0.007840867605160002,183.4,191.2,323.0,4,4,1
1180,5,0.007840867605160002,183.0,258.0,333.0,5,1,5
1179,5,0.007840867605160002,183.0,248.0,382.0,5,5,1
1177,5,0.007840867605160002,181.2,252.4,343.0,4,4,1
1874,5,0.007840867605160002,360.4,52.2,361.0,4,3,1
1116,5,0.007840867605160002,176.2,57.6,381.0,4,4,1
983,5,0.007840867605160002,142.6,279.6,294.0,4,2,5
1776,5,0.007840867605160002,337.2,367.8,363.0,3,3,1
524,5,0.007840867605160002,68.4,182.2,277.6,2,3,2
526,5,0.007840867605160002,71.2,122.6,338.4,3,4,2
639,5,0.007840867605160002,84.2,269.8,285.4,3,3,2
877,5,0.007840867605160002,124.0,228.0,382.0,5,5,1
38,5,0.007840867605160002,21.0,83.2,87.2,3,3,4
1794,5,0.007840867605160002,344.2,58.8,322.0,3,3,1
1002,5,0.007840867605160002,147.2,352.8,305.4,3,3,2
1777,5,0.007840867605160002,337.8,74.6,361.0,3,4,1
642,5,0.007840867605160002,87.2,179.8,103.2,3,2,3
1793,5,0.007840867605160002,344.0,160.0,376.0,5,1,5
1825,5,0.007840867605160002,354.8,215.0,323.0,4,5,1
1782,5,0.007840867605160002,338.6,250.8,323.0,4,4,1
993,5,0.007840867605160002,146.0,154.0,304.0,5,5,1
986,5,0.007840867605160002,144.0,208.0,382.0,5,5,1
888,5,0.007840867605160002,125.6,327.6,363.0,4,4,1
1789,5,0.007840867605160002,341.2,318.4,374.8,3,2,3
76,5,0.007840867605160002,21.2,373.2,383.0,3,3,1
25,5,0.007840867605160002,19.4,302.6,70.2,2,2,2
1717,5,0.007840867605160002,321.8,278.0,370.8,3,1,3
548,5,0.007840867605160002,75.0,331.0,333.0,1,5,5
774,5,0.007840867605160002,108.0,142.0,278.0,5,1,5
775,5,0.007840867605160002,107.6,300.4,58.8,4,2,3
1111,5,0.007840867605160002,173.0,128.0,356.0,1,5,5
1101,5,0.007840867605160002,166.2,358.4,318.8,3,2,3
1099,5,0.007840867605160002,165.8,109.4,381.0,3,4,1
953,5,0.007840867605160002,141.0,129.0,323.0,5,5,1
1097,5,0.007840867605160002,164.6,133.6,342.4,2,4,2
48,5,0.007840867605160002,21.0,240.6,86.6,3,2,4
973,5,0.007840867605160002,140.6,325.8,324.8,4,4,2
777,5,0.007840867605160002,108.4,43.2,375.6,2,3,2
1076,5,0.007840867605160002,161.0,208.0,343.0,5,5,1
546,5,0.007840867605160002,75.0,231.0,314.0,1,5,5
92,5,0.007840867605160002,24.4,236.4,207.2,2,2,3
91,5,0.007840867605160002,25.2,231.8,33.6,3,3,2
895,5,0.007840867605160002,127.4,162.2,316.6,2,3,2
1748,5,0.007840867605160002,335.4,50.2,322.0,4,4,1
776,5,0.007840867605160002,107.6,243.4,277.8,2,2,3
1503,5,0.007840867605160002,263.6,239.8,103.6,4,2,2
340,5,0.007840867605160002,43.8,114.8,303.0,3,3,1
165,5,0.007840867605160002,36.0,114.0,372.0,1,5,5
218,5,0.007840867605160002,36.0,371.0,317.0,1,5,5
167,5,0.007840867605160002,36.8,158.6,379.2,2,2,3
216,5,0.007840867605160002,36.0,369.0,276.0,1,5,3
168,5,0.007840867605160002,36.0,190.0,315.0,1,5,5
326,5,0.007840867605160002,42.0,345.0,286.0,5,5,1
1428,5,0.007840867605160002,241.0,330.2,363.0,5,3,1
1328,5,0.007840867605160002,219.4,56.6,381.0,4,3,1
337,5,0.007840867605160002,43.6,317.0,376.0,4,1,5
1314,5,0.007840867605160002,218.2,97.4,342.0,4,4,1
1313,5,0.007840867605160002,219.0,58.0,342.0,5,5,1
1432,5,0.007840867605160002,242.2,141.4,333.8,3,2,3
1572,5,0.007840867605160002,284.0,339.0,337.0,5,1,5
1278,5,0.007840867605160002,205.2,103.2,334.4,3,3,2
173,5,0.007840867605160002,36.0,249.0,194.8,1,5,3
1623,5,0.007840867605160002,296.8,366.2,363.2,3,4,2
219,5,0.007840867605160002,36.0,371.8,240.0,1,3,5
254,5,0.007840867605160002,39.8,226.4,52.6,3,4,2
350,5,0.007840867605160002,47.0,370.0,345.0,5,5,1
1355,5,0.007840867605160002,223.2,299.0,58.8,3,1,3
1373,5,0.007840867605160002,231.6,304.4,358.2,2,4,3
1574,5,0.007840867605160002,284.8,200.2,356.6,4,2,4
1567,5,0.007840867605160002,283.8,109.4,342.0,4,3,1
1577,5,0.007840867605160002,286.0,102.0,376.0,5,1,5
298,5,0.007840867605160002,40.8,202.2,269.8,2,4,2
1385,5,0.007840867605160002,237.2,81.0,192.8,3,1,3
291,5,0.007840867605160002,42.0,158.0,304.0,5,5,1
1363,5,0.007840867605160002,227.0,82.0,376.0,5,1,5
1561,5,0.007840867605160002,281.0,210.0,362.0,5,5,1
285,5,0.007840867605160002,42.0,106.0,251.0,5,1,5
1362,5,0.007840867605160002,225.8,121.8,336.0,4,2,5
1583,5,0.007840867605160002,290.6,305.4,376.4,2,4,4
1584,5,0.007840867605160002,290.2,324.4,357.8,2,4,4
141,5,0.007840867605160002,35.0,228.0,59.0,1,5,5
1357,5,0.007840867605160002,225.0,52.0,342.0,5,5,1
1269,5,0.007840867605160002,200.8,74.4,381.0,3,4,1
1571,5,0.007840867605160002,284.0,319.0,318.0,5,1,5
356,5,0.007840867605160002,48.2,359.4,59.2,3,2,3
1450,5,0.007840867605160002,256.2,96.6,381.0,4,4,1
185,5,0.007840867605160002,36.0,275.4,194.2,1,4,3
352,5,0.007840867605160002,47.2,160.6,237.6,3,2,4
205,5,0.007840867605160002,36.0,335.4,320.8,1,4,3
206,5,0.007840867605160002,36.0,347.0,202.0,1,5,5
1506,5,0.007840867605160002,265.0,279.2,337.8,5,2,4
1647,5,0.007840867605160002,305.2,220.4,357.8,3,2,3
1505,5,0.007840867605160002,264.2,101.6,315.6,3,2,4
1637,5,0.007840867605160002,300.2,358.4,372.8,3,2,3
375,5,0.007840867605160002,55.0,267.0,298.0,1,5,5
1797,4,0.006272694084128001,348.5,226.5,356.5,2,2,2
752,4,0.006272694084128001,102.5,102.0,311.5,4,1,4
1568,4,0.006272694084128001,282.75,109.5,381.0,3,4,1
1887,4,0.006272694084128001,362.0,181.0,65.5,3,1,2
1497,4,0.006272694084128001,262.5,199.25,102.75,4,3,2
1899,4,0.006272694084128001,363.5,219.75,36.5,2,2,2
251,4,0.006272694084128001,39.75,222.75,288.0,2,3,3
1900,4,0.006272694084128001,365.75,336.75,28.0,2,3,3
913,4,0.006272694084128001,134.0,365.5,318.5,1,4,4
751,4,0.006272694084128001,102.5,35.5,361.0,4,4,1
894,4,0.006272694084128001,128.5,43.0,317.5,4,1,4
261,4,0.006272694084128001,39.0,281.5,307.5,1,2,2
893,4,0.006272694084128001,127.0,312.5,324.5,3,2,2
43,4,0.006272694084128001,20.75,142.75,68.0,2,3,3
892,4,0.006272694084128001,126.75,219.0,181.75,2,1,3
313,4,0.006272694084128001,41.5,280.0,65.5,4,1,4
1496,4,0.006272694084128001,262.5,129.5,381.0,4,4,1
166,4,0.006272694084128001,36.0,155.5,374.5,1,4,4
40,4,0.006272694084128001,21.5,109.5,33.0,4,4,1
1554,4,0.006272694084128001,279.25,113.5,342.0,3,4,1
1500,4,0.006272694084128001,263.5,89.5,381.0,4,4,1
1898,4,0.006272694084128001,363.0,338.75,74.75,3,2,2
610,4,0.006272694084128001,81.25,32.0,322.0,3,3,1
961,4,0.006272694084128001,139.75,240.75,290.25,2,3,2
1566,4,0.006272694084128001,282.5,82.0,44.0,2,1,3
1896,4,0.006272694084128001,362.75,318.75,94.25,3,2,2
725,4,0.006272694084128001,99.75,282.5,249.75,3,2,3
1507,4,0.006272694084128001,270.5,169.5,373.5,2,2,2
1892,4,0.006272694084128001,362.75,219.75,113.25,3,2,2
1891,4,0.006272694084128001,363.5,117.5,322.0,4,4,1
1558,4,0.006272694084128001,279.5,230.75,323.0,4,3,1
1501,4,0.006272694084128001,263.5,101.0,354.5,4,1,4
282,4,0.006272694084128001,40.5,101.0,284.5,2,3,2
54,4,0.006272694084128001,21.5,286.5,53.0,4,4,1
551,4,0.006272694084128001,78.25,120.0,303.25,3,3,2
944,4,0.006272694084128001,138.5,344.0,305.5,2,3,2
217,4,0.006272694084128001,36.0,369.25,219.0,1,3,3
1396,4,0.006272694084128001,237.5,272.5,382.0,4,4,1
701,4,0.006272694084128001,99.5,44.0,366.5,2,3,2
926,4,0.006272694084128001,138.5,157.5,362.0,4,4,1
1809,4,0.006272694084128001,353.5,240.0,337.5,4,1,4
1870,4,0.006272694084128001,359.5,161.0,370.5,4,1,4
882,4,0.006272694084128001,124.0,210.25,343.0,3,3,1
652,4,0.006272694084128001,90.0,280.25,280.75,3,3,2
658,4,0.006272694084128001,94.75,171.0,353.5,2,3,2
660,4,0.006272694084128001,94.25,191.0,333.25,2,3,3
664,4,0.006272694084128001,94.75,253.25,311.5,2,3,4
813,4,0.006272694084128001,119.5,38.5,381.0,4,4,1
672,4,0.006272694084128001,95.0,269.5,334.5,1,4,4
209,4,0.006272694084128001,36.0,347.0,293.5,1,3,4
1435,4,0.006272694084128001,243.5,30.5,381.0,4,4,1
796,4,0.006272694084128001,114.0,309.5,314.5,1,4,4
793,4,0.006272694084128001,114.0,212.5,331.5,1,4,4
1873,4,0.006272694084128001,358.75,240.0,58.5,3,1,2
780,4,0.006272694084128001,110.25,360.0,340.0,2,3,1
779,4,0.006272694084128001,108.25,293.25,324.5,2,3,2
778,4,0.006272694084128001,108.25,177.5,357.5,2,2,2
1437,4,0.006272694084128001,243.5,194.25,323.25,2,3,2
174,4,0.006272694084128001,36.0,250.5,118.5,1,4,4
213,4,0.006272694084128001,36.0,352.5,196.5,1,4,4
1443,4,0.006272694084128001,251.75,66.5,377.25,2,4,3
771,4,0.006272694084128001,104.5,362.5,83.5,2,2,2
768,4,0.006272694084128001,105.5,249.5,343.0,4,4,1
824,4,0.006272694084128001,119.0,279.75,309.5,3,3,4
17,4,0.006272694084128001,20.0,147.75,74.0,3,2,3
769,4,0.006272694084128001,104.75,264.25,315.0,3,2,3
650,4,0.006272694084128001,89.0,359.5,279.5,3,2,2
756,4,0.006272694084128001,103.5,43.0,331.5,4,1,4
1516,4,0.006272694084128001,275.0,119.0,342.0,3,3,1
873,4,0.006272694084128001,122.5,132.0,303.0,2,3,1
863,4,0.006272694084128001,119.5,364.0,344.5,2,3,2
198,4,0.006272694084128001,36.0,311.5,140.5,1,4,4
862,4,0.006272694084128001,119.5,364.0,305.5,2,3,2
204,4,0.006272694084128001,36.0,334.5,163.75,1,4,3
634,4,0.006272694084128001,81.5,318.5,312.0,2,2,3
1837,4,0.006272694084128001,355.0,199.0,311.5,3,1,2
170,4,0.006272694084128001,36.0,236.5,104.5,1,4,4
1431,4,0.006272694084128001,241.0,358.25,314.75,3,2,3
24,4,0.006272694084128001,19.75,281.25,170.0,2,3,3
643,4,0.006272694084128001,86.5,219.0,181.0,2,1,3
1534,4,0.006272694084128001,276.5,81.75,77.5,2,2,2
1454,4,0.006272694084128001,256.0,255.5,343.0,3,4,1
19,4,0.006272694084128001,20.0,187.75,33.75,3,2,2
647,4,0.006272694084128001,88.5,358.25,319.25,4,2,3
648,4,0.006272694084128001,88.5,84.5,237.5,2,2,2
649,4,0.006272694084128001,89.0,274.5,285.5,3,2,2
1223,4,0.006272694084128001,197.5,22.0,172.0,2,1,3
999,4,0.006272694084128001,146.0,248.25,343.0,3,3,1
1369,4,0.006272694084128001,231.75,224.5,358.25,2,4,3
1277,4,0.006272694084128001,204.5,279.0,136.5,4,1,4
105,4,0.006272694084128001,26.5,190.75,266.0,2,2,3
1166,4,0.006272694084128001,180.5,61.0,371.5,4,1,4
104,4,0.006272694084128001,27.0,173.75,52.75,3,3,2
1268,4,0.006272694084128001,199.5,298.25,215.25,2,2,3
1270,4,0.006272694084128001,201.25,75.5,342.0,3,4,1
1271,4,0.006272694084128001,201.5,114.5,342.0,4,4,1
102,4,0.006272694084128001,25.5,317.0,316.0,2,1,3
101,4,0.006272694084128001,25.75,240.75,42.0,2,3,3
401,4,0.006272694084128001,58.0,316.25,363.0,3,3,1
1274,4,0.006272694084128001,203.5,267.5,382.0,4,4,1
1502,4,0.006272694084128001,262.75,188.5,362.0,3,4,1
1704,4,0.006272694084128001,317.75,200.25,373.0,3,2,3
393,4,0.006272694084128001,56.0,248.0,371.5,1,3,4
1620,4,0.006272694084128001,297.0,258.0,375.75,3,1,3
100,4,0.006272694084128001,26.0,218.0,372.5,3,1,4
1707,4,0.006272694084128001,318.5,267.5,363.0,4,4,1
1279,4,0.006272694084128001,205.5,319.0,317.5,4,1,4
471,4,0.006272694084128001,61.0,144.75,269.75,3,2,3
1711,4,0.006272694084128001,319.0,338.25,372.5,3,2,2
1712,4,0.006272694084128001,320.5,249.5,362.0,4,4,1
1281,4,0.006272694084128001,206.75,180.5,337.25,3,2,3
348,4,0.006272694084128001,46.0,80.0,370.75,3,1,3
1715,4,0.006272694084128001,322.0,180.0,153.75,3,1,3
1716,4,0.006272694084128001,321.5,278.0,253.0,2,1,3
106,4,0.006272694084128001,26.25,300.25,236.5,2,3,2
1171,4,0.006272694084128001,180.5,227.5,343.0,4,4,1
1115,4,0.006272694084128001,173.0,371.5,351.5,1,4,4
359,4,0.006272694084128001,49.5,302.5,118.5,2,2,2
376,4,0.006272694084128001,55.0,285.5,318.5,1,4,4
1657,4,0.006272694084128001,313.5,279.0,377.5,4,1,4
372,4,0.006272694084128001,55.5,250.5,315.0,2,4,3
1648,4,0.006272694084128001,305.0,338.5,358.5,3,2,2
387,4,0.006272694084128001,56.0,209.5,332.5,1,4,4
120,4,0.006272694084128001,30.5,223.5,256.0,2,2,3
119,4,0.006272694084128001,29.25,340.25,59.0,2,3,3
1198,4,0.006272694084128001,192.5,270.0,352.5,2,3,2
1646,4,0.006272694084128001,305.5,82.0,375.5,4,1,4
1645,4,0.006272694084128001,303.5,111.5,362.0,4,4,1
1644,4,0.006272694084128001,302.25,338.5,252.0,3,2,3
1642,4,0.006272694084128001,301.75,258.0,371.0,3,1,3
1263,4,0.006272694084128001,198.25,361.0,309.25,2,3,2
1641,4,0.006272694084128001,301.75,228.5,362.0,3,4,1
1185,4,0.006272694084128001,184.5,62.0,353.5,4,1,4
115,4,0.006272694084128001,29.25,57.75,283.25,2,3,2
1639,4,0.006272694084128001,302.5,95.5,361.0,4,4,1
1638,4,0.006272694084128001,301.0,371.25,363.0,3,3,1
1635,4,0.006272694084128001,300.0,243.75,164.0,3,2,3
355,4,0.006272694084128001,48.0,339.75,39.75,3,3,2
1174,4,0.006272694084128001,180.5,312.5,363.0,4,4,1
111,4,0.006272694084128001,27.5,261.0,139.5,2,3,2
391,4,0.006272694084128001,56.0,231.0,314.5,1,3,2
109,4,0.006272694084128001,27.5,186.0,217.25,2,3,3
1290,4,0.006272694084128001,211.75,324.0,358.25,2,3,2
1113,4,0.006272694084128001,173.0,233.5,330.5,1,4,4
1788,4,0.006272694084128001,339.25,125.0,203.75,2,3,2
1360,4,0.006272694084128001,224.5,220.0,136.0,4,1,3
514,4,0.006272694084128001,66.5,248.5,382.0,4,4,1
1037,4,0.006272694084128001,158.5,258.0,357.5,4,1,4
518,4,0.006272694084128001,66.5,279.5,258.0,2,2,3
523,4,0.006272694084128001,69.25,144.25,256.75,3,2,3
1359,4,0.006272694084128001,224.5,153.5,343.0,4,4,1
527,4,0.006272694084128001,72.0,161.5,378.5,3,2,2
72,4,0.006272694084128001,20.75,358.25,212.5,3,2,4
1011,4,0.006272694084128001,153.0,166.5,337.5,1,4,4
1010,4,0.006272694084128001,153.0,127.5,336.5,1,4,4
69,4,0.006272694084128001,20.0,343.0,188.5,1,1,4
66,4,0.006272694084128001,20.5,322.5,49.5,2,2,2
1004,4,0.006272694084128001,148.0,99.25,358.0,1,2,3
1352,4,0.006272694084128001,222.5,54.5,361.0,4,4,1
1774,4,0.006272694084128001,336.5,318.5,370.0,2,2,3
1001,4,0.006272694084128001,147.25,39.5,342.0,3,2,1
1364,4,0.006272694084128001,226.5,102.0,356.5,4,1,4
1653,4,0.006272694084128001,309.5,227.5,355.5,2,2,2
997,4,0.006272694084128001,145.5,43.5,334.0,2,2,3
1578,4,0.006272694084128001,289.5,242.5,359.25,4,4,2
57,4,0.006272694084128001,21.0,299.25,153.75,3,2,3
1576,4,0.006272694084128001,285.25,62.0,182.0,3,1,3
992,4,0.006272694084128001,144.5,81.0,179.0,2,1,3
1575,4,0.006272694084128001,284.0,353.5,363.0,3,2,1
1787,4,0.006272694084128001,340.0,54.75,322.0,3,3,1
1353,4,0.006272694084128001,222.75,92.75,342.0,3,3,1
510,4,0.006272694084128001,64.25,204.5,162.5,2,2,2
344,4,0.006272694084128001,45.0,322.25,235.5,3,3,2
330,4,0.006272694084128001,42.5,148.5,323.0,4,4,1
341,4,0.006272694084128001,43.5,214.5,323.5,2,4,2
1723,4,0.006272694084128001,329.5,156.0,367.0,2,3,3
1724,4,0.006272694084128001,329.0,205.5,357.5,1,4,4
1100,4,0.006272694084128001,166.0,180.0,115.5,3,1,2
722,4,0.006272694084128001,99.25,280.25,290.0,2,3,3
1727,4,0.006272694084128001,329.5,307.5,374.5,2,2,2
1728,4,0.006272694084128001,329.5,312.5,369.5,2,2,2
1730,4,0.006272694084128001,333.0,219.25,378.25,3,2,2
1093,4,0.006272694084128001,164.5,111.5,342.0,4,4,1
336,4,0.006272694084128001,42.75,286.25,305.5,3,3,2
486,4,0.006272694084128001,60.5,285.0,285.5,2,3,2
1332,4,0.006272694084128001,218.75,148.0,342.75,3,3,2
507,4,0.006272694084128001,65.0,105.75,273.75,3,2,3
1342,4,0.006272694084128001,219.25,279.0,331.5,3,1,4
316,4,0.006272694084128001,40.5,301.75,250.75,2,3,2
1068,4,0.006272694084128001,159.5,42.5,349.0,2,2,3
1743,4,0.006272694084128001,334.0,294.75,382.0,3,3,1
501,4,0.006272694084128001,63.25,182.25,272.5,2,3,2
139,4,0.006272694084128001,35.75,213.5,331.0,2,2,3
503,4,0.006272694084128001,64.0,318.5,294.5,3,2,2
1747,4,0.006272694084128001,335.5,37.5,361.0,4,4,1
1347,4,0.006272694084128001,220.5,191.5,362.0,4,4,1
1348,4,0.006272694084128001,220.5,278.0,354.5,4,1,4
87,4,0.006272694084128001,23.75,223.5,193.75,2,4,2
1901,4,0.006272694084128001,366.0,232.25,28.5,1,3,4
