strut_id,classification,ct_material_occupancy,thickness_proxy_um,cad_thickness_parameter,voxel_size_um
0,Nominal,0.766937673,610.467655,0.1,58.09
1,Nominal,0.989159882,693.291490,0.1,58.09
2,Nominal,0.991095603,693.969522,0.1,58.09
3,Nominal,0.926829278,671.092669,0.1,58.09
4,Nominal,0.197057679,309.442032,0.1,58.09
5,Nominal,0.198606268,310.655536,0.1,58.09
6,Nominal,0.252806813,350.491112,0.1,58.09
7,Nominal,0.227255136,332.306989,0.1,58.09
8,Nominal,0.348819196,411.701843,0.1,58.09
9,Nominal,0.277971357,367.521412,0.1,58.09
10,Missing_Intentional,0.000000000,0.000000,0.1,58.09
11,Nominal,0.434378624,459.427350,0.1,58.09
12,Nominal,0.422377080,453.036083,0.1,58.09
13,Nominal,0.367402256,422.526091,0.1,58.09
14,Nominal,0.233062327,336.526030,0.1,58.09
15,Nominal,0.278745651,368.032925,0.1,58.09
16,Nominal,0.620209038,548.973863,0.1,58.09
17,Nominal,0.338366240,405.486253,0.1,58.09
18,Nominal,0.413085550,448.025388,0.1,58.09
19,Nominal,0.274099886,364.953094,0.1,58.09
20,Nominal,0.230352297,334.563760,0.1,58.09
21,Nominal,0.248935342,347.797056,0.1,58.09
22,Nominal,0.321718931,395.385676,0.1,58.09
23,Nominal,0.388308167,434.381064,0.1,58.09
24,Nominal,0.994192779,695.053004,0.1,58.09
25,Nominal,1.000000000,697.080000,0.1,58.09
26,Nominal,1.000000000,697.080000,0.1,58.09
27,Nominal,1.000000000,697.080000,0.1,58.09
28,Nominal,0.417344183,450.328885,0.1,58.09
29,Nominal,0.343399137,408.490746,0.1,58.09
30,Nominal,0.288037181,374.116531,0.1,58.09
31,Nominal,0.319008917,393.716879,0.1,58.09
32,Nominal,0.495160669,490.518841,0.1,58.09
33,Nominal,0.475803316,480.835312,0.1,58.09
34,Nominal,0.380178094,429.809655,0.1,58.09
35,Nominal,0.411149830,446.974431,0.1,58.09
36,Nominal,0.492450625,489.174679,0.1,58.09
37,Nominal,0.598915994,539.467863,0.1,58.09
38,Nominal,0.197831973,310.049378,0.1,58.09
39,Nominal,0.365079373,421.188273,0.1,58.09
40,Nominal,0.702671289,584.330731,0.1,58.09
41,Nominal,0.347657770,411.015871,0.1,58.09
42,Nominal,0.305458754,385.264427,0.1,58.09
43,Nominal,0.436701506,460.654128,0.1,58.09
44,Nominal,0.268679827,361.326782,0.1,58.09
45,Nominal,0.296167254,379.359655,0.1,58.09
46,Nominal,0.316298872,392.040960,0.1,58.09
47,Nominal,0.512195110,498.884874,0.1,58.09
48,Nominal,1.000000000,697.080000,0.1,58.09
49,Nominal,1.000000000,697.080000,0.1,58.09
50,Nominal,1.000000000,697.080000,0.1,58.09
51,Nominal,1.000000000,697.080000,0.1,58.09
52,Nominal,0.542392552,513.380633,0.1,58.09
53,Nominal,0.551684082,517.759229,0.1,58.09
54,Nominal,0.358497858,417.374494,0.1,58.09
55,Nominal,0.321331799,395.147715,0.1,58.09
56,Nominal,0.534649611,509.703071,0.1,58.09
57,Nominal,0.593883097,537.196414,0.1,58.09
58,Nominal,0.299264431,381.338078,0.1,58.09
59,Nominal,0.384049565,431.992554,0.1,58.09
60,Nominal,0.410762668,446.763933,0.1,58.09
61,Nominal,0.623306215,550.342879,0.1,58.09
62,Nominal,0.242741004,343.442624,0.1,58.09
63,Nominal,0.365079373,421.188273,0.1,58.09
64,Nominal,0.717382908,590.416023,0.1,58.09
65,Nominal,0.320557505,394.671346,0.1,58.09
66,Nominal,0.367789388,422.748640,0.1,58.09
67,Nominal,0.512582242,499.073374,0.1,58.09
68,Nominal,0.287650019,373.865014,0.1,58.09
69,Nominal,0.305071622,385.020211,0.1,58.09
70,Nominal,0.289585739,375.120854,0.1,58.09
71,Nominal,0.651567936,562.681290,0.1,58.09
72,Nominal,1.000000000,697.080000,0.1,58.09
73,Nominal,1.000000000,697.080000,0.1,58.09
74,Nominal,1.000000000,697.080000,0.1,58.09
75,Nominal,1.000000000,697.080000,0.1,58.09
76,Nominal,0.639179230,557.306296,0.1,58.09
77,Nominal,0.632984877,554.599265,0.1,58.09
78,Nominal,0.353464961,414.434410,0.1,58.09
79,Nominal,0.308168799,386.969695,0.1,58.09
80,Nominal,0.511807978,498.696303,0.1,58.09
81,Nominal,0.557878435,520.657836,0.1,58.09
82,Nominal,0.413472712,448.235293,0.1,58.09
83,Nominal,0.269841284,362.106916,0.1,58.09
84,Nominal,0.421215653,452.412789,0.1,58.09
85,Nominal,0.780874968,615.989590,0.1,58.09
86,Nominal,0.257839710,353.962720,0.1,58.09
87,Nominal,0.356562138,416.246155,0.1,58.09
88,Nominal,0.763066173,608.924886,0.1,58.09
89,Nominal,0.313588858,390.357865,0.1,58.09
90,Nominal,0.372435153,425.410255,0.1,58.09
91,Nominal,0.536585391,510.624966,0.1,58.09
92,Nominal,0.238095239,340.140212,0.1,58.09
93,Nominal,0.289198607,374.870030,0.1,58.09
94,Nominal,0.247773901,346.984761,0.1,58.09
95,Nominal,0.709252834,587.060909,0.1,58.09
96,Nominal,1.000000000,697.080000,0.1,58.09
97,Nominal,1.000000000,697.080000,0.1,58.09
98,Nominal,1.000000000,697.080000,0.1,58.09
99,Nominal,1.000000000,697.080000,0.1,58.09
100,Nominal,0.558652759,521.019042,0.1,58.09
101,Nominal,0.652729392,563.182572,0.1,58.09
102,Nominal,0.323267519,396.336124,0.1,58.09
103,Nominal,0.294231504,378.117875,0.1,58.09
104,Nominal,0.525745273,505.440817,0.1,58.09
105,Nominal,0.632210612,554.259969,0.1,58.09
106,Nominal,0.341076255,407.106808,0.1,58.09
107,Nominal,0.267905533,360.805762,0.1,58.09
108,Nominal,0.337591946,405.022044,0.1,58.09
109,Nominal,0.834688365,636.861217,0.1,58.09
110,Nominal,0.234998062,337.920674,0.1,58.09
111,Nominal,0.296554387,379.607513,0.1,58.09
112,Nominal,0.750290334,603.805825,0.1,58.09
113,Nominal,0.281455666,369.817638,0.1,58.09
114,Nominal,0.399922580,440.829435,0.1,58.09
115,Nominal,0.586914420,534.035358,0.1,58.09
116,Nominal,0.238869533,340.692837,0.1,58.09
117,Nominal,0.264421225,358.451811,0.1,58.09
118,Nominal,0.218350753,325.731658,0.1,58.09
119,Nominal,0.684475422,576.715404,0.1,58.09
120,Nominal,1.000000000,697.080000,0.1,58.09
121,Nominal,1.000000000,697.080000,0.1,58.09
122,Nominal,1.000000000,697.080000,0.1,58.09
123,Nominal,1.000000000,697.080000,0.1,58.09
124,Nominal,0.624854803,551.026111,0.1,58.09
125,Nominal,0.594270229,537.371475,0.1,58.09
126,Nominal,0.298490137,380.844436,0.1,58.09
127,Nominal,0.289972901,375.371529,0.1,58.09
128,Nominal,0.478900492,482.397740,0.1,58.09
129,Nominal,0.716221452,589.937882,0.1,58.09
130,Nominal,0.338753402,405.718168,0.1,58.09
131,Nominal,0.193186224,306.387257,0.1,58.09
132,Nominal,0.255129695,352.097651,0.1,58.09
133,Nominal,0.847464204,641.716645,0.1,58.09
134,Nominal,0.202090591,313.368739,0.1,58.09
135,Nominal,0.273712724,364.695258,0.1,58.09
136,Nominal,0.723190069,592.800893,0.1,58.09
137,Nominal,0.234610915,337.642206,0.1,58.09
138,Nominal,0.440572977,462.691531,0.1,58.09
139,Nominal,0.507549345,496.617202,0.1,58.09
140,Nominal,0.214866430,323.122281,0.1,58.09
141,Nominal,0.248161048,347.255737,0.1,58.09
142,Nominal,0.194347665,307.306882,0.1,58.09
143,Nominal,0.691056907,579.481437,0.1,58.09
144,Nominal,1.000000000,697.080000,0.1,58.09
145,Nominal,1.000000000,697.080000,0.1,58.09
146,Nominal,1.000000000,697.080000,0.1,58.09
147,Nominal,1.000000000,697.080000,0.1,58.09
148,Nominal,0.554006994,518.848118,0.1,58.09
149,Nominal,0.576848626,529.436104,0.1,58.09
150,Nominal,0.213704988,322.247794,0.1,58.09
151,Nominal,0.176151767,292.567530,0.1,58.09
152,Nominal,0.367789388,422.748640,0.1,58.09
153,Nominal,0.720092893,591.530149,0.1,58.09
154,Nominal,0.390243888,435.462416,0.1,58.09
155,Nominal,0.132017031,253.278079,0.1,58.09
156,Nominal,0.181571811,297.034460,0.1,58.09
157,Nominal,0.815718174,629.582564,0.1,58.09
158,Nominal,0.171893150,289.009359,0.1,58.09
159,Nominal,0.248161048,347.255737,0.1,58.09
160,Nominal,0.606271803,542.770590,0.1,58.09
161,Nominal,0.167247385,285.077072,0.1,58.09
162,Nominal,0.452187389,468.750610,0.1,58.09
163,Nominal,0.515292287,500.390946,0.1,58.09
164,Nominal,0.203639179,314.567095,0.1,58.09
165,Nominal,0.267131239,360.283988,0.1,58.09
166,Nominal,0.184668988,299.557093,0.1,58.09
167,Nominal,0.623306215,550.342879,0.1,58.09
168,Nominal,1.000000000,697.080000,0.1,58.09
169,Nominal,1.000000000,697.080000,0.1,58.09
170,Nominal,1.000000000,697.080000,0.1,58.09
171,Nominal,1.000000000,697.080000,0.1,58.09
172,Nominal,0.490127772,488.019615,0.1,58.09
173,Nominal,0.499419272,492.623665,0.1,58.09
174,Nominal,0.176926062,293.209831,0.1,58.09
175,Nominal,0.181571811,297.034460,0.1,58.09
176,Nominal,0.335269064,403.626213,0.1,58.09
177,Nominal,0.645760715,560.168177,0.1,58.09
178,Nominal,0.330236167,400.585237,0.1,58.09
179,Nominal,0.101819590,222.432526,0.1,58.09
180,Nominal,0.124661244,246.120819,0.1,58.09
181,Nominal,0.796747983,622.218771,0.1,58.09
182,Nominal,0.149438635,269.472262,0.1,58.09
183,Nominal,0.153697252,273.284924,0.1,58.09
184,Nominal,0.444444448,464.720002,0.1,58.09
185,Nominal,0.120789781,242.268929,0.1,58.09
186,Nominal,0.474254757,480.052207,0.1,58.09
187,Nominal,0.308168799,386.969695,0.1,58.09
188,Nominal,0.137437090,258.425044,0.1,58.09
189,Nominal,0.110723965,231.954839,0.1,58.09
190,Nominal,0.119241193,240.710912,0.1,58.09
191,Nominal,0.529616714,507.298366,0.1,58.09
192,Nominal,1.000000000,697.080000,0.1,58.09
193,Nominal,0.927990735,671.513028,0.1,58.09
194,Nominal,0.996902823,695.999673,0.1,58.09
195,Nominal,1.000000000,697.080000,0.1,58.09
196,Nominal,0.270615578,362.626066,0.1,58.09
197,Nominal,0.277584195,367.265378,0.1,58.09
198,Nominal,0.109949671,231.142384,0.1,58.09
199,Nominal,0.071622148,186.554742,0.1,58.09
200,Nominal,0.048393343,153.347053,0.1,58.09
201,Nominal,0.065040648,177.776787,0.1,58.09
202,Nominal,0.077042200,193.484848,0.1,58.09
203,Nominal,0.044521872,147.085320,0.1,58.09
204,Nominal,0.166860238,284.746931,0.1,58.09
205,Nominal,0.375919461,427.395581,0.1,58.09
206,Nominal,0.416182727,449.701823,0.1,58.09
207,Nominal,0.064653501,177.246899,0.1,58.09
208,Nominal,0.061943475,173.492380,0.1,58.09
209,Nominal,0.692218363,579.968199,0.1,58.09
210,Nominal,0.137437090,258.425044,0.1,58.09
211,Nominal,0.095238097,215.123560,0.1,58.09
212,Nominal,0.149438635,269.472262,0.1,58.09
213,Nominal,0.068137825,181.960346,0.1,58.09
214,Expected_Missing_But_Material_Present,0.066976383,180.402881,0.1,58.09
215,Nominal,0.183894694,298.928430,0.1,58.09
216,Nominal,0.140147120,260.960461,0.1,58.09
217,Nominal,0.109175377,230.327064,0.1,58.09
218,Nominal,0.131629884,252.906431,0.1,58.09
219,Nominal,0.324041814,396.810495,0.1,58.09
220,Nominal,0.896244705,659.927040,0.1,58.09
221,Nominal,1.000000000,697.080000,0.1,58.09
222,Nominal,0.995741367,695.594113,0.1,58.09
223,Nominal,0.941540837,676.397826,0.1,58.09
224,Nominal,0.197444826,309.745854,0.1,58.09
225,Nominal,0.212156400,321.078105,0.1,58.09
226,Nominal,0.195896238,308.528772,0.1,58.09
227,Nominal,0.227255136,332.306989,0.1,58.09
228,Nominal,0.540843964,512.647231,0.1,58.09
229,Nominal,0.486256301,486.088385,0.1,58.09
230,Nominal,0.281455666,369.817638,0.1,58.09
231,Nominal,0.481997669,483.955123,0.1,58.09
232,Nominal,0.518002331,501.705058,0.1,58.09
233,Nominal,0.414634138,448.864388,0.1,58.09
234,Nominal,0.251645386,349.685085,0.1,58.09
235,Nominal,0.367015094,422.303407,0.1,58.09
236,Nominal,0.660085201,566.347021,0.1,58.09
237,Nominal,0.341850549,407.568643,0.1,58.09
238,Nominal,0.326364696,398.230216,0.1,58.09
239,Nominal,0.401471168,441.682104,0.1,58.09
240,Nominal,0.238869533,340.692837,0.1,58.09
241,Nominal,0.368563682,423.193405,0.1,58.09
242,Nominal,0.352303535,413.752969,0.1,58.09
243,Nominal,0.405729771,444.018495,0.1,58.09
244,Nominal,1.000000000,697.080000,0.1,58.09
245,Nominal,1.000000000,697.080000,0.1,58.09
246,Nominal,1.000000000,697.080000,0.1,58.09
247,Nominal,1.000000000,697.080000,0.1,58.09
248,Nominal,0.457994580,471.750959,0.1,58.09
249,Nominal,0.444831580,464.922354,0.1,58.09
250,Nominal,0.265969813,359.499919,0.1,58.09
251,Nominal,0.247386754,346.713573,0.1,58.09
252,Nominal,0.666666687,569.163445,0.1,58.09
253,Nominal,0.633759201,554.938379,0.1,58.09
254,Nominal,0.359272152,417.824979,0.1,58.09
255,Nominal,0.439411551,462.081261,0.1,58.09
256,Nominal,0.500580728,493.196159,0.1,58.09
257,Nominal,0.598141670,539.119018,0.1,58.09
258,Nominal,0.214479282,322.831048,0.1,58.09
259,Nominal,0.346883476,410.557914,0.1,58.09
260,Nominal,0.814556718,629.134190,0.1,58.09
261,Nominal,0.344173431,408.951018,0.1,58.09
262,Nominal,0.298490137,380.844436,0.1,58.09
263,Nominal,0.476190478,481.030901,0.1,58.09
264,Nominal,0.252032518,349.953960,0.1,58.09
265,Nominal,0.353077829,414.207393,0.1,58.09
266,Nominal,0.324428946,397.047458,0.1,58.09
267,Nominal,0.605110347,542.250439,0.1,58.09
268,Nominal,1.000000000,697.080000,0.1,58.09
269,Nominal,1.000000000,697.080000,0.1,58.09
270,Nominal,1.000000000,697.080000,0.1,58.09
271,Nominal,1.000000000,697.080000,0.1,58.09
272,Nominal,0.688346863,578.344076,0.1,58.09
273,Nominal,0.632597744,554.429643,0.1,58.09
274,Nominal,0.308555931,387.212681,0.1,58.09
275,Nominal,0.295392960,378.863436,0.1,58.09
276,Nominal,0.751064658,604.117318,0.1,58.09
277,Nominal,0.759969056,607.687883,0.1,58.09
278,Nominal,0.363530785,420.294028,0.1,58.09
279,Nominal,0.423538536,453.658537,0.1,58.09
280,Nominal,0.476190478,481.030901,0.1,58.09
281,Nominal,0.794425070,621.311072,0.1,58.09
282,Nominal,0.268679827,361.326782,0.1,58.09
283,Nominal,0.287650019,373.865014,0.1,58.09
284,Nominal,0.810685277,627.637329,0.1,58.09
285,Nominal,0.279519945,368.543727,0.1,58.09
286,Nominal,0.407665491,445.076432,0.1,58.09
287,Nominal,0.617886186,547.944870,0.1,58.09
288,Nominal,0.254742533,351.830393,0.1,58.09
289,Nominal,0.382113814,430.902478,0.1,58.09
290,Nominal,0.327138990,398.702333,0.1,58.09
291,Nominal,0.758807600,607.223343,0.1,58.09
292,Nominal,1.000000000,697.080000,0.1,58.09
293,Nominal,1.000000000,697.080000,0.1,58.09
294,Nominal,1.000000000,697.080000,0.1,58.09
295,Nominal,1.000000000,697.080000,0.1,58.09
296,Nominal,0.748354614,603.026424,0.1,58.09
297,Nominal,0.695702672,581.426013,0.1,58.09
298,Nominal,0.293844372,377.869041,0.1,58.09
299,Nominal,0.262098342,356.873877,0.1,58.09
300,Nominal,0.771196306,612.160204,0.1,58.09
301,Nominal,0.806039512,625.836356,0.1,58.09
302,Nominal,0.406116933,444.230294,0.1,58.09
303,Nominal,0.351916373,413.525560,0.1,58.09
304,Nominal,0.432442904,458.402534,0.1,58.09
305,Nominal,0.852884233,643.765451,0.1,58.09
306,Nominal,0.257065415,353.430845,0.1,58.09
307,Nominal,0.298102975,380.597365,0.1,58.09
308,Nominal,0.838946939,638.483781,0.1,58.09
309,Nominal,0.273712724,364.695258,0.1,58.09
310,Nominal,0.408052653,445.287727,0.1,58.09
311,Nominal,0.683313966,576.225895,0.1,58.09
312,Nominal,0.246999606,346.442172,0.1,58.09
313,Nominal,0.317847461,392.999498,0.1,58.09
314,Nominal,0.267905533,360.805762,0.1,58.09
315,Nominal,0.795199394,621.613793,0.1,58.09
316,Nominal,1.000000000,697.080000,0.1,58.09
317,Nominal,1.000000000,697.080000,0.1,58.09
318,Nominal,1.000000000,697.080000,0.1,58.09
319,Nominal,1.000000000,697.080000,0.1,58.09
320,Nominal,0.765001953,609.696770,0.1,58.09
321,Nominal,0.773519158,613.081427,0.1,58.09
322,Nominal,0.301974446,383.060807,0.1,58.09
323,Nominal,0.279132783,368.288405,0.1,58.09
324,Nominal,0.808749497,626.887535,0.1,58.09
325,Nominal,0.838946939,638.483781,0.1,58.09
326,Nominal,0.396438241,438.904863,0.1,58.09
327,Nominal,0.252806813,350.491112,0.1,58.09
328,Nominal,0.320557505,394.671346,0.1,58.09
329,Nominal,0.919086337,668.283560,0.1,58.09
330,Nominal,0.236159503,338.754705,0.1,58.09
331,Nominal,0.277971357,367.521412,0.1,58.09
332,Nominal,0.774680614,613.541532,0.1,58.09
333,Nominal,0.265969813,359.499919,0.1,58.09
334,Nominal,0.391405344,436.109953,0.1,58.09
335,Nominal,0.699186981,582.880181,0.1,58.09
336,Nominal,0.232288033,335.966551,0.1,58.09
337,Nominal,0.246999606,346.442172,0.1,58.09
338,Nominal,0.257065415,353.430845,0.1,58.09
339,Nominal,0.789779305,619.491708,0.1,58.09
340,Nominal,1.000000000,697.080000,0.1,58.09
341,Nominal,1.000000000,697.080000,0.1,58.09
342,Nominal,1.000000000,697.080000,0.1,58.09
343,Nominal,1.000000000,697.080000,0.1,58.09
344,Nominal,0.726674438,594.227250,0.1,58.09
345,Nominal,0.747967482,602.870428,0.1,58.09
346,Nominal,0.278358489,367.777247,0.1,58.09
347,Nominal,0.254355401,351.562953,0.1,58.09
348,Nominal,0.744096041,601.308190,0.1,58.09
349,Nominal,0.857529998,645.516404,0.1,58.09
350,Nominal,0.440185845,462.488203,0.1,58.09
351,Nominal,0.186604723,301.123007,0.1,58.09
352,Nominal,0.243515298,343.989944,0.1,58.09
353,Nominal,0.882694542,654.919382,0.1,58.09
354,Nominal,0.185056135,299.870930,0.1,58.09
355,Nominal,0.237708092,339.863562,0.1,58.09
356,Nominal,0.771583438,612.313833,0.1,58.09
357,Nominal,0.222996518,329.178653,0.1,58.09
358,Nominal,0.485482007,485.701217,0.1,58.09
359,Nominal,0.686798275,577.693153,0.1,58.09
360,Nominal,0.210994974,320.198046,0.1,58.09
361,Nominal,0.249322489,348.067400,0.1,58.09
362,Nominal,0.197831973,310.049378,0.1,58.09
363,Nominal,0.821138203,631.670727,0.1,58.09
364,Nominal,1.000000000,697.080000,0.1,58.09
365,Nominal,1.000000000,697.080000,0.1,58.09
366,Nominal,1.000000000,697.080000,0.1,58.09
367,Nominal,1.000000000,697.080000,0.1,58.09
368,Nominal,0.723964393,593.118166,0.1,58.09
369,Nominal,0.708478510,586.740361,0.1,58.09
370,Nominal,0.220673636,327.459691,0.1,58.09
371,Nominal,0.193960518,307.000646,0.1,58.09
372,Nominal,0.658923745,565.848543,0.1,58.09
373,Nominal,0.857142866,645.370678,0.1,58.09
374,Nominal,0.481997669,483.955123,0.1,58.09
375,Nominal,0.158730164,277.723324,0.1,58.09
376,Nominal,0.125048399,246.502706,0.1,58.09
377,Nominal,0.907084763,663.905946,0.1,58.09
378,Nominal,0.181184664,296.717622,0.1,58.09
379,Nominal,0.186604723,301.123007,0.1,58.09
380,Nominal,0.701122701,583.686484,0.1,58.09
381,Nominal,0.109562524,230.735084,0.1,58.09
382,Nominal,0.497870684,491.859314,0.1,58.09
383,Nominal,0.585753024,533.506717,0.1,58.09
384,Nominal,0.155632988,275.000479,0.1,58.09
385,Nominal,0.162601620,281.089781,0.1,58.09
386,Nominal,0.150987223,270.864894,0.1,58.09
387,Nominal,0.732094467,596.439208,0.1,58.09
388,Nominal,1.000000000,697.080000,0.1,58.09
389,Nominal,1.000000000,697.080000,0.1,58.09
390,Nominal,1.000000000,697.080000,0.1,58.09
391,Nominal,1.000000000,697.080000,0.1,58.09
392,Nominal,0.667440951,569.493861,0.1,58.09
393,Nominal,0.651567936,562.681290,0.1,58.09
394,Nominal,0.182733253,297.982950,0.1,58.09
395,Nominal,0.187379017,301.747097,0.1,58.09
396,Nominal,0.565234244,524.079117,0.1,58.09
397,Nominal,0.804490924,625.234878,0.1,58.09
398,Nominal,0.441734403,463.300997,0.1,58.09
399,Nominal,0.074332170,190.051381,0.1,58.09
400,Nominal,0.091366626,210.705764,0.1,58.09
401,Nominal,0.866434395,648.859197,0.1,58.09
402,Nominal,0.155245841,274.658225,0.1,58.09
403,Nominal,0.114208288,235.576212,0.1,58.09
404,Nominal,0.515292287,500.390946,0.1,58.09
405,Nominal,0.069686413,184.016462,0.1,58.09
406,Nominal,0.480836242,483.371700,0.1,58.09
407,Nominal,0.505613625,495.669284,0.1,58.09
408,Nominal,0.118466899,239.928110,0.1,58.09
409,Nominal,0.131242737,252.534235,0.1,58.09
410,Nominal,0.175764620,292.245850,0.1,58.09
411,Nominal,0.625629127,551.367423,0.1,58.09
412,Nominal,1.000000000,697.080000,0.1,58.09
413,Nominal,0.999225736,696.810086,0.1,58.09
414,Nominal,0.998451412,696.540046,0.1,58.09
415,Nominal,1.000000000,697.080000,0.1,58.09
416,Nominal,0.441347271,463.097936,0.1,58.09
417,Expected_Missing_But_Material_Present,0.326751828,398.466335,0.1,58.09
418,Nominal,0.101819590,222.432526,0.1,58.09
419,Nominal,0.096012391,215.996277,0.1,58.09
420,Nominal,0.042586140,143.852284,0.1,58.09
421,Nominal,0.088269457,207.103697,0.1,58.09
422,Nominal,0.084785134,202.974966,0.1,58.09
423,Nominal,0.042198993,143.196917,0.1,58.09
424,Nominal,0.387146741,433.730963,0.1,58.09
425,Nominal,0.576074362,529.080672,0.1,58.09
426,Nominal,0.472319007,479.071498,0.1,58.09
427,Nominal,0.036004648,132.270168,0.1,58.09
428,Nominal,0.055749130,164.589326,0.1,58.09
429,Nominal,0.629113436,552.900653,0.1,58.09
430,Nominal,0.156794429,276.024693,0.1,58.09
431,Nominal,0.097948119,218.162787,0.1,58.09
432,Nominal,0.232675180,336.246406,0.1,58.09
433,Nominal,0.069299266,183.504593,0.1,58.09
434,Nominal,0.272164136,363.662124,0.1,58.09
435,Nominal,0.197057679,309.442032,0.1,58.09
436,Nominal,0.147502899,267.721285,0.1,58.09
437,Nominal,0.056523424,165.728367,0.1,58.09
438,Nominal,0.099496707,219.880632,0.1,58.09
439,Nominal,0.306233048,385.752413,0.1,58.09
440,Nominal,0.917924881,667.861169,0.1,58.09
441,Nominal,1.000000000,697.080000,0.1,58.09
442,Nominal,0.999225736,696.810086,0.1,58.09
443,Nominal,0.965543926,684.965410,0.1,58.09
444,Nominal,0.170344561,287.704569,0.1,58.09
445,Nominal,0.190863341,304.539678,0.1,58.09
446,Nominal,0.160665900,279.411629,0.1,58.09
447,Nominal,0.238869533,340.692837,0.1,58.09
448,Nominal,0.617886186,547.944870,0.1,58.09
449,Nominal,0.573364317,527.834719,0.1,58.09
450,Nominal,0.239643827,341.244567,0.1,58.09
451,Nominal,0.555555582,519.572768,0.1,58.09
452,Nominal,0.453735977,469.552580,0.1,58.09
453,Nominal,0.383275270,431.556857,0.1,58.09
454,Nominal,0.275648475,365.982584,0.1,58.09
455,Nominal,0.364305079,420.741388,0.1,58.09
456,Nominal,0.665118098,568.502011,0.1,58.09
457,Nominal,0.351529241,413.298045,0.1,58.09
458,Nominal,0.233449474,336.805421,0.1,58.09
459,Nominal,0.401471168,441.682104,0.1,58.09
460,Nominal,0.233449474,336.805421,0.1,58.09
461,Nominal,0.246225312,345.898733,0.1,58.09
462,Nominal,0.324816108,397.284299,0.1,58.09
463,Nominal,0.391018182,435.894208,0.1,58.09
464,Nominal,1.000000000,697.080000,0.1,58.09
465,Nominal,1.000000000,697.080000,0.1,58.09
466,Nominal,1.000000000,697.080000,0.1,58.09
467,Nominal,1.000000000,697.080000,0.1,58.09
468,Nominal,0.566782832,524.796544,0.1,58.09
469,Nominal,0.475029022,480.443912,0.1,58.09
470,Nominal,0.329849005,400.350349,0.1,58.09
471,Nominal,0.335269064,403.626213,0.1,58.09
472,Nominal,0.775067747,613.694816,0.1,58.09
473,Nominal,0.681765378,575.572577,0.1,58.09
474,Nominal,0.367015094,422.303407,0.1,58.09
475,Nominal,0.385598153,432.862631,0.1,58.09
476,Nominal,0.522260964,503.763161,0.1,58.09
477,Nominal,0.612078965,545.363854,0.1,58.09
478,Nominal,0.255129695,352.097651,0.1,58.09
479,Nominal,0.297715843,380.350153,0.1,58.09
480,Nominal,0.793650806,621.008227,0.1,58.09
481,Nominal,0.277584195,367.265378,0.1,58.09
482,Nominal,0.293070078,377.370861,0.1,58.09
483,Nominal,0.510646522,498.130130,0.1,58.09
484,Nominal,0.258614004,354.493798,0.1,58.09
485,Nominal,0.349206358,411.930258,0.1,58.09
486,Nominal,0.298490137,380.844436,0.1,58.09
487,Nominal,0.593883097,537.196414,0.1,58.09
488,Nominal,1.000000000,697.080000,0.1,58.09
489,Nominal,1.000000000,697.080000,0.1,58.09
490,Nominal,1.000000000,697.080000,0.1,58.09
491,Nominal,1.000000000,697.080000,0.1,58.09
492,Nominal,0.703058481,584.491700,0.1,58.09
493,Nominal,0.617499053,547.773188,0.1,58.09
494,Nominal,0.346109182,410.099446,0.1,58.09
495,Nominal,0.311653107,389.151181,0.1,58.09
496,Nominal,0.821912527,631.968486,0.1,58.09
497,Nominal,0.701122701,583.686484,0.1,58.09
498,Nominal,0.405342638,443.806611,0.1,58.09
499,Nominal,0.487030596,486.475244,0.1,58.09
500,Nominal,0.504839361,495.289620,0.1,58.09
501,Nominal,0.747193158,602.558290,0.1,58.09
502,Nominal,0.250871092,349.146693,0.1,58.09
503,Nominal,0.257839710,353.962720,0.1,58.09
504,Nominal,0.830042601,635.086402,0.1,58.09
505,Nominal,0.283778548,371.340574,0.1,58.09
506,Nominal,0.358885020,417.599806,0.1,58.09
507,Nominal,0.648083627,561.174783,0.1,58.09
508,Nominal,0.242741004,343.442624,0.1,58.09
509,Nominal,0.346883476,410.557914,0.1,58.09
510,Nominal,0.263259768,357.663704,0.1,58.09
511,Nominal,0.753000379,604.895314,0.1,58.09
512,Nominal,1.000000000,697.080000,0.1,58.09
513,Nominal,1.000000000,697.080000,0.1,58.09
514,Nominal,1.000000000,697.080000,0.1,58.09
515,Nominal,1.000000000,697.080000,0.1,58.09
516,Nominal,0.778939247,615.225624,0.1,58.09
517,Nominal,0.762679040,608.770401,0.1,58.09
518,Nominal,0.344173431,408.951018,0.1,58.09
519,Nominal,0.274099886,364.953094,0.1,58.09
520,Nominal,0.814943850,629.283676,0.1,58.09
521,Nominal,0.843592703,640.249178,0.1,58.09
522,Nominal,0.409601241,446.131876,0.1,58.09
523,Nominal,0.294231504,378.117875,0.1,58.09
524,Nominal,0.422764242,453.243668,0.1,58.09
525,Nominal,0.789779305,619.491708,0.1,58.09
526,Nominal,0.248935342,347.797056,0.1,58.09
527,Nominal,0.298490137,380.844436,0.1,58.09
528,Nominal,0.852109969,643.473173,0.1,58.09
529,Nominal,0.294231504,378.117875,0.1,58.09
530,Nominal,0.370499432,424.303287,0.1,58.09
531,Nominal,0.759581864,607.533060,0.1,58.09
532,Nominal,0.259388298,355.024081,0.1,58.09
533,Nominal,0.293070078,377.370861,0.1,58.09
534,Nominal,0.272938430,364.179057,0.1,58.09
535,Nominal,0.826558292,633.752034,0.1,58.09
536,Nominal,1.000000000,697.080000,0.1,58.09
537,Nominal,1.000000000,697.080000,0.1,58.09
538,Nominal,1.000000000,697.080000,0.1,58.09
539,Nominal,1.000000000,697.080000,0.1,58.09
540,Nominal,0.818041027,630.478331,0.1,58.09
541,Nominal,0.800232291,623.577819,0.1,58.09
542,Nominal,0.298490137,380.844436,0.1,58.09
543,Nominal,0.259775460,355.288936,0.1,58.09
544,Nominal,0.840495527,639.072788,0.1,58.09
545,Nominal,0.922957778,669.689577,0.1,58.09
546,Nominal,0.449477345,467.343843,0.1,58.09
547,Nominal,0.243902445,344.263278,0.1,58.09
548,Nominal,0.307394505,386.483246,0.1,58.09
549,Nominal,0.905536175,663.338989,0.1,58.09
550,Nominal,0.260549754,355.818034,0.1,58.09
551,Nominal,0.268292695,361.066376,0.1,58.09
552,Nominal,0.847851336,641.863200,0.1,58.09
553,Nominal,0.258226871,354.228369,0.1,58.09
554,Nominal,0.469221830,477.498187,0.1,58.09
555,Nominal,0.781262100,616.142265,0.1,58.09
556,Nominal,0.221060783,327.746811,0.1,58.09
557,Nominal,0.259388298,355.024081,0.1,58.09
558,Nominal,0.265582651,359.238168,0.1,58.09
559,Nominal,0.797522247,622.521028,0.1,58.09
560,Nominal,1.000000000,697.080000,0.1,58.09
561,Nominal,1.000000000,697.080000,0.1,58.09
562,Nominal,1.000000000,697.080000,0.1,58.09
563,Nominal,1.000000000,697.080000,0.1,58.09
564,Nominal,0.792876482,620.705210,0.1,58.09
565,Nominal,0.712737143,588.501154,0.1,58.09
566,Nominal,0.226480842,331.740395,0.1,58.09
567,Nominal,0.211382121,320.491671,0.1,58.09
568,Nominal,0.813782394,628.835089,0.1,58.09
569,Nominal,0.809910953,627.337514,0.1,58.09
570,Nominal,0.457220286,471.352015,0.1,58.09
571,Nominal,0.194347665,307.306882,0.1,58.09
572,Nominal,0.236933798,339.309587,0.1,58.09
573,Nominal,0.864498615,648.133954,0.1,58.09
574,Nominal,0.171893150,289.009359,0.1,58.09
575,Nominal,0.193960518,307.000646,0.1,58.09
576,Nominal,0.796360850,622.067588,0.1,58.09
577,Nominal,0.181184664,296.717622,0.1,58.09
578,Nominal,0.502903581,494.339127,0.1,58.09
579,Nominal,0.773519158,613.081427,0.1,58.09
580,Nominal,0.187766165,302.058659,0.1,58.09
581,Nominal,0.295392960,378.863436,0.1,58.09
582,Nominal,0.207897797,317.839279,0.1,58.09
583,Nominal,0.805265188,625.535678,0.1,58.09
584,Nominal,1.000000000,697.080000,0.1,58.09
585,Nominal,1.000000000,697.080000,0.1,58.09
586,Nominal,1.000000000,697.080000,0.1,58.09
587,Nominal,1.000000000,697.080000,0.1,58.09
588,Nominal,0.790166497,619.643543,0.1,58.09
589,Nominal,0.769647717,611.545276,0.1,58.09
590,Nominal,0.226093695,331.456735,0.1,58.09
591,Nominal,0.216027871,323.994408,0.1,58.09
592,Nominal,0.764614761,609.542457,0.1,58.09
593,Nominal,0.908246219,664.330852,0.1,58.09
594,Nominal,0.470383286,478.088793,0.1,58.09
595,Nominal,0.116144016,237.564226,0.1,58.09
596,Nominal,0.188153312,302.369900,0.1,58.09
597,Nominal,0.950832367,679.727125,0.1,58.09
598,Nominal,0.159504458,278.399875,0.1,58.09
599,Nominal,0.166860238,284.746931,0.1,58.09
600,Nominal,0.708865643,586.900644,0.1,58.09
601,Nominal,0.117692605,239.142745,0.1,58.09
602,Nominal,0.466124654,475.919675,0.1,58.09
603,Nominal,0.699961305,583.202851,0.1,58.09
604,Nominal,0.166860238,284.746931,0.1,58.09
605,Nominal,0.194347665,307.306882,0.1,58.09
606,Nominal,0.157955870,277.045122,0.1,58.09
607,Nominal,0.721254349,592.007004,0.1,58.09
608,Nominal,1.000000000,697.080000,0.1,58.09
609,Nominal,1.000000000,697.080000,0.1,58.09
610,Nominal,1.000000000,697.080000,0.1,58.09
611,Nominal,1.000000000,697.080000,0.1,58.09
612,Nominal,0.686411142,577.530314,0.1,58.09
613,Nominal,0.660085201,566.347021,0.1,58.09
614,Nominal,0.097173832,217.298780,0.1,58.09
615,Nominal,0.143244296,263.828247,0.1,58.09
616,Nominal,0.675183892,572.787668,0.1,58.09
617,Nominal,0.770421982,611.852805,0.1,58.09
618,Nominal,0.550909817,517.395775,0.1,58.09
619,Nominal,0.080913663,198.286686,0.1,58.09
620,Nominal,0.081687957,199.233168,0.1,58.09
621,Nominal,0.872628748,651.174493,0.1,58.09
622,Nominal,0.140921414,261.680354,0.1,58.09
623,Nominal,0.103755325,224.536951,0.1,58.09
624,Nominal,0.543941140,514.112989,0.1,58.09
625,Nominal,0.108401082,229.508847,0.1,58.09
626,Nominal,0.491676331,488.789956,0.1,58.09
627,Nominal,0.608981788,543.982308,0.1,58.09
628,Nominal,0.135888502,256.965002,0.1,58.09
629,Nominal,0.123499803,244.971609,0.1,58.09
630,Nominal,0.202090591,313.368739,0.1,58.09
631,Nominal,0.639953554,557.643764,0.1,58.09
632,Nominal,1.000000000,697.080000,0.1,58.09
633,Nominal,0.996515691,695.864519,0.1,58.09
634,Nominal,0.998451412,696.540046,0.1,58.09
635,Nominal,1.000000000,697.080000,0.1,58.09
636,Nominal,0.494386375,490.135173,0.1,58.09
637,Nominal,0.506387949,496.048686,0.1,58.09
638,Nominal,0.094850950,214.685872,0.1,58.09
639,Nominal,0.113821141,235.176591,0.1,58.09
640,Missing_Unintentional,0.014711576,84.549728,0.1,58.09
641,Nominal,0.035617501,131.557115,0.1,58.09
642,Nominal,0.054587688,162.865829,0.1,58.09
643,Missing_Unintentional,0.000000000,0.000000,0.1,58.09
644,Nominal,0.452961683,469.151766,0.1,58.09
645,Nominal,0.600077450,539.990695,0.1,58.09
646,Nominal,0.494386375,490.135173,0.1,58.09
647,Nominal,0.033681765,127.932252,0.1,58.09
648,Missing_Unintentional,0.015485869,86.746190,0.1,58.09
649,Nominal,0.727835834,594.701918,0.1,58.09
650,Nominal,0.161827326,280.419720,0.1,58.09
651,Nominal,0.084010839,202.046013,0.1,58.09
652,Nominal,0.227255136,332.306989,0.1,58.09
653,Nominal,0.046070460,149.621463,0.1,58.09
654,Nominal,0.437475801,461.062329,0.1,58.09
655,Nominal,0.245063886,345.081979,0.1,58.09
656,Nominal,0.161440179,280.084089,0.1,58.09
657,Nominal,0.055361982,164.016840,0.1,58.09
658,Nominal,0.132791325,254.019745,0.1,58.09
659,Nominal,0.343012005,408.260424,0.1,58.09
660,Nominal,0.914827704,666.733500,0.1,58.09
661,Nominal,1.000000000,697.080000,0.1,58.09
662,Nominal,0.998838544,696.675068,0.1,58.09
663,Nominal,0.966705382,685.377260,0.1,58.09
664,Nominal,0.094463803,214.247289,0.1,58.09
665,Nominal,0.118854046,240.319830,0.1,58.09
666,Nominal,0.079365082,196.380046,0.1,58.09
667,Nominal,0.193960518,307.000646,0.1,58.09
668,Nominal,0.545489728,514.844303,0.1,58.09
669,Nominal,0.518776596,502.079871,0.1,58.09
670,Nominal,0.229965150,334.282496,0.1,58.09
671,Nominal,0.490902066,488.404945,0.1,58.09
672,Nominal,0.506775081,496.238264,0.1,58.09
673,Nominal,0.248161048,347.255737,0.1,58.09
674,Nominal,0.233062327,336.526030,0.1,58.09
675,Nominal,0.372048020,425.189099,0.1,58.09
676,Nominal,0.695702672,581.426013,0.1,58.09
677,Nominal,0.336043358,404.092026,0.1,58.09
678,Nominal,0.228416577,333.155074,0.1,58.09
679,Nominal,0.379790932,429.590747,0.1,58.09
680,Nominal,0.276809901,366.752795,0.1,58.09
681,Nominal,0.225319400,330.888685,0.1,58.09
682,Nominal,0.264808357,358.714115,0.1,58.09
683,Nominal,0.308555931,387.212681,0.1,58.09
684,Nominal,1.000000000,697.080000,0.1,58.09
685,Nominal,1.000000000,697.080000,0.1,58.09
686,Nominal,1.000000000,697.080000,0.1,58.09
687,Nominal,1.000000000,697.080000,0.1,58.09
688,Nominal,0.511420846,498.507660,0.1,58.09
689,Nominal,0.489740610,487.826829,0.1,58.09
690,Nominal,0.269066989,361.587020,0.1,58.09
691,Nominal,0.356562138,416.246155,0.1,58.09
692,Nominal,0.803329468,624.783385,0.1,58.09
693,Nominal,0.620209038,548.973863,0.1,58.09
694,Nominal,0.316686034,392.280823,0.1,58.09
695,Nominal,0.516840875,501.142285,0.1,58.09
696,Nominal,0.523422360,504.322981,0.1,58.09
697,Nominal,0.590398788,535.618232,0.1,58.09
698,Nominal,0.281455666,369.817638,0.1,58.09
699,Nominal,0.322493225,395.861185,0.1,58.09
700,Nominal,0.826558292,633.752034,0.1,58.09
701,Nominal,0.263259768,357.663704,0.1,58.09
702,Nominal,0.327526122,398.938173,0.1,58.09
703,Nominal,0.627564847,552.219740,0.1,58.09
704,Nominal,0.275648475,365.982584,0.1,58.09
705,Nominal,0.341850549,407.568643,0.1,58.09
706,Nominal,0.351142079,413.070386,0.1,58.09
707,Nominal,0.640340686,557.812409,0.1,58.09
708,Nominal,1.000000000,697.080000,0.1,58.09
709,Nominal,1.000000000,697.080000,0.1,58.09
710,Nominal,1.000000000,697.080000,0.1,58.09
711,Nominal,1.000000000,697.080000,0.1,58.09
712,Nominal,0.682926834,576.062641,0.1,58.09
713,Nominal,0.599303126,539.642188,0.1,58.09
714,Nominal,0.312427402,389.634300,0.1,58.09
715,Nominal,0.330236167,400.585237,0.1,58.09
716,Nominal,0.821525335,631.819613,0.1,58.09
717,Nominal,0.766937673,610.467655,0.1,58.09
718,Nominal,0.312040269,389.392825,0.1,58.09
719,Nominal,0.393728226,437.402134,0.1,58.09
720,Nominal,0.471157581,478.482120,0.1,58.09
721,Nominal,0.755710423,605.982843,0.1,58.09
722,Nominal,0.290747195,375.872359,0.1,58.09
723,Nominal,0.285714298,372.604941,0.1,58.09
724,Nominal,0.804490924,625.234878,0.1,58.09
725,Nominal,0.281842828,370.071906,0.1,58.09
726,Nominal,0.322880358,396.098717,0.1,58.09
727,Nominal,0.670925260,570.978419,0.1,58.09
728,Nominal,0.274874181,365.468202,0.1,58.09
729,Nominal,0.274874181,365.468202,0.1,58.09
730,Nominal,0.258614004,354.493798,0.1,58.09
731,Nominal,0.723964393,593.118166,0.1,58.09
732,Nominal,1.000000000,697.080000,0.1,58.09
733,Nominal,1.000000000,697.080000,0.1,58.09
734,Nominal,1.000000000,697.080000,0.1,58.09
735,Nominal,1.000000000,697.080000,0.1,58.09
736,Nominal,0.763066173,608.924886,0.1,58.09
737,Nominal,0.721641481,592.165862,0.1,58.09
738,Nominal,0.335656226,403.859196,0.1,58.09
739,Nominal,0.271389842,363.144455,0.1,58.09
740,Nominal,0.840108395,638.925593,0.1,58.09
741,Nominal,0.843592703,640.249178,0.1,58.09
742,Nominal,0.350367785,412.614709,0.1,58.09
743,Nominal,0.370499432,424.303287,0.1,58.09
744,Nominal,0.445993036,465.528915,0.1,58.09
745,Nominal,0.786294997,618.123676,0.1,58.09
746,Nominal,0.293844372,377.869041,0.1,58.09
747,Nominal,0.295780092,379.111617,0.1,58.09
748,Nominal,0.886178851,656.210708,0.1,58.09
749,Nominal,0.285714298,372.604941,0.1,58.09
750,Nominal,0.436314374,460.449900,0.1,58.09
751,Nominal,0.730158746,595.650168,0.1,58.09
752,Nominal,0.245451033,345.354449,0.1,58.09
753,Nominal,0.283004254,370.833623,0.1,58.09
754,Nominal,0.240805268,342.070494,0.1,58.09
755,Nominal,0.751064658,604.117318,0.1,58.09
756,Nominal,1.000000000,697.080000,0.1,58.09
757,Nominal,1.000000000,697.080000,0.1,58.09
758,Nominal,1.000000000,697.080000,0.1,58.09
759,Nominal,1.000000000,697.080000,0.1,58.09
760,Nominal,0.812620997,628.386205,0.1,58.09
761,Nominal,0.723964393,593.118166,0.1,58.09
762,Nominal,0.315524578,391.560811,0.1,58.09
763,Nominal,0.280681372,369.308597,0.1,58.09
764,Nominal,0.829268277,634.790105,0.1,58.09
765,Nominal,0.902826190,662.345663,0.1,58.09
766,Nominal,0.409601241,446.131876,0.1,58.09
767,Nominal,0.270615578,362.626066,0.1,58.09
768,Nominal,0.379016638,429.152612,0.1,58.09
769,Nominal,0.841269851,639.367100,0.1,58.09
770,Nominal,0.261711180,356.610200,0.1,58.09
771,Nominal,0.265582651,359.238168,0.1,58.09
772,Nominal,0.812620997,628.386205,0.1,58.09
773,Nominal,0.256678283,353.164617,0.1,58.09
774,Nominal,0.449090213,467.142540,0.1,58.09
775,Nominal,0.794037938,621.159668,0.1,58.09
776,Nominal,0.230352297,334.563760,0.1,58.09
777,Nominal,0.257452577,353.696893,0.1,58.09
778,Nominal,0.237320945,339.586688,0.1,58.09
779,Nominal,0.785907865,617.971491,0.1,58.09
780,Nominal,1.000000000,697.080000,0.1,58.09
781,Nominal,1.000000000,697.080000,0.1,58.09
782,Nominal,1.000000000,697.080000,0.1,58.09
783,Nominal,1.000000000,697.080000,0.1,58.09
784,Nominal,0.819976747,631.223837,0.1,58.09
785,Nominal,0.748354614,603.026424,0.1,58.09
786,Nominal,0.279907078,368.798854,0.1,58.09
787,Nominal,0.258226871,354.228369,0.1,58.09
788,Nominal,0.765776217,610.005232,0.1,58.09
789,Nominal,0.933410764,673.471194,0.1,58.09
790,Nominal,0.430507153,457.375407,0.1,58.09
791,Nominal,0.192799076,306.080102,0.1,58.09
792,Nominal,0.153697252,273.284924,0.1,58.09
793,Nominal,0.891598940,658.214423,0.1,58.09
794,Nominal,0.209833533,319.315550,0.1,58.09
795,Nominal,0.211382121,320.491671,0.1,58.09
796,Nominal,0.721641481,592.165862,0.1,58.09
797,Nominal,0.169957414,287.377446,0.1,58.09
798,Nominal,0.486643434,486.281846,0.1,58.09
799,Nominal,0.782036364,616.447501,0.1,58.09
800,Nominal,0.190476194,304.230657,0.1,58.09
801,Nominal,0.292682916,377.121514,0.1,58.09
802,Nominal,0.197831973,310.049378,0.1,58.09
803,Nominal,0.718544304,590.893752,0.1,58.09
804,Nominal,1.000000000,697.080000,0.1,58.09
805,Nominal,1.000000000,697.080000,0.1,58.09
806,Nominal,1.000000000,697.080000,0.1,58.09
807,Nominal,1.000000000,697.080000,0.1,58.09
808,Nominal,0.756871879,606.448334,0.1,58.09
809,Nominal,0.737127364,598.485853,0.1,58.09
810,Nominal,0.254355401,351.562953,0.1,58.09
811,Nominal,0.230739444,334.844788,0.1,58.09
812,Nominal,0.740611672,599.898670,0.1,58.09
813,Nominal,0.802942336,624.632822,0.1,58.09
814,Nominal,0.382113814,430.902478,0.1,58.09
815,Nominal,0.129307002,250.664968,0.1,58.09
816,Nominal,0.177313209,293.530454,0.1,58.09
817,Nominal,0.925667822,670.672048,0.1,58.09
818,Nominal,0.156407282,275.683711,0.1,58.09
819,Nominal,0.175764620,292.245850,0.1,58.09
820,Nominal,0.648857892,561.509900,0.1,58.09
821,Nominal,0.133565620,254.759251,0.1,58.09
822,Nominal,0.502129316,493.958441,0.1,58.09
823,Nominal,0.716995716,590.256669,0.1,58.09
824,Nominal,0.152922958,272.595679,0.1,58.09
825,Nominal,0.224545106,330.319658,0.1,58.09
826,Nominal,0.190863341,304.539678,0.1,58.09
827,Nominal,0.697251260,582.072761,0.1,58.09
828,Nominal,1.000000000,697.080000,0.1,58.09
829,Nominal,1.000000000,697.080000,0.1,58.09
830,Nominal,1.000000000,697.080000,0.1,58.09
831,Nominal,1.000000000,697.080000,0.1,58.09
832,Nominal,0.660859466,566.679080,0.1,58.09
833,Nominal,0.638404965,556.968650,0.1,58.09
834,Nominal,0.147890046,268.072395,0.1,58.09
835,Nominal,0.174216032,290.955574,0.1,58.09
836,Nominal,0.643437862,559.159785,0.1,58.09
837,Nominal,0.766163349,610.159404,0.1,58.09
838,Nominal,0.442895859,463.909678,0.1,58.09
839,Nominal,0.066589236,179.880729,0.1,58.09
840,Nominal,0.083623692,201.579931,0.1,58.09
841,Nominal,0.888888896,657.213329,0.1,58.09
842,Nominal,0.168795973,286.393834,0.1,58.09
843,Nominal,0.130081296,251.414343,0.1,58.09
844,Nominal,0.514130831,499.826694,0.1,58.09
845,Nominal,0.097948119,218.162787,0.1,58.09
846,Nominal,0.281842828,370.071906,0.1,58.09
847,Nominal,0.645373583,560.000242,0.1,58.09
848,Nominal,0.159504458,278.399875,0.1,58.09
849,Nominal,0.163375914,281.758248,0.1,58.09
850,Nominal,0.134339914,255.496618,0.1,58.09
851,Nominal,0.545489728,514.844303,0.1,58.09
852,Nominal,1.000000000,697.080000,0.1,58.09
853,Nominal,0.998451412,696.540046,0.1,58.09
854,Nominal,0.998451412,696.540046,0.1,58.09
855,Nominal,1.000000000,697.080000,0.1,58.09
856,Nominal,0.522260964,503.763161,0.1,58.09
857,Nominal,0.538133979,511.361268,0.1,58.09
858,Nominal,0.101432443,222.009247,0.1,58.09
859,Nominal,0.171506003,288.683715,0.1,58.09
860,Missing_Unintentional,0.012001549,76.366216,0.1,58.09
861,Nominal,0.061556328,172.949366,0.1,58.09
862,Missing_Unintentional,0.007355788,59.785686,0.1,58.09
863,Missing_Unintentional,0.003097174,38.794076,0.1,58.09
864,Nominal,0.436314374,460.449900,0.1,58.09
865,Nominal,0.576461494,529.258418,0.1,58.09
866,Nominal,0.435927212,460.245565,0.1,58.09
867,Missing_Unintentional,0.017034456,90.980173,0.1,58.09
868,Nominal,0.051103368,157.582282,0.1,58.09
869,Nominal,0.635694921,555.785220,0.1,58.09
870,Nominal,0.182733253,297.982950,0.1,58.09
871,Nominal,0.082849398,200.644520,0.1,58.09
872,Nominal,0.244676739,344.809295,0.1,58.09
873,Nominal,0.051490515,158.178059,0.1,58.09
874,Nominal,0.286101431,372.857289,0.1,58.09
875,Nominal,0.307781637,386.726538,0.1,58.09
876,Nominal,0.178087488,294.170641,0.1,58.09
877,Nominal,0.070847854,185.543597,0.1,58.09
878,Nominal,0.159117311,278.061805,0.1,58.09
879,Nominal,0.335656226,403.859196,0.1,58.09
880,Nominal,0.915602028,667.015607,0.1,58.09
881,Nominal,1.000000000,697.080000,0.1,58.09
882,Nominal,0.999225736,696.810086,0.1,58.09
883,Nominal,0.977158368,689.072789,0.1,58.09
884,Nominal,0.127371266,248.781657,0.1,58.09
885,Nominal,0.237320945,339.586688,0.1,58.09
886,Nominal,0.129307002,250.664968,0.1,58.09
887,Nominal,0.211382121,320.491671,0.1,58.09
888,Nominal,0.537746787,511.177270,0.1,58.09
889,Nominal,0.442121565,463.503985,0.1,58.09
890,Nominal,0.188540459,302.680820,0.1,58.09
891,Nominal,0.514518023,500.014868,0.1,58.09
892,Nominal,0.431668609,457.991963,0.1,58.09
893,Nominal,0.234223768,337.363508,0.1,58.09
894,Nominal,0.172280297,289.334637,0.1,58.09
895,Nominal,0.366240799,421.857704,0.1,58.09
896,Nominal,0.626016259,551.537986,0.1,58.09
897,Nominal,0.222996518,329.178653,0.1,58.09
898,Nominal,0.284552842,371.846833,0.1,58.09
899,Nominal,0.343786299,408.720956,0.1,58.09
900,Nominal,0.278358489,367.777247,0.1,58.09
901,Nominal,0.198219121,310.352605,0.1,58.09
902,Nominal,0.293070078,377.370861,0.1,58.09
903,Nominal,0.249709636,348.337534,0.1,58.09
904,Nominal,1.000000000,697.080000,0.1,58.09
905,Nominal,1.000000000,697.080000,0.1,58.09
906,Nominal,1.000000000,697.080000,0.1,58.09
907,Nominal,1.000000000,697.080000,0.1,58.09
908,Nominal,0.433991492,459.222576,0.1,58.09
909,Nominal,0.464188933,474.930448,0.1,58.09
910,Nominal,0.275261313,365.725474,0.1,58.09
911,Nominal,0.341463417,407.337800,0.1,58.09
912,Nominal,0.838172674,638.189084,0.1,58.09
913,Nominal,0.653116524,563.349559,0.1,58.09
914,Nominal,0.265582651,359.238168,0.1,58.09
915,Nominal,0.565234244,524.079117,0.1,58.09
916,Nominal,0.498644978,492.241638,0.1,58.09
917,Nominal,0.554006994,518.848118,0.1,58.09
918,Nominal,0.203639179,314.567095,0.1,58.09
919,Nominal,0.290360034,375.622018,0.1,58.09
920,Nominal,0.802168012,624.331565,0.1,58.09
921,Nominal,0.272164136,363.662124,0.1,58.09
922,Nominal,0.304684490,384.775841,0.1,58.09
923,Nominal,0.592334509,536.495570,0.1,58.09
924,Nominal,0.292295784,376.872022,0.1,58.09
925,Nominal,0.331010461,401.054582,0.1,58.09
926,Nominal,0.338753402,405.718168,0.1,58.09
927,Nominal,0.536198199,510.440703,0.1,58.09
928,Nominal,1.000000000,697.080000,0.1,58.09
929,Nominal,1.000000000,697.080000,0.1,58.09
930,Nominal,1.000000000,697.080000,0.1,58.09
931,Nominal,1.000000000,697.080000,0.1,58.09
932,Nominal,0.593108773,536.846093,0.1,58.09
933,Nominal,0.597367406,538.769973,0.1,58.09
934,Nominal,0.306233048,385.752413,0.1,58.09
935,Nominal,0.323654652,396.573371,0.1,58.09
936,Nominal,0.817653894,630.329129,0.1,58.09
937,Nominal,0.627951980,552.390040,0.1,58.09
938,Nominal,0.356174976,416.020110,0.1,58.09
939,Nominal,0.473480463,479.660167,0.1,58.09
940,Nominal,0.492837787,489.366935,0.1,58.09
941,Nominal,0.651180804,562.514106,0.1,58.09
942,Nominal,0.295392960,378.863436,0.1,58.09
943,Nominal,0.268292695,361.066376,0.1,58.09
944,Nominal,0.764227629,609.388129,0.1,58.09
945,Nominal,0.285714298,372.604941,0.1,58.09
946,Missing_Intentional,0.007742934,61.338819,0.1,58.09
947,Nominal,0.661246598,566.845036,0.1,58.09
948,Nominal,0.286101431,372.857289,0.1,58.09
949,Nominal,0.336430520,404.324740,0.1,58.09
950,Nominal,0.303910196,384.286615,0.1,58.09
951,Nominal,0.632984877,554.599265,0.1,58.09
952,Nominal,1.000000000,697.080000,0.1,58.09
953,Nominal,1.000000000,697.080000,0.1,58.09
954,Nominal,1.000000000,697.080000,0.1,58.09
955,Nominal,1.000000000,697.080000,0.1,58.09
956,Nominal,0.700735569,583.525318,0.1,58.09
957,Nominal,0.647309303,560.839440,0.1,58.09
958,Nominal,0.271389842,363.144455,0.1,58.09
959,Nominal,0.311653107,389.151181,0.1,58.09
960,Nominal,0.807588100,626.437255,0.1,58.09
961,Nominal,0.806039512,625.836356,0.1,58.09
962,Nominal,0.360433608,418.499807,0.1,58.09
963,Nominal,0.377855211,428.494578,0.1,58.09
964,Nominal,0.397599697,439.547329,0.1,58.09
965,Nominal,0.730545878,595.808054,0.1,58.09
966,Nominal,0.294231504,378.117875,0.1,58.09
967,Nominal,0.268292695,361.066376,0.1,58.09
968,Nominal,0.776616335,614.307593,0.1,58.09
969,Nominal,0.266356945,359.761458,0.1,58.09
970,Nominal,0.373209447,425.852241,0.1,58.09
971,Nominal,0.700348437,583.364107,0.1,58.09
972,Nominal,0.286875725,373.361491,0.1,58.09
973,Nominal,0.282229960,370.325979,0.1,58.09
974,Nominal,0.271777004,363.403391,0.1,58.09
975,Nominal,0.694541216,580.940473,0.1,58.09
976,Nominal,1.000000000,697.080000,0.1,58.09
977,Nominal,1.000000000,697.080000,0.1,58.09
978,Nominal,1.000000000,697.080000,0.1,58.09
979,Nominal,1.000000000,697.080000,0.1,58.09
980,Nominal,0.752613246,604.739799,0.1,58.09
981,Nominal,0.675958216,573.116020,0.1,58.09
982,Nominal,0.272938430,364.179057,0.1,58.09
983,Nominal,0.298877269,381.091328,0.1,58.09
984,Nominal,0.696864128,581.911148,0.1,58.09
985,Nominal,0.864498615,648.133954,0.1,58.09
986,Nominal,0.403406888,442.745624,0.1,58.09
987,Nominal,0.315137446,391.320525,0.1,58.09
988,Nominal,0.332171887,401.757562,0.1,58.09
989,Nominal,0.729771554,595.492215,0.1,58.09
990,Nominal,0.262098342,356.873877,0.1,58.09
991,Nominal,0.271777004,363.403391,0.1,58.09
992,Nominal,0.783197820,616.905096,0.1,58.09
993,Nominal,0.244676739,344.809295,0.1,58.09
994,Nominal,0.440960109,462.894770,0.1,58.09
995,Nominal,0.727835834,594.701918,0.1,58.09
996,Nominal,0.239643827,341.244567,0.1,58.09
997,Nominal,0.264421225,358.451811,0.1,58.09
998,Nominal,0.280294240,369.053823,0.1,58.09
999,Nominal,0.708091378,586.580033,0.1,58.09
1000,Nominal,1.000000000,697.080000,0.1,58.09
1001,Nominal,1.000000000,697.080000,0.1,58.09
1002,Nominal,1.000000000,697.080000,0.1,58.09
1003,Nominal,1.000000000,697.080000,0.1,58.09
1004,Nominal,0.708478510,586.740361,0.1,58.09
1005,Nominal,0.712349951,588.341281,0.1,58.09
1006,Nominal,0.250483930,348.877175,0.1,58.09
1007,Nominal,0.289585739,375.120854,0.1,58.09
1008,Nominal,0.740611672,599.898670,0.1,58.09
1009,Nominal,0.927603543,671.372923,0.1,58.09
1010,Nominal,0.500580728,493.196159,0.1,58.09
1011,Nominal,0.214092135,322.539553,0.1,58.09
1012,Nominal,0.265969813,359.499919,0.1,58.09
1013,Nominal,0.902438998,662.203619,0.1,58.09
1014,Nominal,0.224157959,330.034776,0.1,58.09
1015,Nominal,0.222222224,328.606665,0.1,58.09
1016,Nominal,0.660085201,566.347021,0.1,58.09
1017,Nominal,0.179636076,295.446876,0.1,58.09
1018,Nominal,0.460317463,472.945773,0.1,58.09
1019,Nominal,0.692605495,580.130353,0.1,58.09
1020,Nominal,0.216802165,324.574525,0.1,58.09
1021,Nominal,0.192411929,305.772638,0.1,58.09
1022,Nominal,0.276809901,366.752795,0.1,58.09
1023,Nominal,0.629500568,553.070744,0.1,58.09
1024,Nominal,1.000000000,697.080000,0.1,58.09
1025,Nominal,1.000000000,697.080000,0.1,58.09
1026,Nominal,1.000000000,697.080000,0.1,58.09
1027,Nominal,1.000000000,697.080000,0.1,58.09
1028,Nominal,0.704607069,585.135060,0.1,58.09
1029,Nominal,0.644986451,559.832257,0.1,58.09
1030,Nominal,0.179636076,295.446876,0.1,58.09
1031,Nominal,0.288037181,374.116531,0.1,58.09
1032,Nominal,0.677893937,573.936040,0.1,58.09
1033,Nominal,0.857142866,645.370678,0.1,58.09
1034,Nominal,0.521099508,503.202690,0.1,58.09
1035,Nominal,0.132791325,254.019745,0.1,58.09
1036,Nominal,0.174990326,291.601426,0.1,58.09
1037,Nominal,0.823073924,632.414828,0.1,58.09
1038,Nominal,0.185443282,300.184439,0.1,58.09
1039,Nominal,0.168021679,285.736212,0.1,58.09
1040,Nominal,0.620209038,548.973863,0.1,58.09
1041,Nominal,0.139372826,260.238577,0.1,58.09
1042,Nominal,0.523809552,504.509478,0.1,58.09
1043,Nominal,0.715834320,589.778424,0.1,58.09
1044,Nominal,0.186991870,301.435214,0.1,58.09
1045,Nominal,0.204413474,315.164564,0.1,58.09
1046,Nominal,0.268679827,361.326782,0.1,58.09
1047,Nominal,0.620983362,549.316450,0.1,58.09
1048,Nominal,1.000000000,697.080000,0.1,58.09
1049,Nominal,1.000000000,697.080000,0.1,58.09
1050,Nominal,1.000000000,697.080000,0.1,58.09
1051,Nominal,1.000000000,697.080000,0.1,58.09
1052,Nominal,0.604723215,542.076953,0.1,58.09
1053,Nominal,0.632984877,554.599265,0.1,58.09
1054,Nominal,0.138598531,259.514684,0.1,58.09
1055,Nominal,0.205574915,316.058651,0.1,58.09
1056,Nominal,0.575300038,528.724973,0.1,58.09
1057,Nominal,0.684862554,576.878473,0.1,58.09
1058,Nominal,0.466898948,476.314794,0.1,58.09
1059,Nominal,0.070073560,184.526912,0.1,58.09
1060,Nominal,0.080139376,197.335673,0.1,58.09
1061,Nominal,0.799845159,623.426965,0.1,58.09
1062,Nominal,0.178861782,294.809449,0.1,58.09
1063,Nominal,0.138598531,259.514684,0.1,58.09
1064,Nominal,0.456058860,470.752973,0.1,58.09
1065,Nominal,0.098335266,218.593514,0.1,58.09
1066,Nominal,0.507162213,496.427769,0.1,58.09
1067,Nominal,0.570654273,526.585819,0.1,58.09
1068,Nominal,0.176926062,293.209831,0.1,58.09
1069,Nominal,0.080139376,197.335673,0.1,58.09
1070,Nominal,0.219125047,326.308686,0.1,58.09
1071,Nominal,0.491289198,488.597489,0.1,58.09
1072,Nominal,1.000000000,697.080000,0.1,58.09
1073,Nominal,0.999612868,696.945056,0.1,58.09
1074,Nominal,1.000000000,697.080000,0.1,58.09
1075,Nominal,1.000000000,697.080000,0.1,58.09
1076,Nominal,0.468447536,477.104049,0.1,58.09
1077,Nominal,0.468834698,477.301166,0.1,58.09
1078,Nominal,0.066202089,179.357057,0.1,58.09
1079,Nominal,0.217963606,325.442760,0.1,58.09
1080,Missing_Unintentional,0.010065814,69.937014,0.1,58.09
1081,Nominal,0.106465347,227.450429,0.1,58.09
1082,Nominal,0.057297714,166.859628,0.1,58.09
1083,Missing_Unintentional,0.010840109,72.577071,0.1,58.09
1084,Nominal,0.430120021,457.169714,0.1,58.09
1085,Nominal,0.552458405,518.122456,0.1,58.09
1086,Nominal,0.449864507,467.545076,0.1,58.09
1087,Missing_Unintentional,0.014324429,83.429814,0.1,58.09
1088,Nominal,0.018583043,95.025690,0.1,58.09
1089,Nominal,0.672861040,571.801531,0.1,58.09
1090,Nominal,0.203639179,314.567095,0.1,58.09
1091,Nominal,0.082462251,200.175175,0.1,58.09
1092,Nominal,0.236933798,339.309587,0.1,58.09
1093,Nominal,0.045296166,148.358811,0.1,58.09
1094,Nominal,0.447154462,466.134671,0.1,58.09
1095,Nominal,0.416182727,449.701823,0.1,58.09
1096,Nominal,0.198219121,310.352605,0.1,58.09
1097,Nominal,0.056136277,165.159829,0.1,58.09
1098,Nominal,0.224545106,330.319658,0.1,58.09
1099,Nominal,0.306620210,385.996184,0.1,58.09
1100,Nominal,0.928764999,671.793106,0.1,58.09
1101,Nominal,1.000000000,697.080000,0.1,58.09
1102,Nominal,1.000000000,697.080000,0.1,58.09
1103,Nominal,0.987611294,692.748583,0.1,58.09
1104,Nominal,0.102206737,222.855001,0.1,58.09
1105,Nominal,0.232288033,335.966551,0.1,58.09
1106,Nominal,0.116918311,238.354792,0.1,58.09
1107,Nominal,0.230352297,334.563760,0.1,58.09
1108,Nominal,0.484320551,485.119879,0.1,58.09
1109,Nominal,0.380178094,429.809655,0.1,58.09
1110,Nominal,0.114595428,235.975149,0.1,58.09
1111,Nominal,0.529616714,507.298366,0.1,58.09
1112,Nominal,0.482771963,484.343686,0.1,58.09
1113,Nominal,0.231126592,335.125581,0.1,58.09
1114,Nominal,0.163763061,282.091887,0.1,58.09
1115,Nominal,0.249322489,348.067400,0.1,58.09
1116,Nominal,0.638017833,556.799750,0.1,58.09
1117,Nominal,0.169957414,287.377446,0.1,58.09
1118,Nominal,0.260162592,355.553573,0.1,58.09
1119,Nominal,0.333333343,402.459332,0.1,58.09
1120,Nominal,0.195509091,308.223751,0.1,58.09
1121,Nominal,0.167247385,285.077072,0.1,58.09
1122,Nominal,0.374370873,426.514351,0.1,58.09
1123,Nominal,0.277971357,367.521412,0.1,58.09
1124,Nominal,1.000000000,697.080000,0.1,58.09
1125,Nominal,1.000000000,697.080000,0.1,58.09
1126,Nominal,1.000000000,697.080000,0.1,58.09
1127,Nominal,1.000000000,697.080000,0.1,58.09
1128,Nominal,0.361595035,419.173532,0.1,58.09
1129,Nominal,0.429732859,456.963912,0.1,58.09
1130,Nominal,0.219125047,326.308686,0.1,58.09
1131,Nominal,0.322493225,395.861185,0.1,58.09
1132,Nominal,0.770809114,612.006512,0.1,58.09
1133,Nominal,0.512582242,499.073374,0.1,58.09
1134,Nominal,0.216027871,323.994408,0.1,58.09
1135,Nominal,0.526132405,505.626873,0.1,58.09
1136,Nominal,0.573751450,528.012885,0.1,58.09
1137,Nominal,0.472319007,479.071498,0.1,58.09
1138,Nominal,0.173828885,290.632110,0.1,58.09
1139,Nominal,0.166473091,284.416406,0.1,58.09
1140,Nominal,0.718157172,590.734552,0.1,58.09
1141,Nominal,0.149051487,269.122978,0.1,58.09
1142,Nominal,0.262098342,356.873877,0.1,58.09
1143,Nominal,0.559427023,521.379970,0.1,58.09
1144,Nominal,0.171506003,288.683715,0.1,58.09
1145,Nominal,0.320170343,394.432937,0.1,58.09
1146,Nominal,0.368563682,423.193405,0.1,58.09
1147,Nominal,0.461866051,473.740641,0.1,58.09
1148,Nominal,1.000000000,697.080000,0.1,58.09
1149,Nominal,1.000000000,697.080000,0.1,58.09
1150,Nominal,1.000000000,697.080000,0.1,58.09
1151,Nominal,1.000000000,697.080000,0.1,58.09
1152,Nominal,0.591173053,535.969328,0.1,58.09
1153,Nominal,0.586914420,534.035358,0.1,58.09
1154,Nominal,0.290360034,375.622018,0.1,58.09
1155,Nominal,0.346496314,410.328736,0.1,58.09
1156,Nominal,0.747967482,602.870428,0.1,58.09
1157,Nominal,0.690282643,579.156719,0.1,58.09
1158,Nominal,0.354239255,414.888088,0.1,58.09
1159,Nominal,0.446380168,465.730916,0.1,58.09
1160,Nominal,0.445993036,465.528915,0.1,58.09
1161,Nominal,0.627177715,552.049387,0.1,58.09
1162,Nominal,0.171506003,288.683715,0.1,58.09
1163,Nominal,0.127371266,248.781657,0.1,58.09
1164,Nominal,0.730158746,595.650168,0.1,58.09
1165,Nominal,0.138598531,259.514684,0.1,58.09
1166,Nominal,0.384049565,431.992554,0.1,58.09
1167,Nominal,0.599303126,539.642188,0.1,58.09
1168,Nominal,0.177313209,293.530454,0.1,58.09
1169,Nominal,0.310491681,388.425387,0.1,58.09
1170,Nominal,0.326751828,398.466335,0.1,58.09
1171,Nominal,0.546651185,515.392114,0.1,58.09
1172,Nominal,1.000000000,697.080000,0.1,58.09
1173,Nominal,1.000000000,697.080000,0.1,58.09
1174,Nominal,1.000000000,697.080000,0.1,58.09
1175,Nominal,1.000000000,697.080000,0.1,58.09
1176,Nominal,0.637630641,556.630773,0.1,58.09
1177,Nominal,0.604336023,541.903385,0.1,58.09
1178,Nominal,0.253581107,351.027442,0.1,58.09
1179,Nominal,0.295005798,378.615072,0.1,58.09
1180,Nominal,0.584978700,533.153972,0.1,58.09
1181,Nominal,0.757646143,606.758447,0.1,58.09
1182,Nominal,0.381726682,430.684142,0.1,58.09
1183,Nominal,0.373983741,426.293767,0.1,58.09
1184,Nominal,0.306620210,385.996184,0.1,58.09
1185,Nominal,0.728610158,595.018177,0.1,58.09
1186,Nominal,0.151374370,271.211935,0.1,58.09
1187,Nominal,0.226093695,331.456735,0.1,58.09
1188,Nominal,0.727835834,594.701918,0.1,58.09
1189,Nominal,0.147115752,267.369714,0.1,58.09
1190,Nominal,0.363143623,420.070161,0.1,58.09
1191,Nominal,0.642663598,558.823258,0.1,58.09
1192,Nominal,0.295392960,378.863436,0.1,58.09
1193,Nominal,0.305458754,385.264427,0.1,58.09
1194,Nominal,0.318621755,393.477891,0.1,58.09
1195,Nominal,0.579558671,530.678296,0.1,58.09
1196,Nominal,1.000000000,697.080000,0.1,58.09
1197,Nominal,1.000000000,697.080000,0.1,58.09
1198,Nominal,1.000000000,697.080000,0.1,58.09
1199,Nominal,1.000000000,697.080000,0.1,58.09
1200,Nominal,0.650406480,562.179561,0.1,58.09
1201,Nominal,0.626790583,551.878981,0.1,58.09
1202,Nominal,0.242353857,343.168637,0.1,58.09
1203,Nominal,0.280294240,369.053823,0.1,58.09
1204,Nominal,0.759581864,607.533060,0.1,58.09
1205,Nominal,0.814169586,628.984669,0.1,58.09
1206,Nominal,0.451025933,468.148223,0.1,58.09
1207,Nominal,0.194347665,307.306882,0.1,58.09
1208,Nominal,0.360820740,418.724497,0.1,58.09
1209,Nominal,0.739450276,599.428117,0.1,58.09
1210,Nominal,0.156020135,275.342307,0.1,58.09
1211,Nominal,0.259001166,354.759049,0.1,58.09
1212,Nominal,0.615950465,547.085893,0.1,58.09
1213,Nominal,0.180797517,296.400447,0.1,58.09
1214,Nominal,0.463027477,474.335910,0.1,58.09
1215,Nominal,0.684475422,576.715404,0.1,58.09
1216,Nominal,0.259775460,355.288936,0.1,58.09
1217,Nominal,0.262485474,357.137340,0.1,58.09
1218,Nominal,0.307007343,386.239782,0.1,58.09
1219,Nominal,0.557491302,520.477153,0.1,58.09
1220,Nominal,1.000000000,697.080000,0.1,58.09
1221,Nominal,1.000000000,697.080000,0.1,58.09
1222,Nominal,1.000000000,697.080000,0.1,58.09
1223,Nominal,1.000000000,697.080000,0.1,58.09
1224,Nominal,0.660859466,566.679080,0.1,58.09
1225,Nominal,0.658536613,565.682294,0.1,58.09
1226,Nominal,0.242353857,343.168637,0.1,58.09
1227,Nominal,0.255903989,352.631537,0.1,58.09
1228,Nominal,0.670150995,570.648863,0.1,58.09
1229,Nominal,0.864885807,648.279081,0.1,58.09
1230,Nominal,0.404568344,443.382524,0.1,58.09
1231,Nominal,0.207123503,317.246847,0.1,58.09
1232,Nominal,0.233062327,336.526030,0.1,58.09
1233,Nominal,0.819202483,630.925750,0.1,58.09
1234,Nominal,0.222996518,329.178653,0.1,58.09
1235,Nominal,0.188540459,302.680820,0.1,58.09
1236,Nominal,0.606658936,542.943855,0.1,58.09
1237,Nominal,0.152148664,271.904687,0.1,58.09
1238,Nominal,0.529616714,507.298366,0.1,58.09
1239,Nominal,0.645760715,560.168177,0.1,58.09
1240,Nominal,0.219899341,326.884695,0.1,58.09
1241,Nominal,0.231513739,335.406139,0.1,58.09
1242,Nominal,0.310104519,388.183141,0.1,58.09
1243,Nominal,0.566008508,524.437939,0.1,58.09
1244,Nominal,1.000000000,697.080000,0.1,58.09
1245,Nominal,1.000000000,697.080000,0.1,58.09
1246,Nominal,1.000000000,697.080000,0.1,58.09
1247,Nominal,1.000000000,697.080000,0.1,58.09
1248,Nominal,0.567944229,525.333950,0.1,58.09
1249,Nominal,0.599303126,539.642188,0.1,58.09
1250,Nominal,0.159117311,278.061805,0.1,58.09
1251,Nominal,0.236546651,339.032259,0.1,58.09
1252,Nominal,0.590785921,535.793809,0.1,58.09
1253,Nominal,0.807588100,626.437255,0.1,58.09
1254,Nominal,0.434765786,459.632048,0.1,58.09
1255,Nominal,0.122338369,243.816991,0.1,58.09
1256,Nominal,0.160665900,279.411629,0.1,58.09
1257,Nominal,0.839721262,638.778364,0.1,58.09
1258,Nominal,0.154084399,273.628895,0.1,58.09
1259,Nominal,0.164150208,282.425133,0.1,58.09
1260,Nominal,0.576074362,529.080672,0.1,58.09
1261,Nominal,0.142470002,263.114231,0.1,58.09
1262,Nominal,0.549361229,516.668073,0.1,58.09
1263,Nominal,0.666279495,568.998140,0.1,58.09
1264,Nominal,0.181571811,297.034460,0.1,58.09
1265,Nominal,0.215253577,323.413252,0.1,58.09
1266,Nominal,0.269841284,362.106916,0.1,58.09
1267,Nominal,0.502903581,494.339127,0.1,58.09
1268,Nominal,1.000000000,697.080000,0.1,58.09
1269,Nominal,1.000000000,697.080000,0.1,58.09
1270,Nominal,1.000000000,697.080000,0.1,58.09
1271,Nominal,1.000000000,697.080000,0.1,58.09
1272,Nominal,0.526519537,505.812861,0.1,58.09
1273,Nominal,0.597754538,538.944524,0.1,58.09
1274,Nominal,0.125435546,246.883994,0.1,58.09
1275,Nominal,0.227255136,332.306989,0.1,58.09
1276,Nominal,0.505613625,495.669284,0.1,58.09
1277,Nominal,0.762291908,608.615877,0.1,58.09
1278,Nominal,0.461866051,473.740641,0.1,58.09
1279,Nominal,0.051490515,158.178059,0.1,58.09
1280,Nominal,0.089818038,208.912490,0.1,58.09
1281,Nominal,0.753387511,605.050788,0.1,58.09
1282,Nominal,0.210220680,319.609986,0.1,58.09
1283,Nominal,0.115756869,237.167955,0.1,58.09
1284,Nominal,0.384436697,432.210229,0.1,58.09
1285,Nominal,0.094850950,214.685872,0.1,58.09
1286,Nominal,0.487417728,486.668551,0.1,58.09
1287,Nominal,0.535036802,509.887600,0.1,58.09
1288,Nominal,0.185443282,300.184439,0.1,58.09
1289,Nominal,0.111885406,233.168213,0.1,58.09
1290,Nominal,0.267905533,360.805762,0.1,58.09
1291,Nominal,0.410375535,446.553352,0.1,58.09
1292,Nominal,1.000000000,697.080000,0.1,58.09
1293,Nominal,1.000000000,697.080000,0.1,58.09
1294,Nominal,1.000000000,697.080000,0.1,58.09
1295,Nominal,1.000000000,697.080000,0.1,58.09
1296,Nominal,0.367402256,422.526091,0.1,58.09
1297,Nominal,0.428958565,456.552047,0.1,58.09
1298,Missing_Unintentional,0.036391791,132.979390,0.1,58.09
1299,Nominal,0.159891605,278.737534,0.1,58.09
1300,Missing_Unintentional,0.007355788,59.785686,0.1,58.09
1301,Nominal,0.130855590,252.161490,0.1,58.09
1302,Nominal,0.092915215,212.483905,0.1,58.09
1303,Missing_Unintentional,0.006581495,56.551599,0.1,58.09
1304,Nominal,0.379790932,429.590747,0.1,58.09
1305,Nominal,0.488192022,487.054950,0.1,58.09
1306,Nominal,0.391792476,436.325574,0.1,58.09
1307,Missing_Unintentional,0.032520324,125.707171,0.1,58.09
1308,Missing_Unintentional,0.016647309,89.940365,0.1,58.09
1309,Nominal,0.585753024,533.506717,0.1,58.09
1310,Expected_Missing_But_Material_Present,0.069299266,183.504593,0.1,58.09
1311,Nominal,0.082462251,200.175175,0.1,58.09
1312,Nominal,0.198993415,310.958172,0.1,58.09
1313,Nominal,0.049554780,155.176302,0.1,58.09
1314,Nominal,0.354239255,414.888088,0.1,58.09
1315,Nominal,0.423925668,453.865821,0.1,58.09
1316,Nominal,0.200929150,312.466956,0.1,58.09
1317,Nominal,0.066589236,179.880729,0.1,58.09
1318,Nominal,0.283004254,370.833623,0.1,58.09
1319,Nominal,0.271777004,363.403391,0.1,58.09
1320,Nominal,0.922957778,669.689577,0.1,58.09
1321,Nominal,1.000000000,697.080000,0.1,58.09
1322,Nominal,1.000000000,697.080000,0.1,58.09
1323,Nominal,0.993031383,694.646912,0.1,58.09
1324,Nominal,0.068912119,182.991292,0.1,58.09
1325,Nominal,0.229190856,333.719256,0.1,58.09
1326,Nominal,0.092140920,211.596703,0.1,58.09
1327,Nominal,0.244676739,344.809295,0.1,58.09
1328,Nominal,0.484320551,485.119879,0.1,58.09
1329,Nominal,0.322493225,395.861185,0.1,58.09
1330,Nominal,0.170344561,287.704569,0.1,58.09
1331,Nominal,0.585365832,533.330360,0.1,58.09
1332,Nominal,0.536585391,510.624966,0.1,58.09
1333,Nominal,0.218350753,325.731658,0.1,58.09
1334,Nominal,0.178474635,294.490218,0.1,58.09
1335,Nominal,0.239643827,341.244567,0.1,58.09
1336,Nominal,0.524583817,504.882208,0.1,58.09
1337,Nominal,0.166860238,284.746931,0.1,58.09
1338,Nominal,0.243902445,344.263278,0.1,58.09
1339,Nominal,0.461478889,473.542041,0.1,58.09
1340,Nominal,0.191250488,304.848385,0.1,58.09
1341,Nominal,0.244676739,344.809295,0.1,58.09
1342,Nominal,0.379790932,429.590747,0.1,58.09
1343,Nominal,0.251258224,349.415982,0.1,58.09
1344,Nominal,1.000000000,697.080000,0.1,58.09
1345,Nominal,1.000000000,697.080000,0.1,58.09
1346,Nominal,1.000000000,697.080000,0.1,58.09
1347,Nominal,1.000000000,697.080000,0.1,58.09
1348,Nominal,0.240418121,341.795407,0.1,58.09
1349,Nominal,0.421215653,452.412789,0.1,58.09
1350,Nominal,0.200154856,311.864318,0.1,58.09
1351,Nominal,0.324041814,396.810495,0.1,58.09
1352,Nominal,0.714285731,589.140135,0.1,58.09
1353,Nominal,0.440185845,462.488203,0.1,58.09
1354,Nominal,0.336817652,404.557302,0.1,58.09
1355,Nominal,0.493999213,489.943219,0.1,58.09
1356,Nominal,0.372822315,425.631314,0.1,58.09
1357,Nominal,0.453348815,469.352208,0.1,58.09
1358,Nominal,0.167634532,285.406832,0.1,58.09
1359,Nominal,0.161053032,279.748054,0.1,58.09
1360,Nominal,0.663182318,567.674115,0.1,58.09
1361,Nominal,0.147502899,267.721285,0.1,58.09
1362,Nominal,0.281455666,369.817638,0.1,58.09
1363,Nominal,0.510646522,498.130130,0.1,58.09
1364,Nominal,0.181958959,297.350959,0.1,58.09
1365,Nominal,0.285327137,372.352403,0.1,58.09
1366,Nominal,0.357336432,416.697861,0.1,58.09
1367,Nominal,0.366627961,422.080623,0.1,58.09
1368,Nominal,1.000000000,697.080000,0.1,58.09
1369,Nominal,1.000000000,697.080000,0.1,58.09
1370,Nominal,1.000000000,697.080000,0.1,58.09
1371,Nominal,1.000000000,697.080000,0.1,58.09
1372,Nominal,0.498644978,492.241638,0.1,58.09
1373,Nominal,0.529616714,507.298366,0.1,58.09
1374,Nominal,0.249709636,348.337534,0.1,58.09
1375,Nominal,0.341076255,407.106808,0.1,58.09
1376,Nominal,0.711575687,588.021456,0.1,58.09
1377,Nominal,0.586527288,533.859203,0.1,58.09
1378,Nominal,0.349593490,412.158529,0.1,58.09
1379,Nominal,0.412698418,447.815400,0.1,58.09
1380,Nominal,0.512582242,499.073374,0.1,58.09
1381,Nominal,0.510646522,498.130130,0.1,58.09
1382,Nominal,0.169183120,286.722079,0.1,58.09
1383,Nominal,0.149051487,269.122978,0.1,58.09
1384,Nominal,0.703058481,584.491700,0.1,58.09
1385,Nominal,0.121176928,242.656870,0.1,58.09
1386,Nominal,0.327913284,399.173892,0.1,58.09
1387,Nominal,0.572589993,527.478181,0.1,58.09
1388,Nominal,0.164150208,282.425133,0.1,58.09
1389,Nominal,0.288811445,374.619019,0.1,58.09
1390,Nominal,0.349206358,411.930258,0.1,58.09
1391,Nominal,0.452574521,468.951223,0.1,58.09
1392,Nominal,1.000000000,697.080000,0.1,58.09
1393,Nominal,1.000000000,697.080000,0.1,58.09
1394,Nominal,1.000000000,697.080000,0.1,58.09
1395,Nominal,1.000000000,697.080000,0.1,58.09
1396,Nominal,0.516066611,500.766771,0.1,58.09
1397,Nominal,0.574912906,528.547048,0.1,58.09
1398,Nominal,0.264808357,358.714115,0.1,58.09
1399,Nominal,0.346109182,410.099446,0.1,58.09
1400,Nominal,0.678281069,574.099899,0.1,58.09
1401,Nominal,0.672473848,571.636988,0.1,58.09
1402,Nominal,0.389082462,434.813931,0.1,58.09
1403,Nominal,0.379790932,429.590747,0.1,58.09
1404,Nominal,0.458768874,472.149566,0.1,58.09
1405,Nominal,0.650793672,562.346871,0.1,58.09
1406,Nominal,0.165698797,283.754201,0.1,58.09
1407,Nominal,0.145954311,266.312214,0.1,58.09
1408,Nominal,0.667053819,569.328677,0.1,58.09
1409,Nominal,0.133565620,254.759251,0.1,58.09
1410,Nominal,0.458381712,471.950297,0.1,58.09
1411,Nominal,0.617111862,547.601425,0.1,58.09
1412,Nominal,0.161053032,279.748054,0.1,58.09
1413,Nominal,0.265195519,358.976247,0.1,58.09
1414,Nominal,0.354239255,414.888088,0.1,58.09
1415,Nominal,0.505613625,495.669284,0.1,58.09
1416,Nominal,1.000000000,697.080000,0.1,58.09
1417,Nominal,1.000000000,697.080000,0.1,58.09
1418,Nominal,1.000000000,697.080000,0.1,58.09
1419,Nominal,1.000000000,697.080000,0.1,58.09
1420,Nominal,0.555555582,519.572768,0.1,58.09
1421,Nominal,0.585365832,533.330360,0.1,58.09
1422,Nominal,0.253581107,351.027442,0.1,58.09
1423,Nominal,0.343786299,408.720956,0.1,58.09
1424,Nominal,0.602400303,541.034816,0.1,58.09
1425,Nominal,0.723577261,592.959563,0.1,58.09
1426,Nominal,0.454897404,470.153152,0.1,58.09
1427,Nominal,0.315524578,391.560811,0.1,58.09
1428,Nominal,0.344560593,409.180968,0.1,58.09
1429,Nominal,0.706155658,585.777713,0.1,58.09
1430,Nominal,0.170731708,288.031321,0.1,58.09
1431,Nominal,0.123112656,244.587340,0.1,58.09
1432,Nominal,0.615176141,546.741908,0.1,58.09
1433,Nominal,0.131242737,252.534235,0.1,58.09
1434,Nominal,0.451025933,468.148223,0.1,58.09
1435,Nominal,0.589624465,535.266878,0.1,58.09
1436,Nominal,0.126209840,247.644810,0.1,58.09
1437,Nominal,0.238869533,340.692837,0.1,58.09
1438,Nominal,0.338753402,405.718168,0.1,58.09
1439,Nominal,0.471544713,478.678655,0.1,58.09
1440,Nominal,1.000000000,697.080000,0.1,58.09
1441,Nominal,1.000000000,697.080000,0.1,58.09
1442,Nominal,1.000000000,697.080000,0.1,58.09
1443,Nominal,1.000000000,697.080000,0.1,58.09
1444,Nominal,0.529229581,507.112923,0.1,58.09
1445,Nominal,0.587688744,534.387522,0.1,58.09
1446,Nominal,0.229190856,333.719256,0.1,58.09
1447,Nominal,0.296941549,379.855227,0.1,58.09
1448,Nominal,0.534262478,509.518503,0.1,58.09
1449,Nominal,0.792489350,620.553658,0.1,58.09
1450,Nominal,0.421215653,452.412789,0.1,58.09
1451,Nominal,0.204026327,314.865971,0.1,58.09
1452,Nominal,0.259775460,355.288936,0.1,58.09
1453,Nominal,0.689895451,578.994267,0.1,58.09
1454,Nominal,0.138211384,259.151980,0.1,58.09
1455,Nominal,0.116918311,238.354792,0.1,58.09
1456,Nominal,0.493612081,489.751204,0.1,58.09
1457,Nominal,0.108401082,229.508847,0.1,58.09
1458,Nominal,0.503677905,494.719549,0.1,58.09
1459,Nominal,0.638017833,556.799750,0.1,58.09
1460,Nominal,0.112272553,233.571270,0.1,58.09
1461,Nominal,0.205187768,315.760903,0.1,58.09
1462,Nominal,0.344947726,409.410772,0.1,58.09
1463,Nominal,0.447541624,466.336425,0.1,58.09
1464,Nominal,1.000000000,697.080000,0.1,58.09
1465,Nominal,1.000000000,697.080000,0.1,58.09
1466,Nominal,1.000000000,697.080000,0.1,58.09
1467,Nominal,1.000000000,697.080000,0.1,58.09
1468,Nominal,0.497096390,491.476693,0.1,58.09
1469,Nominal,0.581494391,531.563788,0.1,58.09
1470,Nominal,0.193573371,306.694105,0.1,58.09
1471,Nominal,0.324041814,396.810495,0.1,58.09
1472,Nominal,0.479287654,482.592695,0.1,58.09
1473,Nominal,0.766937673,610.467655,0.1,58.09
1474,Nominal,0.447928756,466.538077,0.1,58.09
1475,Nominal,0.051490515,158.178059,0.1,58.09
1476,Nominal,0.172667444,289.659550,0.1,58.09
1477,Nominal,0.763066173,608.924886,0.1,58.09
1478,Nominal,0.080139376,197.335673,0.1,58.09
1479,Nominal,0.138211384,259.151980,0.1,58.09
1480,Nominal,0.479674786,482.787556,0.1,58.09
1481,Nominal,0.084785134,202.974966,0.1,58.09
1482,Nominal,0.459930301,472.746839,0.1,58.09
1483,Nominal,0.534262478,509.518503,0.1,58.09
1484,Nominal,0.170344561,287.704569,0.1,58.09
1485,Nominal,0.141695708,262.398272,0.1,58.09
1486,Nominal,0.255516827,352.364685,0.1,58.09
1487,Nominal,0.364305079,420.741388,0.1,58.09
1488,Nominal,1.000000000,697.080000,0.1,58.09
1489,Nominal,1.000000000,697.080000,0.1,58.09
1490,Nominal,1.000000000,697.080000,0.1,58.09
1491,Nominal,1.000000000,697.080000,0.1,58.09
1492,Nominal,0.428571433,456.345983,0.1,58.09
1493,Nominal,0.575300038,528.724973,0.1,58.09
1494,Nominal,0.153310105,272.940519,0.1,58.09
1495,Nominal,0.314363152,390.839492,0.1,58.09
1496,Nominal,0.389856756,435.246367,0.1,58.09
1497,Nominal,0.735578775,597.856861,0.1,58.09
1498,Nominal,0.440960109,462.894770,0.1,58.09
1499,Nominal,0.083236545,201.112769,0.1,58.09
1500,Nominal,0.111111112,232.360001,0.1,58.09
1501,Nominal,0.710027099,587.381257,0.1,58.09
1502,Nominal,0.094076656,213.807806,0.1,58.09
1503,Nominal,0.121564075,243.044192,0.1,58.09
1504,Nominal,0.347657770,411.015871,0.1,58.09
1505,Nominal,0.081300810,198.760490,0.1,58.09
1506,Nominal,0.448703051,466.941134,0.1,58.09
1507,Nominal,0.532713890,508.779534,0.1,58.09
1508,Nominal,0.197444826,309.745854,0.1,58.09
1509,Nominal,0.102981031,223.697556,0.1,58.09
1510,Nominal,0.281068534,369.563215,0.1,58.09
1511,Nominal,0.312427402,389.634300,0.1,58.09
1512,Nominal,1.000000000,697.080000,0.1,58.09
1513,Nominal,1.000000000,697.080000,0.1,58.09
1514,Nominal,0.999225736,696.810086,0.1,58.09
1515,Nominal,1.000000000,697.080000,0.1,58.09
1516,Nominal,0.317847461,392.999498,0.1,58.09
1517,Nominal,0.428958565,456.552047,0.1,58.09
1518,Nominal,0.073557876,189.058938,0.1,58.09
1519,Nominal,0.223770812,329.749649,0.1,58.09
1520,Missing_Unintentional,0.021293070,101.718926,0.1,58.09
1521,Nominal,0.223383665,329.464274,0.1,58.09
1522,Nominal,0.111498259,232.764458,0.1,58.09
1523,Missing_Unintentional,0.007355788,59.785686,0.1,58.09
1524,Nominal,0.310104519,388.183141,0.1,58.09
1525,Nominal,0.396051109,438.690510,0.1,58.09
1526,Nominal,0.418118477,450.746437,0.1,58.09
1527,Nominal,0.042198993,143.196917,0.1,58.09
1528,Nominal,0.050329074,156.383919,0.1,58.09
1529,Nominal,0.638017833,556.799750,0.1,58.09
1530,Nominal,0.195896238,308.528772,0.1,58.09
1531,Nominal,0.075493611,191.530403,0.1,58.09
1532,Nominal,0.146341458,266.665180,0.1,58.09
1533,Nominal,0.050329074,156.383919,0.1,58.09
1534,Nominal,0.335656226,403.859196,0.1,58.09
1535,Nominal,0.301974446,383.060807,0.1,58.09
1536,Nominal,0.243128151,343.716393,0.1,58.09
1537,Missing_Unintentional,0.042973287,144.504680,0.1,58.09
1538,Nominal,0.197831973,310.049378,0.1,58.09
1539,Nominal,0.185830429,300.497621,0.1,58.09
1540,Nominal,0.995741367,695.594113,0.1,58.09
1541,Nominal,1.000000000,697.080000,0.1,58.09
1542,Nominal,1.000000000,697.080000,0.1,58.09
1543,Nominal,1.000000000,697.080000,0.1,58.09
1544,Nominal,0.056136277,165.159829,0.1,58.09
1545,Nominal,0.182733253,297.982950,0.1,58.09
1546,Nominal,0.085172281,203.437852,0.1,58.09
1547,Nominal,0.216802165,324.574525,0.1,58.09
1548,Nominal,0.575687170,528.902839,0.1,58.09
1549,Nominal,0.328300416,399.409453,0.1,58.09
1550,Nominal,0.148664340,268.773240,0.1,58.09
1551,Nominal,0.569105685,525.870834,0.1,58.09
1552,Nominal,0.556716979,520.115571,0.1,58.09
1553,Nominal,0.173054591,289.984099,0.1,58.09
1554,Nominal,0.142857149,263.471481,0.1,58.09
1555,Nominal,0.228803724,333.437290,0.1,58.09
1556,Nominal,0.524196684,504.695878,0.1,58.09
1557,Nominal,0.159117311,278.061805,0.1,58.09
1558,Nominal,0.221447930,328.033679,0.1,58.09
1559,Nominal,0.374370873,426.514351,0.1,58.09
1560,Nominal,0.198219121,310.352605,0.1,58.09
1561,Nominal,0.189314753,303.301705,0.1,58.09
1562,Nominal,0.319783211,394.194401,0.1,58.09
1563,Nominal,0.199380562,311.260514,0.1,58.09
1564,Nominal,1.000000000,697.080000,0.1,58.09
1565,Nominal,1.000000000,697.080000,0.1,58.09
1566,Nominal,1.000000000,697.080000,0.1,58.09
1567,Nominal,1.000000000,697.080000,0.1,58.09
1568,Nominal,0.305071622,385.020211,0.1,58.09
1569,Nominal,0.412698418,447.815400,0.1,58.09
1570,Nominal,0.245063886,345.081979,0.1,58.09
1571,Nominal,0.373596579,426.073053,0.1,58.09
1572,Nominal,0.648083627,561.174783,0.1,58.09
1573,Nominal,0.422377080,453.036083,0.1,58.09
1574,Nominal,0.269066989,361.587020,0.1,58.09
1575,Nominal,0.523035228,504.136443,0.1,58.09
1576,Nominal,0.490514904,488.212311,0.1,58.09
1577,Nominal,0.295005798,378.615072,0.1,58.09
1578,Nominal,0.180410370,296.082931,0.1,58.09
1579,Nominal,0.147890046,268.072395,0.1,58.09
1580,Nominal,0.652342260,563.015536,0.1,58.09
1581,Nominal,0.152922958,272.595679,0.1,58.09
1582,Nominal,0.298102975,380.597365,0.1,58.09
1583,Nominal,0.430120021,457.169714,0.1,58.09
1584,Nominal,0.235385209,338.198913,0.1,58.09
1585,Nominal,0.252032518,349.953960,0.1,58.09
1586,Nominal,0.296167254,379.359655,0.1,58.09
1587,Nominal,0.259001166,354.759049,0.1,58.09
1588,Nominal,1.000000000,697.080000,0.1,58.09
1589,Nominal,1.000000000,697.080000,0.1,58.09
1590,Nominal,1.000000000,697.080000,0.1,58.09
1591,Nominal,1.000000000,697.080000,0.1,58.09
1592,Nominal,0.381726682,430.684142,0.1,58.09
1593,Nominal,0.455671698,470.553112,0.1,58.09
1594,Nominal,0.244676739,344.809295,0.1,58.09
1595,Nominal,0.363143623,420.070161,0.1,58.09
1596,Nominal,0.584978700,533.153972,0.1,58.09
1597,Nominal,0.488579184,487.248042,0.1,58.09
1598,Nominal,0.337591946,405.022044,0.1,58.09
1599,Nominal,0.490127772,488.019615,0.1,58.09
1600,Nominal,0.517615199,501.517547,0.1,58.09
1601,Nominal,0.440185845,462.488203,0.1,58.09
1602,Nominal,0.193960518,307.000646,0.1,58.09
1603,Nominal,0.141695708,262.398272,0.1,58.09
1604,Nominal,0.538521111,511.545171,0.1,58.09
1605,Nominal,0.160278752,279.074785,0.1,58.09
1606,Nominal,0.346883476,410.557914,0.1,58.09
1607,Nominal,0.531165302,508.039490,0.1,58.09
1608,Nominal,0.168408826,286.065212,0.1,58.09
1609,Nominal,0.259001166,354.759049,0.1,58.09
1610,Nominal,0.334107637,402.926493,0.1,58.09
1611,Nominal,0.387533873,433.947766,0.1,58.09
1612,Nominal,1.000000000,697.080000,0.1,58.09
1613,Nominal,1.000000000,697.080000,0.1,58.09
1614,Nominal,1.000000000,697.080000,0.1,58.09
1615,Nominal,1.000000000,697.080000,0.1,58.09
1616,Nominal,0.445605874,465.326811,0.1,58.09
1617,Nominal,0.479287654,482.592695,0.1,58.09
1618,Nominal,0.248935342,347.797056,0.1,58.09
1619,Nominal,0.361595035,419.173532,0.1,58.09
1620,Nominal,0.613627553,546.053316,0.1,58.09
1621,Nominal,0.582655847,532.094386,0.1,58.09
1622,Nominal,0.439024389,461.877648,0.1,58.09
1623,Nominal,0.385598153,432.862631,0.1,58.09
1624,Nominal,0.457220286,471.352015,0.1,58.09
1625,Nominal,0.511807978,498.696303,0.1,58.09
1626,Nominal,0.156794429,276.024693,0.1,58.09
1627,Nominal,0.143631443,264.184531,0.1,58.09
1628,Nominal,0.522648096,503.949837,0.1,58.09
1629,Nominal,0.146728605,267.017679,0.1,58.09
1630,Nominal,0.337979108,405.254224,0.1,58.09
1631,Nominal,0.537746787,511.177270,0.1,58.09
1632,Nominal,0.170731708,288.031321,0.1,58.09
1633,Nominal,0.265195519,358.976247,0.1,58.09
1634,Nominal,0.303523034,384.041759,0.1,58.09
1635,Nominal,0.343786299,408.720956,0.1,58.09
1636,Nominal,1.000000000,697.080000,0.1,58.09
1637,Nominal,1.000000000,697.080000,0.1,58.09
1638,Nominal,1.000000000,697.080000,0.1,58.09
1639,Nominal,1.000000000,697.080000,0.1,58.09
1640,Nominal,0.422764242,453.243668,0.1,58.09
1641,Nominal,0.487804890,486.861796,0.1,58.09
1642,Nominal,0.229578003,334.000994,0.1,58.09
1643,Nominal,0.359659314,418.050049,0.1,58.09
1644,Nominal,0.543166876,513.746955,0.1,58.09
1645,Nominal,0.602787435,541.208636,0.1,58.09
1646,Nominal,0.419667065,451.580382,0.1,58.09
1647,Nominal,0.258226871,354.228369,0.1,58.09
1648,Nominal,0.393728226,437.402134,0.1,58.09
1649,Nominal,0.617886186,547.944870,0.1,58.09
1650,Nominal,0.156794429,276.024693,0.1,58.09
1651,Nominal,0.132404178,253.649183,0.1,58.09
1652,Nominal,0.478513360,482.202721,0.1,58.09
1653,Nominal,0.141695708,262.398272,0.1,58.09
1654,Nominal,0.414247006,448.654793,0.1,58.09
1655,Nominal,0.562911332,523.001119,0.1,58.09
1656,Nominal,0.142857149,263.471481,0.1,58.09
1657,Nominal,0.205187768,315.760903,0.1,58.09
1658,Nominal,0.276422769,366.496245,0.1,58.09
1659,Nominal,0.310491681,388.425387,0.1,58.09
1660,Nominal,1.000000000,697.080000,0.1,58.09
1661,Nominal,1.000000000,697.080000,0.1,58.09
1662,Nominal,1.000000000,697.080000,0.1,58.09
1663,Nominal,1.000000000,697.080000,0.1,58.09
1664,Nominal,0.374758035,426.734838,0.1,58.09
1665,Nominal,0.528842449,506.927412,0.1,58.09
1666,Missing_Intentional,0.022454510,104.456245,0.1,58.09
1667,Nominal,0.352303535,413.752969,0.1,58.09
1668,Nominal,0.477351904,481.617160,0.1,58.09
1669,Nominal,0.677893937,573.936040,0.1,58.09
1670,Nominal,0.427409977,455.727200,0.1,58.09
1671,Nominal,0.259775460,355.288936,0.1,58.09
1672,Nominal,0.282617122,370.579898,0.1,58.09
1673,Nominal,0.595431685,537.896345,0.1,58.09
1674,Nominal,0.138985679,259.876883,0.1,58.09
1675,Nominal,0.123886950,245.355277,0.1,58.09
1676,Nominal,0.431668609,457.991963,0.1,58.09
1677,Nominal,0.111498259,232.764458,0.1,58.09
1678,Nominal,0.436314374,460.449900,0.1,58.09
1679,Nominal,0.575300038,528.724973,0.1,58.09
1680,Nominal,0.142082855,262.756495,0.1,58.09
1681,Nominal,0.209059238,318.725862,0.1,58.09
1682,Nominal,0.322493225,395.861185,0.1,58.09
1683,Nominal,0.326364696,398.230216,0.1,58.09
1684,Nominal,1.000000000,697.080000,0.1,58.09
1685,Nominal,1.000000000,697.080000,0.1,58.09
1686,Nominal,1.000000000,697.080000,0.1,58.09
1687,Nominal,1.000000000,697.080000,0.1,58.09
1688,Nominal,0.405729771,444.018495,0.1,58.09
1689,Nominal,0.521873772,503.576388,0.1,58.09
1690,Nominal,0.178087488,294.170641,0.1,58.09
1691,Nominal,0.347270608,410.786948,0.1,58.09
1692,Nominal,0.384049565,431.992554,0.1,58.09
1693,Nominal,0.712349951,588.341281,0.1,58.09
1694,Nominal,0.507162213,496.427769,0.1,58.09
1695,Nominal,0.183894694,298.928430,0.1,58.09
1696,Nominal,0.201316297,312.767839,0.1,58.09
1697,Nominal,0.510646522,498.130130,0.1,58.09
1698,Nominal,0.120402634,241.880366,0.1,58.09
1699,Nominal,0.116531163,237.959838,0.1,58.09
1700,Nominal,0.292295784,376.872022,0.1,58.09
1701,Nominal,0.093689509,213.367419,0.1,58.09
1702,Nominal,0.478126198,482.007608,0.1,58.09
1703,Nominal,0.521099508,503.202690,0.1,58.09
1704,Nominal,0.108788230,229.918320,0.1,58.09
1705,Nominal,0.152535811,272.250402,0.1,58.09
1706,Nominal,0.341076255,407.106808,0.1,58.09
1707,Nominal,0.283004254,370.833623,0.1,58.09
1708,Nominal,1.000000000,697.080000,0.1,58.09
1709,Nominal,1.000000000,697.080000,0.1,58.09
1710,Nominal,1.000000000,697.080000,0.1,58.09
1711,Nominal,1.000000000,697.080000,0.1,58.09
1712,Nominal,0.296554387,379.607513,0.1,58.09
1713,Nominal,0.432830036,458.607674,0.1,58.09
1714,Nominal,0.107626788,228.687703,0.1,58.09
1715,Nominal,0.288424313,374.367859,0.1,58.09
1716,Nominal,0.329461873,400.115342,0.1,58.09
1717,Nominal,0.564072788,523.540396,0.1,58.09
1718,Nominal,0.326364696,398.230216,0.1,58.09
1719,Nominal,0.079752229,196.858439,0.1,58.09
1720,Nominal,0.114208288,235.576212,0.1,58.09
1721,Nominal,0.550522625,517.213925,0.1,58.09
1722,Nominal,0.067750677,181.442677,0.1,58.09
1723,Nominal,0.062330622,174.033700,0.1,58.09
1724,Nominal,0.211382121,320.491671,0.1,58.09
1725,Nominal,0.066202089,179.357057,0.1,58.09
1726,Nominal,0.368950844,423.415621,0.1,58.09
1727,Nominal,0.517228007,501.329937,0.1,58.09
1728,Expected_Missing_But_Material_Present,0.051490515,158.178059,0.1,58.09
1729,Nominal,0.106852494,227.863600,0.1,58.09
1730,Nominal,0.329461873,400.115342,0.1,58.09
1731,Nominal,0.255516827,352.364685,0.1,58.09
1732,Nominal,1.000000000,697.080000,0.1,58.09
1733,Nominal,0.999612868,696.945056,0.1,58.09
1734,Nominal,1.000000000,697.080000,0.1,58.09
1735,Nominal,1.000000000,697.080000,0.1,58.09
1736,Nominal,0.240418121,341.795407,0.1,58.09
1737,Nominal,0.410762668,446.763933,0.1,58.09
1738,Nominal,0.085946575,204.360478,0.1,58.09
1739,Nominal,0.272551298,363.920692,0.1,58.09
1740,Missing_Unintentional,0.006581495,56.551599,0.1,58.09
1741,Nominal,0.102593884,223.276676,0.1,58.09
1742,Nominal,0.148277193,268.423046,0.1,58.09
1743,Missing_Unintentional,0.003097174,38.794076,0.1,58.09
1744,Nominal,0.240805268,342.070494,0.1,58.09
1745,Nominal,0.415795594,449.492619,0.1,58.09
1746,Nominal,0.439024389,461.877648,0.1,58.09
1747,Nominal,0.042586140,143.852284,0.1,58.09
1748,Nominal,0.054587688,162.865829,0.1,58.09
1749,Nominal,0.513356566,499.450191,0.1,58.09
1750,Nominal,0.097560972,217.731208,0.1,58.09
1751,Nominal,0.059233449,169.654793,0.1,58.09
1752,Nominal,0.107239641,228.276024,0.1,58.09
1753,Missing_Unintentional,0.041811846,142.538536,0.1,58.09
1754,Nominal,0.307394505,386.483246,0.1,58.09
1755,Nominal,0.325590402,397.757539,0.1,58.09
1756,Nominal,0.106465347,227.450429,0.1,58.09
1757,Nominal,0.046844754,150.873549,0.1,58.09
1758,Nominal,0.218350753,325.731658,0.1,58.09
1759,Nominal,0.136662796,257.696057,0.1,58.09
1760,Nominal,0.992644191,694.511474,0.1,58.09
1761,Nominal,1.000000000,697.080000,0.1,58.09
1762,Nominal,0.932636440,673.191793,0.1,58.09
1763,Nominal,0.862950087,647.553210,0.1,58.09
1764,Nominal,0.049554780,155.176302,0.1,58.09
1765,Nominal,0.071622148,186.554742,0.1,58.09
1766,Nominal,0.055749130,164.589326,0.1,58.09
1767,Nominal,0.209059238,318.725862,0.1,58.09
1768,Nominal,0.452574521,468.951223,0.1,58.09
1769,Nominal,0.236159503,338.754705,0.1,58.09
1770,Nominal,0.140147120,260.960461,0.1,58.09
1771,Nominal,0.485869139,485.894832,0.1,58.09
1772,Missing_Unintentional,0.000000000,0.000000,0.1,58.09
1773,Missing_Unintentional,0.000000000,0.000000,0.1,58.09
1774,Missing_Unintentional,0.000000000,0.000000,0.1,58.09
1775,Missing_Unintentional,0.000000000,0.000000,0.1,58.09
1776,Nominal,0.418118477,450.746437,0.1,58.09
1777,Nominal,0.118854046,240.319830,0.1,58.09
1778,Nominal,0.180410370,296.082931,0.1,58.09
1779,Nominal,0.172280297,289.334637,0.1,58.09
1780,Nominal,0.488966316,487.441042,0.1,58.09
1781,Nominal,0.137049943,258.060808,0.1,58.09
1782,Nominal,0.191637635,305.156780,0.1,58.09
1783,Nominal,0.302748740,383.551596,0.1,58.09
1784,Nominal,0.173054591,289.984099,0.1,58.09
1785,Nominal,0.166473091,284.416406,0.1,58.09
1786,Nominal,0.205574915,316.058651,0.1,58.09
1787,Nominal,0.146341458,266.665180,0.1,58.09
1788,Nominal,1.000000000,697.080000,0.1,58.09
1789,Nominal,1.000000000,697.080000,0.1,58.09
1790,Nominal,0.958962440,682.626936,0.1,58.09
1791,Nominal,0.946186602,678.064519,0.1,58.09
1792,Nominal,0.239256680,340.968814,0.1,58.09
1793,Nominal,0.259388298,355.024081,0.1,58.09
1794,Nominal,0.246999606,346.442172,0.1,58.09
1795,Nominal,0.336430520,404.324740,0.1,58.09
1796,Nominal,0.536972523,510.809134,0.1,58.09
1797,Nominal,0.324041814,396.810495,0.1,58.09
1798,Nominal,0.263646930,357.926606,0.1,58.09
1799,Nominal,0.423151374,453.451142,0.1,58.09
1800,Missing_Unintentional,0.000000000,0.000000,0.1,58.09
1801,Missing_Unintentional,0.000000000,0.000000,0.1,58.09
1802,Missing_Unintentional,0.000000000,0.000000,0.1,58.09
1803,Missing_Unintentional,0.000000000,0.000000,0.1,58.09
1804,Nominal,0.449090213,467.142540,0.1,58.09
1805,Nominal,0.167634532,285.406832,0.1,58.09
1806,Nominal,0.187766165,302.058659,0.1,58.09
1807,Nominal,0.138598531,259.514684,0.1,58.09
1808,Nominal,0.535811067,510.256402,0.1,58.09
1809,Nominal,0.136275649,257.330789,0.1,58.09
1810,Nominal,0.262098342,356.873877,0.1,58.09
1811,Nominal,0.385985285,433.079869,0.1,58.09
1812,Nominal,0.168795973,286.393834,0.1,58.09
1813,Nominal,0.240805268,342.070494,0.1,58.09
1814,Nominal,0.254742533,351.830393,0.1,58.09
1815,Nominal,0.216415018,324.284596,0.1,58.09
1816,Nominal,1.000000000,697.080000,0.1,58.09
1817,Nominal,1.000000000,697.080000,0.1,58.09
1818,Nominal,0.966705382,685.377260,0.1,58.09
1819,Nominal,0.962833941,684.003491,0.1,58.09
1820,Nominal,0.295780092,379.111617,0.1,58.09
1821,Nominal,0.253968269,351.295310,0.1,58.09
1822,Nominal,0.242741004,343.442624,0.1,58.09
1823,Nominal,0.355787843,415.793959,0.1,58.09
1824,Nominal,0.511033654,498.318916,0.1,58.09
1825,Nominal,0.296167254,379.359655,0.1,58.09
1826,Nominal,0.231513739,335.406139,0.1,58.09
1827,Nominal,0.407278359,444.865052,0.1,58.09
1828,Missing_Unintentional,0.000000000,0.000000,0.1,58.09
1829,Missing_Unintentional,0.000000000,0.000000,0.1,58.09
1830,Missing_Unintentional,0.000000000,0.000000,0.1,58.09
1831,Missing_Unintentional,0.000000000,0.000000,0.1,58.09
1832,Nominal,0.437862962,461.266302,0.1,58.09
1833,Nominal,0.345722020,409.870011,0.1,58.09
1834,Nominal,0.174216032,290.955574,0.1,58.09
1835,Nominal,0.123499803,244.971609,0.1,58.09
1836,Nominal,0.502516448,494.148821,0.1,58.09
1837,Nominal,0.132791325,254.019745,0.1,58.09
1838,Nominal,0.319396049,393.955703,0.1,58.09
1839,Nominal,0.427022845,455.520763,0.1,58.09
1840,Nominal,0.166860238,284.746931,0.1,58.09
1841,Nominal,0.203639179,314.567095,0.1,58.09
1842,Nominal,0.267905533,360.805762,0.1,58.09
1843,Nominal,0.251645386,349.685085,0.1,58.09
1844,Nominal,1.000000000,697.080000,0.1,58.09
1845,Nominal,1.000000000,697.080000,0.1,58.09
1846,Nominal,0.966705382,685.377260,0.1,58.09
1847,Nominal,0.968641102,686.063112,0.1,58.09
1848,Nominal,0.289585739,375.120854,0.1,58.09
1849,Nominal,0.293070078,377.370861,0.1,58.09
1850,Nominal,0.245838165,345.626693,0.1,58.09
1851,Nominal,0.357336432,416.697861,0.1,58.09
1852,Nominal,0.495934963,490.902209,0.1,58.09
1853,Nominal,0.428571433,456.345983,0.1,58.09
1854,Nominal,0.387921035,434.164478,0.1,58.09
1855,Nominal,0.370499432,424.303287,0.1,58.09
1856,Missing_Unintentional,0.000000000,0.000000,0.1,58.09
1857,Missing_Unintentional,0.000000000,0.000000,0.1,58.09
1858,Missing_Unintentional,0.000000000,0.000000,0.1,58.09
1859,Missing_Unintentional,0.000000000,0.000000,0.1,58.09
1860,Nominal,0.358497858,417.374494,0.1,58.09
1861,Nominal,0.363917917,420.517759,0.1,58.09
1862,Nominal,0.160665900,279.411629,0.1,58.09
1863,Nominal,0.135888502,256.965002,0.1,58.09
1864,Nominal,0.440960109,462.894770,0.1,58.09
1865,Nominal,0.116144016,237.564226,0.1,58.09
1866,Nominal,0.326364696,398.230216,0.1,58.09
1867,Nominal,0.441734403,463.300997,0.1,58.09
1868,Nominal,0.147115752,267.369714,0.1,58.09
1869,Nominal,0.234223768,337.363508,0.1,58.09
1870,Nominal,0.272938430,364.179057,0.1,58.09
1871,Nominal,0.219512194,326.596817,0.1,58.09
1872,Nominal,1.000000000,697.080000,0.1,58.09
1873,Nominal,1.000000000,697.080000,0.1,58.09
1874,Nominal,0.972125411,687.295927,0.1,58.09
1875,Nominal,0.966705382,685.377260,0.1,58.09
1876,Nominal,0.293844372,377.869041,0.1,58.09
1877,Nominal,0.298102975,380.597365,0.1,58.09
1878,Nominal,0.237708092,339.863562,0.1,58.09
1879,Nominal,0.364305079,420.741388,0.1,58.09
1880,Nominal,0.426248550,455.107592,0.1,58.09
1881,Nominal,0.409988374,446.342656,0.1,58.09
1882,Nominal,0.354626417,415.114750,0.1,58.09
1883,Nominal,0.274487019,365.210729,0.1,58.09
1884,Missing_Unintentional,0.000000000,0.000000,0.1,58.09
1885,Missing_Unintentional,0.000000000,0.000000,0.1,58.09
1886,Missing_Unintentional,0.000000000,0.000000,0.1,58.09
1887,Missing_Unintentional,0.000000000,0.000000,0.1,58.09
1888,Nominal,0.313975990,390.598743,0.1,58.09
1889,Nominal,0.421215653,452.412789,0.1,58.09
1890,Nominal,0.123499803,244.971609,0.1,58.09
1891,Nominal,0.138211384,259.151980,0.1,58.09
1892,Nominal,0.315524578,391.560811,0.1,58.09
1893,Nominal,0.115756869,237.167955,0.1,58.09
1894,Nominal,0.336043358,404.092026,0.1,58.09
1895,Nominal,0.443670154,464.315017,0.1,58.09
1896,Nominal,0.144018590,264.540336,0.1,58.09
1897,Nominal,0.182346106,297.667122,0.1,58.09
1898,Nominal,0.224157959,330.034776,0.1,58.09
1899,Nominal,0.200542003,312.165782,0.1,58.09
1900,Nominal,1.000000000,697.080000,0.1,58.09
1901,Nominal,1.000000000,697.080000,0.1,58.09
1902,Nominal,0.979094088,689.754967,0.1,58.09
1903,Nominal,0.971738279,687.159062,0.1,58.09
1904,Nominal,0.252032518,349.953960,0.1,58.09
1905,Nominal,0.315137446,391.320525,0.1,58.09
1906,Nominal,0.178474635,294.490218,0.1,58.09
1907,Nominal,0.347270608,410.786948,0.1,58.09
1908,Nominal,0.348819196,411.701843,0.1,58.09
1909,Nominal,0.501354992,493.577432,0.1,58.09
1910,Nominal,0.404181182,443.170320,0.1,58.09
1911,Nominal,0.183507547,298.613603,0.1,58.09
1912,Missing_Unintentional,0.000000000,0.000000,0.1,58.09
1913,Missing_Unintentional,0.000000000,0.000000,0.1,58.09
1914,Missing_Unintentional,0.000000000,0.000000,0.1,58.09
1915,Missing_Unintentional,0.000000000,0.000000,0.1,58.09
1916,Nominal,0.210994974,320.198046,0.1,58.09
1917,Nominal,0.423925668,453.865821,0.1,58.09
1918,Nominal,0.125048399,246.502706,0.1,58.09
1919,Nominal,0.121564075,243.044192,0.1,58.09
1920,Nominal,0.212930694,321.663481,0.1,58.09
1921,Nominal,0.111885406,233.168213,0.1,58.09
1922,Nominal,0.424699962,454.280122,0.1,58.09
1923,Nominal,0.440185845,462.488203,0.1,58.09
1924,Nominal,0.134727061,255.864504,0.1,58.09
1925,Nominal,0.155245841,274.658225,0.1,58.09
1926,Nominal,0.239256680,340.968814,0.1,58.09
1927,Nominal,0.204413474,315.164564,0.1,58.09
1928,Nominal,1.000000000,697.080000,0.1,58.09
1929,Nominal,1.000000000,697.080000,0.1,58.09
1930,Nominal,0.972125411,687.295927,0.1,58.09
1931,Nominal,0.977932632,689.345733,0.1,58.09
1932,Nominal,0.274099886,364.953094,0.1,58.09
1933,Nominal,0.306233048,385.752413,0.1,58.09
1934,Nominal,0.161440179,280.084089,0.1,58.09
1935,Nominal,0.356562138,416.246155,0.1,58.09
1936,Nominal,0.301974446,383.060807,0.1,58.09
1937,Nominal,0.438637257,461.673961,0.1,58.09
1938,Nominal,0.373983741,426.293767,0.1,58.09
1939,Nominal,0.144792870,265.250499,0.1,58.09
1940,Missing_Unintentional,0.000000000,0.000000,0.1,58.09
1941,Missing_Unintentional,0.000000000,0.000000,0.1,58.09
1942,Missing_Unintentional,0.000000000,0.000000,0.1,58.09
1943,Missing_Unintentional,0.000000000,0.000000,0.1,58.09
1944,Nominal,0.151761517,271.558532,0.1,58.09
1945,Nominal,0.457994580,471.750959,0.1,58.09
1946,Nominal,0.101432443,222.009247,0.1,58.09
1947,Nominal,0.113433994,234.776290,0.1,58.09
1948,Nominal,0.219899341,326.884695,0.1,58.09
1949,Nominal,0.101045296,221.585160,0.1,58.09
1950,Nominal,0.298102975,380.597365,0.1,58.09
1951,Nominal,0.447541624,466.336425,0.1,58.09
1952,Nominal,0.119628340,241.101360,0.1,58.09
1953,Nominal,0.169570267,287.049949,0.1,58.09
1954,Nominal,0.219512194,326.596817,0.1,58.09
1955,Nominal,0.195121944,307.918427,0.1,58.09
1956,Nominal,1.000000000,697.080000,0.1,58.09
1957,Nominal,1.000000000,697.080000,0.1,58.09
1958,Nominal,0.958962440,682.626936,0.1,58.09
1959,Nominal,0.964769661,684.690720,0.1,58.09
1960,Nominal,0.194734812,307.612812,0.1,58.09
1961,Nominal,0.264034063,358.189295,0.1,58.09
1962,Nominal,0.124274097,245.738346,0.1,58.09
1963,Nominal,0.259388298,355.024081,0.1,58.09
1964,Nominal,0.187766165,302.058659,0.1,58.09
1965,Nominal,0.573364317,527.834719,0.1,58.09
1966,Nominal,0.407665491,445.076432,0.1,58.09
1967,Nominal,0.092140920,211.596703,0.1,58.09
1968,Missing_Unintentional,0.000000000,0.000000,0.1,58.09
1969,Missing_Unintentional,0.000000000,0.000000,0.1,58.09
1970,Missing_Unintentional,0.000000000,0.000000,0.1,58.09
1971,Missing_Unintentional,0.000000000,0.000000,0.1,58.09
1972,Nominal,0.147502899,267.721285,0.1,58.09
1973,Nominal,0.529616714,507.298366,0.1,58.09
1974,Nominal,0.080913663,198.286686,0.1,58.09
1975,Nominal,0.087495163,206.193345,0.1,58.09
1976,Nominal,0.173828885,290.632110,0.1,58.09
1977,Nominal,0.066589236,179.880729,0.1,58.09
1978,Nominal,0.465350360,475.524228,0.1,58.09
1979,Nominal,0.440960109,462.894770,0.1,58.09
1980,Nominal,0.103755325,224.536951,0.1,58.09
1981,Nominal,0.131629884,252.906431,0.1,58.09
1982,Nominal,0.175764620,292.245850,0.1,58.09
1983,Nominal,0.128919855,250.289440,0.1,58.09
1984,Nominal,1.000000000,697.080000,0.1,58.09
1985,Nominal,0.998451412,696.540046,0.1,58.09
1986,Nominal,0.901277602,661.777369,0.1,58.09
1987,Nominal,0.945799470,677.925790,0.1,58.09
1988,Nominal,0.143631443,264.184531,0.1,58.09
1989,Nominal,0.211769268,320.785028,0.1,58.09
1990,Nominal,0.113433994,234.776290,0.1,58.09
1991,Nominal,0.283778548,371.340574,0.1,58.09
1992,Missing_Unintentional,0.011227255,73.861719,0.1,58.09
1993,Nominal,0.069686413,184.016462,0.1,58.09
1994,Nominal,0.109949671,231.142384,0.1,58.09
1995,Missing_Unintentional,0.018970190,96.010440,0.1,58.09
1996,Nominal,0.146728605,267.017679,0.1,58.09
1997,Nominal,0.478513360,482.202721,0.1,58.09
1998,Nominal,0.549361229,516.668073,0.1,58.09
1999,Nominal,0.032520324,125.707171,0.1,58.09
2000,Missing_Unintentional,0.000000000,0.000000,0.1,58.09
2001,Missing_Unintentional,0.000000000,0.000000,0.1,58.09
2002,Missing_Unintentional,0.000000000,0.000000,0.1,58.09
2003,Missing_Unintentional,0.000000000,0.000000,0.1,58.09
2004,Nominal,0.075106464,191.038668,0.1,58.09
2005,Nominal,0.322493225,395.861185,0.1,58.09
2006,Nominal,0.043360434,145.154143,0.1,58.09
2007,Nominal,0.071235001,186.049857,0.1,58.09
2008,Nominal,0.071235001,186.049857,0.1,58.09
2009,Nominal,0.048393343,153.347053,0.1,58.09
2010,Nominal,0.445218742,465.124634,0.1,58.09
2011,Nominal,0.319008917,393.716879,0.1,58.09
2012,Nominal,0.105303913,226.206395,0.1,58.09
2013,Nominal,0.079752229,196.858439,0.1,58.09
2014,Nominal,0.151374370,271.211935,0.1,58.09
2015,Nominal,0.085946575,204.360478,0.1,58.09
2016,Nominal,0.195121944,307.918427,0.1,58.09
2017,Nominal,0.234998062,337.920674,0.1,58.09
2018,Nominal,0.252032518,349.953960,0.1,58.09
2019,Nominal,0.257065415,353.430845,0.1,58.09
2020,Nominal,0.259388298,355.024081,0.1,58.09
2021,Nominal,0.264421225,358.451811,0.1,58.09
2022,Nominal,0.226867989,332.023813,0.1,58.09
2023,Nominal,0.271389842,363.144455,0.1,58.09
2024,Nominal,0.368563682,423.193405,0.1,58.09
2025,Nominal,0.278745651,368.032925,0.1,58.09
2026,Nominal,0.315524578,391.560811,0.1,58.09
2027,Nominal,0.418505609,450.955060,0.1,58.09
2028,Nominal,0.389082462,434.813931,0.1,58.09
2029,Nominal,0.313975990,390.598743,0.1,58.09
2030,Nominal,0.202864885,313.968489,0.1,58.09
2031,Nominal,0.275261313,365.725474,0.1,58.09
2032,Nominal,0.448315918,466.739657,0.1,58.09
2033,Nominal,0.240030974,341.520098,0.1,58.09
2034,Nominal,0.362369329,419.622086,0.1,58.09
2035,Nominal,0.217576459,325.153606,0.1,58.09
2036,Nominal,0.215253577,323.413252,0.1,58.09
2037,Nominal,0.234223768,337.363508,0.1,58.09
2038,Nominal,0.251645386,349.685085,0.1,58.09
2039,Nominal,0.263259768,357.663704,0.1,58.09
2040,Nominal,0.234610915,337.642206,0.1,58.09
2041,Nominal,0.259388298,355.024081,0.1,58.09
2042,Nominal,0.188927606,302.991422,0.1,58.09
2043,Nominal,0.218737900,326.020299,0.1,58.09
2044,Nominal,0.264421225,358.451811,0.1,58.09
2045,Nominal,0.255129695,352.097651,0.1,58.09
2046,Nominal,0.279132783,368.288405,0.1,58.09
2047,Nominal,0.246999606,346.442172,0.1,58.09
2048,Nominal,0.416569889,449.910946,0.1,58.09
2049,Nominal,0.358885020,417.599806,0.1,58.09
2050,Nominal,0.350754946,412.842619,0.1,58.09
2051,Nominal,0.336817652,404.557302,0.1,58.09
2052,Nominal,0.408052653,445.287727,0.1,58.09
2053,Nominal,0.317460328,392.760092,0.1,58.09
2054,Nominal,0.218350753,325.731658,0.1,58.09
2055,Nominal,0.225706547,331.172832,0.1,58.09
2056,Nominal,0.488192022,487.054950,0.1,58.09
2057,Nominal,0.212930694,321.663481,0.1,58.09
2058,Nominal,0.297328681,380.102761,0.1,58.09
2059,Nominal,0.256678283,353.164617,0.1,58.09
2060,Nominal,0.243128151,343.716393,0.1,58.09
2061,Nominal,0.257065415,353.430845,0.1,58.09
2062,Nominal,0.248935342,347.797056,0.1,58.09
2063,Nominal,0.279519945,368.543727,0.1,58.09
2064,Nominal,0.247773901,346.984761,0.1,58.09
2065,Nominal,0.231513739,335.406139,0.1,58.09
2066,Nominal,0.261711180,356.610200,0.1,58.09
2067,Nominal,0.201316297,312.767839,0.1,58.09
2068,Nominal,0.309717387,387.940763,0.1,58.09
2069,Nominal,0.308943093,387.455533,0.1,58.09
2070,Nominal,0.322106063,395.623493,0.1,58.09
2071,Nominal,0.279907078,368.798854,0.1,58.09
2072,Nominal,0.339914829,406.413081,0.1,58.09
2073,Nominal,0.375919461,427.395581,0.1,58.09
2074,Nominal,0.241192415,342.345360,0.1,58.09
2075,Nominal,0.346883476,410.557914,0.1,58.09
2076,Nominal,0.428571433,456.345983,0.1,58.09
2077,Nominal,0.415021300,449.073901,0.1,58.09
2078,Nominal,0.205962062,316.356118,0.1,58.09
2079,Nominal,0.249322489,348.067400,0.1,58.09
2080,Nominal,0.387921035,434.164478,0.1,58.09
2081,Nominal,0.217189312,324.864194,0.1,58.09
2082,Nominal,0.355787843,415.793959,0.1,58.09
2083,Nominal,0.240030974,341.520098,0.1,58.09
2084,Nominal,0.246612459,346.170559,0.1,58.09
2085,Nominal,0.294618666,378.366565,0.1,58.09
2086,Nominal,0.241192415,342.345360,0.1,58.09
2087,Nominal,0.261711180,356.610200,0.1,58.09
2088,Nominal,0.257452577,353.696893,0.1,58.09
2089,Nominal,0.271389842,363.144455,0.1,58.09
2090,Nominal,0.215640724,323.703960,0.1,58.09
2091,Nominal,0.219125047,326.308686,0.1,58.09
2092,Nominal,0.326364696,398.230216,0.1,58.09
2093,Nominal,0.309330225,387.698215,0.1,58.09
2094,Nominal,0.337979108,405.254224,0.1,58.09
2095,Nominal,0.279519945,368.543727,0.1,58.09
2096,Nominal,0.305845916,385.508507,0.1,58.09
2097,Nominal,0.257452577,353.696893,0.1,58.09
2098,Nominal,0.338366240,405.486253,0.1,58.09
2099,Nominal,0.340301961,406.644449,0.1,58.09
2100,Nominal,0.414634138,448.864388,0.1,58.09
2101,Nominal,0.417731315,450.537701,0.1,58.09
2102,Nominal,0.216027871,323.994408,0.1,58.09
2103,Nominal,0.241579562,342.620005,0.1,58.09
2104,Nominal,0.377080917,428.055321,0.1,58.09
2105,Nominal,0.219899341,326.884695,0.1,58.09
2106,Nominal,0.397599697,439.547329,0.1,58.09
2107,Nominal,0.216027871,323.994408,0.1,58.09
2108,Nominal,0.243902445,344.263278,0.1,58.09
2109,Nominal,0.268679827,361.326782,0.1,58.09
2110,Nominal,0.241966709,342.894431,0.1,58.09
2111,Nominal,0.256291121,352.898167,0.1,58.09
2112,Nominal,0.253581107,351.027442,0.1,58.09
2113,Nominal,0.266356945,359.761458,0.1,58.09
2114,Nominal,0.207510650,317.543201,0.1,58.09
2115,Nominal,0.210994974,320.198046,0.1,58.09
2116,Nominal,0.346496314,410.328736,0.1,58.09
2117,Nominal,0.267905533,360.805762,0.1,58.09
2118,Nominal,0.300813019,382.323450,0.1,58.09
2119,Nominal,0.276035607,366.239495,0.1,58.09
2120,Nominal,0.266744107,360.022828,0.1,58.09
2121,Nominal,0.344173431,408.951018,0.1,58.09
2122,Nominal,0.298877269,381.091328,0.1,58.09
2123,Nominal,0.261324048,356.346347,0.1,58.09
2124,Nominal,0.373983741,426.293767,0.1,58.09
2125,Nominal,0.424312800,454.073011,0.1,58.09
2126,Nominal,0.230352297,334.563760,0.1,58.09
2127,Nominal,0.266744107,360.022828,0.1,58.09
2128,Nominal,0.357336432,416.697861,0.1,58.09
2129,Nominal,0.209833533,319.315550,0.1,58.09
2130,Nominal,0.392566770,436.756513,0.1,58.09
2131,Nominal,0.238095239,340.140212,0.1,58.09
2132,Nominal,0.233449474,336.805421,0.1,58.09
2133,Nominal,0.240418121,341.795407,0.1,58.09
2134,Nominal,0.201316297,312.767839,0.1,58.09
2135,Nominal,0.219512194,326.596817,0.1,58.09
2136,Nominal,0.207897797,317.839279,0.1,58.09
2137,Nominal,0.203252032,314.267934,0.1,58.09
2138,Nominal,0.173054591,289.984099,0.1,58.09
2139,Nominal,0.213317841,321.955770,0.1,58.09
2140,Nominal,0.296554387,379.607513,0.1,58.09
2141,Nominal,0.262485474,357.137340,0.1,58.09
2142,Nominal,0.289585739,375.120854,0.1,58.09
2143,Nominal,0.289972901,375.371529,0.1,58.09
2144,Nominal,0.256291121,352.898167,0.1,58.09
2145,Nominal,0.403406888,442.745624,0.1,58.09
2146,Nominal,0.331784755,401.523378,0.1,58.09
2147,Nominal,0.250483930,348.877175,0.1,58.09
2148,Nominal,0.228803724,333.437290,0.1,58.09
2149,Nominal,0.434765786,459.632048,0.1,58.09
2150,Nominal,0.249709636,348.337534,0.1,58.09
2151,Nominal,0.224545106,330.319658,0.1,58.09
2152,Nominal,0.237708092,339.863562,0.1,58.09
2153,Nominal,0.191637635,305.156780,0.1,58.09
2154,Nominal,0.429345727,456.758034,0.1,58.09
2155,Nominal,0.205574915,316.058651,0.1,58.09
2156,Nominal,0.263259768,357.663704,0.1,58.09
2157,Nominal,0.243902445,344.263278,0.1,58.09
2158,Nominal,0.213704988,322.247794,0.1,58.09
2159,Nominal,0.231126592,335.125581,0.1,58.09
2160,Nominal,0.188153312,302.369900,0.1,58.09
2161,Nominal,0.219899341,326.884695,0.1,58.09
2162,Nominal,0.158730164,277.723324,0.1,58.09
2163,Nominal,0.211769268,320.785028,0.1,58.09
2164,Nominal,0.236159503,338.754705,0.1,58.09
2165,Nominal,0.180023223,295.765075,0.1,58.09
2166,Nominal,0.198219121,310.352605,0.1,58.09
2167,Nominal,0.184668988,299.557093,0.1,58.09
2168,Nominal,0.193573371,306.694105,0.1,58.09
2169,Nominal,0.412311256,447.605298,0.1,58.09
2170,Nominal,0.394889653,438.046787,0.1,58.09
2171,Nominal,0.192799076,306.080102,0.1,58.09
2172,Nominal,0.169570267,287.049949,0.1,58.09
2173,Nominal,0.420828491,452.204823,0.1,58.09
2174,Nominal,0.191250488,304.848385,0.1,58.09
2175,Nominal,0.216027871,323.994408,0.1,58.09
2176,Nominal,0.142470002,263.114231,0.1,58.09
2177,Nominal,0.140534267,261.320655,0.1,58.09
2178,Nominal,0.421989948,452.828419,0.1,58.09
2179,Nominal,0.198993415,310.958172,0.1,58.09
2180,Nominal,0.243902445,344.263278,0.1,58.09
2181,Nominal,0.240418121,341.795407,0.1,58.09
2182,Nominal,0.192799076,306.080102,0.1,58.09
2183,Nominal,0.195509091,308.223751,0.1,58.09
2184,Nominal,0.180410370,296.082931,0.1,58.09
2185,Nominal,0.147502899,267.721285,0.1,58.09
2186,Nominal,0.167634532,285.406832,0.1,58.09
2187,Nominal,0.144018590,264.540336,0.1,58.09
2188,Nominal,0.219899341,326.884695,0.1,58.09
2189,Nominal,0.172667444,289.659550,0.1,58.09
2190,Nominal,0.192799076,306.080102,0.1,58.09
2191,Nominal,0.181958959,297.350959,0.1,58.09
2192,Nominal,0.131629884,252.906431,0.1,58.09
2193,Nominal,0.352690667,413.980234,0.1,58.09
2194,Nominal,0.361595035,419.173532,0.1,58.09
2195,Nominal,0.121176928,242.656870,0.1,58.09
2196,Nominal,0.139759973,260.599769,0.1,58.09
2197,Nominal,0.409601241,446.131876,0.1,58.09
2198,Nominal,0.180797517,296.400447,0.1,58.09
2199,Nominal,0.209446386,319.020842,0.1,58.09
2200,Nominal,0.102206737,222.855001,0.1,58.09
2201,Nominal,0.132791325,254.019745,0.1,58.09
2202,Nominal,0.446767330,465.932845,0.1,58.09
2203,Nominal,0.117305458,238.749094,0.1,58.09
2204,Nominal,0.181958959,297.350959,0.1,58.09
2205,Nominal,0.143244296,263.828247,0.1,58.09
2206,Nominal,0.111111112,232.360001,0.1,58.09
2207,Nominal,0.113433994,234.776290,0.1,58.09
2208,Nominal,0.159504458,278.399875,0.1,58.09
2209,Nominal,0.117692605,239.142745,0.1,58.09
2210,Nominal,0.171893150,289.009359,0.1,58.09
2211,Nominal,0.133178473,254.389767,0.1,58.09
2212,Nominal,0.088269457,207.103697,0.1,58.09
2213,Nominal,0.097173832,217.298780,0.1,58.09
2214,Nominal,0.087882310,206.649022,0.1,58.09
2215,Nominal,0.075106464,191.038668,0.1,58.09
2216,Nominal,0.059620596,170.208318,0.1,58.09
2217,Nominal,0.079752229,196.858439,0.1,58.09
2218,Nominal,0.079752229,196.858439,0.1,58.09
2219,Nominal,0.054974835,163.442347,0.1,58.09
2220,Nominal,0.102981031,223.697556,0.1,58.09
2221,Nominal,0.367789388,422.748640,0.1,58.09
2222,Nominal,0.367015094,422.303407,0.1,58.09
2223,Nominal,0.079752229,196.858439,0.1,58.09
2224,Nominal,0.093689509,213.367419,0.1,58.09
2225,Nominal,0.396438241,438.904863,0.1,58.09
2226,Nominal,0.179248929,295.128335,0.1,58.09
2227,Nominal,0.121951222,243.430898,0.1,58.09
2228,Nominal,0.065040648,177.776787,0.1,58.09
2229,Nominal,0.109175377,230.327064,0.1,58.09
2230,Nominal,0.440572977,462.691531,0.1,58.09
2231,Nominal,0.114208288,235.576212,0.1,58.09
2232,Nominal,0.177313209,293.530454,0.1,58.09
2233,Nominal,0.103368178,224.117646,0.1,58.09
2234,Nominal,0.123112656,244.587340,0.1,58.09
2235,Nominal,0.121176928,242.656870,0.1,58.09
2236,Nominal,0.240418121,341.795407,0.1,58.09
2237,Nominal,0.226867989,332.023813,0.1,58.09
2238,Nominal,0.228803724,333.437290,0.1,58.09
2239,Nominal,0.257065415,353.430845,0.1,58.09
2240,Nominal,0.203252032,314.267934,0.1,58.09
2241,Nominal,0.224157959,330.034776,0.1,58.09
2242,Nominal,0.193186224,306.387257,0.1,58.09
2243,Nominal,0.225706547,331.172832,0.1,58.09
2244,Nominal,0.495547801,490.710555,0.1,58.09
2245,Nominal,0.228803724,333.437290,0.1,58.09
2246,Nominal,0.321718931,395.385676,0.1,58.09
2247,Nominal,0.412311256,447.605298,0.1,58.09
2248,Nominal,0.356562138,416.246155,0.1,58.09
2249,Nominal,0.257452577,353.696893,0.1,58.09
2250,Nominal,0.212930694,321.663481,0.1,58.09
2251,Missing_Intentional,0.013550135,81.143631,0.1,58.09
2252,Nominal,0.403406888,442.745624,0.1,58.09
2253,Nominal,0.206736356,316.950215,0.1,58.09
2254,Nominal,0.257839710,353.962720,0.1,58.09
2255,Nominal,0.301974446,383.060807,0.1,58.09
2256,Nominal,0.202477738,313.668757,0.1,58.09
2257,Nominal,0.303910196,384.286615,0.1,58.09
2258,Nominal,0.322493225,395.861185,0.1,58.09
2259,Nominal,0.277971357,367.521412,0.1,58.09
2260,Nominal,0.243515298,343.989944,0.1,58.09
2261,Nominal,0.183507547,298.613603,0.1,58.09
2262,Nominal,0.246612459,346.170559,0.1,58.09
2263,Nominal,0.205187768,315.760903,0.1,58.09
2264,Nominal,0.224932253,330.604294,0.1,58.09
2265,Nominal,0.216415018,324.284596,0.1,58.09
2266,Nominal,0.216027871,323.994408,0.1,58.09
2267,Nominal,0.234223768,337.363508,0.1,58.09
2268,Nominal,0.432830036,458.607674,0.1,58.09
2269,Nominal,0.336043358,404.092026,0.1,58.09
2270,Nominal,0.321331799,395.147715,0.1,58.09
2271,Nominal,0.414634138,448.864388,0.1,58.09
2272,Nominal,0.442508698,463.706868,0.1,58.09
2273,Nominal,0.351916373,413.525560,0.1,58.09
2274,Nominal,0.201316297,312.767839,0.1,58.09
2275,Nominal,0.193573371,306.694105,0.1,58.09
2276,Nominal,0.441734403,463.300997,0.1,58.09
2277,Nominal,0.198219121,310.352605,0.1,58.09
2278,Nominal,0.277197063,367.009186,0.1,58.09
2279,Nominal,0.301587313,382.815185,0.1,58.09
2280,Nominal,0.216802165,324.574525,0.1,58.09
2281,Nominal,0.304684490,384.775841,0.1,58.09
2282,Nominal,0.298102975,380.597365,0.1,58.09
2283,Nominal,0.277197063,367.009186,0.1,58.09
2284,Nominal,0.216027871,323.994408,0.1,58.09
2285,Nominal,0.175377473,291.923816,0.1,58.09
2286,Nominal,0.225319400,330.888685,0.1,58.09
2287,Nominal,0.186217576,300.810476,0.1,58.09
2288,Nominal,0.309717387,387.940763,0.1,58.09
2289,Missing_Intentional,0.001548587,27.431554,0.1,58.09
2290,Nominal,0.260936886,356.082278,0.1,58.09
2291,Nominal,0.278358489,367.777247,0.1,58.09
2292,Nominal,0.358885020,417.599806,0.1,58.09
2293,Nominal,0.358497858,417.374494,0.1,58.09
2294,Nominal,0.344947726,409.410772,0.1,58.09
2295,Nominal,0.361207902,418.949083,0.1,58.09
2296,Nominal,0.428184271,456.139810,0.1,58.09
2297,Nominal,0.382500976,431.120721,0.1,58.09
2298,Nominal,0.204800621,315.462875,0.1,58.09
2299,Nominal,0.227255136,332.306989,0.1,58.09
2300,Nominal,0.439411551,462.081261,0.1,58.09
2301,Nominal,0.198219121,310.352605,0.1,58.09
2302,Nominal,0.247773901,346.984761,0.1,58.09
2303,Missing_Intentional,0.001548587,27.431554,0.1,58.09
2304,Nominal,0.221447930,328.033679,0.1,58.09
2305,Nominal,0.283391416,371.087195,0.1,58.09
2306,Nominal,0.289972901,375.371529,0.1,58.09
2307,Nominal,0.323267519,396.336124,0.1,58.09
2308,Nominal,0.207897797,317.839279,0.1,58.09
2309,Nominal,0.210607827,319.904151,0.1,58.09
2310,Nominal,0.207123503,317.246847,0.1,58.09
2311,Nominal,0.197057679,309.442032,0.1,58.09
2312,Nominal,0.310104519,388.183141,0.1,58.09
2313,Nominal,0.264808357,358.714115,0.1,58.09
2314,Nominal,0.283778548,371.340574,0.1,58.09
2315,Nominal,0.286101431,372.857289,0.1,58.09
2316,Nominal,0.428571433,456.345983,0.1,58.09
2317,Nominal,0.390243888,435.462416,0.1,58.09
2318,Nominal,0.346496314,410.328736,0.1,58.09
2319,Nominal,0.343786299,408.720956,0.1,58.09
2320,Nominal,0.392566770,436.756513,0.1,58.09
2321,Nominal,0.396438241,438.904863,0.1,58.09
2322,Nominal,0.208284944,318.135081,0.1,58.09
2323,Nominal,0.202864885,313.968489,0.1,58.09
2324,Nominal,0.434765786,459.632048,0.1,58.09
2325,Nominal,0.172280297,289.334637,0.1,58.09
2326,Nominal,0.435540080,460.041156,0.1,58.09
2327,Nominal,0.279907078,368.798854,0.1,58.09
2328,Nominal,0.204026327,314.865971,0.1,58.09
2329,Nominal,0.305845916,385.508507,0.1,58.09
2330,Nominal,0.266744107,360.022828,0.1,58.09
2331,Nominal,0.324041814,396.810495,0.1,58.09
2332,Nominal,0.214866430,323.122281,0.1,58.09
2333,Nominal,0.215640724,323.703960,0.1,58.09
2334,Nominal,0.193573371,306.694105,0.1,58.09
2335,Nominal,0.191250488,304.848385,0.1,58.09
2336,Nominal,0.272164136,363.662124,0.1,58.09
2337,Nominal,0.258226871,354.228369,0.1,58.09
2338,Nominal,0.288811445,374.619019,0.1,58.09
2339,Nominal,0.279519945,368.543727,0.1,58.09
2340,Nominal,0.322493225,395.861185,0.1,58.09
2341,Nominal,0.418118477,450.746437,0.1,58.09
2342,Nominal,0.411536962,447.184813,0.1,58.09
2343,Nominal,0.271002710,362.885353,0.1,58.09
2344,Nominal,0.353852123,414.661319,0.1,58.09
2345,Nominal,0.384049565,431.992554,0.1,58.09
2346,Nominal,0.206349209,316.653306,0.1,58.09
2347,Nominal,0.200929150,312.466956,0.1,58.09
2348,Nominal,0.291134328,376.122514,0.1,58.09
2349,Nominal,0.130855590,252.161490,0.1,58.09
2350,Nominal,0.440185845,462.488203,0.1,58.09
2351,Nominal,0.203639179,314.567095,0.1,58.09
2352,Nominal,0.189701900,303.611671,0.1,58.09
2353,Nominal,0.215640724,323.703960,0.1,58.09
2354,Nominal,0.246999606,346.442172,0.1,58.09
2355,Nominal,0.266356945,359.761458,0.1,58.09
2356,Nominal,0.201703444,313.068433,0.1,58.09
2357,Nominal,0.212543547,321.370926,0.1,58.09
2358,Nominal,0.173828885,290.632110,0.1,58.09
2359,Missing_Intentional,0.012775842,78.791141,0.1,58.09
2360,Nominal,0.289585739,375.120854,0.1,58.09
2361,Nominal,0.265969813,359.499919,0.1,58.09
2362,Nominal,0.286875725,373.361491,0.1,58.09
2363,Nominal,0.296554387,379.607513,0.1,58.09
2364,Nominal,0.130468443,251.788194,0.1,58.09
2365,Nominal,0.450638801,467.947266,0.1,58.09
2366,Nominal,0.392953932,436.971832,0.1,58.09
2367,Nominal,0.207897797,317.839279,0.1,58.09
2368,Nominal,0.238095239,340.140212,0.1,58.09
2369,Nominal,0.450638801,467.947266,0.1,58.09
2370,Nominal,0.173828885,290.632110,0.1,58.09
2371,Nominal,0.149825782,269.821094,0.1,58.09
2372,Nominal,0.184668988,299.557093,0.1,58.09
2373,Nominal,0.111498259,232.764458,0.1,58.09
2374,Nominal,0.444444448,464.720002,0.1,58.09
2375,Nominal,0.211769268,320.785028,0.1,58.09
2376,Nominal,0.224932253,330.604294,0.1,58.09
2377,Nominal,0.226480842,331.740395,0.1,58.09
2378,Nominal,0.263259768,357.663704,0.1,58.09
2379,Nominal,0.231513739,335.406139,0.1,58.09
2380,Nominal,0.200542003,312.165782,0.1,58.09
2381,Nominal,0.178474635,294.490218,0.1,58.09
2382,Nominal,0.157568723,276.705397,0.1,58.09
2383,Nominal,0.164924502,283.090447,0.1,58.09
2384,Nominal,0.206736356,316.950215,0.1,58.09
2385,Nominal,0.164150208,282.425133,0.1,58.09
2386,Nominal,0.212543547,321.370926,0.1,58.09
2387,Nominal,0.208672091,318.430609,0.1,58.09
2388,Nominal,0.147502899,267.721285,0.1,58.09
2389,Nominal,0.460317463,472.945773,0.1,58.09
2390,Nominal,0.389469624,435.030211,0.1,58.09
2391,Nominal,0.138985679,259.876883,0.1,58.09
2392,Nominal,0.171506003,288.683715,0.1,58.09
2393,Nominal,0.471931875,478.875125,0.1,58.09
2394,Nominal,0.134339914,255.496618,0.1,58.09
2395,Nominal,0.177313209,293.530454,0.1,58.09
2396,Nominal,0.130081296,251.414343,0.1,58.09
2397,Nominal,0.105691060,226.621834,0.1,58.09
2398,Nominal,0.412311256,447.605298,0.1,58.09
2399,Nominal,0.140534267,261.320655,0.1,58.09
2400,Nominal,0.214479282,322.831048,0.1,58.09
2401,Nominal,0.157955870,277.045122,0.1,58.09
2402,Nominal,0.121176928,242.656870,0.1,58.09
2403,Nominal,0.152922958,272.595679,0.1,58.09
2404,Nominal,0.173828885,290.632110,0.1,58.09
2405,Nominal,0.087108016,205.736659,0.1,58.09
2406,Nominal,0.184281841,299.242927,0.1,58.09
2407,Nominal,0.130081296,251.414343,0.1,58.09
2408,Nominal,0.217189312,324.864194,0.1,58.09
2409,Nominal,0.176151767,292.567530,0.1,58.09
2410,Nominal,0.191250488,304.848385,0.1,58.09
2411,Nominal,0.216415018,324.284596,0.1,58.09
2412,Nominal,0.072396435,187.560427,0.1,58.09
2413,Nominal,0.461866051,473.740641,0.1,58.09
2414,Nominal,0.421602786,452.620644,0.1,58.09
2415,Nominal,0.112272553,233.571270,0.1,58.09
2416,Nominal,0.107626788,228.687703,0.1,58.09
2417,Nominal,0.400696874,441.255975,0.1,58.09
2418,Nominal,0.172667444,289.659550,0.1,58.09
2419,Nominal,0.150212929,270.169475,0.1,58.09
2420,Nominal,0.062330622,174.033700,0.1,58.09
2421,Nominal,0.101432443,222.009247,0.1,58.09
2422,Nominal,0.415408432,449.283301,0.1,58.09
2423,Nominal,0.137437090,258.425044,0.1,58.09
2424,Nominal,0.193186224,306.387257,0.1,58.09
2425,Nominal,0.126209840,247.644810,0.1,58.09
2426,Nominal,0.136275649,257.330789,0.1,58.09
2427,Nominal,0.119241193,240.710912,0.1,58.09
2428,Nominal,0.159891605,278.737534,0.1,58.09
2429,Nominal,0.065427795,178.305100,0.1,58.09
2430,Nominal,0.178861782,294.809449,0.1,58.09
2431,Nominal,0.119241193,240.710912,0.1,58.09
2432,Nominal,0.075106464,191.038668,0.1,58.09
2433,Nominal,0.105303913,226.206395,0.1,58.09
2434,Nominal,0.082849398,200.644520,0.1,58.09
2435,Nominal,0.099109560,219.452431,0.1,58.09
2436,Missing_Unintentional,0.039488968,138.522561,0.1,58.09
2437,Nominal,0.087495163,206.193345,0.1,58.09
2438,Nominal,0.077429347,193.970382,0.1,58.09
2439,Nominal,0.051103368,157.582282,0.1,58.09
2440,Nominal,0.082462251,200.175175,0.1,58.09
2441,Nominal,0.440572977,462.691531,0.1,58.09
2442,Nominal,0.445993036,465.528915,0.1,58.09
2443,Nominal,0.042973287,144.504680,0.1,58.09
2444,Nominal,0.064653501,177.246899,0.1,58.09
2445,Nominal,0.466124654,475.919675,0.1,58.09
2446,Nominal,0.205574915,316.058651,0.1,58.09
2447,Nominal,0.104916766,225.790191,0.1,58.09
2448,Nominal,0.040650405,140.544890,0.1,58.09
2449,Nominal,0.084785134,202.974966,0.1,58.09
2450,Nominal,0.365853667,421.634684,0.1,58.09
2451,Nominal,0.063879207,176.182342,0.1,58.09
2452,Nominal,0.209059238,318.725862,0.1,58.09
2453,Nominal,0.041037552,141.212566,0.1,58.09
2454,Nominal,0.067750677,181.442677,0.1,58.09
2455,Nominal,0.058072008,167.983275,0.1,58.09
2456,Nominal,0.199767709,311.562562,0.1,58.09
2457,Nominal,0.221835077,328.320297,0.1,58.09
2458,Nominal,0.206349209,316.653306,0.1,58.09
2459,Nominal,0.225319400,330.888685,0.1,58.09
2460,Nominal,0.174990326,291.601426,0.1,58.09
2461,Nominal,0.207897797,317.839279,0.1,58.09
2462,Nominal,0.153697252,273.284924,0.1,58.09
2463,Nominal,0.229190856,333.719256,0.1,58.09
2464,Nominal,0.475029022,480.443912,0.1,58.09
2465,Nominal,0.295780092,379.111617,0.1,58.09
2466,Nominal,0.261711180,356.610200,0.1,58.09
2467,Nominal,0.505613625,495.669284,0.1,58.09
2468,Nominal,0.377855211,428.494578,0.1,58.09
2469,Nominal,0.207510650,317.543201,0.1,58.09
2470,Nominal,0.176151767,292.567530,0.1,58.09
2471,Nominal,0.226867989,332.023813,0.1,58.09
2472,Nominal,0.457994580,471.750959,0.1,58.09
2473,Nominal,0.217576459,325.153606,0.1,58.09
2474,Nominal,0.279519945,368.543727,0.1,58.09
2475,Nominal,0.299264431,381.338078,0.1,58.09
2476,Nominal,0.206349209,316.653306,0.1,58.09
2477,Nominal,0.269066989,361.587020,0.1,58.09
2478,Nominal,0.324041814,396.810495,0.1,58.09
2479,Nominal,0.216802165,324.574525,0.1,58.09
2480,Nominal,0.237708092,339.863562,0.1,58.09
2481,Nominal,0.172667444,289.659550,0.1,58.09
2482,Nominal,0.143631443,264.184531,0.1,58.09
2483,Nominal,0.162214473,280.754950,0.1,58.09
2484,Nominal,0.267518401,360.544980,0.1,58.09
2485,Nominal,0.312040269,389.392825,0.1,58.09
2486,Nominal,0.234223768,337.363508,0.1,58.09
2487,Nominal,0.267131239,360.283988,0.1,58.09
2488,Nominal,0.445218742,465.124634,0.1,58.09
2489,Nominal,0.326751828,398.466335,0.1,58.09
2490,Nominal,0.358110726,417.149077,0.1,58.09
2491,Nominal,0.392953932,436.971832,0.1,58.09
2492,Nominal,0.441734403,463.300997,0.1,58.09
2493,Nominal,0.280681372,369.308597,0.1,58.09
2494,Nominal,0.203252032,314.267934,0.1,58.09
2495,Nominal,0.212930694,321.663481,0.1,58.09
2496,Nominal,0.458381712,471.950297,0.1,58.09
2497,Nominal,0.176538914,292.888856,0.1,58.09
2498,Nominal,0.276809901,366.752795,0.1,58.09
2499,Nominal,0.315911740,391.800969,0.1,58.09
2500,Nominal,0.228029430,332.872619,0.1,58.09
2501,Nominal,0.303135902,383.796765,0.1,58.09
2502,Nominal,0.304297328,384.531296,0.1,58.09
2503,Nominal,0.266356945,359.761458,0.1,58.09
2504,Nominal,0.224932253,330.604294,0.1,58.09
2505,Nominal,0.179636076,295.446876,0.1,58.09
2506,Nominal,0.214866430,323.122281,0.1,58.09
2507,Nominal,0.132017031,253.278079,0.1,58.09
2508,Nominal,0.272551298,363.920692,0.1,58.09
2509,Nominal,0.283004254,370.833623,0.1,58.09
2510,Nominal,0.256291121,352.898167,0.1,58.09
2511,Nominal,0.260936886,356.082278,0.1,58.09
2512,Nominal,0.466124654,475.919675,0.1,58.09
2513,Nominal,0.310491681,388.425387,0.1,58.09
2514,Nominal,0.385985285,433.079869,0.1,58.09
2515,Nominal,0.387533873,433.947766,0.1,58.09
2516,Nominal,0.435540080,460.041156,0.1,58.09
2517,Nominal,0.257839710,353.962720,0.1,58.09
2518,Nominal,0.198219121,310.352605,0.1,58.09
2519,Nominal,0.205574915,316.058651,0.1,58.09
2520,Nominal,0.427409977,455.727200,0.1,58.09
2521,Nominal,0.180797517,296.400447,0.1,58.09
2522,Nominal,0.272938430,364.179057,0.1,58.09
2523,Nominal,0.269841284,362.106916,0.1,58.09
2524,Nominal,0.227255136,332.306989,0.1,58.09
2525,Nominal,0.328300416,399.409453,0.1,58.09
2526,Nominal,0.300813019,382.323450,0.1,58.09
2527,Nominal,0.305071622,385.020211,0.1,58.09
2528,Nominal,0.237320945,339.586688,0.1,58.09
2529,Nominal,0.198606268,310.655536,0.1,58.09
2530,Nominal,0.214866430,323.122281,0.1,58.09
2531,Nominal,0.194734812,307.612812,0.1,58.09
2532,Nominal,0.284552842,371.846833,0.1,58.09
2533,Nominal,0.241192415,342.345360,0.1,58.09
2534,Nominal,0.268292695,361.066376,0.1,58.09
2535,Nominal,0.232288033,335.966551,0.1,58.09
2536,Nominal,0.373596579,426.073053,0.1,58.09
2537,Nominal,0.376693755,427.835515,0.1,58.09
2538,Nominal,0.342237711,407.799373,0.1,58.09
2539,Nominal,0.322493225,395.861185,0.1,58.09
2540,Nominal,0.373596579,426.073053,0.1,58.09
2541,Nominal,0.358885020,417.599806,0.1,58.09
2542,Nominal,0.181571811,297.034460,0.1,58.09
2543,Nominal,0.168021679,285.736212,0.1,58.09
2544,Nominal,0.409988374,446.342656,0.1,58.09
2545,Nominal,0.125822693,247.264695,0.1,58.09
2546,Nominal,0.381726682,430.684142,0.1,58.09
2547,Nominal,0.258226871,354.228369,0.1,58.09
2548,Nominal,0.199380562,311.260514,0.1,58.09
2549,Nominal,0.307394505,386.483246,0.1,58.09
2550,Nominal,0.280681372,369.308597,0.1,58.09
2551,Nominal,0.283778548,371.340574,0.1,58.09
2552,Nominal,0.202477738,313.668757,0.1,58.09
2553,Nominal,0.209059238,318.725862,0.1,58.09
2554,Nominal,0.208672091,318.430609,0.1,58.09
2555,Nominal,0.206736356,316.950215,0.1,58.09
2556,Nominal,0.278745651,368.032925,0.1,58.09
2557,Nominal,0.229578003,334.000994,0.1,58.09
2558,Nominal,0.269841284,362.106916,0.1,58.09
2559,Nominal,0.236159503,338.754705,0.1,58.09
2560,Nominal,0.285327137,372.352403,0.1,58.09
2561,Nominal,0.359272152,417.824979,0.1,58.09
2562,Nominal,0.358885020,417.599806,0.1,58.09
2563,Nominal,0.258226871,354.228369,0.1,58.09
2564,Nominal,0.320170343,394.432937,0.1,58.09
2565,Nominal,0.440572977,462.691531,0.1,58.09
2566,Nominal,0.192799076,306.080102,0.1,58.09
2567,Nominal,0.139372826,260.238577,0.1,58.09
2568,Nominal,0.289972901,375.371529,0.1,58.09
2569,Nominal,0.114982575,236.373420,0.1,58.09
2570,Nominal,0.360820740,418.724497,0.1,58.09
2571,Nominal,0.241966709,342.894431,0.1,58.09
2572,Nominal,0.145954311,266.312214,0.1,58.09
2573,Nominal,0.229578003,334.000994,0.1,58.09
2574,Nominal,0.272551298,363.920692,0.1,58.09
2575,Nominal,0.247773901,346.984761,0.1,58.09
2576,Nominal,0.203252032,314.267934,0.1,58.09
2577,Nominal,0.189701900,303.611671,0.1,58.09
2578,Nominal,0.178474635,294.490218,0.1,58.09
2579,Nominal,0.176926062,293.209831,0.1,58.09
2580,Nominal,0.203252032,314.267934,0.1,58.09
2581,Nominal,0.204026327,314.865971,0.1,58.09
2582,Nominal,0.193960518,307.000646,0.1,58.09
2583,Nominal,0.205962062,316.356118,0.1,58.09
2584,Nominal,0.214479282,322.831048,0.1,58.09
2585,Nominal,0.415795594,449.492619,0.1,58.09
2586,Nominal,0.412698418,447.815400,0.1,58.09
2587,Nominal,0.220286489,327.172319,0.1,58.09
2588,Nominal,0.266356945,359.761458,0.1,58.09
2589,Nominal,0.469996125,477.892001,0.1,58.09
2590,Nominal,0.150987223,270.864894,0.1,58.09
2591,Nominal,0.111885406,233.168213,0.1,58.09
2592,Nominal,0.193573371,306.694105,0.1,58.09
2593,Nominal,0.099109560,219.452431,0.1,58.09
2594,Nominal,0.391018182,435.894208,0.1,58.09
2595,Nominal,0.264808357,358.714115,0.1,58.09
2596,Nominal,0.130855590,252.161490,0.1,58.09
2597,Nominal,0.250871092,349.146693,0.1,58.09
2598,Nominal,0.277971357,367.521412,0.1,58.09
2599,Nominal,0.243902445,344.263278,0.1,58.09
2600,Nominal,0.201703444,313.068433,0.1,58.09
2601,Nominal,0.162601620,281.089781,0.1,58.09
2602,Nominal,0.169183120,286.722079,0.1,58.09
2603,Nominal,0.149051487,269.122978,0.1,58.09
2604,Nominal,0.218737900,326.020299,0.1,58.09
2605,Nominal,0.191250488,304.848385,0.1,58.09
2606,Nominal,0.212156400,321.078105,0.1,58.09
2607,Nominal,0.225319400,330.888685,0.1,58.09
2608,Nominal,0.174216032,290.955574,0.1,58.09
2609,Nominal,0.481997669,483.955123,0.1,58.09
2610,Nominal,0.443670154,464.315017,0.1,58.09
2611,Nominal,0.156407282,275.683711,0.1,58.09
2612,Nominal,0.189701900,303.611671,0.1,58.09
2613,Nominal,0.339140534,405.949932,0.1,58.09
2614,Nominal,0.104529619,225.373218,0.1,58.09
2615,Nominal,0.110336818,231.548968,0.1,58.09
2616,Nominal,0.142470002,263.114231,0.1,58.09
2617,Nominal,0.088269457,207.103697,0.1,58.09
2618,Nominal,0.467673242,476.709585,0.1,58.09
2619,Nominal,0.158343017,277.384430,0.1,58.09
2620,Nominal,0.130081296,251.414343,0.1,58.09
2621,Nominal,0.196283385,308.833492,0.1,58.09
2622,Nominal,0.154084399,273.628895,0.1,58.09
2623,Nominal,0.168408826,286.065212,0.1,58.09
2624,Nominal,0.173441738,290.308285,0.1,58.09
2625,Nominal,0.086333722,204.820232,0.1,58.09
2626,Nominal,0.202090591,313.368739,0.1,58.09
2627,Nominal,0.092915215,212.483905,0.1,58.09
2628,Nominal,0.165698797,283.754201,0.1,58.09
2629,Nominal,0.103755325,224.536951,0.1,58.09
2630,Nominal,0.097948119,218.162787,0.1,58.09
2631,Nominal,0.196283385,308.833492,0.1,58.09
2632,Nominal,0.133178473,254.389767,0.1,58.09
2633,Nominal,0.353852123,414.661319,0.1,58.09
2634,Nominal,0.422764242,453.243668,0.1,58.09
2635,Nominal,0.110336818,231.548968,0.1,58.09
2636,Nominal,0.108013935,229.098643,0.1,58.09
2637,Nominal,0.494386375,490.135173,0.1,58.09
2638,Nominal,0.115369722,236.771021,0.1,58.09
2639,Nominal,0.107626788,228.687703,0.1,58.09
2640,Nominal,0.031746034,124.201648,0.1,58.09
2641,Nominal,0.069686413,184.016462,0.1,58.09
2642,Nominal,0.454510272,469.953051,0.1,58.09
2643,Nominal,0.180023223,295.765075,0.1,58.09
2644,Nominal,0.135114208,256.231862,0.1,58.09
2645,Nominal,0.157181576,276.365255,0.1,58.09
2646,Nominal,0.205187768,315.760903,0.1,58.09
2647,Nominal,0.136275649,257.330789,0.1,58.09
2648,Nominal,0.195896238,308.528772,0.1,58.09
2649,Nominal,0.050329074,156.383919,0.1,58.09
2650,Nominal,0.209833533,319.315550,0.1,58.09
2651,Nominal,0.077042200,193.484848,0.1,58.09
2652,Nominal,0.073557876,189.058938,0.1,58.09
2653,Nominal,0.121564075,243.044192,0.1,58.09
2654,Nominal,0.076267906,192.510106,0.1,58.09
2655,Nominal,0.113821141,235.176591,0.1,58.09
2656,Missing_Unintentional,0.024777390,109.726216,0.1,58.09
2657,Missing_Unintentional,0.008517228,64.332697,0.1,58.09
2658,Nominal,0.085172281,203.437852,0.1,58.09
2659,Missing_Unintentional,0.000000000,0.000000,0.1,58.09
2660,Nominal,0.074719317,190.545664,0.1,58.09
2661,Nominal,0.455284566,470.353182,0.1,58.09
2662,Nominal,0.429345727,456.758034,0.1,58.09
2663,Nominal,0.052264810,159.362931,0.1,58.09
2664,Nominal,0.050329074,156.383919,0.1,58.09
2665,Nominal,0.433217198,458.812738,0.1,58.09
2666,Nominal,0.143631443,264.184531,0.1,58.09
2667,Nominal,0.070073560,184.526912,0.1,58.09
2668,Missing_Unintentional,0.016647309,89.940365,0.1,58.09
2669,Missing_Unintentional,0.034843206,130.119288,0.1,58.09
2670,Nominal,0.346109182,410.099446,0.1,58.09
2671,Nominal,0.080139376,197.335673,0.1,58.09
2672,Nominal,0.222222224,328.606665,0.1,58.09
2673,Missing_Unintentional,0.039488968,138.522561,0.1,58.09
2674,Nominal,0.100658149,221.160260,0.1,58.09
2675,Nominal,0.060007744,170.760049,0.1,58.09
2676,Nominal,0.176926062,293.209831,0.1,58.09
2677,Nominal,0.196670532,309.137912,0.1,58.09
2678,Nominal,0.204800621,315.462875,0.1,58.09
2679,Nominal,0.242353857,343.168637,0.1,58.09
2680,Nominal,0.116918311,238.354792,0.1,58.09
2681,Nominal,0.131629884,252.906431,0.1,58.09
2682,Nominal,0.096012391,215.996277,0.1,58.09
2683,Nominal,0.202090591,313.368739,0.1,58.09
2684,Nominal,0.432830036,458.607674,0.1,58.09
2685,Nominal,0.276422769,366.496245,0.1,58.09
2686,Nominal,0.178087488,294.170641,0.1,58.09
2687,Nominal,0.330623299,400.819969,0.1,58.09
2688,Nominal,0.409214079,445.920981,0.1,58.09
2689,Nominal,0.179248929,295.128335,0.1,58.09
2690,Nominal,0.174603179,291.278679,0.1,58.09
2691,Nominal,0.219899341,326.884695,0.1,58.09
2692,Nominal,0.473480463,479.660167,0.1,58.09
2693,Nominal,0.207897797,317.839279,0.1,58.09
2694,Nominal,0.283004254,370.833623,0.1,58.09
2695,Nominal,0.257839710,353.962720,0.1,58.09
2696,Nominal,0.195121944,307.918427,0.1,58.09
2697,Nominal,0.187766165,302.058659,0.1,58.09
2698,Nominal,0.264421225,358.451811,0.1,58.09
2699,Nominal,0.181571811,297.034460,0.1,58.09
2700,Nominal,0.186991870,301.435214,0.1,58.09
2701,Nominal,0.147115752,267.369714,0.1,58.09
2702,Nominal,0.172280297,289.334637,0.1,58.09
2703,Nominal,0.171893150,289.009359,0.1,58.09
2704,Nominal,0.273712724,364.695258,0.1,58.09
2705,Nominal,0.294618666,378.366565,0.1,58.09
2706,Nominal,0.268679827,361.326782,0.1,58.09
2707,Nominal,0.318621755,393.477891,0.1,58.09
2708,Nominal,0.434765786,459.632048,0.1,58.09
2709,Nominal,0.306233048,385.752413,0.1,58.09
2710,Nominal,0.319783211,394.194401,0.1,58.09
2711,Nominal,0.406504065,444.441975,0.1,58.09
2712,Nominal,0.422377080,453.036083,0.1,58.09
2713,Nominal,0.295392960,378.863436,0.1,58.09
2714,Nominal,0.190089047,303.921322,0.1,58.09
2715,Nominal,0.199767709,311.562562,0.1,58.09
2716,Nominal,0.395663947,438.476035,0.1,58.09
2717,Nominal,0.171893150,289.009359,0.1,58.09
2718,Nominal,0.344947726,409.410772,0.1,58.09
2719,Nominal,0.282617122,370.579898,0.1,58.09
2720,Nominal,0.242353857,343.168637,0.1,58.09
2721,Nominal,0.252419680,350.222649,0.1,58.09
2722,Nominal,0.288424313,374.367859,0.1,58.09
2723,Nominal,0.233449474,336.805421,0.1,58.09
2724,Nominal,0.157181576,276.365255,0.1,58.09
2725,Nominal,0.132404178,253.649183,0.1,58.09
2726,Nominal,0.135114208,256.231862,0.1,58.09
2727,Nominal,0.115369722,236.771021,0.1,58.09
2728,Nominal,0.296167254,379.359655,0.1,58.09
2729,Nominal,0.281842828,370.071906,0.1,58.09
2730,Nominal,0.287262887,373.613347,0.1,58.09
2731,Nominal,0.288424313,374.367859,0.1,58.09
2732,Nominal,0.446767330,465.932845,0.1,58.09
2733,Nominal,0.393341064,437.187028,0.1,58.09
2734,Nominal,0.353077829,414.207393,0.1,58.09
2735,Nominal,0.408052653,445.287727,0.1,58.09
2736,Nominal,0.429732859,456.963912,0.1,58.09
2737,Nominal,0.337591946,405.022044,0.1,58.09
2738,Nominal,0.213704988,322.247794,0.1,58.09
2739,Nominal,0.190476194,304.230657,0.1,58.09
2740,Nominal,0.400696874,441.255975,0.1,58.09
2741,Nominal,0.189701900,303.611671,0.1,58.09
2742,Nominal,0.253581107,351.027442,0.1,58.09
2743,Nominal,0.250483930,348.877175,0.1,58.09
2744,Nominal,0.224932253,330.604294,0.1,58.09
2745,Nominal,0.317073166,392.520522,0.1,58.09
2746,Nominal,0.255129695,352.097651,0.1,58.09
2747,Nominal,0.234998062,337.920674,0.1,58.09
2748,Nominal,0.130081296,251.414343,0.1,58.09
2749,Nominal,0.136662796,257.696057,0.1,58.09
2750,Nominal,0.131242737,252.534235,0.1,58.09
2751,Nominal,0.129694149,251.039935,0.1,58.09
2752,Nominal,0.291134328,376.122514,0.1,58.09
2753,Nominal,0.272551298,363.920692,0.1,58.09
2754,Nominal,0.290360034,375.622018,0.1,58.09
2755,Nominal,0.250483930,348.877175,0.1,58.09
2756,Nominal,0.375145167,426.955193,0.1,58.09
2757,Nominal,0.339140534,405.949932,0.1,58.09
2758,Nominal,0.380565226,430.028435,0.1,58.09
2759,Nominal,0.303135902,383.796765,0.1,58.09
2760,Nominal,0.373596579,426.073053,0.1,58.09
2761,Nominal,0.394502521,437.832014,0.1,58.09
2762,Nominal,0.213704988,322.247794,0.1,58.09
2763,Nominal,0.157181576,276.365255,0.1,58.09
2764,Nominal,0.413472712,448.235293,0.1,58.09
2765,Nominal,0.145567164,265.958780,0.1,58.09
2766,Nominal,0.332171887,401.757562,0.1,58.09
2767,Nominal,0.243515298,343.989944,0.1,58.09
2768,Nominal,0.185443282,300.184439,0.1,58.09
2769,Nominal,0.255516827,352.364685,0.1,58.09
2770,Nominal,0.252032518,349.953960,0.1,58.09
2771,Nominal,0.248548195,347.526502,0.1,58.09
2772,Nominal,0.180410370,296.082931,0.1,58.09
2773,Nominal,0.192024782,305.464864,0.1,58.09
2774,Nominal,0.117305458,238.749094,0.1,58.09
2775,Nominal,0.109562524,230.735084,0.1,58.09
2776,Nominal,0.284552842,371.846833,0.1,58.09
2777,Nominal,0.267131239,360.283988,0.1,58.09
2778,Nominal,0.267518401,360.544980,0.1,58.09
2779,Nominal,0.259388298,355.024081,0.1,58.09
2780,Nominal,0.356174976,416.020110,0.1,58.09
2781,Nominal,0.425087094,454.487123,0.1,58.09
2782,Nominal,0.423925668,453.865821,0.1,58.09
2783,Nominal,0.265969813,359.499919,0.1,58.09
2784,Nominal,0.354626417,415.114750,0.1,58.09
2785,Nominal,0.403019756,442.533131,0.1,58.09
2786,Nominal,0.175377473,291.923816,0.1,58.09
2787,Nominal,0.112272553,233.571270,0.1,58.09
2788,Nominal,0.253968269,351.295310,0.1,58.09
2789,Nominal,0.093689509,213.367419,0.1,58.09
2790,Nominal,0.396825403,439.119128,0.1,58.09
2791,Nominal,0.278358489,367.777247,0.1,58.09
2792,Nominal,0.205187768,315.760903,0.1,58.09
2793,Nominal,0.234223768,337.363508,0.1,58.09
2794,Nominal,0.246612459,346.170559,0.1,58.09
2795,Nominal,0.226093695,331.456735,0.1,58.09
2796,Nominal,0.211769268,320.785028,0.1,58.09
2797,Nominal,0.200929150,312.466956,0.1,58.09
2798,Nominal,0.145180017,265.604876,0.1,58.09
2799,Nominal,0.107626788,228.687703,0.1,58.09
2800,Nominal,0.220286489,327.172319,0.1,58.09
2801,Nominal,0.249709636,348.337534,0.1,58.09
2802,Nominal,0.249709636,348.337534,0.1,58.09
2803,Nominal,0.242741004,343.442624,0.1,58.09
2804,Nominal,0.177700356,293.850728,0.1,58.09
2805,Nominal,0.431668609,457.991963,0.1,58.09
2806,Nominal,0.473867595,479.856219,0.1,58.09
2807,Nominal,0.205187768,315.760903,0.1,58.09
2808,Nominal,0.222996518,329.178653,0.1,58.09
2809,Nominal,0.372435153,425.410255,0.1,58.09
2810,Nominal,0.148664340,268.773240,0.1,58.09
2811,Nominal,0.097560972,217.731208,0.1,58.09
2812,Nominal,0.197831973,310.049378,0.1,58.09
2813,Nominal,0.085559428,203.899687,0.1,58.09
2814,Nominal,0.413472712,448.235293,0.1,58.09
2815,Nominal,0.264034063,358.189295,0.1,58.09
2816,Nominal,0.140921414,261.680354,0.1,58.09
2817,Nominal,0.239643827,341.244567,0.1,58.09
2818,Nominal,0.195121944,307.918427,0.1,58.09
2819,Nominal,0.186604723,301.123007,0.1,58.09
2820,Nominal,0.226867989,332.023813,0.1,58.09
2821,Nominal,0.177313209,293.530454,0.1,58.09
2822,Nominal,0.192799076,306.080102,0.1,58.09
2823,Nominal,0.135501355,256.598694,0.1,58.09
2824,Nominal,0.253581107,351.027442,0.1,58.09
2825,Nominal,0.250871092,349.146693,0.1,58.09
2826,Nominal,0.243128151,343.716393,0.1,58.09
2827,Nominal,0.228803724,333.437290,0.1,58.09
2828,Nominal,0.184668988,299.557093,0.1,58.09
2829,Nominal,0.493224919,489.559100,0.1,58.09
2830,Nominal,0.404955477,443.594610,0.1,58.09
2831,Nominal,0.126209840,247.644810,0.1,58.09
2832,Nominal,0.190476194,304.230657,0.1,58.09
2833,Nominal,0.472319007,479.071498,0.1,58.09
2834,Nominal,0.150600076,270.517408,0.1,58.09
2835,Nominal,0.104916766,225.790191,0.1,58.09
2836,Nominal,0.111885406,233.168213,0.1,58.09
2837,Nominal,0.085172281,203.437852,0.1,58.09
2838,Nominal,0.431281447,457.786531,0.1,58.09
2839,Nominal,0.207510650,317.543201,0.1,58.09
2840,Nominal,0.137824237,258.788767,0.1,58.09
2841,Nominal,0.202477738,313.668757,0.1,58.09
2842,Nominal,0.223383665,329.464274,0.1,58.09
2843,Nominal,0.165698797,283.754201,0.1,58.09
2844,Nominal,0.195509091,308.223751,0.1,58.09
2845,Nominal,0.099496707,219.880632,0.1,58.09
2846,Nominal,0.226480842,331.740395,0.1,58.09
2847,Nominal,0.116918311,238.354792,0.1,58.09
2848,Nominal,0.128919855,250.289440,0.1,58.09
2849,Nominal,0.162601620,281.089781,0.1,58.09
2850,Nominal,0.128532708,249.913347,0.1,58.09
2851,Nominal,0.155632988,275.000479,0.1,58.09
2852,Nominal,0.124274097,245.738346,0.1,58.09
2853,Nominal,0.459543169,472.547837,0.1,58.09
2854,Nominal,0.435152918,459.836640,0.1,58.09
2855,Nominal,0.084397987,202.511022,0.1,58.09
2856,Nominal,0.118466899,239.928110,0.1,58.09
2857,Nominal,0.443670154,464.315017,0.1,58.09
2858,Nominal,0.131242737,252.534235,0.1,58.09
2859,Nominal,0.086333722,204.820232,0.1,58.09
2860,Nominal,0.067750677,181.442677,0.1,58.09
2861,Nominal,0.064653501,177.246899,0.1,58.09
2862,Nominal,0.437475801,461.062329,0.1,58.09
2863,Nominal,0.218737900,326.020299,0.1,58.09
2864,Nominal,0.136275649,257.330789,0.1,58.09
2865,Nominal,0.174990326,291.601426,0.1,58.09
2866,Nominal,0.136275649,257.330789,0.1,58.09
2867,Nominal,0.081300810,198.760490,0.1,58.09
2868,Nominal,0.211382121,320.491671,0.1,58.09
2869,Nominal,0.049167633,154.568956,0.1,58.09
2870,Nominal,0.219125047,326.308686,0.1,58.09
2871,Nominal,0.061943475,173.492380,0.1,58.09
2872,Nominal,0.067363530,180.923526,0.1,58.09
2873,Nominal,0.186217576,300.810476,0.1,58.09
2874,Nominal,0.093302362,212.926120,0.1,58.09
2875,Nominal,0.143631443,264.184531,0.1,58.09
2876,Missing_Unintentional,0.000000000,0.000000,0.1,58.09
2877,Missing_Unintentional,0.013550135,81.143631,0.1,58.09
2878,Missing_Unintentional,0.008130081,62.853586,0.1,58.09
2879,Missing_Unintentional,0.003484321,41.147332,0.1,58.09
2880,Nominal,0.055361982,164.016840,0.1,58.09
2881,Nominal,0.421602786,452.620644,0.1,58.09
2882,Nominal,0.466898948,476.314794,0.1,58.09
2883,Missing_Unintentional,0.018583043,95.025690,0.1,58.09
2884,Nominal,0.038714673,137.157772,0.1,58.09
2885,Nominal,0.473093301,479.464019,0.1,58.09
2886,Nominal,0.153697252,273.284924,0.1,58.09
2887,Nominal,0.054974835,163.442347,0.1,58.09
2888,Missing_Unintentional,0.011614402,75.124405,0.1,58.09
2889,Missing_Unintentional,0.027100271,114.754424,0.1,58.09
2890,Nominal,0.273712724,364.695258,0.1,58.09
2891,Nominal,0.143244296,263.828247,0.1,58.09
2892,Nominal,0.179248929,295.128335,0.1,58.09
2893,Nominal,0.054587688,162.865829,0.1,58.09
2894,Nominal,0.150600076,270.517408,0.1,58.09
2895,Nominal,0.053426247,161.123897,0.1,58.09
2896,Nominal,0.150600076,270.517408,0.1,58.09
2897,Nominal,0.227642283,332.589925,0.1,58.09
2898,Nominal,0.188540459,302.680820,0.1,58.09
2899,Nominal,0.240418121,341.795407,0.1,58.09
2900,Nominal,0.086720869,205.278957,0.1,58.09
2901,Nominal,0.212930694,321.663481,0.1,58.09
2902,Nominal,0.153310105,272.940519,0.1,58.09
2903,Nominal,0.164924502,283.090447,0.1,58.09
2904,Nominal,0.411536962,447.184813,0.1,58.09
2905,Nominal,0.257839710,353.962720,0.1,58.09
2906,Nominal,0.158730164,277.723324,0.1,58.09
2907,Nominal,0.408826947,445.710001,0.1,58.09
2908,Nominal,0.404181182,443.170320,0.1,58.09
2909,Nominal,0.169183120,286.722079,0.1,58.09
2910,Nominal,0.156407282,275.683711,0.1,58.09
2911,Nominal,0.213317841,321.955770,0.1,58.09
2912,Nominal,0.414247006,448.654793,0.1,58.09
2913,Nominal,0.212930694,321.663481,0.1,58.09
2914,Nominal,0.219125047,326.308686,0.1,58.09
2915,Nominal,0.254742533,351.830393,0.1,58.09
2916,Nominal,0.173054591,289.984099,0.1,58.09
2917,Nominal,0.175377473,291.923816,0.1,58.09
2918,Nominal,0.277197063,367.009186,0.1,58.09
2919,Nominal,0.156794429,276.024693,0.1,58.09
2920,Nominal,0.198993415,310.958172,0.1,58.09
2921,Nominal,0.116918311,238.354792,0.1,58.09
2922,Nominal,0.186604723,301.123007,0.1,58.09
2923,Nominal,0.144792870,265.250499,0.1,58.09
2924,Nominal,0.227642283,332.589925,0.1,58.09
2925,Nominal,0.317073166,392.520522,0.1,58.09
2926,Nominal,0.217189312,324.864194,0.1,58.09
2927,Nominal,0.309330225,387.698215,0.1,58.09
2928,Nominal,0.464576066,475.128452,0.1,58.09
2929,Nominal,0.286101431,372.857289,0.1,58.09
2930,Nominal,0.298102975,380.597365,0.1,58.09
2931,Nominal,0.241579562,342.620005,0.1,58.09
2932,Nominal,0.455671698,470.553112,0.1,58.09
2933,Nominal,0.268292695,361.066376,0.1,58.09
2934,Nominal,0.209059238,318.725862,0.1,58.09
2935,Nominal,0.182733253,297.982950,0.1,58.09
2936,Nominal,0.392179638,436.541105,0.1,58.09
2937,Nominal,0.172280297,289.334637,0.1,58.09
2938,Nominal,0.306233048,385.752413,0.1,58.09
2939,Nominal,0.303523034,384.041759,0.1,58.09
2940,Nominal,0.199767709,311.562562,0.1,58.09
2941,Nominal,0.236159503,338.754705,0.1,58.09
2942,Nominal,0.298490137,380.844436,0.1,58.09
2943,Nominal,0.250483930,348.877175,0.1,58.09
2944,Nominal,0.152148664,271.904687,0.1,58.09
2945,Nominal,0.106465347,227.450429,0.1,58.09
2946,Nominal,0.149825782,269.821094,0.1,58.09
2947,Nominal,0.124661244,246.120819,0.1,58.09
2948,Nominal,0.268292695,361.066376,0.1,58.09
2949,Nominal,0.280681372,369.308597,0.1,58.09
2950,Nominal,0.267131239,360.283988,0.1,58.09
2951,Nominal,0.320557505,394.671346,0.1,58.09
2952,Nominal,0.543166876,513.746955,0.1,58.09
2953,Nominal,0.338366240,405.486253,0.1,58.09
2954,Nominal,0.357723564,416.923521,0.1,58.09
2955,Nominal,0.394889653,438.046787,0.1,58.09
2956,Nominal,0.358885020,417.599806,0.1,58.09
2957,Nominal,0.339914829,406.413081,0.1,58.09
2958,Nominal,0.236159503,338.754705,0.1,58.09
2959,Nominal,0.184281841,299.242927,0.1,58.09
2960,Nominal,0.414247006,448.654793,0.1,58.09
2961,Nominal,0.143244296,263.828247,0.1,58.09
2962,Nominal,0.341076255,407.106808,0.1,58.09
2963,Nominal,0.274874181,365.468202,0.1,58.09
2964,Nominal,0.227642283,332.589925,0.1,58.09
2965,Nominal,0.231900886,335.686462,0.1,58.09
2966,Nominal,0.267131239,360.283988,0.1,58.09
2967,Nominal,0.265195519,358.976247,0.1,58.09
2968,Nominal,0.130468443,251.788194,0.1,58.09
2969,Nominal,0.117305458,238.749094,0.1,58.09
2970,Nominal,0.133565620,254.759251,0.1,58.09
2971,Nominal,0.112272553,233.571270,0.1,58.09
2972,Nominal,0.286875725,373.361491,0.1,58.09
2973,Nominal,0.263259768,357.663704,0.1,58.09
2974,Nominal,0.280681372,369.308597,0.1,58.09
2975,Nominal,0.312814564,389.875643,0.1,58.09
2976,Nominal,0.406891197,444.653556,0.1,58.09
2977,Nominal,0.384823859,432.427811,0.1,58.09
2978,Nominal,0.420828491,452.204823,0.1,58.09
2979,Nominal,0.301974446,383.060807,0.1,58.09
2980,Nominal,0.293070078,377.370861,0.1,58.09
2981,Nominal,0.330236167,400.585237,0.1,58.09
2982,Nominal,0.216027871,323.994408,0.1,58.09
2983,Nominal,0.133952767,255.128201,0.1,58.09
2984,Nominal,0.305845916,385.508507,0.1,58.09
2985,Nominal,0.102981031,223.697556,0.1,58.09
2986,Nominal,0.427022845,455.520763,0.1,58.09
2987,Nominal,0.235772356,338.476923,0.1,58.09
2988,Nominal,0.206349209,316.653306,0.1,58.09
2989,Nominal,0.261324048,356.346347,0.1,58.09
2990,Nominal,0.258226871,354.228369,0.1,58.09
2991,Nominal,0.222996518,329.178653,0.1,58.09
2992,Nominal,0.131242737,252.534235,0.1,58.09
2993,Nominal,0.096012391,215.996277,0.1,58.09
2994,Nominal,0.119628340,241.101360,0.1,58.09
2995,Nominal,0.103755325,224.536951,0.1,58.09
2996,Nominal,0.259388298,355.024081,0.1,58.09
2997,Nominal,0.252419680,350.222649,0.1,58.09
2998,Nominal,0.278358489,367.777247,0.1,58.09
2999,Nominal,0.293844372,377.869041,0.1,58.09
3000,Nominal,0.323654652,396.573371,0.1,58.09
3001,Nominal,0.363530785,420.294028,0.1,58.09
3002,Nominal,0.333333343,402.459332,0.1,58.09
3003,Nominal,0.285327137,372.352403,0.1,58.09
3004,Nominal,0.323654652,396.573371,0.1,58.09
3005,Nominal,0.355013549,415.341270,0.1,58.09
3006,Nominal,0.184281841,299.242927,0.1,58.09
3007,Nominal,0.103755325,224.536951,0.1,58.09
3008,Nominal,0.311265975,388.909407,0.1,58.09
3009,Nominal,0.100658149,221.160260,0.1,58.09
3010,Nominal,0.404568344,443.382524,0.1,58.09
3011,Nominal,0.227642283,332.589925,0.1,58.09
3012,Nominal,0.174216032,290.955574,0.1,58.09
3013,Nominal,0.249322489,348.067400,0.1,58.09
3014,Nominal,0.242353857,343.168637,0.1,58.09
3015,Nominal,0.217576459,325.153606,0.1,58.09
3016,Nominal,0.113046847,234.375305,0.1,58.09
3017,Nominal,0.092140920,211.596703,0.1,58.09
3018,Nominal,0.112272553,233.571270,0.1,58.09
3019,Nominal,0.097173832,217.298780,0.1,58.09
3020,Nominal,0.248161048,347.255737,0.1,58.09
3021,Nominal,0.269841284,362.106916,0.1,58.09
3022,Nominal,0.232675180,336.246406,0.1,58.09
3023,Nominal,0.281842828,370.071906,0.1,58.09
3024,Nominal,0.289585739,375.120854,0.1,58.09
3025,Nominal,0.480836242,483.371700,0.1,58.09
3026,Nominal,0.385210991,432.645267,0.1,58.09
3027,Nominal,0.226093695,331.456735,0.1,58.09
3028,Nominal,0.265195519,358.976247,0.1,58.09
3029,Nominal,0.350754946,412.842619,0.1,58.09
3030,Nominal,0.156020135,275.342307,0.1,58.09
3031,Nominal,0.099883854,220.308001,0.1,58.09
3032,Nominal,0.230352297,334.563760,0.1,58.09
3033,Nominal,0.098335266,218.593514,0.1,58.09
3034,Nominal,0.366627961,422.080623,0.1,58.09
3035,Nominal,0.206349209,316.653306,0.1,58.09
3036,Nominal,0.152535811,272.250402,0.1,58.09
3037,Nominal,0.186991870,301.435214,0.1,58.09
3038,Nominal,0.239256680,340.968814,0.1,58.09
3039,Nominal,0.177700356,293.850728,0.1,58.09
3040,Nominal,0.114208288,235.576212,0.1,58.09
3041,Nominal,0.073557876,189.058938,0.1,58.09
3042,Nominal,0.102981031,223.697556,0.1,58.09
3043,Nominal,0.076655053,192.998092,0.1,58.09
3044,Nominal,0.245451033,345.354449,0.1,58.09
3045,Nominal,0.226867989,332.023813,0.1,58.09
3046,Nominal,0.200929150,312.466956,0.1,58.09
3047,Nominal,0.293844372,377.869041,0.1,58.09
3048,Nominal,0.185443282,300.184439,0.1,58.09
3049,Nominal,0.494773507,490.327037,0.1,58.09
3050,Nominal,0.351916373,413.525560,0.1,58.09
3051,Nominal,0.187379017,301.747097,0.1,58.09
3052,Nominal,0.178474635,294.490218,0.1,58.09
3053,Nominal,0.446380168,465.730916,0.1,58.09
3054,Nominal,0.136275649,257.330789,0.1,58.09
3055,Nominal,0.095238097,215.123560,0.1,58.09
3056,Nominal,0.126984134,248.403296,0.1,58.09
3057,Nominal,0.077429347,193.970382,0.1,58.09
3058,Nominal,0.416182727,449.701823,0.1,58.09
3059,Nominal,0.234223768,337.363508,0.1,58.09
3060,Nominal,0.140147120,260.960461,0.1,58.09
3061,Nominal,0.170731708,288.031321,0.1,58.09
3062,Nominal,0.240030974,341.520098,0.1,58.09
3063,Nominal,0.181571811,297.034460,0.1,58.09
3064,Nominal,0.133952767,255.128201,0.1,58.09
3065,Nominal,0.082462251,200.175175,0.1,58.09
3066,Nominal,0.121951222,243.430898,0.1,58.09
3067,Nominal,0.055361982,164.016840,0.1,58.09
3068,Nominal,0.166860238,284.746931,0.1,58.09
3069,Nominal,0.204026327,314.865971,0.1,58.09
3070,Nominal,0.136662796,257.696057,0.1,58.09
3071,Nominal,0.219512194,326.596817,0.1,58.09
3072,Nominal,0.078590788,195.419746,0.1,58.09
3073,Nominal,0.506387949,496.048686,0.1,58.09
3074,Nominal,0.456445992,470.952733,0.1,58.09
3075,Nominal,0.043360434,145.154143,0.1,58.09
3076,Nominal,0.116144016,237.564226,0.1,58.09
3077,Nominal,0.449864507,467.545076,0.1,58.09
3078,Nominal,0.140921414,261.680354,0.1,58.09
3079,Nominal,0.098722413,219.023394,0.1,58.09
3080,Nominal,0.068524972,182.476547,0.1,58.09
3081,Nominal,0.071622148,186.554742,0.1,58.09
3082,Nominal,0.399148285,440.402481,0.1,58.09
3083,Nominal,0.144405723,264.895649,0.1,58.09
3084,Nominal,0.145954311,266.312214,0.1,58.09
3085,Nominal,0.090979479,210.258880,0.1,58.09
3086,Nominal,0.168795973,286.393834,0.1,58.09
3087,Nominal,0.108788230,229.918320,0.1,58.09
3088,Nominal,0.232675180,336.246406,0.1,58.09
3089,Missing_Unintentional,0.036004648,132.270168,0.1,58.09
3090,Nominal,0.142857149,263.471481,0.1,58.09
3091,Nominal,0.045683313,148.991475,0.1,58.09
3092,Nominal,0.090592332,209.811043,0.1,58.09
3093,Nominal,0.201703444,313.068433,0.1,58.09
3094,Nominal,0.102981031,223.697556,0.1,58.09
3095,Nominal,0.220673636,327.459691,0.1,58.09
3096,Missing_Unintentional,0.001161440,23.756423,0.1,58.09
3097,Nominal,0.089430891,208.461761,0.1,58.09
3098,Nominal,0.039488968,138.522561,0.1,58.09
3099,Missing_Unintentional,0.006194348,54.863108,0.1,58.09
3100,Nominal,0.048006196,152.732432,0.1,58.09
3101,Nominal,0.459543169,472.547837,0.1,58.09
3102,Nominal,0.320170343,394.432937,0.1,58.09
3103,Nominal,0.027874565,116.382229,0.1,58.09
3104,Nominal,0.057684861,167.422394,0.1,58.09
3105,Nominal,0.433991492,459.222576,0.1,58.09
3106,Nominal,0.156020135,275.342307,0.1,58.09
3107,Nominal,0.053813394,161.706626,0.1,58.09
3108,Missing_Unintentional,0.021293070,101.718926,0.1,58.09
3109,Missing_Unintentional,0.029036004,118.782113,0.1,58.09
3110,Nominal,0.316298872,392.040960,0.1,58.09
3111,Nominal,0.154471546,273.972435,0.1,58.09
3112,Nominal,0.168408826,286.065212,0.1,58.09
3113,Nominal,0.054974835,163.442347,0.1,58.09
3114,Nominal,0.179248929,295.128335,0.1,58.09
3115,Nominal,0.051103368,157.582282,0.1,58.09
3116,Nominal,0.162601620,281.089781,0.1,58.09
3117,Nominal,0.207123503,317.246847,0.1,58.09
3118,Nominal,0.183120400,298.298443,0.1,58.09
3119,Nominal,0.235772356,338.476923,0.1,58.09
3120,Nominal,0.117305458,238.749094,0.1,58.09
3121,Nominal,0.246225312,345.898733,0.1,58.09
3122,Nominal,0.113046847,234.375305,0.1,58.09
3123,Nominal,0.239643827,341.244567,0.1,58.09
3124,Nominal,0.389469624,435.030211,0.1,58.09
3125,Nominal,0.199767709,311.562562,0.1,58.09
3126,Nominal,0.161827326,280.419720,0.1,58.09
3127,Nominal,0.393341064,437.187028,0.1,58.09
3128,Nominal,0.390243888,435.462416,0.1,58.09
3129,Nominal,0.178474635,294.490218,0.1,58.09
3130,Nominal,0.147502899,267.721285,0.1,58.09
3131,Nominal,0.238869533,340.692837,0.1,58.09
3132,Nominal,0.479287654,482.592695,0.1,58.09
3133,Nominal,0.216802165,324.574525,0.1,58.09
3134,Nominal,0.175764620,292.245850,0.1,58.09
3135,Nominal,0.251645386,349.685085,0.1,58.09
3136,Nominal,0.168795973,286.393834,0.1,58.09
3137,Nominal,0.156794429,276.024693,0.1,58.09
3138,Nominal,0.325977534,397.993938,0.1,58.09
3139,Nominal,0.226480842,331.740395,0.1,58.09
3140,Nominal,0.175764620,292.245850,0.1,58.09
3141,Nominal,0.161053032,279.748054,0.1,58.09
3142,Nominal,0.179636076,295.446876,0.1,58.09
3143,Nominal,0.137049943,258.060808,0.1,58.09
3144,Nominal,0.192799076,306.080102,0.1,58.09
3145,Nominal,0.284552842,371.846833,0.1,58.09
3146,Nominal,0.173441738,290.308285,0.1,58.09
3147,Nominal,0.284552842,371.846833,0.1,58.09
3148,Nominal,0.509097934,497.374241,0.1,58.09
3149,Nominal,0.278745651,368.032925,0.1,58.09
3150,Nominal,0.262098342,356.873877,0.1,58.09
3151,Nominal,0.444057286,464.517545,0.1,58.09
3152,Nominal,0.420054197,451.788619,0.1,58.09
3153,Nominal,0.301587313,382.815185,0.1,58.09
3154,Nominal,0.209833533,319.315550,0.1,58.09
3155,Nominal,0.197444826,309.745854,0.1,58.09
3156,Nominal,0.420828491,452.204823,0.1,58.09
3157,Nominal,0.168021679,285.736212,0.1,58.09
3158,Nominal,0.370499432,424.303287,0.1,58.09
3159,Nominal,0.321718931,395.385676,0.1,58.09
3160,Nominal,0.223770812,329.749649,0.1,58.09
3161,Nominal,0.234223768,337.363508,0.1,58.09
3162,Nominal,0.339527667,406.181563,0.1,58.09
3163,Nominal,0.243515298,343.989944,0.1,58.09
3164,Nominal,0.176151767,292.567530,0.1,58.09
3165,Nominal,0.110336818,231.548968,0.1,58.09
3166,Nominal,0.147115752,267.369714,0.1,58.09
3167,Nominal,0.113821141,235.176591,0.1,58.09
3168,Nominal,0.227642283,332.589925,0.1,58.09
3169,Nominal,0.303135902,383.796765,0.1,58.09
3170,Nominal,0.222222224,328.606665,0.1,58.09
3171,Nominal,0.318234622,393.238776,0.1,58.09
3172,Nominal,0.457994580,471.750959,0.1,58.09
3173,Nominal,0.342624843,408.029955,0.1,58.09
3174,Nominal,0.340301961,406.644449,0.1,58.09
3175,Nominal,0.385985285,433.079869,0.1,58.09
3176,Nominal,0.336043358,404.092026,0.1,58.09
3177,Nominal,0.384436697,432.210229,0.1,58.09
3178,Nominal,0.221447930,328.033679,0.1,58.09
3179,Nominal,0.121176928,242.656870,0.1,58.09
3180,Nominal,0.401084006,441.469083,0.1,58.09
3181,Nominal,0.111885406,233.168213,0.1,58.09
3182,Nominal,0.350754946,412.842619,0.1,58.09
3183,Nominal,0.280681372,369.308597,0.1,58.09
3184,Nominal,0.226480842,331.740395,0.1,58.09
3185,Nominal,0.228416577,333.155074,0.1,58.09
3186,Nominal,0.326364696,398.230216,0.1,58.09
3187,Nominal,0.229190856,333.719256,0.1,58.09
3188,Nominal,0.137824237,258.788767,0.1,58.09
3189,Nominal,0.113821141,235.176591,0.1,58.09
3190,Nominal,0.131629884,252.906431,0.1,58.09
3191,Nominal,0.109175377,230.327064,0.1,58.09
3192,Nominal,0.260936886,356.082278,0.1,58.09
3193,Nominal,0.270615578,362.626066,0.1,58.09
3194,Nominal,0.227642283,332.589925,0.1,58.09
3195,Nominal,0.303523034,384.041759,0.1,58.09
3196,Nominal,0.416182727,449.701823,0.1,58.09
3197,Nominal,0.396438241,438.904863,0.1,58.09
3198,Nominal,0.416182727,449.701823,0.1,58.09
3199,Nominal,0.193573371,306.694105,0.1,58.09
3200,Nominal,0.357723564,416.923521,0.1,58.09
3201,Nominal,0.358497858,417.374494,0.1,58.09
3202,Nominal,0.228416577,333.155074,0.1,58.09
3203,Nominal,0.105303913,226.206395,0.1,58.09
3204,Nominal,0.322493225,395.861185,0.1,58.09
3205,Nominal,0.094076656,213.807806,0.1,58.09
3206,Nominal,0.273325592,364.437259,0.1,58.09
3207,Nominal,0.269454122,361.847051,0.1,58.09
3208,Nominal,0.219512194,326.596817,0.1,58.09
3209,Nominal,0.219125047,326.308686,0.1,58.09
3210,Nominal,0.286488593,373.109485,0.1,58.09
3211,Nominal,0.232675180,336.246406,0.1,58.09
3212,Nominal,0.123886950,245.355277,0.1,58.09
3213,Nominal,0.103368178,224.117646,0.1,58.09
3214,Nominal,0.118466899,239.928110,0.1,58.09
3215,Nominal,0.103368178,224.117646,0.1,58.09
3216,Nominal,0.242741004,343.442624,0.1,58.09
3217,Nominal,0.246225312,345.898733,0.1,58.09
3218,Nominal,0.227642283,332.589925,0.1,58.09
3219,Nominal,0.275648475,365.982584,0.1,58.09
3220,Nominal,0.289585739,375.120854,0.1,58.09
3221,Nominal,0.375532329,427.175452,0.1,58.09
3222,Nominal,0.433604330,459.017695,0.1,58.09
3223,Nominal,0.285327137,372.352403,0.1,58.09
3224,Nominal,0.275261313,365.725474,0.1,58.09
3225,Nominal,0.338366240,405.486253,0.1,58.09
3226,Nominal,0.205962062,316.356118,0.1,58.09
3227,Nominal,0.084397987,202.511022,0.1,58.09
3228,Nominal,0.260549754,355.818034,0.1,58.09
3229,Nominal,0.102981031,223.697556,0.1,58.09
3230,Nominal,0.412698418,447.815400,0.1,58.09
3231,Nominal,0.269066989,361.587020,0.1,58.09
3232,Nominal,0.167247385,285.077072,0.1,58.09
3233,Nominal,0.210994974,320.198046,0.1,58.09
3234,Nominal,0.279907078,368.798854,0.1,58.09
3235,Nominal,0.206736356,316.950215,0.1,58.09
3236,Nominal,0.114208288,235.576212,0.1,58.09
3237,Nominal,0.099496707,219.880632,0.1,58.09
3238,Nominal,0.115756869,237.167955,0.1,58.09
3239,Nominal,0.087882310,206.649022,0.1,58.09
3240,Nominal,0.201703444,313.068433,0.1,58.09
3241,Nominal,0.244676739,344.809295,0.1,58.09
3242,Nominal,0.193573371,306.694105,0.1,58.09
3243,Nominal,0.245838165,345.626693,0.1,58.09
3244,Nominal,0.228416577,333.155074,0.1,58.09
3245,Nominal,0.428184271,456.139810,0.1,58.09
3246,Nominal,0.391792476,436.325574,0.1,58.09
3247,Nominal,0.180023223,295.765075,0.1,58.09
3248,Nominal,0.238095239,340.140212,0.1,58.09
3249,Nominal,0.441347271,463.097936,0.1,58.09
3250,Nominal,0.145567164,265.958780,0.1,58.09
3251,Nominal,0.081687957,199.233168,0.1,58.09
3252,Nominal,0.222996518,329.178653,0.1,58.09
3253,Nominal,0.096012391,215.996277,0.1,58.09
3254,Nominal,0.304684490,384.775841,0.1,58.09
3255,Nominal,0.253581107,351.027442,0.1,58.09
3256,Missing_Intentional,0.019357337,96.985191,0.1,58.09
3257,Nominal,0.165311649,283.422518,0.1,58.09
3258,Nominal,0.275648475,365.982584,0.1,58.09
3259,Nominal,0.204800621,315.462875,0.1,58.09
3260,Nominal,0.099496707,219.880632,0.1,58.09
3261,Nominal,0.061169185,172.404647,0.1,58.09
3262,Nominal,0.097560972,217.731208,0.1,58.09
3263,Nominal,0.085559428,203.899687,0.1,58.09
3264,Nominal,0.161440179,280.084089,0.1,58.09
3265,Nominal,0.248548195,347.526502,0.1,58.09
3266,Nominal,0.140147120,260.960461,0.1,58.09
3267,Nominal,0.216802165,324.574525,0.1,58.09
3268,Nominal,0.182733253,297.982950,0.1,58.09
3269,Nominal,0.504452169,495.099650,0.1,58.09
3270,Nominal,0.392566770,436.756513,0.1,58.09
3271,Nominal,0.154858693,274.315544,0.1,58.09
3272,Nominal,0.150987223,270.864894,0.1,58.09
3273,Nominal,0.445993036,465.528915,0.1,58.09
3274,Nominal,0.139759973,260.599769,0.1,58.09
3275,Nominal,0.089818038,208.912490,0.1,58.09
3276,Nominal,0.147890046,268.072395,0.1,58.09
3277,Nominal,0.083236545,201.112769,0.1,58.09
3278,Nominal,0.396051109,438.690510,0.1,58.09
3279,Nominal,0.279519945,368.543727,0.1,58.09
3280,Nominal,0.142857149,263.471481,0.1,58.09
3281,Nominal,0.202477738,313.668757,0.1,58.09
3282,Nominal,0.311653107,389.151181,0.1,58.09
3283,Nominal,0.169183120,286.722079,0.1,58.09
3284,Nominal,0.120402634,241.880366,0.1,58.09
3285,Nominal,0.044909019,147.723438,0.1,58.09
3286,Nominal,0.131629884,252.906431,0.1,58.09
3287,Nominal,0.065814942,178.831852,0.1,58.09
3288,Nominal,0.138598531,259.514684,0.1,58.09
3289,Nominal,0.221835077,328.320297,0.1,58.09
3290,Nominal,0.109562524,230.735084,0.1,58.09
3291,Nominal,0.245838165,345.626693,0.1,58.09
3292,Nominal,0.099109560,219.452431,0.1,58.09
3293,Nominal,0.500967860,493.386832,0.1,58.09
3294,Nominal,0.448315918,466.739657,0.1,58.09
3295,Nominal,0.066589236,179.880729,0.1,58.09
3296,Nominal,0.118854046,240.319830,0.1,58.09
3297,Nominal,0.406116933,444.230294,0.1,58.09
3298,Nominal,0.142082855,262.756495,0.1,58.09
3299,Nominal,0.087108016,205.736659,0.1,58.09
3300,Nominal,0.087495163,206.193345,0.1,58.09
3301,Nominal,0.060007744,170.760049,0.1,58.09
3302,Nominal,0.422764242,453.243668,0.1,58.09
3303,Nominal,0.208672091,318.430609,0.1,58.09
3304,Nominal,0.161053032,279.748054,0.1,58.09
3305,Nominal,0.096786685,216.865481,0.1,58.09
3306,Nominal,0.217576459,325.153606,0.1,58.09
3307,Nominal,0.115756869,237.167955,0.1,58.09
3308,Nominal,0.135114208,256.231862,0.1,58.09
3309,Missing_Unintentional,0.024390243,108.865604,0.1,58.09
3310,Nominal,0.130468443,251.788194,0.1,58.09
3311,Missing_Unintentional,0.034456059,129.394384,0.1,58.09
3312,Nominal,0.044909019,147.723438,0.1,58.09
3313,Nominal,0.162988767,281.424213,0.1,58.09
3314,Nominal,0.056910571,166.294962,0.1,58.09
3315,Nominal,0.127371266,248.781657,0.1,58.09
3316,Missing_Unintentional,0.007742934,61.338819,0.1,58.09
3317,Nominal,0.103755325,224.536951,0.1,58.09
3318,Nominal,0.075880758,192.020879,0.1,58.09
3319,Missing_Unintentional,0.006968641,58.191114,0.1,58.09
3320,Nominal,0.061169185,172.404647,0.1,58.09
3321,Nominal,0.391792476,436.325574,0.1,58.09
3322,Nominal,0.404955477,443.594610,0.1,58.09
3323,Missing_Unintentional,0.014324429,83.429814,0.1,58.09
3324,Nominal,0.043747582,145.800713,0.1,58.09
3325,Nominal,0.355787843,415.793959,0.1,58.09
3326,Nominal,0.168795973,286.393834,0.1,58.09
3327,Missing_Unintentional,0.042973287,144.504680,0.1,58.09
3328,Missing_Unintentional,0.018195895,94.030629,0.1,58.09
3329,Missing_Unintentional,0.030197445,121.134465,0.1,58.09
3330,Nominal,0.274487019,365.210729,0.1,58.09
3331,Nominal,0.226867989,332.023813,0.1,58.09
3332,Nominal,0.168408826,286.065212,0.1,58.09
3333,Nominal,0.053813394,161.706626,0.1,58.09
3334,Nominal,0.228803724,333.437290,0.1,58.09
3335,Nominal,0.052651957,159.952076,0.1,58.09
3336,Nominal,0.153697252,273.284924,0.1,58.09
3337,Nominal,0.205187768,315.760903,0.1,58.09
3338,Nominal,0.177700356,293.850728,0.1,58.09
3339,Nominal,0.237708092,339.863562,0.1,58.09
3340,Nominal,0.099883854,220.308001,0.1,58.09
3341,Nominal,0.226867989,332.023813,0.1,58.09
3342,Nominal,0.123499803,244.971609,0.1,58.09
3343,Nominal,0.214866430,323.122281,0.1,58.09
3344,Nominal,0.479674786,482.787556,0.1,58.09
3345,Nominal,0.242353857,343.168637,0.1,58.09
3346,Nominal,0.183507547,298.613603,0.1,58.09
3347,Nominal,0.442121565,463.503985,0.1,58.09
3348,Nominal,0.436314374,460.449900,0.1,58.09
3349,Nominal,0.129307002,250.664968,0.1,58.09
3350,Nominal,0.147890046,268.072395,0.1,58.09
3351,Nominal,0.230739444,334.844788,0.1,58.09
3352,Nominal,0.438250095,461.470169,0.1,58.09
3353,Nominal,0.202090591,313.368739,0.1,58.09
3354,Nominal,0.182346106,297.667122,0.1,58.09
3355,Nominal,0.343012005,408.260424,0.1,58.09
3356,Nominal,0.174990326,291.601426,0.1,58.09
3357,Nominal,0.205574915,316.058651,0.1,58.09
3358,Nominal,0.358497858,417.374494,0.1,58.09
3359,Nominal,0.203639179,314.567095,0.1,58.09
3360,Nominal,0.183120400,298.298443,0.1,58.09
3361,Nominal,0.126596987,248.024343,0.1,58.09
3362,Nominal,0.205574915,316.058651,0.1,58.09
3363,Nominal,0.156020135,275.342307,0.1,58.09
3364,Nominal,0.159117311,278.061805,0.1,58.09
3365,Nominal,0.259001166,354.759049,0.1,58.09
3366,Nominal,0.168021679,285.736212,0.1,58.09
3367,Nominal,0.255516827,352.364685,0.1,58.09
3368,Nominal,0.495160669,490.518841,0.1,58.09
3369,Nominal,0.260936886,356.082278,0.1,58.09
3370,Nominal,0.303910196,384.286615,0.1,58.09
3371,Nominal,0.408052653,445.287727,0.1,58.09
3372,Nominal,0.451413095,468.349110,0.1,58.09
3373,Nominal,0.182346106,297.667122,0.1,58.09
3374,Nominal,0.214866430,323.122281,0.1,58.09
3375,Nominal,0.179636076,295.446876,0.1,58.09
3376,Nominal,0.461091757,473.343373,0.1,58.09
3377,Nominal,0.164150208,282.425133,0.1,58.09
3378,Nominal,0.205962062,316.356118,0.1,58.09
3379,Nominal,0.334107637,402.926493,0.1,58.09
3380,Nominal,0.225319400,330.888685,0.1,58.09
3381,Nominal,0.231126592,335.125581,0.1,58.09
3382,Nominal,0.341076255,407.106808,0.1,58.09
3383,Nominal,0.244676739,344.809295,0.1,58.09
3384,Nominal,0.159117311,278.061805,0.1,58.09
3385,Nominal,0.107626788,228.687703,0.1,58.09
3386,Nominal,0.185056135,299.870930,0.1,58.09
3387,Nominal,0.126209840,247.644810,0.1,58.09
3388,Nominal,0.218350753,325.731658,0.1,58.09
3389,Nominal,0.296554387,379.607513,0.1,58.09
3390,Nominal,0.219899341,326.884695,0.1,58.09
3391,Nominal,0.319008917,393.716879,0.1,58.09
3392,Nominal,0.460704595,473.144607,0.1,58.09
3393,Nominal,0.272164136,363.662124,0.1,58.09
3394,Nominal,0.300425857,382.077336,0.1,58.09
3395,Nominal,0.395276815,438.261472,0.1,58.09
3396,Nominal,0.380565226,430.028435,0.1,58.09
3397,Nominal,0.332171887,401.757562,0.1,58.09
3398,Nominal,0.238095239,340.140212,0.1,58.09
3399,Nominal,0.123886950,245.355277,0.1,58.09
3400,Nominal,0.420441359,451.996777,0.1,58.09
3401,Nominal,0.127758414,249.159458,0.1,58.09
3402,Nominal,0.288424313,374.367859,0.1,58.09
3403,Nominal,0.339914829,406.413081,0.1,58.09
3404,Nominal,0.222222224,328.606665,0.1,58.09
3405,Nominal,0.233449474,336.805421,0.1,58.09
3406,Nominal,0.326751828,398.466335,0.1,58.09
3407,Nominal,0.212930694,321.663481,0.1,58.09
3408,Nominal,0.142857149,263.471481,0.1,58.09
3409,Nominal,0.108013935,229.098643,0.1,58.09
3410,Nominal,0.146341458,266.665180,0.1,58.09
3411,Nominal,0.120789781,242.268929,0.1,58.09
3412,Nominal,0.203639179,314.567095,0.1,58.09
3413,Nominal,0.316686034,392.280823,0.1,58.09
3414,Nominal,0.195509091,308.223751,0.1,58.09
3415,Nominal,0.297328681,380.102761,0.1,58.09
3416,Nominal,0.312814564,389.875643,0.1,58.09
3417,Nominal,0.367015094,422.303407,0.1,58.09
3418,Nominal,0.293844372,377.869041,0.1,58.09
3419,Nominal,0.296167254,379.359655,0.1,58.09
3420,Nominal,0.383275270,431.556857,0.1,58.09
3421,Nominal,0.375532329,427.175452,0.1,58.09
3422,Nominal,0.238869533,340.692837,0.1,58.09
3423,Nominal,0.088269457,207.103697,0.1,58.09
3424,Nominal,0.388695329,434.597560,0.1,58.09
3425,Nominal,0.106465347,227.450429,0.1,58.09
3426,Nominal,0.418118477,450.746437,0.1,58.09
3427,Nominal,0.317460328,392.760092,0.1,58.09
3428,Nominal,0.216027871,323.994408,0.1,58.09
3429,Nominal,0.237320945,339.586688,0.1,58.09
3430,Nominal,0.310104519,388.183141,0.1,58.09
3431,Nominal,0.224157959,330.034776,0.1,58.09
3432,Nominal,0.132404178,253.649183,0.1,58.09
3433,Nominal,0.091753773,211.151703,0.1,58.09
3434,Nominal,0.146728605,267.017679,0.1,58.09
3435,Nominal,0.117692605,239.142745,0.1,58.09
3436,Nominal,0.203639179,314.567095,0.1,58.09
3437,Nominal,0.313975990,390.598743,0.1,58.09
3438,Nominal,0.183507547,298.613603,0.1,58.09
3439,Nominal,0.274487019,365.210729,0.1,58.09
3440,Nominal,0.315911740,391.800969,0.1,58.09
3441,Nominal,0.380952388,430.247121,0.1,58.09
3442,Nominal,0.373983741,426.293767,0.1,58.09
3443,Nominal,0.245838165,345.626693,0.1,58.09
3444,Nominal,0.341463417,407.337800,0.1,58.09
3445,Nominal,0.472706169,479.267807,0.1,58.09
3446,Nominal,0.253968269,351.295310,0.1,58.09
3447,Nominal,0.101045296,221.585160,0.1,58.09
3448,Nominal,0.269454122,361.847051,0.1,58.09
3449,Nominal,0.125822693,247.264695,0.1,58.09
3450,Nominal,0.324041814,396.810495,0.1,58.09
3451,Nominal,0.296941549,379.855227,0.1,58.09
3452,Nominal,0.185830429,300.497621,0.1,58.09
3453,Nominal,0.204413474,315.164564,0.1,58.09
3454,Nominal,0.284940004,372.099714,0.1,58.09
3455,Nominal,0.202864885,313.968489,0.1,58.09
3456,Nominal,0.123886950,245.355277,0.1,58.09
3457,Nominal,0.094076656,213.807806,0.1,58.09
3458,Nominal,0.116918311,238.354792,0.1,58.09
3459,Nominal,0.111885406,233.168213,0.1,58.09
3460,Nominal,0.183507547,298.613603,0.1,58.09
3461,Nominal,0.315524578,391.560811,0.1,58.09
3462,Nominal,0.198219121,310.352605,0.1,58.09
3463,Nominal,0.268292695,361.066376,0.1,58.09
3464,Nominal,0.213704988,322.247794,0.1,58.09
3465,Nominal,0.488966316,487.441042,0.1,58.09
3466,Nominal,0.316686034,392.280823,0.1,58.09
3467,Nominal,0.162601620,281.089781,0.1,58.09
3468,Nominal,0.307394505,386.483246,0.1,58.09
3469,Nominal,0.430507153,457.375407,0.1,58.09
3470,Nominal,0.186217576,300.810476,0.1,58.09
3471,Nominal,0.115369722,236.771021,0.1,58.09
3472,Nominal,0.168021679,285.736212,0.1,58.09
3473,Nominal,0.097948119,218.162787,0.1,58.09
3474,Nominal,0.378629506,428.933385,0.1,58.09
3475,Nominal,0.308168799,386.969695,0.1,58.09
3476,Nominal,0.147890046,268.072395,0.1,58.09
3477,Nominal,0.189701900,303.611671,0.1,58.09
3478,Nominal,0.322106063,395.623493,0.1,58.09
3479,Nominal,0.185056135,299.870930,0.1,58.09
3480,Nominal,0.120789781,242.268929,0.1,58.09
3481,Nominal,0.077816494,194.454703,0.1,58.09
3482,Nominal,0.127758414,249.159458,0.1,58.09
3483,Nominal,0.084010839,202.046013,0.1,58.09
3484,Nominal,0.157181576,276.365255,0.1,58.09
3485,Nominal,0.292682916,377.121514,0.1,58.09
3486,Nominal,0.154471546,273.972435,0.1,58.09
3487,Nominal,0.245451033,345.354449,0.1,58.09
3488,Nominal,0.142470002,263.114231,0.1,58.09
3489,Nominal,0.440572977,462.691531,0.1,58.09
3490,Nominal,0.365466505,421.411529,0.1,58.09
3491,Nominal,0.145180017,265.604876,0.1,58.09
3492,Nominal,0.149051487,269.122978,0.1,58.09
3493,Nominal,0.370112270,424.081536,0.1,58.09
3494,Nominal,0.147115752,267.369714,0.1,58.09
3495,Nominal,0.087495163,206.193345,0.1,58.09
3496,Nominal,0.102593884,223.276676,0.1,58.09
3497,Nominal,0.086720869,205.278957,0.1,58.09
3498,Nominal,0.421602786,452.620644,0.1,58.09
3499,Nominal,0.230352297,334.563760,0.1,58.09
3500,Nominal,0.132791325,254.019745,0.1,58.09
3501,Nominal,0.110723965,231.954839,0.1,58.09
3502,Nominal,0.253581107,351.027442,0.1,58.09
3503,Nominal,0.126209840,247.644810,0.1,58.09
3504,Nominal,0.079752229,196.858439,0.1,58.09
3505,Nominal,0.061169185,172.404647,0.1,58.09
3506,Nominal,0.125822693,247.264695,0.1,58.09
3507,Nominal,0.081687957,199.233168,0.1,58.09
3508,Nominal,0.157568723,276.705397,0.1,58.09
3509,Nominal,0.296167254,379.359655,0.1,58.09
3510,Nominal,0.147502899,267.721285,0.1,58.09
3511,Nominal,0.275648475,365.982584,0.1,58.09
3512,Nominal,0.096786685,216.865481,0.1,58.09
3513,Nominal,0.385598153,432.862631,0.1,58.09
3514,Nominal,0.394115359,437.617119,0.1,58.09
3515,Nominal,0.041811846,142.538536,0.1,58.09
3516,Nominal,0.124661244,246.120819,0.1,58.09
3517,Nominal,0.368950844,423.415621,0.1,58.09
3518,Nominal,0.159891605,278.737534,0.1,58.09
3519,Nominal,0.077816494,194.454703,0.1,58.09
3520,Nominal,0.065427795,178.305100,0.1,58.09
3521,Nominal,0.068524972,182.476547,0.1,58.09
3522,Nominal,0.392566770,436.756513,0.1,58.09
3523,Nominal,0.257452577,353.696893,0.1,58.09
3524,Nominal,0.146728605,267.017679,0.1,58.09
3525,Nominal,0.107239641,228.276024,0.1,58.09
3526,Nominal,0.256291121,352.898167,0.1,58.09
3527,Nominal,0.105303913,226.206395,0.1,58.09
3528,Nominal,0.135501355,256.598694,0.1,58.09
3529,Missing_Unintentional,0.023228804,106.241953,0.1,58.09
3530,Nominal,0.144018590,264.540336,0.1,58.09
3531,Nominal,0.047231901,151.495711,0.1,58.09
3532,Nominal,0.054587688,162.865829,0.1,58.09
3533,Nominal,0.196670532,309.137912,0.1,58.09
3534,Nominal,0.060782038,171.858197,0.1,58.09
3535,Nominal,0.151761517,271.558532,0.1,58.09
3536,Missing_Unintentional,0.009678668,68.578886,0.1,58.09
3537,Nominal,0.133952767,255.128201,0.1,58.09
3538,Nominal,0.122338369,243.816991,0.1,58.09
3539,Missing_Unintentional,0.010840109,72.577071,0.1,58.09
3540,Nominal,0.041037552,141.212566,0.1,58.09
3541,Nominal,0.377080917,428.055321,0.1,58.09
3542,Nominal,0.297328681,380.102761,0.1,58.09
3543,Missing_Unintentional,0.018583043,95.025690,0.1,58.09
3544,Missing_Unintentional,0.013550135,81.143631,0.1,58.09
3545,Nominal,0.407665491,445.076432,0.1,58.09
3546,Nominal,0.160278752,279.074785,0.1,58.09
3547,Nominal,0.049554780,155.176302,0.1,58.09
3548,Missing_Unintentional,0.026713124,113.931800,0.1,58.09
3549,Missing_Unintentional,0.030584592,121.908495,0.1,58.09
3550,Nominal,0.378242344,428.714029,0.1,58.09
3551,Nominal,0.149438635,269.472262,0.1,58.09
3552,Nominal,0.190863341,304.539678,0.1,58.09
3553,Missing_Unintentional,0.032520324,125.707171,0.1,58.09
3554,Nominal,0.156407282,275.683711,0.1,58.09
3555,Missing_Unintentional,0.035230353,130.840177,0.1,58.09
3556,Nominal,0.146341458,266.665180,0.1,58.09
3557,Nominal,0.210220680,319.609986,0.1,58.09
3558,Nominal,0.178861782,294.809449,0.1,58.09
3559,Nominal,0.226480842,331.740395,0.1,58.09
3560,Nominal,0.082075104,199.704727,0.1,58.09
3561,Nominal,0.216027871,323.994408,0.1,58.09
3562,Nominal,0.089430891,208.461761,0.1,58.09
3563,Nominal,0.248935342,347.797056,0.1,58.09
3564,Nominal,0.325977534,397.993938,0.1,58.09
3565,Nominal,0.207510650,317.543201,0.1,58.09
3566,Nominal,0.129307002,250.664968,0.1,58.09
3567,Nominal,0.426635683,455.314216,0.1,58.09
3568,Nominal,0.428184271,456.139810,0.1,58.09
3569,Nominal,0.160665900,279.411629,0.1,58.09
3570,Nominal,0.172667444,289.659550,0.1,58.09
3571,Nominal,0.214092135,322.539553,0.1,58.09
3572,Nominal,0.300038725,381.831082,0.1,58.09
3573,Nominal,0.174216032,290.955574,0.1,58.09
3574,Nominal,0.193186224,306.387257,0.1,58.09
3575,Nominal,0.312814564,389.875643,0.1,58.09
3576,Nominal,0.185830429,300.497621,0.1,58.09
3577,Nominal,0.214479282,322.831048,0.1,58.09
3578,Nominal,0.280294240,369.053823,0.1,58.09
3579,Nominal,0.154471546,273.972435,0.1,58.09
3580,Nominal,0.195896238,308.528772,0.1,58.09
3581,Nominal,0.128919855,250.289440,0.1,58.09
3582,Nominal,0.205574915,316.058651,0.1,58.09
3583,Nominal,0.136662796,257.696057,0.1,58.09
3584,Nominal,0.179248929,295.128335,0.1,58.09
3585,Nominal,0.336817652,404.557302,0.1,58.09
3586,Nominal,0.188927606,302.991422,0.1,58.09
3587,Nominal,0.305071622,385.020211,0.1,58.09
3588,Nominal,0.492450625,489.174679,0.1,58.09
3589,Nominal,0.291908622,376.622346,0.1,58.09
3590,Nominal,0.291908622,376.622346,0.1,58.09
3591,Nominal,0.427797139,455.933560,0.1,58.09
3592,Nominal,0.382500976,431.120721,0.1,58.09
3593,Nominal,0.204800621,315.462875,0.1,58.09
3594,Nominal,0.186604723,301.123007,0.1,58.09
3595,Nominal,0.140147120,260.960461,0.1,58.09
3596,Nominal,0.474254757,480.052207,0.1,58.09
3597,Nominal,0.178861782,294.809449,0.1,58.09
3598,Nominal,0.265969813,359.499919,0.1,58.09
3599,Nominal,0.322493225,395.861185,0.1,58.09
3600,Nominal,0.220673636,327.459691,0.1,58.09
3601,Nominal,0.229578003,334.000994,0.1,58.09
3602,Nominal,0.317460328,392.760092,0.1,58.09
3603,Nominal,0.210607827,319.904151,0.1,58.09
3604,Nominal,0.230352297,334.563760,0.1,58.09
3605,Nominal,0.122725517,244.202473,0.1,58.09
3606,Nominal,0.204800621,315.462875,0.1,58.09
3607,Nominal,0.133565620,254.759251,0.1,58.09
3608,Nominal,0.209059238,318.725862,0.1,58.09
3609,Nominal,0.322880358,396.098717,0.1,58.09
3610,Nominal,0.186217576,300.810476,0.1,58.09
3611,Nominal,0.283778548,371.340574,0.1,58.09
3612,Nominal,0.419667065,451.580382,0.1,58.09
3613,Nominal,0.394115359,437.617119,0.1,58.09
3614,Nominal,0.353464961,414.434410,0.1,58.09
3615,Nominal,0.392566770,436.756513,0.1,58.09
3616,Nominal,0.442121565,463.503985,0.1,58.09
3617,Nominal,0.272938430,364.179057,0.1,58.09
3618,Nominal,0.220286489,327.172319,0.1,58.09
3619,Nominal,0.165698797,283.754201,0.1,58.09
3620,Nominal,0.432830036,458.607674,0.1,58.09
3621,Nominal,0.165698797,283.754201,0.1,58.09
3622,Nominal,0.339140534,405.949932,0.1,58.09
3623,Nominal,0.325203240,397.520980,0.1,58.09
3624,Nominal,0.241966709,342.894431,0.1,58.09
3625,Nominal,0.219512194,326.596817,0.1,58.09
3626,Nominal,0.333720475,402.692971,0.1,58.09
3627,Nominal,0.243902445,344.263278,0.1,58.09
3628,Nominal,0.172667444,289.659550,0.1,58.09
3629,Nominal,0.134727061,255.864504,0.1,58.09
3630,Nominal,0.162601620,281.089781,0.1,58.09
3631,Nominal,0.114982575,236.373420,0.1,58.09
3632,Nominal,0.223770812,329.749649,0.1,58.09
3633,Nominal,0.339140534,405.949932,0.1,58.09
3634,Nominal,0.219125047,326.308686,0.1,58.09
3635,Nominal,0.311653107,389.151181,0.1,58.09
3636,Nominal,0.387533873,433.947766,0.1,58.09
3637,Nominal,0.404955477,443.594610,0.1,58.09
3638,Nominal,0.270615578,362.626066,0.1,58.09
3639,Nominal,0.346883476,410.557914,0.1,58.09
3640,Nominal,0.363917917,420.517759,0.1,58.09
3641,Nominal,0.373209447,425.852241,0.1,58.09
3642,Nominal,0.234223768,337.363508,0.1,58.09
3643,Nominal,0.158730164,277.723324,0.1,58.09
3644,Nominal,0.395276815,438.261472,0.1,58.09
3645,Nominal,0.135114208,256.231862,0.1,58.09
3646,Nominal,0.346496314,410.328736,0.1,58.09
3647,Nominal,0.291134328,376.122514,0.1,58.09
3648,Nominal,0.230739444,334.844788,0.1,58.09
3649,Nominal,0.216027871,323.994408,0.1,58.09
3650,Nominal,0.310878813,388.667463,0.1,58.09
3651,Nominal,0.171118855,288.357702,0.1,58.09
3652,Nominal,0.176151767,292.567530,0.1,58.09
3653,Nominal,0.115369722,236.771021,0.1,58.09
3654,Nominal,0.135888502,256.965002,0.1,58.09
3655,Nominal,0.124661244,246.120819,0.1,58.09
3656,Nominal,0.226093695,331.456735,0.1,58.09
3657,Nominal,0.336043358,404.092026,0.1,58.09
3658,Nominal,0.218350753,325.731658,0.1,58.09
3659,Nominal,0.328300416,399.409453,0.1,58.09
3660,Nominal,0.313201696,390.116819,0.1,58.09
3661,Nominal,0.361207902,418.949083,0.1,58.09
3662,Nominal,0.355787843,415.793959,0.1,58.09
3663,Nominal,0.261324048,356.346347,0.1,58.09
3664,Nominal,0.236933798,339.309587,0.1,58.09
3665,Nominal,0.347657770,411.015871,0.1,58.09
3666,Nominal,0.228416577,333.155074,0.1,58.09
3667,Nominal,0.127371266,248.781657,0.1,58.09
3668,Nominal,0.315137446,391.320525,0.1,58.09
3669,Nominal,0.122725517,244.202473,0.1,58.09
3670,Nominal,0.391018182,435.894208,0.1,58.09
3671,Nominal,0.253581107,351.027442,0.1,58.09
3672,Nominal,0.210607827,319.904151,0.1,58.09
3673,Nominal,0.181571811,297.034460,0.1,58.09
3674,Nominal,0.259001166,354.759049,0.1,58.09
3675,Nominal,0.167247385,285.077072,0.1,58.09
3676,Nominal,0.145180017,265.604876,0.1,58.09
3677,Nominal,0.104529619,225.373218,0.1,58.09
3678,Nominal,0.144018590,264.540336,0.1,58.09
3679,Nominal,0.106465347,227.450429,0.1,58.09
3680,Nominal,0.189701900,303.611671,0.1,58.09
3681,Nominal,0.323654652,396.573371,0.1,58.09
3682,Nominal,0.186604723,301.123007,0.1,58.09
3683,Nominal,0.313201696,390.116819,0.1,58.09
3684,Nominal,0.257452577,353.696893,0.1,58.09
3685,Nominal,0.413472712,448.235293,0.1,58.09
3686,Nominal,0.371660858,424.967810,0.1,58.09
3687,Nominal,0.202477738,313.668757,0.1,58.09
3688,Nominal,0.222609371,328.892783,0.1,58.09
3689,Nominal,0.452961683,469.151766,0.1,58.09
3690,Nominal,0.174603179,291.278679,0.1,58.09
3691,Nominal,0.118079752,239.535749,0.1,58.09
3692,Nominal,0.246999606,346.442172,0.1,58.09
3693,Nominal,0.111498259,232.764458,0.1,58.09
3694,Nominal,0.403794050,442.958031,0.1,58.09
3695,Nominal,0.283004254,370.833623,0.1,58.09
3696,Nominal,0.190089047,303.921322,0.1,58.09
3697,Nominal,0.161440179,280.084089,0.1,58.09
3698,Nominal,0.274874181,365.468202,0.1,58.09
3699,Nominal,0.153310105,272.940519,0.1,58.09
3700,Nominal,0.133565620,254.759251,0.1,58.09
3701,Nominal,0.092915215,212.483905,0.1,58.09
3702,Nominal,0.133565620,254.759251,0.1,58.09
3703,Nominal,0.099496707,219.880632,0.1,58.09
3704,Nominal,0.182346106,297.667122,0.1,58.09
3705,Nominal,0.339527667,406.181563,0.1,58.09
3706,Nominal,0.189701900,303.611671,0.1,58.09
3707,Nominal,0.328300416,399.409453,0.1,58.09
3708,Nominal,0.168795973,286.393834,0.1,58.09
3709,Nominal,0.451800227,468.549895,0.1,58.09
3710,Nominal,0.433604330,459.017695,0.1,58.09
3711,Nominal,0.178087488,294.170641,0.1,58.09
3712,Nominal,0.163375914,281.758248,0.1,58.09
3713,Nominal,0.433991492,459.222576,0.1,58.09
3714,Nominal,0.147502899,267.721285,0.1,58.09
3715,Nominal,0.099883854,220.308001,0.1,58.09
3716,Nominal,0.165698797,283.754201,0.1,58.09
3717,Nominal,0.096012391,215.996277,0.1,58.09
3718,Nominal,0.440572977,462.691531,0.1,58.09
3719,Nominal,0.273325592,364.437259,0.1,58.09
3720,Nominal,0.142857149,263.471481,0.1,58.09
3721,Nominal,0.140534267,261.320655,0.1,58.09
3722,Nominal,0.262872636,357.400629,0.1,58.09
3723,Nominal,0.133565620,254.759251,0.1,58.09
3724,Nominal,0.127371266,248.781657,0.1,58.09
3725,Nominal,0.053813394,161.706626,0.1,58.09
3726,Nominal,0.126596987,248.024343,0.1,58.09
3727,Nominal,0.077042200,193.484848,0.1,58.09
3728,Nominal,0.137437090,258.425044,0.1,58.09
3729,Nominal,0.252419680,350.222649,0.1,58.09
3730,Nominal,0.110723965,231.954839,0.1,58.09
3731,Nominal,0.312814564,389.875643,0.1,58.09
3732,Nominal,0.125435546,246.883994,0.1,58.09
3733,Nominal,0.411149830,446.974431,0.1,58.09
3734,Nominal,0.464963228,475.326389,0.1,58.09
3735,Nominal,0.086333722,204.820232,0.1,58.09
3736,Nominal,0.101432443,222.009247,0.1,58.09
3737,Nominal,0.428571433,456.345983,0.1,58.09
3738,Nominal,0.143631443,264.184531,0.1,58.09
3739,Nominal,0.093302362,212.926120,0.1,58.09
3740,Nominal,0.092140920,211.596703,0.1,58.09
3741,Nominal,0.070460707,185.035953,0.1,58.09
3742,Nominal,0.415021300,449.073901,0.1,58.09
3743,Nominal,0.258614004,354.493798,0.1,58.09
3744,Nominal,0.159504458,278.399875,0.1,58.09
3745,Nominal,0.099496707,219.880632,0.1,58.09
3746,Nominal,0.264421225,358.451811,0.1,58.09
3747,Nominal,0.088656604,207.557375,0.1,58.09
3748,Nominal,0.130468443,251.788194,0.1,58.09
3749,Missing_Unintentional,0.026713124,113.931800,0.1,58.09
3750,Nominal,0.125048399,246.502706,0.1,58.09
3751,Nominal,0.047231901,151.495711,0.1,58.09
3752,Nominal,0.068524972,182.476547,0.1,58.09
3753,Nominal,0.263646930,357.926606,0.1,58.09
3754,Nominal,0.084397987,202.511022,0.1,58.09
3755,Nominal,0.236546651,339.032259,0.1,58.09
3756,Missing_Unintentional,0.008130081,62.853586,0.1,58.09
3757,Nominal,0.072009295,187.058265,0.1,58.09
3758,Nominal,0.166085944,284.085496,0.1,58.09
3759,Missing_Unintentional,0.002710027,36.288536,0.1,58.09
3760,Nominal,0.065040648,177.776787,0.1,58.09
3761,Nominal,0.379403800,429.371743,0.1,58.09
3762,Nominal,0.334881932,403.393114,0.1,58.09
3763,Missing_Unintentional,0.020518776,99.852363,0.1,58.09
3764,Missing_Unintentional,0.039488968,138.522561,0.1,58.09
3765,Nominal,0.423151374,453.451142,0.1,58.09
3766,Nominal,0.161440179,280.084089,0.1,58.09
3767,Nominal,0.056523424,165.728367,0.1,58.09
3768,Missing_Unintentional,0.015098723,85.655001,0.1,58.09
3769,Nominal,0.047231901,151.495711,0.1,58.09
3770,Nominal,0.290360034,375.622018,0.1,58.09
3771,Nominal,0.198606268,310.655536,0.1,58.09
3772,Nominal,0.166860238,284.746931,0.1,58.09
3773,Missing_Unintentional,0.037166085,134.386620,0.1,58.09
3774,Nominal,0.174603179,291.278679,0.1,58.09
3775,Missing_Unintentional,0.040650405,140.544890,0.1,58.09
3776,Nominal,0.174216032,290.955574,0.1,58.09
3777,Nominal,0.186991870,301.435214,0.1,58.09
3778,Nominal,0.227255136,332.306989,0.1,58.09
3779,Missing_Unintentional,0.000000000,0.000000,0.1,58.09
3780,Nominal,0.087108016,205.736659,0.1,58.09
3781,Missing_Unintentional,0.000387147,13.715777,0.1,58.09
3782,Nominal,0.030971738,122.677639,0.1,58.09
3783,Nominal,0.189701900,303.611671,0.1,58.09
3784,Nominal,0.373983741,426.293767,0.1,58.09
3785,Nominal,0.220286489,327.172319,0.1,58.09
3786,Nominal,0.156794429,276.024693,0.1,58.09
3787,Nominal,0.444057286,464.517545,0.1,58.09
3788,Missing_Unintentional,0.000000000,0.000000,0.1,58.09
3789,Missing_Unintentional,0.000000000,0.000000,0.1,58.09
3790,Missing_Unintentional,0.000000000,0.000000,0.1,58.09
3791,Missing_Unintentional,0.000000000,0.000000,0.1,58.09
3792,Nominal,0.402245462,442.107822,0.1,58.09
3793,Nominal,0.171506003,288.683715,0.1,58.09
3794,Nominal,0.215253577,323.413252,0.1,58.09
3795,Nominal,0.197057679,309.442032,0.1,58.09
3796,Nominal,0.485869139,485.894832,0.1,58.09
3797,Nominal,0.136275649,257.330789,0.1,58.09
3798,Nominal,0.158730164,277.723324,0.1,58.09
3799,Nominal,0.281455666,369.817638,0.1,58.09
3800,Nominal,0.222609371,328.892783,0.1,58.09
3801,Nominal,0.150987223,270.864894,0.1,58.09
3802,Nominal,0.198993415,310.958172,0.1,58.09
3803,Nominal,0.200929150,312.466956,0.1,58.09
3804,Nominal,0.204026327,314.865971,0.1,58.09
3805,Nominal,0.152535811,272.250402,0.1,58.09
3806,Nominal,0.211382121,320.491671,0.1,58.09
3807,Nominal,0.186217576,300.810476,0.1,58.09
3808,Nominal,0.212543547,321.370926,0.1,58.09
3809,Nominal,0.247773901,346.984761,0.1,58.09
3810,Nominal,0.210220680,319.609986,0.1,58.09
3811,Nominal,0.323267519,396.336124,0.1,58.09
3812,Nominal,0.463801771,474.732347,0.1,58.09
3813,Nominal,0.299651563,381.584650,0.1,58.09
3814,Nominal,0.190476194,304.230657,0.1,58.09
3815,Nominal,0.205574915,316.058651,0.1,58.09
3816,Missing_Unintentional,0.000000000,0.000000,0.1,58.09
3817,Missing_Unintentional,0.000000000,0.000000,0.1,58.09
3818,Missing_Unintentional,0.000000000,0.000000,0.1,58.09
3819,Missing_Unintentional,0.000000000,0.000000,0.1,58.09
3820,Nominal,0.375532329,427.175452,0.1,58.09
3821,Nominal,0.205962062,316.356118,0.1,58.09
3822,Nominal,0.216802165,324.574525,0.1,58.09
3823,Nominal,0.185443282,300.184439,0.1,58.09
3824,Nominal,0.372822315,425.631314,0.1,58.09
3825,Nominal,0.182346106,297.667122,0.1,58.09
3826,Nominal,0.191637635,305.156780,0.1,58.09
3827,Nominal,0.317847461,392.999498,0.1,58.09
3828,Nominal,0.199767709,311.562562,0.1,58.09
3829,Nominal,0.190089047,303.921322,0.1,58.09
3830,Nominal,0.235385209,338.198913,0.1,58.09
3831,Nominal,0.209446386,319.020842,0.1,58.09
3832,Nominal,0.211382121,320.491671,0.1,58.09
3833,Nominal,0.123886950,245.355277,0.1,58.09
3834,Nominal,0.204800621,315.462875,0.1,58.09
3835,Nominal,0.170344561,287.704569,0.1,58.09
3836,Nominal,0.220673636,327.459691,0.1,58.09
3837,Nominal,0.256678283,353.164617,0.1,58.09
3838,Nominal,0.216415018,324.284596,0.1,58.09
3839,Nominal,0.329849005,400.350349,0.1,58.09
3840,Nominal,0.367789388,422.748640,0.1,58.09
3841,Nominal,0.217189312,324.864194,0.1,58.09
3842,Nominal,0.255516827,352.364685,0.1,58.09
3843,Nominal,0.337591946,405.022044,0.1,58.09
3844,Missing_Unintentional,0.000000000,0.000000,0.1,58.09
3845,Missing_Unintentional,0.000000000,0.000000,0.1,58.09
3846,Missing_Unintentional,0.000000000,0.000000,0.1,58.09
3847,Missing_Unintentional,0.000000000,0.000000,0.1,58.09
3848,Nominal,0.391018182,435.894208,0.1,58.09
3849,Nominal,0.311265975,388.909407,0.1,58.09
3850,Nominal,0.219512194,326.596817,0.1,58.09
3851,Nominal,0.172280297,289.334637,0.1,58.09
3852,Nominal,0.423538536,453.658537,0.1,58.09
3853,Nominal,0.181184664,296.717622,0.1,58.09
3854,Nominal,0.322106063,395.623493,0.1,58.09
3855,Nominal,0.319396049,393.955703,0.1,58.09
3856,Nominal,0.230739444,334.844788,0.1,58.09
3857,Nominal,0.195896238,308.528772,0.1,58.09
3858,Nominal,0.246999606,346.442172,0.1,58.09
3859,Nominal,0.182733253,297.982950,0.1,58.09
3860,Nominal,0.217189312,324.864194,0.1,58.09
3861,Nominal,0.134727061,255.864504,0.1,58.09
3862,Nominal,0.180023223,295.765075,0.1,58.09
3863,Nominal,0.153310105,272.940519,0.1,58.09
3864,Nominal,0.231900886,335.686462,0.1,58.09
3865,Nominal,0.283004254,370.833623,0.1,58.09
3866,Nominal,0.226480842,331.740395,0.1,58.09
3867,Nominal,0.360820740,418.724497,0.1,58.09
3868,Nominal,0.379016638,429.152612,0.1,58.09
3869,Nominal,0.302361608,383.306289,0.1,58.09
3870,Nominal,0.283778548,371.340574,0.1,58.09
3871,Nominal,0.279519945,368.543727,0.1,58.09
3872,Missing_Unintentional,0.000000000,0.000000,0.1,58.09
3873,Missing_Unintentional,0.000000000,0.000000,0.1,58.09
3874,Missing_Unintentional,0.000000000,0.000000,0.1,58.09
3875,Missing_Unintentional,0.000000000,0.000000,0.1,58.09
3876,Nominal,0.344947726,409.410772,0.1,58.09
3877,Nominal,0.343786299,408.720956,0.1,58.09
3878,Nominal,0.219899341,326.884695,0.1,58.09
3879,Nominal,0.175764620,292.245850,0.1,58.09
3880,Nominal,0.343786299,408.720956,0.1,58.09
3881,Nominal,0.177700356,293.850728,0.1,58.09
3882,Nominal,0.177313209,293.530454,0.1,58.09
3883,Nominal,0.299264431,381.338078,0.1,58.09
3884,Nominal,0.234223768,337.363508,0.1,58.09
3885,Nominal,0.196283385,308.833492,0.1,58.09
3886,Nominal,0.195896238,308.528772,0.1,58.09
3887,Nominal,0.168021679,285.736212,0.1,58.09
3888,Nominal,0.142470002,263.114231,0.1,58.09
3889,Nominal,0.106852494,227.863600,0.1,58.09
3890,Nominal,0.151374370,271.211935,0.1,58.09
3891,Nominal,0.135114208,256.231862,0.1,58.09
3892,Nominal,0.204026327,314.865971,0.1,58.09
3893,Nominal,0.265582651,359.238168,0.1,58.09
3894,Nominal,0.227255136,332.306989,0.1,58.09
3895,Nominal,0.365466505,421.411529,0.1,58.09
3896,Nominal,0.312040269,389.392825,0.1,58.09
3897,Nominal,0.312814564,389.875643,0.1,58.09
3898,Nominal,0.334494770,403.159862,0.1,58.09
3899,Nominal,0.262485474,357.137340,0.1,58.09
3900,Missing_Unintentional,0.000000000,0.000000,0.1,58.09
3901,Missing_Unintentional,0.000000000,0.000000,0.1,58.09
3902,Missing_Unintentional,0.000000000,0.000000,0.1,58.09
3903,Missing_Unintentional,0.000000000,0.000000,0.1,58.09
3904,Nominal,0.154471546,273.972435,0.1,58.09
3905,Nominal,0.423538536,453.658537,0.1,58.09
3906,Nominal,0.215640724,323.703960,0.1,58.09
3907,Nominal,0.136662796,257.696057,0.1,58.09
3908,Nominal,0.278745651,368.032925,0.1,58.09
3909,Nominal,0.176538914,292.888856,0.1,58.09
3910,Nominal,0.309717387,387.940763,0.1,58.09
3911,Nominal,0.272938430,364.179057,0.1,58.09
3912,Nominal,0.201703444,313.068433,0.1,58.09
3913,Nominal,0.142470002,263.114231,0.1,58.09
3914,Nominal,0.180023223,295.765075,0.1,58.09
3915,Nominal,0.146728605,267.017679,0.1,58.09
3916,Nominal,0.137824237,258.788767,0.1,58.09
3917,Nominal,0.116918311,238.354792,0.1,58.09
3918,Nominal,0.132404178,253.649183,0.1,58.09
3919,Nominal,0.112659700,233.973633,0.1,58.09
3920,Nominal,0.167247385,285.077072,0.1,58.09
3921,Nominal,0.250483930,348.877175,0.1,58.09
3922,Nominal,0.201703444,313.068433,0.1,58.09
3923,Nominal,0.327913284,399.173892,0.1,58.09
3924,Nominal,0.210220680,319.609986,0.1,58.09
3925,Nominal,0.379016638,429.152612,0.1,58.09
3926,Nominal,0.396051109,438.690510,0.1,58.09
3927,Nominal,0.194347665,307.306882,0.1,58.09
3928,Missing_Unintentional,0.000000000,0.000000,0.1,58.09
3929,Missing_Unintentional,0.000000000,0.000000,0.1,58.09
3930,Missing_Unintentional,0.000000000,0.000000,0.1,58.09
3931,Missing_Unintentional,0.000000000,0.000000,0.1,58.09
3932,Nominal,0.180797517,296.400447,0.1,58.09
3933,Nominal,0.334107637,402.926493,0.1,58.09
3934,Nominal,0.199767709,311.562562,0.1,58.09
3935,Nominal,0.117692605,239.142745,0.1,58.09
3936,Nominal,0.207510650,317.543201,0.1,58.09
3937,Nominal,0.142857149,263.471481,0.1,58.09
3938,Nominal,0.374758035,426.734838,0.1,58.09
3939,Nominal,0.290360034,375.622018,0.1,58.09
3940,Nominal,0.210220680,319.609986,0.1,58.09
3941,Nominal,0.150600076,270.517408,0.1,58.09
3942,Nominal,0.193186224,306.387257,0.1,58.09
3943,Nominal,0.150600076,270.517408,0.1,58.09
3944,Nominal,0.137824237,258.788767,0.1,58.09
3945,Nominal,0.094076656,213.807806,0.1,58.09
3946,Nominal,0.094463803,214.247289,0.1,58.09
3947,Nominal,0.091366626,210.705764,0.1,58.09
3948,Nominal,0.159117311,278.061805,0.1,58.09
3949,Nominal,0.241579562,342.620005,0.1,58.09
3950,Nominal,0.157181576,276.365255,0.1,58.09
3951,Nominal,0.329849005,400.350349,0.1,58.09
3952,Nominal,0.156020135,275.342307,0.1,58.09
3953,Nominal,0.425087094,454.487123,0.1,58.09
3954,Nominal,0.267905533,360.805762,0.1,58.09
3955,Nominal,0.125435546,246.883994,0.1,58.09
3956,Missing_Unintentional,0.000000000,0.000000,0.1,58.09
3957,Missing_Unintentional,0.000000000,0.000000,0.1,58.09
3958,Missing_Unintentional,0.000000000,0.000000,0.1,58.09
3959,Missing_Unintentional,0.000000000,0.000000,0.1,58.09
3960,Nominal,0.132404178,253.649183,0.1,58.09
3961,Nominal,0.388695329,434.597560,0.1,58.09
3962,Nominal,0.192799076,306.080102,0.1,58.09
3963,Nominal,0.118854046,240.319830,0.1,58.09
3964,Nominal,0.099496707,219.880632,0.1,58.09
3965,Nominal,0.138985679,259.876883,0.1,58.09
3966,Nominal,0.278745651,368.032925,0.1,58.09
3967,Nominal,0.331010461,401.054582,0.1,58.09
3968,Nominal,0.161827326,280.419720,0.1,58.09
3969,Nominal,0.142857149,263.471481,0.1,58.09
3970,Nominal,0.222222224,328.606665,0.1,58.09
3971,Nominal,0.148277193,268.423046,0.1,58.09
3972,Nominal,0.128145561,249.536687,0.1,58.09
3973,Nominal,0.075106464,191.038668,0.1,58.09
3974,Nominal,0.089818038,208.912490,0.1,58.09
3975,Nominal,0.090592332,209.811043,0.1,58.09
3976,Nominal,0.132017031,253.278079,0.1,58.09
3977,Nominal,0.197831973,310.049378,0.1,58.09
3978,Nominal,0.118854046,240.319830,0.1,58.09
3979,Nominal,0.264421225,358.451811,0.1,58.09
3980,Nominal,0.088656604,207.557375,0.1,58.09
3981,Nominal,0.333720475,402.692971,0.1,58.09
3982,Nominal,0.380178094,429.809655,0.1,58.09
3983,Nominal,0.075106464,191.038668,0.1,58.09
3984,Missing_Unintentional,0.000000000,0.000000,0.1,58.09
3985,Missing_Unintentional,0.000000000,0.000000,0.1,58.09
3986,Missing_Unintentional,0.000000000,0.000000,0.1,58.09
3987,Missing_Unintentional,0.000000000,0.000000,0.1,58.09
3988,Nominal,0.142470002,263.114231,0.1,58.09
3989,Nominal,0.426635683,455.314216,0.1,58.09
3990,Nominal,0.143631443,264.184531,0.1,58.09
3991,Nominal,0.088656604,207.557375,0.1,58.09
3992,Nominal,0.077042200,193.484848,0.1,58.09
3993,Nominal,0.080139376,197.335673,0.1,58.09
3994,Nominal,0.406891197,444.653556,0.1,58.09
3995,Nominal,0.340301961,406.644449,0.1,58.09
3996,Nominal,0.141308561,262.039559,0.1,58.09
3997,Nominal,0.133178473,254.389767,0.1,58.09
3998,Nominal,0.150600076,270.517408,0.1,58.09
3999,Nominal,0.099883854,220.308001,0.1,58.09
4000,Nominal,0.135501355,256.598694,0.1,58.09
4001,Nominal,0.054974835,163.442347,0.1,58.09
4002,Nominal,0.078977935,195.900484,0.1,58.09
4003,Nominal,0.061943475,173.492380,0.1,58.09
4004,Nominal,0.089043744,208.010055,0.1,58.09
4005,Nominal,0.187379017,301.747097,0.1,58.09
4006,Nominal,0.115756869,237.167955,0.1,58.09
4007,Nominal,0.250096798,348.607469,0.1,58.09
4008,Missing_Unintentional,0.010452962,71.269268,0.1,58.09
4009,Nominal,0.060007744,170.760049,0.1,58.09
4010,Nominal,0.086720869,205.278957,0.1,58.09
4011,Missing_Unintentional,0.008130081,62.853586,0.1,58.09
4012,Nominal,0.068524972,182.476547,0.1,58.09
4013,Nominal,0.388695329,434.597560,0.1,58.09
4014,Nominal,0.322106063,395.623493,0.1,58.09
4015,Missing_Unintentional,0.018970190,96.010440,0.1,58.09
4016,Missing_Unintentional,0.000000000,0.000000,0.1,58.09
4017,Missing_Unintentional,0.000000000,0.000000,0.1,58.09
4018,Missing_Unintentional,0.000000000,0.000000,0.1,58.09
4019,Missing_Unintentional,0.000000000,0.000000,0.1,58.09
4020,Nominal,0.057684861,167.422394,0.1,58.09
4021,Nominal,0.485482007,485.701217,0.1,58.09
4022,Nominal,0.090979479,210.258880,0.1,58.09
4023,Nominal,0.070460707,185.035953,0.1,58.09
4024,Nominal,0.045296166,148.358811,0.1,58.09
4025,Nominal,0.064653501,177.246899,0.1,58.09
4026,Nominal,0.393341064,437.187028,0.1,58.09
4027,Nominal,0.225706547,331.172832,0.1,58.09
4028,Nominal,0.168021679,285.736212,0.1,58.09
4029,Nominal,0.059620596,170.208318,0.1,58.09
4030,Nominal,0.109562524,230.735084,0.1,58.09
4031,Nominal,0.090979479,210.258880,0.1,58.09
4032,Nominal,0.245838165,345.626693,0.1,58.09
4033,Nominal,0.255516827,352.364685,0.1,58.09
4034,Nominal,0.237320945,339.586688,0.1,58.09
4035,Nominal,0.225706547,331.172832,0.1,58.09
4036,Nominal,0.246225312,345.898733,0.1,58.09
4037,Nominal,0.230739444,334.844788,0.1,58.09
4038,Nominal,0.236933798,339.309587,0.1,58.09
4039,Nominal,0.256678283,353.164617,0.1,58.09
4040,Nominal,0.359659314,418.050049,0.1,58.09
4041,Nominal,0.260549754,355.818034,0.1,58.09
4042,Nominal,0.323267519,396.336124,0.1,58.09
4043,Nominal,0.363530785,420.294028,0.1,58.09
4044,Nominal,0.440960109,462.894770,0.1,58.09
4045,Nominal,0.315911740,391.800969,0.1,58.09
4046,Nominal,0.236933798,339.309587,0.1,58.09
4047,Nominal,0.262872636,357.400629,0.1,58.09
4048,Nominal,0.441734403,463.300997,0.1,58.09
4049,Nominal,0.222222224,328.606665,0.1,58.09
4050,Nominal,0.247386754,346.713573,0.1,58.09
4051,Nominal,0.279132783,368.288405,0.1,58.09
4052,Nominal,0.265195519,358.976247,0.1,58.09
4053,Nominal,0.312040269,389.392825,0.1,58.09
4054,Nominal,0.283004254,370.833623,0.1,58.09
4055,Nominal,0.237708092,339.863562,0.1,58.09
4056,Nominal,0.224932253,330.604294,0.1,58.09
4057,Nominal,0.237320945,339.586688,0.1,58.09
4058,Nominal,0.223770812,329.749649,0.1,58.09
4059,Nominal,0.229578003,334.000994,0.1,58.09
4060,Nominal,0.268679827,361.326782,0.1,58.09
4061,Nominal,0.284940004,372.099714,0.1,58.09
4062,Nominal,0.307781637,386.726538,0.1,58.09
4063,Nominal,0.234223768,337.363508,0.1,58.09
4064,Nominal,0.374758035,426.734838,0.1,58.09
4065,Nominal,0.295780092,379.111617,0.1,58.09
4066,Nominal,0.324041814,396.810495,0.1,58.09
4067,Nominal,0.406116933,444.230294,0.1,58.09
4068,Nominal,0.399148285,440.402481,0.1,58.09
4069,Nominal,0.353464961,414.434410,0.1,58.09
4070,Nominal,0.245838165,345.626693,0.1,58.09
4071,Nominal,0.251258224,349.415982,0.1,58.09
4072,Nominal,0.427022845,455.520763,0.1,58.09
4073,Nominal,0.235385209,338.198913,0.1,58.09
4074,Nominal,0.381339520,430.465679,0.1,58.09
4075,Nominal,0.313975990,390.598743,0.1,58.09
4076,Nominal,0.236159503,338.754705,0.1,58.09
4077,Nominal,0.337591946,405.022044,0.1,58.09
4078,Nominal,0.293457210,377.620023,0.1,58.09
4079,Nominal,0.249709636,348.337534,0.1,58.09
4080,Nominal,0.227255136,332.306989,0.1,58.09
4081,Nominal,0.260162592,355.553573,0.1,58.09
4082,Nominal,0.202864885,313.968489,0.1,58.09
4083,Nominal,0.200154856,311.864318,0.1,58.09
4084,Nominal,0.278745651,368.032925,0.1,58.09
4085,Nominal,0.324041814,396.810495,0.1,58.09
4086,Nominal,0.315911740,391.800969,0.1,58.09
4087,Nominal,0.255129695,352.097651,0.1,58.09
4088,Nominal,0.404181182,443.170320,0.1,58.09
4089,Nominal,0.270228416,362.366574,0.1,58.09
4090,Nominal,0.282229960,370.325979,0.1,58.09
4091,Nominal,0.418118477,450.746437,0.1,58.09
4092,Nominal,0.307781637,386.726538,0.1,58.09
4093,Nominal,0.433991492,459.222576,0.1,58.09
4094,Nominal,0.235772356,338.476923,0.1,58.09
4095,Nominal,0.220286489,327.172319,0.1,58.09
4096,Nominal,0.435927212,460.245565,0.1,58.09
4097,Nominal,0.173441738,290.308285,0.1,58.09
4098,Nominal,0.398373991,439.975112,0.1,58.09
4099,Nominal,0.306620210,385.996184,0.1,58.09
4100,Nominal,0.226093695,331.456735,0.1,58.09
4101,Missing_Intentional,0.001548587,27.431554,0.1,58.09
4102,Nominal,0.255129695,352.097651,0.1,58.09
4103,Nominal,0.272551298,363.920692,0.1,58.09
4104,Nominal,0.219512194,326.596817,0.1,58.09
4105,Nominal,0.219512194,326.596817,0.1,58.09
4106,Nominal,0.213704988,322.247794,0.1,58.09
4107,Nominal,0.194734812,307.612812,0.1,58.09
4108,Nominal,0.299651563,381.584650,0.1,58.09
4109,Nominal,0.293844372,377.869041,0.1,58.09
4110,Nominal,0.315137446,391.320525,0.1,58.09
4111,Nominal,0.280681372,369.308597,0.1,58.09
4112,Nominal,0.404955477,443.594610,0.1,58.09
4113,Nominal,0.297328681,380.102761,0.1,58.09
4114,Nominal,0.385985285,433.079869,0.1,58.09
4115,Nominal,0.404955477,443.594610,0.1,58.09
4116,Nominal,0.371273726,424.746424,0.1,58.09
4117,Nominal,0.385598153,432.862631,0.1,58.09
4118,Nominal,0.218350753,325.731658,0.1,58.09
4119,Nominal,0.254742533,351.830393,0.1,58.09
4120,Nominal,0.413472712,448.235293,0.1,58.09
4121,Nominal,0.196283385,308.833492,0.1,58.09
4122,Nominal,0.373596579,426.073053,0.1,58.09
4123,Nominal,0.269066989,361.587020,0.1,58.09
4124,Nominal,0.223383665,329.464274,0.1,58.09
4125,Nominal,0.307007343,386.239782,0.1,58.09
4126,Nominal,0.253193974,350.759390,0.1,58.09
4127,Nominal,0.271002710,362.885353,0.1,58.09
4128,Nominal,0.200929150,312.466956,0.1,58.09
4129,Nominal,0.207123503,317.246847,0.1,58.09
4130,Nominal,0.196283385,308.833492,0.1,58.09
4131,Nominal,0.202864885,313.968489,0.1,58.09
4132,Nominal,0.285714298,372.604941,0.1,58.09
4133,Nominal,0.289585739,375.120854,0.1,58.09
4134,Nominal,0.297328681,380.102761,0.1,58.09
4135,Nominal,0.263259768,357.663704,0.1,58.09
4136,Nominal,0.303523034,384.041759,0.1,58.09
4137,Nominal,0.379790932,429.590747,0.1,58.09
4138,Nominal,0.355013549,415.341270,0.1,58.09
4139,Nominal,0.312427402,389.634300,0.1,58.09
4140,Nominal,0.376306623,427.615613,0.1,58.09
4141,Nominal,0.430507153,457.375407,0.1,58.09
4142,Nominal,0.212543547,321.370926,0.1,58.09
4143,Nominal,0.250871092,349.146693,0.1,58.09
4144,Nominal,0.332559049,401.991627,0.1,58.09
4145,Nominal,0.189314753,303.301705,0.1,58.09
4146,Nominal,0.385598153,432.862631,0.1,58.09
4147,Nominal,0.241579562,342.620005,0.1,58.09
4148,Nominal,0.279519945,368.543727,0.1,58.09
4149,Nominal,0.248935342,347.797056,0.1,58.09
4150,Nominal,0.226093695,331.456735,0.1,58.09
4151,Nominal,0.237708092,339.863562,0.1,58.09
4152,Nominal,0.209833533,319.315550,0.1,58.09
4153,Nominal,0.195509091,308.223751,0.1,58.09
4154,Nominal,0.210994974,320.198046,0.1,58.09
4155,Nominal,0.186217576,300.810476,0.1,58.09
4156,Nominal,0.307394505,386.483246,0.1,58.09
4157,Nominal,0.267518401,360.544980,0.1,58.09
4158,Nominal,0.288811445,374.619019,0.1,58.09
4159,Nominal,0.260549754,355.818034,0.1,58.09
4160,Nominal,0.285714298,372.604941,0.1,58.09
4161,Nominal,0.384049565,431.992554,0.1,58.09
4162,Nominal,0.356562138,416.246155,0.1,58.09
4163,Nominal,0.247773901,346.984761,0.1,58.09
4164,Nominal,0.249709636,348.337534,0.1,58.09
4165,Nominal,0.384823859,432.427811,0.1,58.09
4166,Nominal,0.220286489,327.172319,0.1,58.09
4167,Nominal,0.226093695,331.456735,0.1,58.09
4168,Nominal,0.231900886,335.686462,0.1,58.09
4169,Nominal,0.181184664,296.717622,0.1,58.09
4170,Nominal,0.408052653,445.287727,0.1,58.09
4171,Nominal,0.228029430,332.872619,0.1,58.09
4172,Nominal,0.173441738,290.308285,0.1,58.09
4173,Nominal,0.248161048,347.255737,0.1,58.09
4174,Nominal,0.214479282,322.831048,0.1,58.09
4175,Nominal,0.232288033,335.966551,0.1,58.09
4176,Nominal,0.192799076,306.080102,0.1,58.09
4177,Nominal,0.200542003,312.165782,0.1,58.09
4178,Nominal,0.144018590,264.540336,0.1,58.09
4179,Nominal,0.142082855,262.756495,0.1,58.09
4180,Nominal,0.200929150,312.466956,0.1,58.09
4181,Nominal,0.211382121,320.491671,0.1,58.09
4182,Nominal,0.183507547,298.613603,0.1,58.09
4183,Nominal,0.189701900,303.611671,0.1,58.09
4184,Nominal,0.228803724,333.437290,0.1,58.09
4185,Nominal,0.374370873,426.514351,0.1,58.09
4186,Nominal,0.402245462,442.107822,0.1,58.09
4187,Nominal,0.161827326,280.419720,0.1,58.09
4188,Nominal,0.203252032,314.267934,0.1,58.09
4189,Nominal,0.456058860,470.752973,0.1,58.09
4190,Nominal,0.180023223,295.765075,0.1,58.09
4191,Nominal,0.185056135,299.870930,0.1,58.09
4192,Nominal,0.178087488,294.170641,0.1,58.09
4193,Nominal,0.162988767,281.424213,0.1,58.09
4194,Nominal,0.387146741,433.730963,0.1,58.09
4195,Nominal,0.223770812,329.749649,0.1,58.09
4196,Nominal,0.192799076,306.080102,0.1,58.09
4197,Nominal,0.217963606,325.442760,0.1,58.09
4198,Nominal,0.240805268,342.070494,0.1,58.09
4199,Nominal,0.216415018,324.284596,0.1,58.09
4200,Nominal,0.176538914,292.888856,0.1,58.09
4201,Nominal,0.163763061,282.091887,0.1,58.09
4202,Nominal,0.160665900,279.411629,0.1,58.09
4203,Nominal,0.099496707,219.880632,0.1,58.09
4204,Nominal,0.211769268,320.785028,0.1,58.09
4205,Nominal,0.171893150,289.009359,0.1,58.09
4206,Nominal,0.196670532,309.137912,0.1,58.09
4207,Nominal,0.162214473,280.754950,0.1,58.09
4208,Nominal,0.178087488,294.170641,0.1,58.09
4209,Nominal,0.345722020,409.870011,0.1,58.09
4210,Nominal,0.296941549,379.855227,0.1,58.09
4211,Nominal,0.165698797,283.754201,0.1,58.09
4212,Nominal,0.110723965,231.954839,0.1,58.09
4213,Nominal,0.462640345,474.137575,0.1,58.09
4214,Nominal,0.156407282,275.683711,0.1,58.09
4215,Nominal,0.147502899,267.721285,0.1,58.09
4216,Nominal,0.164150208,282.425133,0.1,58.09
4217,Nominal,0.140534267,261.320655,0.1,58.09
4218,Nominal,0.370886564,424.524904,0.1,58.09
4219,Nominal,0.109949671,231.142384,0.1,58.09
4220,Nominal,0.207510650,317.543201,0.1,58.09
4221,Nominal,0.056136277,165.159829,0.1,58.09
4222,Nominal,0.114982575,236.373420,0.1,58.09
4223,Nominal,0.116144016,237.564226,0.1,58.09
4224,Nominal,0.190476194,304.230657,0.1,58.09
4225,Nominal,0.105303913,226.206395,0.1,58.09
4226,Nominal,0.178474635,294.490218,0.1,58.09
4227,Nominal,0.096786685,216.865481,0.1,58.09
4228,Nominal,0.097948119,218.162787,0.1,58.09
4229,Nominal,0.072009295,187.058265,0.1,58.09
4230,Nominal,0.082075104,199.704727,0.1,58.09
4231,Nominal,0.082075104,199.704727,0.1,58.09
4232,Nominal,0.069686413,184.016462,0.1,58.09
4233,Nominal,0.074719317,190.545664,0.1,58.09
4234,Nominal,0.072009295,187.058265,0.1,58.09
4235,Nominal,0.062717773,174.573346,0.1,58.09
4236,Nominal,0.126596987,248.024343,0.1,58.09
4237,Nominal,0.329461873,400.115342,0.1,58.09
4238,Nominal,0.274487019,365.210729,0.1,58.09
4239,Nominal,0.061556328,172.949366,0.1,58.09
4240,Nominal,0.124661244,246.120819,0.1,58.09
4241,Nominal,0.386372447,433.297015,0.1,58.09
4242,Nominal,0.157955870,277.045122,0.1,58.09
4243,Nominal,0.160278752,279.074785,0.1,58.09
4244,Nominal,0.111111112,232.360001,0.1,58.09
4245,Nominal,0.084010839,202.046013,0.1,58.09
4246,Nominal,0.362756491,419.846192,0.1,58.09
4247,Nominal,0.132404178,253.649183,0.1,58.09
4248,Nominal,0.208672091,318.430609,0.1,58.09
4249,Nominal,0.130081296,251.414343,0.1,58.09
4250,Nominal,0.122725517,244.202473,0.1,58.09
4251,Nominal,0.113046847,234.375305,0.1,58.09
4252,Nominal,0.246612459,346.170559,0.1,58.09
4253,Nominal,0.210994974,320.198046,0.1,58.09
4254,Nominal,0.217189312,324.864194,0.1,58.09
4255,Nominal,0.231900886,335.686462,0.1,58.09
4256,Nominal,0.214092135,322.539553,0.1,58.09
4257,Nominal,0.236159503,338.754705,0.1,58.09
4258,Nominal,0.238482386,340.416637,0.1,58.09
4259,Nominal,0.277197063,367.009186,0.1,58.09
4260,Nominal,0.369725138,423.859686,0.1,58.09
4261,Nominal,0.320557505,394.671346,0.1,58.09
4262,Nominal,0.305071622,385.020211,0.1,58.09
4263,Nominal,0.483546257,484.731938,0.1,58.09
4264,Nominal,0.354626417,415.114750,0.1,58.09
4265,Nominal,0.273712724,364.695258,0.1,58.09
4266,Nominal,0.229190856,333.719256,0.1,58.09
4267,Nominal,0.240418121,341.795407,0.1,58.09
4268,Nominal,0.462253183,473.939142,0.1,58.09
4269,Nominal,0.222609371,328.892783,0.1,58.09
4270,Nominal,0.349980652,412.386691,0.1,58.09
4271,Nominal,0.310878813,388.667463,0.1,58.09
4272,Nominal,0.208672091,318.430609,0.1,58.09
4273,Nominal,0.256291121,352.898167,0.1,58.09
4274,Nominal,0.316686034,392.280823,0.1,58.09
4275,Nominal,0.293844372,377.869041,0.1,58.09
4276,Nominal,0.201316297,312.767839,0.1,58.09
4277,Nominal,0.219125047,326.308686,0.1,58.09
4278,Nominal,0.239256680,340.968814,0.1,58.09
4279,Nominal,0.167247385,285.077072,0.1,58.09
4280,Nominal,0.278358489,367.777247,0.1,58.09
4281,Nominal,0.248161048,347.255737,0.1,58.09
4282,Nominal,0.256291121,352.898167,0.1,58.09
4283,Nominal,0.322106063,395.623493,0.1,58.09
4284,Nominal,0.463414639,474.534177,0.1,58.09
4285,Nominal,0.363530785,420.294028,0.1,58.09
4286,Nominal,0.359272152,417.824979,0.1,58.09
4287,Nominal,0.445605874,465.326811,0.1,58.09
4288,Nominal,0.414247006,448.654793,0.1,58.09
4289,Nominal,0.375145167,426.955193,0.1,58.09
4290,Nominal,0.228416577,333.155074,0.1,58.09
4291,Nominal,0.229578003,334.000994,0.1,58.09
4292,Nominal,0.461478889,473.542041,0.1,58.09
4293,Nominal,0.181184664,296.717622,0.1,58.09
4294,Nominal,0.275648475,365.982584,0.1,58.09
4295,Nominal,0.265195519,358.976247,0.1,58.09
4296,Nominal,0.232288033,335.966551,0.1,58.09
4297,Nominal,0.259388298,355.024081,0.1,58.09
4298,Nominal,0.300038725,381.831082,0.1,58.09
4299,Nominal,0.310491681,388.425387,0.1,58.09
4300,Nominal,0.210607827,319.904151,0.1,58.09
4301,Nominal,0.209059238,318.725862,0.1,58.09
4302,Nominal,0.197831973,310.049378,0.1,58.09
4303,Nominal,0.189701900,303.611671,0.1,58.09
4304,Nominal,0.321331799,395.147715,0.1,58.09
4305,Nominal,0.257065415,353.430845,0.1,58.09
4306,Nominal,0.300813019,382.323450,0.1,58.09
4307,Nominal,0.315524578,391.560811,0.1,58.09
4308,Nominal,0.398761123,440.188840,0.1,58.09
4309,Nominal,0.385210991,432.645267,0.1,58.09
4310,Nominal,0.291134328,376.122514,0.1,58.09
4311,Nominal,0.386759579,433.514035,0.1,58.09
4312,Nominal,0.442121565,463.503985,0.1,58.09
4313,Nominal,0.392953932,436.971832,0.1,58.09
4314,Nominal,0.229965150,334.282496,0.1,58.09
4315,Nominal,0.175764620,292.245850,0.1,58.09
4316,Nominal,0.419279903,451.372032,0.1,58.09
4317,Nominal,0.201703444,313.068433,0.1,58.09
4318,Nominal,0.324816108,397.284299,0.1,58.09
4319,Nominal,0.265582651,359.238168,0.1,58.09
4320,Nominal,0.242741004,343.442624,0.1,58.09
4321,Nominal,0.272551298,363.920692,0.1,58.09
4322,Nominal,0.292682916,377.121514,0.1,58.09
4323,Nominal,0.323654652,396.573371,0.1,58.09
4324,Nominal,0.221835077,328.320297,0.1,58.09
4325,Nominal,0.199380562,311.260514,0.1,58.09
4326,Nominal,0.224157959,330.034776,0.1,58.09
4327,Nominal,0.197444826,309.745854,0.1,58.09
4328,Nominal,0.313588858,390.357865,0.1,58.09
4329,Nominal,0.300425857,382.077336,0.1,58.09
4330,Nominal,0.320170343,394.432937,0.1,58.09
4331,Nominal,0.302361608,383.306289,0.1,58.09
4332,Nominal,0.356562138,416.246155,0.1,58.09
4333,Nominal,0.413859844,448.445084,0.1,58.09
4334,Nominal,0.416957021,450.119956,0.1,58.09
4335,Nominal,0.394889653,438.046787,0.1,58.09
4336,Nominal,0.389469624,435.030211,0.1,58.09
4337,Nominal,0.473093301,479.464019,0.1,58.09
4338,Nominal,0.217963606,325.442760,0.1,58.09
4339,Nominal,0.217576459,325.153606,0.1,58.09
4340,Nominal,0.175377473,291.923816,0.1,58.09
4341,Nominal,0.182733253,297.982950,0.1,58.09
4342,Nominal,0.425474256,454.694045,0.1,58.09
4343,Nominal,0.245063886,345.081979,0.1,58.09
4344,Nominal,0.218737900,326.020299,0.1,58.09
4345,Nominal,0.273712724,364.695258,0.1,58.09
4346,Nominal,0.257839710,353.962720,0.1,58.09
4347,Nominal,0.284165710,371.593799,0.1,58.09
4348,Nominal,0.221835077,328.320297,0.1,58.09
4349,Nominal,0.191637635,305.156780,0.1,58.09
4350,Nominal,0.191637635,305.156780,0.1,58.09
4351,Nominal,0.163763061,282.091887,0.1,58.09
4352,Nominal,0.296167254,379.359655,0.1,58.09
4353,Nominal,0.254742533,351.830393,0.1,58.09
4354,Nominal,0.270228416,362.366574,0.1,58.09
4355,Nominal,0.297328681,380.102761,0.1,58.09
4356,Nominal,0.332171887,401.757562,0.1,58.09
4357,Nominal,0.427022845,455.520763,0.1,58.09
4358,Nominal,0.428184271,456.139810,0.1,58.09
4359,Nominal,0.330623299,400.819969,0.1,58.09
4360,Nominal,0.315911740,391.800969,0.1,58.09
4361,Nominal,0.468834698,477.301166,0.1,58.09
4362,Nominal,0.215253577,323.413252,0.1,58.09
4363,Nominal,0.179636076,295.446876,0.1,58.09
4364,Nominal,0.328687578,399.644894,0.1,58.09
4365,Nominal,0.161053032,279.748054,0.1,58.09
4366,Nominal,0.457607448,471.551537,0.1,58.09
4367,Nominal,0.233449474,336.805421,0.1,58.09
4368,Nominal,0.207897797,317.839279,0.1,58.09
4369,Nominal,0.197057679,309.442032,0.1,58.09
4370,Nominal,0.238869533,340.692837,0.1,58.09
4371,Nominal,0.219512194,326.596817,0.1,58.09
4372,Nominal,0.206349209,316.653306,0.1,58.09
4373,Nominal,0.140147120,260.960461,0.1,58.09
4374,Nominal,0.199380562,311.260514,0.1,58.09
4375,Nominal,0.160665900,279.411629,0.1,58.09
4376,Nominal,0.313201696,390.116819,0.1,58.09
4377,Nominal,0.265582651,359.238168,0.1,58.09
4378,Nominal,0.266356945,359.761458,0.1,58.09
4379,Nominal,0.301974446,383.060807,0.1,58.09
4380,Nominal,0.234223768,337.363508,0.1,58.09
4381,Nominal,0.522260964,503.763161,0.1,58.09
4382,Nominal,0.392566770,436.756513,0.1,58.09
4383,Nominal,0.210607827,319.904151,0.1,58.09
4384,Nominal,0.259775460,355.288936,0.1,58.09
4385,Nominal,0.350754946,412.842619,0.1,58.09
4386,Nominal,0.205574915,316.058651,0.1,58.09
4387,Nominal,0.174990326,291.601426,0.1,58.09
4388,Nominal,0.258226871,354.228369,0.1,58.09
4389,Nominal,0.163763061,282.091887,0.1,58.09
4390,Nominal,0.428184271,456.139810,0.1,58.09
4391,Nominal,0.212543547,321.370926,0.1,58.09
4392,Nominal,0.191250488,304.848385,0.1,58.09
4393,Nominal,0.232675180,336.246406,0.1,58.09
4394,Nominal,0.231900886,335.686462,0.1,58.09
4395,Nominal,0.235772356,338.476923,0.1,58.09
4396,Nominal,0.191250488,304.848385,0.1,58.09
4397,Nominal,0.119628340,241.101360,0.1,58.09
4398,Nominal,0.154858693,274.315544,0.1,58.09
4399,Nominal,0.133565620,254.759251,0.1,58.09
4400,Nominal,0.203639179,314.567095,0.1,58.09
4401,Nominal,0.223383665,329.464274,0.1,58.09
4402,Nominal,0.204800621,315.462875,0.1,58.09
4403,Nominal,0.207510650,317.543201,0.1,58.09
4404,Nominal,0.181571811,297.034460,0.1,58.09
4405,Nominal,0.445605874,465.326811,0.1,58.09
4406,Nominal,0.373596579,426.073053,0.1,58.09
4407,Nominal,0.190863341,304.539678,0.1,58.09
4408,Nominal,0.183894694,298.928430,0.1,58.09
4409,Nominal,0.449090213,467.142540,0.1,58.09
4410,Nominal,0.193960518,307.000646,0.1,58.09
4411,Nominal,0.170344561,287.704569,0.1,58.09
4412,Nominal,0.174216032,290.955574,0.1,58.09
4413,Nominal,0.142470002,263.114231,0.1,58.09
4414,Nominal,0.310491681,388.425387,0.1,58.09
4415,Nominal,0.140534267,261.320655,0.1,58.09
4416,Nominal,0.190476194,304.230657,0.1,58.09
4417,Nominal,0.157568723,276.705397,0.1,58.09
4418,Nominal,0.171118855,288.357702,0.1,58.09
4419,Nominal,0.155245841,274.658225,0.1,58.09
4420,Nominal,0.171506003,288.683715,0.1,58.09
4421,Nominal,0.101432443,222.009247,0.1,58.09
4422,Nominal,0.159504458,278.399875,0.1,58.09
4423,Nominal,0.099883854,220.308001,0.1,58.09
4424,Nominal,0.203252032,314.267934,0.1,58.09
4425,Nominal,0.192411929,305.772638,0.1,58.09
4426,Nominal,0.193960518,307.000646,0.1,58.09
4427,Nominal,0.218350753,325.731658,0.1,58.09
4428,Nominal,0.110336818,231.548968,0.1,58.09
4429,Nominal,0.367015094,422.303407,0.1,58.09
4430,Nominal,0.389469624,435.030211,0.1,58.09
4431,Nominal,0.102593884,223.276676,0.1,58.09
4432,Nominal,0.152535811,272.250402,0.1,58.09
4433,Nominal,0.505613625,495.669284,0.1,58.09
4434,Nominal,0.162214473,280.754950,0.1,58.09
4435,Nominal,0.168408826,286.065212,0.1,58.09
4436,Nominal,0.118854046,240.319830,0.1,58.09
4437,Nominal,0.116531163,237.959838,0.1,58.09
4438,Nominal,0.440960109,462.894770,0.1,58.09
4439,Nominal,0.140921414,261.680354,0.1,58.09
4440,Nominal,0.203639179,314.567095,0.1,58.09
4441,Nominal,0.132017031,253.278079,0.1,58.09
4442,Nominal,0.140534267,261.320655,0.1,58.09
4443,Nominal,0.118854046,240.319830,0.1,58.09
4444,Nominal,0.164924502,283.090447,0.1,58.09
4445,Nominal,0.050329074,156.383919,0.1,58.09
4446,Nominal,0.193960518,307.000646,0.1,58.09
4447,Nominal,0.062717773,174.573346,0.1,58.09
4448,Nominal,0.105303913,226.206395,0.1,58.09
4449,Nominal,0.100658149,221.160260,0.1,58.09
4450,Nominal,0.075880758,192.020879,0.1,58.09
4451,Nominal,0.093302362,212.926120,0.1,58.09
4452,Nominal,0.046070460,149.621463,0.1,58.09
4453,Nominal,0.085172281,203.437852,0.1,58.09
4454,Nominal,0.079365082,196.380046,0.1,58.09
4455,Nominal,0.042198993,143.196917,0.1,58.09
4456,Nominal,0.079365082,196.380046,0.1,58.09
4457,Nominal,0.365853667,421.634684,0.1,58.09
4458,Nominal,0.395276815,438.261472,0.1,58.09
4459,Nominal,0.046457607,150.248810,0.1,58.09
4460,Nominal,0.073945023,189.555809,0.1,58.09
4461,Nominal,0.423151374,453.451142,0.1,58.09
4462,Nominal,0.186604723,301.123007,0.1,58.09
4463,Nominal,0.121951222,243.430898,0.1,58.09
4464,Nominal,0.065814942,178.831852,0.1,58.09
4465,Nominal,0.054587688,162.865829,0.1,58.09
4466,Nominal,0.277197063,367.009186,0.1,58.09
4467,Nominal,0.092528068,212.040768,0.1,58.09
4468,Nominal,0.230352297,334.563760,0.1,58.09
4469,Nominal,0.108013935,229.098643,0.1,58.09
4470,Missing_Unintentional,0.040650405,140.544890,0.1,58.09
4471,Missing_Unintentional,0.036391791,132.979390,0.1,58.09
4472,Nominal,0.213704988,322.247794,0.1,58.09
4473,Nominal,0.231513739,335.406139,0.1,58.09
4474,Nominal,0.219125047,326.308686,0.1,58.09
4475,Nominal,0.261711180,356.610200,0.1,58.09
4476,Nominal,0.192411929,305.772638,0.1,58.09
4477,Nominal,0.220673636,327.459691,0.1,58.09
4478,Nominal,0.195121944,307.918427,0.1,58.09
4479,Nominal,0.214479282,322.831048,0.1,58.09
4480,Nominal,0.516066611,500.766771,0.1,58.09
4481,Nominal,0.307781637,386.726538,0.1,58.09
4482,Nominal,0.280294240,369.053823,0.1,58.09
4483,Nominal,0.473093301,479.464019,0.1,58.09
4484,Nominal,0.400309712,441.042748,0.1,58.09
4485,Nominal,0.255516827,352.364685,0.1,58.09
4486,Nominal,0.216027871,323.994408,0.1,58.09
4487,Nominal,0.248548195,347.526502,0.1,58.09
4488,Nominal,0.414634138,448.864388,0.1,58.09
4489,Nominal,0.243128151,343.716393,0.1,58.09
4490,Nominal,0.308943093,387.455533,0.1,58.09
4491,Nominal,0.337979108,405.254224,0.1,58.09
4492,Nominal,0.201703444,313.068433,0.1,58.09
4493,Nominal,0.312814564,389.875643,0.1,58.09
4494,Nominal,0.329849005,400.350349,0.1,58.09
4495,Missing_Intentional,0.005420054,51.319739,0.1,58.09
4496,Nominal,0.235385209,338.198913,0.1,58.09
4497,Nominal,0.197057679,309.442032,0.1,58.09
4498,Nominal,0.198606268,310.655536,0.1,58.09
4499,Nominal,0.185443282,300.184439,0.1,58.09
4500,Nominal,0.250483930,348.877175,0.1,58.09
4501,Nominal,0.267518401,360.544980,0.1,58.09
4502,Nominal,0.231126592,335.125581,0.1,58.09
4503,Nominal,0.265582651,359.238168,0.1,58.09
4504,Nominal,0.475029022,480.443912,0.1,58.09
4505,Nominal,0.346883476,410.557914,0.1,58.09
4506,Nominal,0.394502521,437.832014,0.1,58.09
4507,Nominal,0.421602786,452.620644,0.1,58.09
4508,Nominal,0.452574521,468.951223,0.1,58.09
4509,Nominal,0.311653107,389.151181,0.1,58.09
4510,Nominal,0.202090591,313.368739,0.1,58.09
4511,Nominal,0.227255136,332.306989,0.1,58.09
4512,Nominal,0.399535418,440.616001,0.1,58.09
4513,Nominal,0.220673636,327.459691,0.1,58.09
4514,Nominal,0.332171887,401.757562,0.1,58.09
4515,Nominal,0.305071622,385.020211,0.1,58.09
4516,Nominal,0.223770812,329.749649,0.1,58.09
4517,Nominal,0.296941549,379.855227,0.1,58.09
4518,Nominal,0.338753402,405.718168,0.1,58.09
4519,Nominal,0.269841284,362.106916,0.1,58.09
4520,Nominal,0.226093695,331.456735,0.1,58.09
4521,Nominal,0.207897797,317.839279,0.1,58.09
4522,Nominal,0.222609371,328.892783,0.1,58.09
4523,Nominal,0.180797517,296.400447,0.1,58.09
4524,Nominal,0.269841284,362.106916,0.1,58.09
4525,Nominal,0.265969813,359.499919,0.1,58.09
4526,Nominal,0.257839710,353.962720,0.1,58.09
4527,Nominal,0.272938430,364.179057,0.1,58.09
4528,Nominal,0.442121565,463.503985,0.1,58.09
4529,Nominal,0.406891197,444.653556,0.1,58.09
4530,Nominal,0.355787843,415.793959,0.1,58.09
4531,Nominal,0.390243888,435.462416,0.1,58.09
4532,Nominal,0.344173431,408.951018,0.1,58.09
4533,Nominal,0.375145167,426.955193,0.1,58.09
4534,Nominal,0.219899341,326.884695,0.1,58.09
4535,Nominal,0.203639179,314.567095,0.1,58.09
4536,Nominal,0.379403800,429.371743,0.1,58.09
4537,Nominal,0.202477738,313.668757,0.1,58.09
4538,Nominal,0.373209447,425.852241,0.1,58.09
4539,Nominal,0.323654652,396.573371,0.1,58.09
4540,Nominal,0.242741004,343.442624,0.1,58.09
4541,Nominal,0.329074711,399.880178,0.1,58.09
4542,Nominal,0.334107637,402.926493,0.1,58.09
4543,Nominal,0.279519945,368.543727,0.1,58.09
4544,Nominal,0.239256680,340.968814,0.1,58.09
4545,Nominal,0.188153312,302.369900,0.1,58.09
4546,Nominal,0.228029430,332.872619,0.1,58.09
4547,Nominal,0.181958959,297.350959,0.1,58.09
4548,Nominal,0.272551298,363.920692,0.1,58.09
4549,Nominal,0.259001166,354.759049,0.1,58.09
4550,Nominal,0.261711180,356.610200,0.1,58.09
4551,Nominal,0.283004254,370.833623,0.1,58.09
4552,Nominal,0.404568344,443.382524,0.1,58.09
4553,Nominal,0.405342638,443.806611,0.1,58.09
4554,Nominal,0.403019756,442.533131,0.1,58.09
4555,Nominal,0.372048020,425.189099,0.1,58.09
4556,Nominal,0.386372447,433.297015,0.1,58.09
4557,Nominal,0.427797139,455.933560,0.1,58.09
4558,Nominal,0.195509091,308.223751,0.1,58.09
4559,Nominal,0.170731708,288.031321,0.1,58.09
4560,Nominal,0.355787843,415.793959,0.1,58.09
4561,Nominal,0.156020135,275.342307,0.1,58.09
4562,Nominal,0.430894315,457.581023,0.1,58.09
4563,Nominal,0.277971357,367.521412,0.1,58.09
4564,Nominal,0.216027871,323.994408,0.1,58.09
4565,Nominal,0.284552842,371.846833,0.1,58.09
4566,Nominal,0.288037181,374.116531,0.1,58.09
4567,Nominal,0.310491681,388.425387,0.1,58.09
4568,Nominal,0.225319400,330.888685,0.1,58.09
4569,Nominal,0.172280297,289.334637,0.1,58.09
4570,Nominal,0.204413474,315.164564,0.1,58.09
4571,Nominal,0.168021679,285.736212,0.1,58.09
4572,Nominal,0.269454122,361.847051,0.1,58.09
4573,Nominal,0.251258224,349.415982,0.1,58.09
4574,Nominal,0.246612459,346.170559,0.1,58.09
4575,Nominal,0.259001166,354.759049,0.1,58.09
4576,Nominal,0.304297328,384.531296,0.1,58.09
4577,Nominal,0.460317463,472.945773,0.1,58.09
4578,Nominal,0.449864507,467.545076,0.1,58.09
4579,Nominal,0.249709636,348.337534,0.1,58.09
4580,Nominal,0.331784755,401.523378,0.1,58.09
4581,Nominal,0.479674786,482.787556,0.1,58.09
4582,Nominal,0.210220680,319.609986,0.1,58.09
4583,Nominal,0.193960518,307.000646,0.1,58.09
4584,Nominal,0.246612459,346.170559,0.1,58.09
4585,Nominal,0.183894694,298.928430,0.1,58.09
4586,Nominal,0.403794050,442.958031,0.1,58.09
4587,Nominal,0.278745651,368.032925,0.1,58.09
4588,Nominal,0.219512194,326.596817,0.1,58.09
4589,Nominal,0.236159503,338.754705,0.1,58.09
4590,Nominal,0.267131239,360.283988,0.1,58.09
4591,Nominal,0.245063886,345.081979,0.1,58.09
4592,Nominal,0.201316297,312.767839,0.1,58.09
4593,Nominal,0.119628340,241.101360,0.1,58.09
4594,Nominal,0.203639179,314.567095,0.1,58.09
4595,Nominal,0.137437090,258.425044,0.1,58.09
4596,Nominal,0.259388298,355.024081,0.1,58.09
4597,Nominal,0.222996518,329.178653,0.1,58.09
4598,Nominal,0.219125047,326.308686,0.1,58.09
4599,Nominal,0.263259768,357.663704,0.1,58.09
4600,Nominal,0.274874181,365.468202,0.1,58.09
4601,Nominal,0.422764242,453.243668,0.1,58.09
4602,Nominal,0.411924124,447.395113,0.1,58.09
4603,Nominal,0.278745651,368.032925,0.1,58.09
4604,Nominal,0.233449474,336.805421,0.1,58.09
4605,Nominal,0.395663947,438.476035,0.1,58.09
4606,Nominal,0.222996518,329.178653,0.1,58.09
4607,Nominal,0.173441738,290.308285,0.1,58.09
4608,Nominal,0.221060783,327.746811,0.1,58.09
4609,Nominal,0.170344561,287.704569,0.1,58.09
4610,Nominal,0.307781637,386.726538,0.1,58.09
4611,Nominal,0.254742533,351.830393,0.1,58.09
4612,Nominal,0.210220680,319.609986,0.1,58.09
4613,Nominal,0.256678283,353.164617,0.1,58.09
4614,Nominal,0.272164136,363.662124,0.1,58.09
4615,Nominal,0.257452577,353.696893,0.1,58.09
4616,Nominal,0.185830429,300.497621,0.1,58.09
4617,Nominal,0.113046847,234.375305,0.1,58.09
4618,Nominal,0.141308561,262.039559,0.1,58.09
4619,Nominal,0.094850950,214.685872,0.1,58.09
4620,Nominal,0.186604723,301.123007,0.1,58.09
4621,Nominal,0.201703444,313.068433,0.1,58.09
4622,Nominal,0.193960518,307.000646,0.1,58.09
4623,Nominal,0.221060783,327.746811,0.1,58.09
4624,Nominal,0.221447930,328.033679,0.1,58.09
4625,Nominal,0.449864507,467.545076,0.1,58.09
4626,Nominal,0.423151374,453.451142,0.1,58.09
4627,Nominal,0.181184664,296.717622,0.1,58.09
4628,Nominal,0.213704988,322.247794,0.1,58.09
4629,Nominal,0.471157581,478.482120,0.1,58.09
4630,Nominal,0.205574915,316.058651,0.1,58.09
4631,Nominal,0.155632988,275.000479,0.1,58.09
4632,Nominal,0.146341458,266.665180,0.1,58.09
4633,Nominal,0.137049943,258.060808,0.1,58.09
4634,Nominal,0.360433608,418.499807,0.1,58.09
4635,Nominal,0.183894694,298.928430,0.1,58.09
4636,Nominal,0.193186224,306.387257,0.1,58.09
4637,Nominal,0.156020135,275.342307,0.1,58.09
4638,Nominal,0.201703444,313.068433,0.1,58.09
4639,Nominal,0.157955870,277.045122,0.1,58.09
4640,Nominal,0.176926062,293.209831,0.1,58.09
4641,Nominal,0.100658149,221.160260,0.1,58.09
4642,Nominal,0.151761517,271.558532,0.1,58.09
4643,Nominal,0.081687957,199.233168,0.1,58.09
4644,Nominal,0.207123503,317.246847,0.1,58.09
4645,Nominal,0.113046847,234.375305,0.1,58.09
4646,Nominal,0.097560972,217.731208,0.1,58.09
4647,Nominal,0.246612459,346.170559,0.1,58.09
4648,Nominal,0.156794429,276.024693,0.1,58.09
4649,Nominal,0.406891197,444.653556,0.1,58.09
4650,Nominal,0.324041814,396.810495,0.1,58.09
4651,Nominal,0.155632988,275.000479,0.1,58.09
4652,Nominal,0.111111112,232.360001,0.1,58.09
4653,Nominal,0.364692211,420.964881,0.1,58.09
4654,Nominal,0.175377473,291.923816,0.1,58.09
4655,Nominal,0.106852494,227.863600,0.1,58.09
4656,Nominal,0.084010839,202.046013,0.1,58.09
4657,Nominal,0.089043744,208.010055,0.1,58.09
4658,Nominal,0.351916373,413.525560,0.1,58.09
4659,Nominal,0.183507547,298.613603,0.1,58.09
4660,Nominal,0.215253577,323.413252,0.1,58.09
4661,Missing_Intentional,0.005807201,53.120976,0.1,58.09
4662,Nominal,0.196283385,308.833492,0.1,58.09
4663,Nominal,0.157568723,276.705397,0.1,58.09
4664,Nominal,0.189701900,303.611671,0.1,58.09
4665,Missing_Unintentional,0.039876115,139.199937,0.1,58.09
4666,Nominal,0.180023223,295.765075,0.1,58.09
4667,Nominal,0.054587688,162.865829,0.1,58.09
4668,Nominal,0.094463803,214.247289,0.1,58.09
4669,Nominal,0.116918311,238.354792,0.1,58.09
4670,Nominal,0.070847854,185.543597,0.1,58.09
4671,Nominal,0.123112656,244.587340,0.1,58.09
4672,Nominal,0.042586140,143.852284,0.1,58.09
4673,Missing_Unintentional,0.008130081,62.853586,0.1,58.09
4674,Nominal,0.090979479,210.258880,0.1,58.09
4675,Missing_Unintentional,0.000000000,0.000000,0.1,58.09
4676,Nominal,0.053039100,160.539053,0.1,58.09
4677,Nominal,0.331784755,401.523378,0.1,58.09
4678,Nominal,0.269066989,361.587020,0.1,58.09
4679,Nominal,0.053039100,160.539053,0.1,58.09
4680,Nominal,0.056136277,165.159829,0.1,58.09
4681,Nominal,0.428571433,456.345983,0.1,58.09
4682,Nominal,0.190089047,303.921322,0.1,58.09
4683,Nominal,0.099883854,220.308001,0.1,58.09
4684,Nominal,0.046070460,149.621463,0.1,58.09
4685,Nominal,0.041811846,142.538536,0.1,58.09
4686,Nominal,0.342237711,407.799373,0.1,58.09
4687,Nominal,0.063492067,175.647655,0.1,58.09
4688,Nominal,0.244289592,344.536394,0.1,58.09
4689,Nominal,0.057684861,167.422394,0.1,58.09
4690,Nominal,0.079752229,196.858439,0.1,58.09
4691,Nominal,0.064653501,177.246899,0.1,58.09
4692,Nominal,0.195509091,308.223751,0.1,58.09
4693,Nominal,0.197444826,309.745854,0.1,58.09
4694,Nominal,0.227255136,332.306989,0.1,58.09
4695,Nominal,0.243128151,343.716393,0.1,58.09
4696,Nominal,0.154858693,274.315544,0.1,58.09
4697,Nominal,0.189701900,303.611671,0.1,58.09
4698,Nominal,0.152922958,272.595679,0.1,58.09
4699,Nominal,0.210994974,320.198046,0.1,58.09
4700,Nominal,0.406504065,444.441975,0.1,58.09
4701,Nominal,0.302748740,383.551596,0.1,58.09
4702,Nominal,0.265195519,358.976247,0.1,58.09
4703,Nominal,0.384436697,432.210229,0.1,58.09
4704,Nominal,0.381339520,430.465679,0.1,58.09
4705,Nominal,0.275648475,365.982584,0.1,58.09
4706,Nominal,0.201703444,313.068433,0.1,58.09
4707,Nominal,0.236546651,339.032259,0.1,58.09
4708,Nominal,0.380952388,430.247121,0.1,58.09
4709,Nominal,0.221835077,328.320297,0.1,58.09
4710,Nominal,0.305071622,385.020211,0.1,58.09
4711,Nominal,0.298490137,380.844436,0.1,58.09
4712,Nominal,0.192411929,305.772638,0.1,58.09
4713,Nominal,0.229190856,333.719256,0.1,58.09
4714,Nominal,0.301587313,382.815185,0.1,58.09
4715,Nominal,0.204413474,315.164564,0.1,58.09
4716,Nominal,0.226480842,331.740395,0.1,58.09
4717,Nominal,0.170344561,287.704569,0.1,58.09
4718,Nominal,0.240030974,341.520098,0.1,58.09
4719,Nominal,0.169957414,287.377446,0.1,58.09
4720,Nominal,0.264808357,358.714115,0.1,58.09
4721,Nominal,0.286101431,372.857289,0.1,58.09
4722,Nominal,0.279132783,368.288405,0.1,58.09
4723,Nominal,0.282229960,370.325979,0.1,58.09
4724,Nominal,0.447541624,466.336425,0.1,58.09
4725,Nominal,0.349980652,412.386691,0.1,58.09
4726,Nominal,0.314363152,390.839492,0.1,58.09
4727,Nominal,0.403794050,442.958031,0.1,58.09
4728,Nominal,0.427409977,455.727200,0.1,58.09
4729,Nominal,0.315911740,391.800969,0.1,58.09
4730,Nominal,0.212543547,321.370926,0.1,58.09
4731,Nominal,0.216415018,324.284596,0.1,58.09
4732,Nominal,0.421989948,452.828419,0.1,58.09
4733,Nominal,0.184281841,299.242927,0.1,58.09
4734,Nominal,0.367789388,422.748640,0.1,58.09
4735,Nominal,0.324041814,396.810495,0.1,58.09
4736,Nominal,0.233062327,336.526030,0.1,58.09
4737,Nominal,0.264421225,358.451811,0.1,58.09
4738,Nominal,0.312427402,389.634300,0.1,58.09
4739,Nominal,0.264808357,358.714115,0.1,58.09
4740,Nominal,0.230352297,334.563760,0.1,58.09
4741,Nominal,0.194734812,307.612812,0.1,58.09
4742,Nominal,0.215253577,323.413252,0.1,58.09
4743,Nominal,0.148664340,268.773240,0.1,58.09
4744,Nominal,0.267518401,360.544980,0.1,58.09
4745,Nominal,0.303523034,384.041759,0.1,58.09
4746,Nominal,0.263646930,357.926606,0.1,58.09
4747,Missing_Intentional,0.003097174,38.794076,0.1,58.09
4748,Nominal,0.426248550,455.107592,0.1,58.09
4749,Nominal,0.384436697,432.210229,0.1,58.09
4750,Nominal,0.359272152,417.824979,0.1,58.09
4751,Nominal,0.354626417,415.114750,0.1,58.09
4752,Missing_Intentional,0.001548587,27.431554,0.1,58.09
4753,Nominal,0.374370873,426.514351,0.1,58.09
4754,Nominal,0.251645386,349.685085,0.1,58.09
4755,Nominal,0.227255136,332.306989,0.1,58.09
4756,Nominal,0.401471168,441.682104,0.1,58.09
4757,Nominal,0.164924502,283.090447,0.1,58.09
4758,Nominal,0.377080917,428.055321,0.1,58.09
4759,Nominal,0.305845916,385.508507,0.1,58.09
4760,Nominal,0.243902445,344.263278,0.1,58.09
4761,Nominal,0.303910196,384.286615,0.1,58.09
4762,Nominal,0.250483930,348.877175,0.1,58.09
4763,Nominal,0.257065415,353.430845,0.1,58.09
4764,Nominal,0.229578003,334.000994,0.1,58.09
4765,Nominal,0.167247385,285.077072,0.1,58.09
4766,Nominal,0.224932253,330.604294,0.1,58.09
4767,Nominal,0.157568723,276.705397,0.1,58.09
4768,Nominal,0.267518401,360.544980,0.1,58.09
4769,Nominal,0.276809901,366.752795,0.1,58.09
4770,Nominal,0.267518401,360.544980,0.1,58.09
4771,Nominal,0.265969813,359.499919,0.1,58.09
4772,Nominal,0.404955477,443.594610,0.1,58.09
4773,Nominal,0.333720475,402.692971,0.1,58.09
4774,Nominal,0.401471168,441.682104,0.1,58.09
4775,Nominal,0.289972901,375.371529,0.1,58.09
4776,Nominal,0.349980652,412.386691,0.1,58.09
4777,Nominal,0.438250095,461.470169,0.1,58.09
4778,Nominal,0.202864885,313.968489,0.1,58.09
4779,Nominal,0.186991870,301.435214,0.1,58.09
4780,Nominal,0.307007343,386.239782,0.1,58.09
4781,Nominal,0.178474635,294.490218,0.1,58.09
4782,Nominal,0.399148285,440.402481,0.1,58.09
4783,Nominal,0.293844372,377.869041,0.1,58.09
4784,Nominal,0.218350753,325.731658,0.1,58.09
4785,Nominal,0.332946181,402.225538,0.1,58.09
4786,Nominal,0.271777004,363.403391,0.1,58.09
4787,Nominal,0.249709636,348.337534,0.1,58.09
4788,Nominal,0.222222224,328.606665,0.1,58.09
4789,Nominal,0.145954311,266.312214,0.1,58.09
4790,Nominal,0.223383665,329.464274,0.1,58.09
4791,Nominal,0.161827326,280.419720,0.1,58.09
4792,Nominal,0.279907078,368.798854,0.1,58.09
4793,Nominal,0.261711180,356.610200,0.1,58.09
4794,Nominal,0.272164136,363.662124,0.1,58.09
4795,Nominal,0.264808357,358.714115,0.1,58.09
4796,Nominal,0.338753402,405.718168,0.1,58.09
4797,Nominal,0.338366240,405.486253,0.1,58.09
4798,Nominal,0.430894315,457.581023,0.1,58.09
4799,Nominal,0.268292695,361.066376,0.1,58.09
4800,Nominal,0.301200151,382.569387,0.1,58.09
4801,Nominal,0.368176550,422.971090,0.1,58.09
4802,Nominal,0.209833533,319.315550,0.1,58.09
4803,Nominal,0.168408826,286.065212,0.1,58.09
4804,Nominal,0.271389842,363.144455,0.1,58.09
4805,Nominal,0.185056135,299.870930,0.1,58.09
4806,Nominal,0.310104519,388.183141,0.1,58.09
4807,Nominal,0.251645386,349.685085,0.1,58.09
4808,Nominal,0.224545106,330.319658,0.1,58.09
4809,Nominal,0.250096798,348.607469,0.1,58.09
4810,Nominal,0.232675180,336.246406,0.1,58.09
4811,Nominal,0.210607827,319.904151,0.1,58.09
4812,Nominal,0.188540459,302.680820,0.1,58.09
4813,Nominal,0.109175377,230.327064,0.1,58.09
4814,Nominal,0.217189312,324.864194,0.1,58.09
4815,Nominal,0.128532708,249.913347,0.1,58.09
4816,Nominal,0.187766165,302.058659,0.1,58.09
4817,Nominal,0.259388298,355.024081,0.1,58.09
4818,Nominal,0.213317841,321.955770,0.1,58.09
4819,Nominal,0.240418121,341.795407,0.1,58.09
4820,Nominal,0.293070078,377.370861,0.1,58.09
4821,Nominal,0.401084006,441.469083,0.1,58.09
4822,Nominal,0.400696874,441.255975,0.1,58.09
4823,Nominal,0.243902445,344.263278,0.1,58.09
4824,Nominal,0.180410370,296.082931,0.1,58.09
4825,Nominal,0.390631050,435.678374,0.1,58.09
4826,Nominal,0.228416577,333.155074,0.1,58.09
4827,Nominal,0.166860238,284.746931,0.1,58.09
4828,Nominal,0.235772356,338.476923,0.1,58.09
4829,Nominal,0.167634532,285.406832,0.1,58.09
4830,Nominal,0.350754946,412.842619,0.1,58.09
4831,Nominal,0.275261313,365.725474,0.1,58.09
4832,Nominal,0.231513739,335.406139,0.1,58.09
4833,Nominal,0.282229960,370.325979,0.1,58.09
4834,Nominal,0.247773901,346.984761,0.1,58.09
4835,Nominal,0.190089047,303.921322,0.1,58.09
4836,Nominal,0.211382121,320.491671,0.1,58.09
4837,Nominal,0.120402634,241.880366,0.1,58.09
4838,Nominal,0.189314753,303.301705,0.1,58.09
4839,Nominal,0.106078200,227.036505,0.1,58.09
4840,Nominal,0.211382121,320.491671,0.1,58.09
4841,Nominal,0.263259768,357.663704,0.1,58.09
4842,Nominal,0.228029430,332.872619,0.1,58.09
4843,Nominal,0.230352297,334.563760,0.1,58.09
4844,Nominal,0.189701900,303.611671,0.1,58.09
4845,Nominal,0.443670154,464.315017,0.1,58.09
4846,Nominal,0.430120021,457.169714,0.1,58.09
4847,Nominal,0.157955870,277.045122,0.1,58.09
4848,Nominal,0.210220680,319.609986,0.1,58.09
4849,Nominal,0.392953932,436.971832,0.1,58.09
4850,Nominal,0.207510650,317.543201,0.1,58.09
4851,Nominal,0.169183120,286.722079,0.1,58.09
4852,Nominal,0.188927606,302.991422,0.1,58.09
4853,Nominal,0.130855590,252.161490,0.1,58.09
4854,Nominal,0.442895859,463.909678,0.1,58.09
4855,Nominal,0.220673636,327.459691,0.1,58.09
4856,Nominal,0.215640724,323.703960,0.1,58.09
4857,Nominal,0.171118855,288.357702,0.1,58.09
4858,Nominal,0.235385209,338.198913,0.1,58.09
4859,Nominal,0.167247385,285.077072,0.1,58.09
4860,Nominal,0.184668988,299.557093,0.1,58.09
4861,Nominal,0.084397987,202.511022,0.1,58.09
4862,Nominal,0.197444826,309.745854,0.1,58.09
4863,Nominal,0.080526516,197.811746,0.1,58.09
4864,Nominal,0.126984134,248.403296,0.1,58.09
4865,Nominal,0.184281841,299.242927,0.1,58.09
4866,Nominal,0.111111112,232.360001,0.1,58.09
4867,Nominal,0.144792870,265.250499,0.1,58.09
4868,Nominal,0.127371266,248.781657,0.1,58.09
4869,Nominal,0.477739066,481.812431,0.1,58.09
4870,Nominal,0.408439785,445.498906,0.1,58.09
4871,Nominal,0.113046847,234.375305,0.1,58.09
4872,Nominal,0.173054591,289.984099,0.1,58.09
4873,Nominal,0.397212535,439.333272,0.1,58.09
4874,Nominal,0.234610915,337.642206,0.1,58.09
4875,Nominal,0.169570267,287.049949,0.1,58.09
4876,Nominal,0.073170729,188.560757,0.1,58.09
4877,Nominal,0.090592332,209.811043,0.1,58.09
4878,Nominal,0.437475801,461.062329,0.1,58.09
4879,Nominal,0.236159503,338.754705,0.1,58.09
4880,Nominal,0.237320945,339.586688,0.1,58.09
4881,Nominal,0.192024782,305.464864,0.1,58.09
4882,Nominal,0.205962062,316.356118,0.1,58.09
4883,Nominal,0.100658149,221.160260,0.1,58.09
4884,Nominal,0.199767709,311.562562,0.1,58.09
4885,Nominal,0.037166085,134.386620,0.1,58.09
4886,Nominal,0.196283385,308.833492,0.1,58.09
4887,Nominal,0.046844754,150.873549,0.1,58.09
4888,Nominal,0.092140920,211.596703,0.1,58.09
4889,Nominal,0.156407282,275.683711,0.1,58.09
4890,Nominal,0.084397987,202.511022,0.1,58.09
4891,Nominal,0.150987223,270.864894,0.1,58.09
4892,Missing_Unintentional,0.000000000,0.000000,0.1,58.09
4893,Missing_Unintentional,0.011614402,75.124405,0.1,58.09
4894,Missing_Unintentional,0.008130081,62.853586,0.1,58.09
4895,Missing_Unintentional,0.001935734,30.669410,0.1,58.09
4896,Nominal,0.054587688,162.865829,0.1,58.09
4897,Nominal,0.396051109,438.690510,0.1,58.09
4898,Nominal,0.399148285,440.402481,0.1,58.09
4899,Nominal,0.039488968,138.522561,0.1,58.09
4900,Nominal,0.053426247,161.123897,0.1,58.09
4901,Nominal,0.353852123,414.661319,0.1,58.09
4902,Nominal,0.228029430,332.872619,0.1,58.09
4903,Nominal,0.105691060,226.621834,0.1,58.09
4904,Nominal,0.032133177,124.956673,0.1,58.09
4905,Missing_Unintentional,0.033294618,127.194883,0.1,58.09
4906,Nominal,0.301974446,383.060807,0.1,58.09
4907,Nominal,0.118079752,239.535749,0.1,58.09
4908,Nominal,0.218737900,326.020299,0.1,58.09
4909,Nominal,0.071235001,186.049857,0.1,58.09
4910,Nominal,0.131242737,252.534235,0.1,58.09
4911,Nominal,0.063104920,175.111325,0.1,58.09
4912,Nominal,0.207123503,317.246847,0.1,58.09
4913,Nominal,0.193573371,306.694105,0.1,58.09
4914,Nominal,0.221060783,327.746811,0.1,58.09
4915,Nominal,0.230739444,334.844788,0.1,58.09
4916,Nominal,0.115756869,237.167955,0.1,58.09
4917,Nominal,0.249709636,348.337534,0.1,58.09
4918,Nominal,0.196283385,308.833492,0.1,58.09
4919,Nominal,0.200154856,311.864318,0.1,58.09
4920,Nominal,0.452574521,468.951223,0.1,58.09
4921,Nominal,0.257839710,353.962720,0.1,58.09
4922,Nominal,0.256678283,353.164617,0.1,58.09
4923,Nominal,0.200929150,312.466956,0.1,58.09
4924,Nominal,0.380952388,430.247121,0.1,58.09
4925,Nominal,0.211769268,320.785028,0.1,58.09
4926,Nominal,0.143631443,264.184531,0.1,58.09
4927,Nominal,0.228416577,333.155074,0.1,58.09
4928,Nominal,0.356174976,416.020110,0.1,58.09
4929,Nominal,0.236546651,339.032259,0.1,58.09
4930,Nominal,0.265195519,358.976247,0.1,58.09
4931,Missing_Intentional,0.009678668,68.578886,0.1,58.09
4932,Nominal,0.183894694,298.928430,0.1,58.09
4933,Nominal,0.185056135,299.870930,0.1,58.09
4934,Nominal,0.267131239,360.283988,0.1,58.09
4935,Nominal,0.179636076,295.446876,0.1,58.09
4936,Nominal,0.226867989,332.023813,0.1,58.09
4937,Nominal,0.147115752,267.369714,0.1,58.09
4938,Nominal,0.230739444,334.844788,0.1,58.09
4939,Nominal,0.150987223,270.864894,0.1,58.09
4940,Nominal,0.236159503,338.754705,0.1,58.09
4941,Nominal,0.338753402,405.718168,0.1,58.09
4942,Nominal,0.257065415,353.430845,0.1,58.09
4943,Nominal,0.323267519,396.336124,0.1,58.09
4944,Nominal,0.480061948,482.982354,0.1,58.09
4945,Nominal,0.337979108,405.254224,0.1,58.09
4946,Nominal,0.385210991,432.645267,0.1,58.09
4947,Nominal,0.380178094,429.809655,0.1,58.09
4948,Nominal,0.386759579,433.514035,0.1,58.09
4949,Nominal,0.238869533,340.692837,0.1,58.09
4950,Nominal,0.195509091,308.223751,0.1,58.09
4951,Nominal,0.228416577,333.155074,0.1,58.09
4952,Nominal,0.368176550,422.971090,0.1,58.09
4953,Nominal,0.152922958,272.595679,0.1,58.09
4954,Nominal,0.324041814,396.810495,0.1,58.09
4955,Nominal,0.271389842,363.144455,0.1,58.09
4956,Nominal,0.231126592,335.125581,0.1,58.09
4957,Nominal,0.240418121,341.795407,0.1,58.09
4958,Nominal,0.295005798,378.615072,0.1,58.09
4959,Nominal,0.213317841,321.955770,0.1,58.09
4960,Nominal,0.229965150,334.282496,0.1,58.09
4961,Nominal,0.180797517,296.400447,0.1,58.09
4962,Nominal,0.230739444,334.844788,0.1,58.09
4963,Nominal,0.166085944,284.085496,0.1,58.09
4964,Nominal,0.260162592,355.553573,0.1,58.09
4965,Nominal,0.310491681,388.425387,0.1,58.09
4966,Nominal,0.270615578,362.626066,0.1,58.09
4967,Nominal,0.324816108,397.284299,0.1,58.09
4968,Nominal,0.408052653,445.287727,0.1,58.09
4969,Nominal,0.311653107,389.151181,0.1,58.09
4970,Nominal,0.321718931,395.385676,0.1,58.09
4971,Nominal,0.351142079,413.070386,0.1,58.09
4972,Nominal,0.364305079,420.741388,0.1,58.09
4973,Nominal,0.339914829,406.413081,0.1,58.09
4974,Nominal,0.226867989,332.023813,0.1,58.09
4975,Nominal,0.156020135,275.342307,0.1,58.09
4976,Nominal,0.233062327,336.526030,0.1,58.09
4977,Nominal,0.187766165,302.058659,0.1,58.09
4978,Nominal,0.271777004,363.403391,0.1,58.09
4979,Nominal,0.265969813,359.499919,0.1,58.09
4980,Nominal,0.274487019,365.210729,0.1,58.09
4981,Nominal,0.255903989,352.631537,0.1,58.09
4982,Nominal,0.274874181,365.468202,0.1,58.09
4983,Nominal,0.211382121,320.491671,0.1,58.09
4984,Nominal,0.249322489,348.067400,0.1,58.09
4985,Nominal,0.156407282,275.683711,0.1,58.09
4986,Nominal,0.232288033,335.966551,0.1,58.09
4987,Nominal,0.166473091,284.416406,0.1,58.09
4988,Nominal,0.304684490,384.775841,0.1,58.09
4989,Nominal,0.308943093,387.455533,0.1,58.09
4990,Nominal,0.294231504,378.117875,0.1,58.09
4991,Nominal,0.347270608,410.786948,0.1,58.09
4992,Nominal,0.488579184,487.248042,0.1,58.09
4993,Nominal,0.404568344,443.382524,0.1,58.09
4994,Nominal,0.397599697,439.547329,0.1,58.09
4995,Nominal,0.361982197,419.397877,0.1,58.09
4996,Nominal,0.404955477,443.594610,0.1,58.09
4997,Nominal,0.256678283,353.164617,0.1,58.09
4998,Nominal,0.255516827,352.364685,0.1,58.09
4999,Nominal,0.174216032,290.955574,0.1,58.09
5000,Nominal,0.286875725,373.361491,0.1,58.09
5001,Nominal,0.179248929,295.128335,0.1,58.09
5002,Nominal,0.398761123,440.188840,0.1,58.09
5003,Nominal,0.271002710,362.885353,0.1,58.09
5004,Nominal,0.237708092,339.863562,0.1,58.09
5005,Nominal,0.244289592,344.536394,0.1,58.09
5006,Nominal,0.252806813,350.491112,0.1,58.09
5007,Nominal,0.230739444,334.844788,0.1,58.09
5008,Nominal,0.236159503,338.754705,0.1,58.09
5009,Nominal,0.142857149,263.471481,0.1,58.09
5010,Nominal,0.231513739,335.406139,0.1,58.09
5011,Nominal,0.161440179,280.084089,0.1,58.09
5012,Nominal,0.269841284,362.106916,0.1,58.09
5013,Nominal,0.277197063,367.009186,0.1,58.09
5014,Nominal,0.257065415,353.430845,0.1,58.09
5015,Nominal,0.301587313,382.815185,0.1,58.09
5016,Nominal,0.313588858,390.357865,0.1,58.09
5017,Nominal,0.396825403,439.119128,0.1,58.09
5018,Nominal,0.408439785,445.498906,0.1,58.09
5019,Nominal,0.262872636,357.400629,0.1,58.09
5020,Nominal,0.311653107,389.151181,0.1,58.09
5021,Nominal,0.361207902,418.949083,0.1,58.09
5022,Nominal,0.221060783,327.746811,0.1,58.09
5023,Nominal,0.160665900,279.411629,0.1,58.09
5024,Nominal,0.224545106,330.319658,0.1,58.09
5025,Nominal,0.167247385,285.077072,0.1,58.09
5026,Nominal,0.372435153,425.410255,0.1,58.09
5027,Nominal,0.258614004,354.493798,0.1,58.09
5028,Nominal,0.228803724,333.437290,0.1,58.09
5029,Nominal,0.240030974,341.520098,0.1,58.09
5030,Nominal,0.224157959,330.034776,0.1,58.09
5031,Nominal,0.219899341,326.884695,0.1,58.09
5032,Nominal,0.204413474,315.164564,0.1,58.09
5033,Nominal,0.121176928,242.656870,0.1,58.09
5034,Nominal,0.212156400,321.078105,0.1,58.09
5035,Nominal,0.137437090,258.425044,0.1,58.09
5036,Nominal,0.242353857,343.168637,0.1,58.09
5037,Nominal,0.291134328,376.122514,0.1,58.09
5038,Nominal,0.221835077,328.320297,0.1,58.09
5039,Nominal,0.268292695,361.066376,0.1,58.09
5040,Nominal,0.307394505,386.483246,0.1,58.09
5041,Nominal,0.466898948,476.314794,0.1,58.09
5042,Nominal,0.370499432,424.303287,0.1,58.09
5043,Nominal,0.229190856,333.719256,0.1,58.09
5044,Nominal,0.318621755,393.477891,0.1,58.09
5045,Nominal,0.438250095,461.470169,0.1,58.09
5046,Nominal,0.222996518,329.178653,0.1,58.09
5047,Nominal,0.174990326,291.601426,0.1,58.09
5048,Nominal,0.251645386,349.685085,0.1,58.09
5049,Nominal,0.169183120,286.722079,0.1,58.09
5050,Nominal,0.377468050,428.274997,0.1,58.09
5051,Nominal,0.219899341,326.884695,0.1,58.09
5052,Nominal,0.234998062,337.920674,0.1,58.09
5053,Nominal,0.199767709,311.562562,0.1,58.09
5054,Nominal,0.239256680,340.968814,0.1,58.09
5055,Nominal,0.178861782,294.809449,0.1,58.09
5056,Nominal,0.215640724,323.703960,0.1,58.09
5057,Nominal,0.107239641,228.276024,0.1,58.09
5058,Nominal,0.197444826,309.745854,0.1,58.09
5059,Nominal,0.141308561,262.039559,0.1,58.09
5060,Nominal,0.233449474,336.805421,0.1,58.09
5061,Nominal,0.306620210,385.996184,0.1,58.09
5062,Nominal,0.238095239,340.140212,0.1,58.09
5063,Nominal,0.302748740,383.551596,0.1,58.09
5064,Nominal,0.275648475,365.982584,0.1,58.09
5065,Nominal,0.448703051,466.941134,0.1,58.09
5066,Missing_Intentional,0.027487418,115.571192,0.1,58.09
5067,Nominal,0.162601620,281.089781,0.1,58.09
5068,Nominal,0.174216032,290.955574,0.1,58.09
5069,Nominal,0.363917917,420.517759,0.1,58.09
5070,Nominal,0.215640724,323.703960,0.1,58.09
5071,Nominal,0.142082855,262.756495,0.1,58.09
5072,Nominal,0.198219121,310.352605,0.1,58.09
5073,Nominal,0.133952767,255.128201,0.1,58.09
5074,Nominal,0.272551298,363.920692,0.1,58.09
5075,Nominal,0.246612459,346.170559,0.1,58.09
5076,Nominal,0.221447930,328.033679,0.1,58.09
5077,Nominal,0.160278752,279.074785,0.1,58.09
5078,Nominal,0.245838165,345.626693,0.1,58.09
5079,Nominal,0.170344561,287.704569,0.1,58.09
5080,Nominal,0.207897797,317.839279,0.1,58.09
5081,Nominal,0.077429347,193.970382,0.1,58.09
5082,Nominal,0.208672091,318.430609,0.1,58.09
5083,Nominal,0.090205185,209.362248,0.1,58.09
5084,Nominal,0.132404178,253.649183,0.1,58.09
5085,Nominal,0.233836621,337.084580,0.1,58.09
5086,Nominal,0.126209840,247.644810,0.1,58.09
5087,Nominal,0.216027871,323.994408,0.1,58.09
5088,Nominal,0.109949671,231.142384,0.1,58.09
5089,Nominal,0.378629506,428.933385,0.1,58.09
5090,Nominal,0.424699962,454.280122,0.1,58.09
5091,Nominal,0.082849398,200.644520,0.1,58.09
5092,Nominal,0.122338369,243.816991,0.1,58.09
5093,Nominal,0.377468050,428.274997,0.1,58.09
5094,Nominal,0.233836621,337.084580,0.1,58.09
5095,Nominal,0.125048399,246.502706,0.1,58.09
5096,Nominal,0.081300810,198.760490,0.1,58.09
5097,Nominal,0.097173832,217.298780,0.1,58.09
5098,Nominal,0.372435153,425.410255,0.1,58.09
5099,Nominal,0.149051487,269.122978,0.1,58.09
5100,Nominal,0.243902445,344.263278,0.1,58.09
5101,Nominal,0.087495163,206.193345,0.1,58.09
5102,Nominal,0.149051487,269.122978,0.1,58.09
5103,Nominal,0.079752229,196.858439,0.1,58.09
5104,Nominal,0.224157959,330.034776,0.1,58.09
5105,Missing_Unintentional,0.029036004,118.782113,0.1,58.09
5106,Nominal,0.215253577,323.413252,0.1,58.09
5107,Nominal,0.048780486,153.959214,0.1,58.09
5108,Nominal,0.118854046,240.319830,0.1,58.09
5109,Nominal,0.248935342,347.797056,0.1,58.09
5110,Nominal,0.102206737,222.855001,0.1,58.09
5111,Nominal,0.198219121,310.352605,0.1,58.09
5112,Missing_Unintentional,0.005807201,53.120976,0.1,58.09
5113,Nominal,0.062717773,174.573346,0.1,58.09
5114,Missing_Unintentional,0.031746034,124.201648,0.1,58.09
5115,Missing_Unintentional,0.012388695,77.588151,0.1,58.09
5116,Nominal,0.041424699,141.877100,0.1,58.09
5117,Nominal,0.313975990,390.598743,0.1,58.09
5118,Nominal,0.343786299,408.720956,0.1,58.09
5119,Missing_Unintentional,0.037553232,135.084738,0.1,58.09
5120,Nominal,0.090205185,209.362248,0.1,58.09
5121,Nominal,0.376306623,427.615613,0.1,58.09
5122,Nominal,0.235385209,338.198913,0.1,58.09
5123,Nominal,0.070460707,185.035953,0.1,58.09
5124,Nominal,0.095625244,215.560360,0.1,58.09
5125,Missing_Unintentional,0.038714673,137.157772,0.1,58.09
5126,Nominal,0.300813019,382.323450,0.1,58.09
5127,Nominal,0.147115752,267.369714,0.1,58.09
5128,Nominal,0.262098342,356.873877,0.1,58.09
5129,Nominal,0.073170729,188.560757,0.1,58.09
5130,Nominal,0.162601620,281.089781,0.1,58.09
5131,Nominal,0.056523424,165.728367,0.1,58.09
5132,Nominal,0.192799076,306.080102,0.1,58.09
5133,Nominal,0.175377473,291.923816,0.1,58.09
5134,Nominal,0.209833533,319.315550,0.1,58.09
5135,Nominal,0.227642283,332.589925,0.1,58.09
5136,Nominal,0.159504458,278.399875,0.1,58.09
5137,Nominal,0.264034063,358.189295,0.1,58.09
5138,Nominal,0.152922958,272.595679,0.1,58.09
5139,Nominal,0.262485474,357.137340,0.1,58.09
5140,Nominal,0.176538914,292.888856,0.1,58.09
5141,Nominal,0.254355401,351.562953,0.1,58.09
5142,Nominal,0.136275649,257.330789,0.1,58.09
5143,Nominal,0.375145167,426.955193,0.1,58.09
5144,Nominal,0.349980652,412.386691,0.1,58.09
5145,Nominal,0.234610915,337.642206,0.1,58.09
5146,Nominal,0.155245841,274.658225,0.1,58.09
5147,Nominal,0.242353857,343.168637,0.1,58.09
5148,Nominal,0.473867595,479.856219,0.1,58.09
5149,Nominal,0.204413474,315.164564,0.1,58.09
5150,Nominal,0.343786299,408.720956,0.1,58.09
5151,Nominal,0.269066989,361.587020,0.1,58.09
5152,Nominal,0.182733253,297.982950,0.1,58.09
5153,Nominal,0.180797517,296.400447,0.1,58.09
5154,Nominal,0.282617122,370.579898,0.1,58.09
5155,Nominal,0.178474635,294.490218,0.1,58.09
5156,Nominal,0.221060783,327.746811,0.1,58.09
5157,Nominal,0.159891605,278.737534,0.1,58.09
5158,Nominal,0.218350753,325.731658,0.1,58.09
5159,Nominal,0.159504458,278.399875,0.1,58.09
5160,Nominal,0.217963606,325.442760,0.1,58.09
5161,Nominal,0.297715843,380.350153,0.1,58.09
5162,Nominal,0.223770812,329.749649,0.1,58.09
5163,Nominal,0.320557505,394.671346,0.1,58.09
5164,Nominal,0.410375535,446.553352,0.1,58.09
5165,Nominal,0.375532329,427.175452,0.1,58.09
5166,Nominal,0.289198607,374.870030,0.1,58.09
5167,Nominal,0.409988374,446.342656,0.1,58.09
5168,Nominal,0.404568344,443.382524,0.1,58.09
5169,Nominal,0.312040269,389.392825,0.1,58.09
5170,Nominal,0.189701900,303.611671,0.1,58.09
5171,Nominal,0.159504458,278.399875,0.1,58.09
5172,Nominal,0.387533873,433.947766,0.1,58.09
5173,Nominal,0.184281841,299.242927,0.1,58.09
5174,Nominal,0.325203240,397.520980,0.1,58.09
5175,Nominal,0.308168799,386.969695,0.1,58.09
5176,Nominal,0.211382121,320.491671,0.1,58.09
5177,Nominal,0.242353857,343.168637,0.1,58.09
5178,Nominal,0.290360034,375.622018,0.1,58.09
5179,Nominal,0.254742533,351.830393,0.1,58.09
5180,Nominal,0.210607827,319.904151,0.1,58.09
5181,Nominal,0.166473091,284.416406,0.1,58.09
5182,Nominal,0.226480842,331.740395,0.1,58.09
5183,Nominal,0.157568723,276.705397,0.1,58.09
5184,Nominal,0.260549754,355.818034,0.1,58.09
5185,Nominal,0.336043358,404.092026,0.1,58.09
5186,Nominal,0.259388298,355.024081,0.1,58.09
5187,Nominal,0.327526122,398.938173,0.1,58.09
5188,Nominal,0.483546257,484.731938,0.1,58.09
5189,Nominal,0.389469624,435.030211,0.1,58.09
5190,Nominal,0.365466505,421.411529,0.1,58.09
5191,Nominal,0.394889653,438.046787,0.1,58.09
5192,Nominal,0.397599697,439.547329,0.1,58.09
5193,Nominal,0.332946181,402.225538,0.1,58.09
5194,Nominal,0.199380562,311.260514,0.1,58.09
5195,Nominal,0.179636076,295.446876,0.1,58.09
5196,Nominal,0.368563682,423.193405,0.1,58.09
5197,Nominal,0.129307002,250.664968,0.1,58.09
5198,Nominal,0.382500976,431.120721,0.1,58.09
5199,Nominal,0.298877269,381.091328,0.1,58.09
5200,Nominal,0.208672091,318.430609,0.1,58.09
5201,Nominal,0.199767709,311.562562,0.1,58.09
5202,Nominal,0.305458754,385.264427,0.1,58.09
5203,Nominal,0.218350753,325.731658,0.1,58.09
5204,Nominal,0.246999606,346.442172,0.1,58.09
5205,Nominal,0.148664340,268.773240,0.1,58.09
5206,Nominal,0.254355401,351.562953,0.1,58.09
5207,Nominal,0.147115752,267.369714,0.1,58.09
5208,Nominal,0.270228416,362.366574,0.1,58.09
5209,Nominal,0.330236167,400.585237,0.1,58.09
5210,Nominal,0.243902445,344.263278,0.1,58.09
5211,Nominal,0.317073166,392.520522,0.1,58.09
5212,Nominal,0.408826947,445.710001,0.1,58.09
5213,Nominal,0.365079373,421.188273,0.1,58.09
5214,Nominal,0.413085550,448.025388,0.1,58.09
5215,Nominal,0.220286489,327.172319,0.1,58.09
5216,Nominal,0.282229960,370.325979,0.1,58.09
5217,Nominal,0.318234622,393.238776,0.1,58.09
5218,Nominal,0.162214473,280.754950,0.1,58.09
5219,Nominal,0.157181576,276.365255,0.1,58.09
5220,Nominal,0.375532329,427.175452,0.1,58.09
5221,Nominal,0.116918311,238.354792,0.1,58.09
5222,Nominal,0.331010461,401.054582,0.1,58.09
5223,Missing_Intentional,0.008904375,65.778558,0.1,58.09
5224,Nominal,0.218350753,325.731658,0.1,58.09
5225,Nominal,0.224157959,330.034776,0.1,58.09
5226,Nominal,0.283778548,371.340574,0.1,58.09
5227,Nominal,0.191250488,304.848385,0.1,58.09
5228,Nominal,0.238095239,340.140212,0.1,58.09
5229,Nominal,0.137049943,258.060808,0.1,58.09
5230,Nominal,0.231900886,335.686462,0.1,58.09
5231,Nominal,0.165311649,283.422518,0.1,58.09
5232,Nominal,0.253193974,350.759390,0.1,58.09
5233,Nominal,0.293070078,377.370861,0.1,58.09
5234,Nominal,0.243515298,343.989944,0.1,58.09
5235,Nominal,0.317847461,392.999498,0.1,58.09
5236,Nominal,0.341850549,407.568643,0.1,58.09
5237,Nominal,0.362756491,419.846192,0.1,58.09
5238,Nominal,0.358885020,417.599806,0.1,58.09
5239,Nominal,0.286488593,373.109485,0.1,58.09
5240,Nominal,0.314363152,390.839492,0.1,58.09
5241,Nominal,0.450251639,467.746206,0.1,58.09
5242,Nominal,0.143631443,264.184531,0.1,58.09
5243,Nominal,0.178087488,294.170641,0.1,58.09
5244,Nominal,0.329849005,400.350349,0.1,58.09
5245,Nominal,0.104916766,225.790191,0.1,58.09
5246,Nominal,0.382888108,431.338836,0.1,58.09
5247,Nominal,0.237320945,339.586688,0.1,58.09
5248,Nominal,0.230739444,334.844788,0.1,58.09
5249,Nominal,0.204413474,315.164564,0.1,58.09
5250,Nominal,0.235385209,338.198913,0.1,58.09
5251,Nominal,0.226867989,332.023813,0.1,58.09
5252,Nominal,0.204413474,315.164564,0.1,58.09
5253,Nominal,0.132791325,254.019745,0.1,58.09
5254,Nominal,0.214479282,322.831048,0.1,58.09
5255,Nominal,0.132404178,253.649183,0.1,58.09
5256,Nominal,0.222996518,329.178653,0.1,58.09
5257,Nominal,0.289972901,375.371529,0.1,58.09
5258,Nominal,0.213317841,321.955770,0.1,58.09
5259,Nominal,0.310491681,388.425387,0.1,58.09
5260,Nominal,0.275261313,365.725474,0.1,58.09
5261,Nominal,0.354239255,414.888088,0.1,58.09
5262,Nominal,0.394502521,437.832014,0.1,58.09
5263,Nominal,0.229965150,334.282496,0.1,58.09
5264,Nominal,0.217576459,325.153606,0.1,58.09
5265,Nominal,0.409601241,446.131876,0.1,58.09
5266,Nominal,0.164150208,282.425133,0.1,58.09
5267,Nominal,0.174603179,291.278679,0.1,58.09
5268,Nominal,0.209446386,319.020842,0.1,58.09
5269,Nominal,0.142857149,263.471481,0.1,58.09
5270,Nominal,0.387921035,434.164478,0.1,58.09
5271,Nominal,0.250871092,349.146693,0.1,58.09
5272,Nominal,0.237708092,339.863562,0.1,58.09
5273,Nominal,0.166473091,284.416406,0.1,58.09
5274,Nominal,0.285714298,372.604941,0.1,58.09
5275,Nominal,0.188540459,302.680820,0.1,58.09
5276,Nominal,0.202864885,313.968489,0.1,58.09
5277,Nominal,0.111885406,233.168213,0.1,58.09
5278,Nominal,0.205187768,315.760903,0.1,58.09
5279,Nominal,0.124274097,245.738346,0.1,58.09
5280,Nominal,0.157181576,276.365255,0.1,58.09
5281,Nominal,0.255516827,352.364685,0.1,58.09
5282,Nominal,0.155632988,275.000479,0.1,58.09
5283,Nominal,0.249322489,348.067400,0.1,58.09
5284,Nominal,0.106852494,227.863600,0.1,58.09
5285,Nominal,0.463414639,474.534177,0.1,58.09
5286,Nominal,0.346883476,410.557914,0.1,58.09
5287,Nominal,0.181571811,297.034460,0.1,58.09
5288,Nominal,0.194734812,307.612812,0.1,58.09
5289,Nominal,0.436314374,460.449900,0.1,58.09
5290,Nominal,0.225706547,331.172832,0.1,58.09
5291,Nominal,0.137824237,258.788767,0.1,58.09
5292,Nominal,0.167247385,285.077072,0.1,58.09
5293,Nominal,0.143244296,263.828247,0.1,58.09
5294,Nominal,0.349206358,411.930258,0.1,58.09
5295,Nominal,0.278745651,368.032925,0.1,58.09
5296,Nominal,0.223383665,329.464274,0.1,58.09
5297,Nominal,0.173828885,290.632110,0.1,58.09
5298,Nominal,0.309717387,387.940763,0.1,58.09
5299,Nominal,0.181958959,297.350959,0.1,58.09
5300,Nominal,0.190476194,304.230657,0.1,58.09
5301,Nominal,0.074332170,190.051381,0.1,58.09
5302,Nominal,0.164537355,282.757985,0.1,58.09
5303,Nominal,0.082462251,200.175175,0.1,58.09
5304,Nominal,0.145180017,265.604876,0.1,58.09
5305,Nominal,0.263259768,357.663704,0.1,58.09
5306,Nominal,0.131629884,252.906431,0.1,58.09
5307,Nominal,0.231126592,335.125581,0.1,58.09
5308,Nominal,0.126984134,248.403296,0.1,58.09
5309,Nominal,0.448703051,466.941134,0.1,58.09
5310,Nominal,0.464576066,475.128452,0.1,58.09
5311,Nominal,0.102981031,223.697556,0.1,58.09
5312,Nominal,0.110723965,231.954839,0.1,58.09
5313,Nominal,0.360433608,418.499807,0.1,58.09
5314,Nominal,0.240805268,342.070494,0.1,58.09
5315,Nominal,0.108788230,229.918320,0.1,58.09
5316,Nominal,0.094850950,214.685872,0.1,58.09
5317,Nominal,0.085559428,203.899687,0.1,58.09
5318,Nominal,0.398761123,440.188840,0.1,58.09
5319,Nominal,0.203252032,314.267934,0.1,58.09
5320,Nominal,0.249709636,348.337534,0.1,58.09
5321,Nominal,0.070460707,185.035953,0.1,58.09
5322,Nominal,0.197444826,309.745854,0.1,58.09
5323,Nominal,0.082075104,199.704727,0.1,58.09
5324,Nominal,0.194347665,307.306882,0.1,58.09
5325,Missing_Unintentional,0.021680217,102.639479,0.1,58.09
5326,Nominal,0.195896238,308.528772,0.1,58.09
5327,Nominal,0.046070460,149.621463,0.1,58.09
5328,Nominal,0.057297714,166.859628,0.1,58.09
5329,Nominal,0.143244296,263.828247,0.1,58.09
5330,Nominal,0.044909019,147.723438,0.1,58.09
5331,Nominal,0.122338369,243.816991,0.1,58.09
5332,Missing_Unintentional,0.007355788,59.785686,0.1,58.09
5333,Nominal,0.102206737,222.855001,0.1,58.09
5334,Nominal,0.052264810,159.362931,0.1,58.09
5335,Missing_Unintentional,0.011614402,75.124405,0.1,58.09
5336,Nominal,0.082462251,200.175175,0.1,58.09
5337,Nominal,0.347657770,411.015871,0.1,58.09
5338,Nominal,0.439411551,462.081261,0.1,58.09
5339,Missing_Unintentional,0.024003098,107.998138,0.1,58.09
5340,Nominal,0.098335266,218.593514,0.1,58.09
5341,Nominal,0.366240799,421.857704,0.1,58.09
5342,Nominal,0.232288033,335.966551,0.1,58.09
5343,Nominal,0.065814942,178.831852,0.1,58.09
5344,Missing_Unintentional,0.036778938,133.684857,0.1,58.09
5345,Nominal,0.038327526,136.470260,0.1,58.09
5346,Nominal,0.307781637,386.726538,0.1,58.09
5347,Nominal,0.181184664,296.717622,0.1,58.09
5348,Nominal,0.265195519,358.976247,0.1,58.09
5349,Nominal,0.052264810,159.362931,0.1,58.09
5350,Nominal,0.184281841,299.242927,0.1,58.09
5351,Nominal,0.077429347,193.970382,0.1,58.09
5352,Nominal,0.180410370,296.082931,0.1,58.09
5353,Nominal,0.152922958,272.595679,0.1,58.09
5354,Nominal,0.162988767,281.424213,0.1,58.09
5355,Nominal,0.193960518,307.000646,0.1,58.09
5356,Nominal,0.108013935,229.098643,0.1,58.09
5357,Nominal,0.230739444,334.844788,0.1,58.09
5358,Nominal,0.128145561,249.536687,0.1,58.09
5359,Nominal,0.260936886,356.082278,0.1,58.09
5360,Nominal,0.402632594,442.320520,0.1,58.09
5361,Nominal,0.260936886,356.082278,0.1,58.09
5362,Nominal,0.219899341,326.884695,0.1,58.09
5363,Nominal,0.411924124,447.395113,0.1,58.09
5364,Nominal,0.389856756,435.246367,0.1,58.09
5365,Nominal,0.176151767,292.567530,0.1,58.09
5366,Nominal,0.146728605,267.017679,0.1,58.09
5367,Nominal,0.217576459,325.153606,0.1,58.09
5368,Nominal,0.382113814,430.902478,0.1,58.09
5369,Nominal,0.225706547,331.172832,0.1,58.09
5370,Nominal,0.231900886,335.686462,0.1,58.09
5371,Nominal,0.332946181,402.225538,0.1,58.09
5372,Nominal,0.161440179,280.084089,0.1,58.09
5373,Nominal,0.207123503,317.246847,0.1,58.09
5374,Nominal,0.356949270,416.472060,0.1,58.09
5375,Nominal,0.225706547,331.172832,0.1,58.09
5376,Nominal,0.228029430,332.872619,0.1,58.09
5377,Nominal,0.166085944,284.085496,0.1,58.09
5378,Nominal,0.225706547,331.172832,0.1,58.09
5379,Nominal,0.148664340,268.773240,0.1,58.09
5380,Nominal,0.170344561,287.704569,0.1,58.09
5381,Nominal,0.276035607,366.239495,0.1,58.09
5382,Nominal,0.180410370,296.082931,0.1,58.09
5383,Nominal,0.275261313,365.725474,0.1,58.09
5384,Nominal,0.522648096,503.949837,0.1,58.09
5385,Nominal,0.329461873,400.115342,0.1,58.09
5386,Nominal,0.159117311,278.061805,0.1,58.09
5387,Nominal,0.388308167,434.381064,0.1,58.09
5388,Nominal,0.461866051,473.740641,0.1,58.09
5389,Nominal,0.336430520,404.324740,0.1,58.09
5390,Nominal,0.195509091,308.223751,0.1,58.09
5391,Nominal,0.193186224,306.387257,0.1,58.09
5392,Nominal,0.317460328,392.760092,0.1,58.09
5393,Nominal,0.181958959,297.350959,0.1,58.09
5394,Nominal,0.299264431,381.338078,0.1,58.09
5395,Nominal,0.317073166,392.520522,0.1,58.09
5396,Nominal,0.210607827,319.904151,0.1,58.09
5397,Nominal,0.232288033,335.966551,0.1,58.09
5398,Nominal,0.341850549,407.568643,0.1,58.09
5399,Nominal,0.244676739,344.809295,0.1,58.09
5400,Nominal,0.218350753,325.731658,0.1,58.09
5401,Nominal,0.163763061,282.091887,0.1,58.09
5402,Nominal,0.221060783,327.746811,0.1,58.09
5403,Nominal,0.157181576,276.365255,0.1,58.09
5404,Nominal,0.206349209,316.653306,0.1,58.09
5405,Nominal,0.309717387,387.940763,0.1,58.09
5406,Nominal,0.227642283,332.589925,0.1,58.09
5407,Nominal,0.318621755,393.477891,0.1,58.09
5408,Nominal,0.368950844,423.415621,0.1,58.09
5409,Nominal,0.279519945,368.543727,0.1,58.09
5410,Nominal,0.330623299,400.819969,0.1,58.09
5411,Nominal,0.349593490,412.158529,0.1,58.09
5412,Nominal,0.221060783,327.746811,0.1,58.09
5413,Nominal,0.271002710,362.885353,0.1,58.09
5414,Nominal,0.197444826,309.745854,0.1,58.09
5415,Nominal,0.144792870,265.250499,0.1,58.09
5416,Nominal,0.399148285,440.402481,0.1,58.09
5417,Nominal,0.162601620,281.089781,0.1,58.09
5418,Nominal,0.346883476,410.557914,0.1,58.09
5419,Nominal,0.322106063,395.623493,0.1,58.09
5420,Nominal,0.205187768,315.760903,0.1,58.09
5421,Nominal,0.199380562,311.260514,0.1,58.09
5422,Nominal,0.351529241,413.298045,0.1,58.09
5423,Nominal,0.238095239,340.140212,0.1,58.09
5424,Nominal,0.236546651,339.032259,0.1,58.09
5425,Nominal,0.201703444,313.068433,0.1,58.09
5426,Nominal,0.233836621,337.084580,0.1,58.09
5427,Nominal,0.174990326,291.601426,0.1,58.09
5428,Nominal,0.221447930,328.033679,0.1,58.09
5429,Nominal,0.295005798,378.615072,0.1,58.09
5430,Nominal,0.204413474,315.164564,0.1,58.09
5431,Nominal,0.317073166,392.520522,0.1,58.09
5432,Nominal,0.397986829,439.761264,0.1,58.09
5433,Nominal,0.337979108,405.254224,0.1,58.09
5434,Nominal,0.344173431,408.951018,0.1,58.09
5435,Nominal,0.289585739,375.120854,0.1,58.09
5436,Nominal,0.444057286,464.517545,0.1,58.09
5437,Nominal,0.360820740,418.724497,0.1,58.09
5438,Nominal,0.175764620,292.245850,0.1,58.09
5439,Nominal,0.116918311,238.354792,0.1,58.09
5440,Nominal,0.342237711,407.799373,0.1,58.09
5441,Nominal,0.121951222,243.430898,0.1,58.09
5442,Nominal,0.344947726,409.410772,0.1,58.09
5443,Nominal,0.325203240,397.520980,0.1,58.09
5444,Nominal,0.135114208,256.231862,0.1,58.09
5445,Nominal,0.202477738,313.668757,0.1,58.09
5446,Nominal,0.334494770,403.159862,0.1,58.09
5447,Nominal,0.229578003,334.000994,0.1,58.09
5448,Nominal,0.250096798,348.607469,0.1,58.09
5449,Nominal,0.150987223,270.864894,0.1,58.09
5450,Nominal,0.242353857,343.168637,0.1,58.09
5451,Nominal,0.192799076,306.080102,0.1,58.09
5452,Nominal,0.240030974,341.520098,0.1,58.09
5453,Nominal,0.277971357,367.521412,0.1,58.09
5454,Nominal,0.200154856,311.864318,0.1,58.09
5455,Nominal,0.307394505,386.483246,0.1,58.09
5456,Nominal,0.259775460,355.288936,0.1,58.09
5457,Nominal,0.378242344,428.714029,0.1,58.09
5458,Nominal,0.403794050,442.958031,0.1,58.09
5459,Nominal,0.193960518,307.000646,0.1,58.09
5460,Nominal,0.346883476,410.557914,0.1,58.09
5461,Nominal,0.389082462,434.813931,0.1,58.09
5462,Nominal,0.157955870,277.045122,0.1,58.09
5463,Nominal,0.109562524,230.735084,0.1,58.09
5464,Nominal,0.321331799,395.147715,0.1,58.09
5465,Nominal,0.095238097,215.123560,0.1,58.09
5466,Nominal,0.405342638,443.806611,0.1,58.09
5467,Nominal,0.268679827,361.326782,0.1,58.09
5468,Nominal,0.137437090,258.425044,0.1,58.09
5469,Nominal,0.218350753,325.731658,0.1,58.09
5470,Nominal,0.283778548,371.340574,0.1,58.09
5471,Nominal,0.209446386,319.020842,0.1,58.09
5472,Nominal,0.229190856,333.719256,0.1,58.09
5473,Nominal,0.133952767,255.128201,0.1,58.09
5474,Nominal,0.227255136,332.306989,0.1,58.09
5475,Nominal,0.170731708,288.031321,0.1,58.09
5476,Nominal,0.161053032,279.748054,0.1,58.09
5477,Nominal,0.298490137,380.844436,0.1,58.09
5478,Nominal,0.216802165,324.574525,0.1,58.09
5479,Nominal,0.294231504,378.117875,0.1,58.09
5480,Nominal,0.262098342,356.873877,0.1,58.09
5481,Nominal,0.375532329,427.175452,0.1,58.09
5482,Nominal,0.418505609,450.955060,0.1,58.09
5483,Nominal,0.209833533,319.315550,0.1,58.09
5484,Nominal,0.279907078,368.798854,0.1,58.09
5485,Nominal,0.420441359,451.996777,0.1,58.09
5486,Nominal,0.158343017,277.384430,0.1,58.09
5487,Nominal,0.098722413,219.023394,0.1,58.09
5488,Nominal,0.271389842,363.144455,0.1,58.09
5489,Nominal,0.092915215,212.483905,0.1,58.09
5490,Nominal,0.386759579,433.514035,0.1,58.09
5491,Nominal,0.314363152,390.839492,0.1,58.09
5492,Nominal,0.137824237,258.788767,0.1,58.09
5493,Nominal,0.210220680,319.609986,0.1,58.09
5494,Nominal,0.329074711,399.880178,0.1,58.09
5495,Nominal,0.189701900,303.611671,0.1,58.09
5496,Nominal,0.207510650,317.543201,0.1,58.09
5497,Nominal,0.106465347,227.450429,0.1,58.09
5498,Nominal,0.209833533,319.315550,0.1,58.09
5499,Nominal,0.144405723,264.895649,0.1,58.09
5500,Nominal,0.142470002,263.114231,0.1,58.09
5501,Nominal,0.264421225,358.451811,0.1,58.09
5502,Nominal,0.152148664,271.904687,0.1,58.09
5503,Nominal,0.245063886,345.081979,0.1,58.09
5504,Nominal,0.183894694,298.928430,0.1,58.09
5505,Nominal,0.403406888,442.745624,0.1,58.09
5506,Nominal,0.425474256,454.694045,0.1,58.09
5507,Nominal,0.146728605,267.017679,0.1,58.09
5508,Nominal,0.154471546,273.972435,0.1,58.09
5509,Nominal,0.388695329,434.597560,0.1,58.09
5510,Nominal,0.134727061,255.864504,0.1,58.09
5511,Nominal,0.082462251,200.175175,0.1,58.09
5512,Nominal,0.189314753,303.301705,0.1,58.09
5513,Nominal,0.083623692,201.579931,0.1,58.09
5514,Nominal,0.384436697,432.210229,0.1,58.09
5515,Nominal,0.240030974,341.520098,0.1,58.09
5516,Nominal,0.134339914,255.496618,0.1,58.09
5517,Nominal,0.127758414,249.159458,0.1,58.09
5518,Nominal,0.267905533,360.805762,0.1,58.09
5519,Nominal,0.124274097,245.738346,0.1,58.09
5520,Nominal,0.216802165,324.574525,0.1,58.09
5521,Nominal,0.060007744,170.760049,0.1,58.09
5522,Nominal,0.185056135,299.870930,0.1,58.09
5523,Nominal,0.104142472,224.955473,0.1,58.09
5524,Nominal,0.099883854,220.308001,0.1,58.09
5525,Nominal,0.293457210,377.620023,0.1,58.09
5526,Nominal,0.151761517,271.558532,0.1,58.09
5527,Nominal,0.280294240,369.053823,0.1,58.09
5528,Nominal,0.144792870,265.250499,0.1,58.09
5529,Nominal,0.313588858,390.357865,0.1,58.09
5530,Nominal,0.400309712,441.042748,0.1,58.09
5531,Nominal,0.050716221,156.984244,0.1,58.09
5532,Nominal,0.088269457,207.103697,0.1,58.09
5533,Nominal,0.399922580,440.829435,0.1,58.09
5534,Nominal,0.142857149,263.471481,0.1,58.09
5535,Nominal,0.094850950,214.685872,0.1,58.09
5536,Nominal,0.106465347,227.450429,0.1,58.09
5537,Nominal,0.049167633,154.568956,0.1,58.09
5538,Nominal,0.413472712,448.235293,0.1,58.09
5539,Nominal,0.253193974,350.759390,0.1,58.09
5540,Nominal,0.273325592,364.437259,0.1,58.09
5541,Nominal,0.109562524,230.735084,0.1,58.09
5542,Nominal,0.249709636,348.337534,0.1,58.09
5543,Nominal,0.100271001,220.734541,0.1,58.09
5544,Nominal,0.192024782,305.464864,0.1,58.09
5545,Missing_Unintentional,0.027874565,116.382229,0.1,58.09
5546,Nominal,0.213704988,322.247794,0.1,58.09
5547,Nominal,0.048780486,153.959214,0.1,58.09
5548,Nominal,0.048393343,153.347053,0.1,58.09
5549,Nominal,0.186217576,300.810476,0.1,58.09
5550,Nominal,0.059233449,169.654793,0.1,58.09
5551,Nominal,0.154471546,273.972435,0.1,58.09
5552,Missing_Unintentional,0.012001549,76.366216,0.1,58.09
5553,Nominal,0.132017031,253.278079,0.1,58.09
5554,Nominal,0.102981031,223.697556,0.1,58.09
5555,Missing_Unintentional,0.022067364,103.551848,0.1,58.09
5556,Missing_Unintentional,0.015873017,87.823827,0.1,58.09
5557,Nominal,0.316298872,392.040960,0.1,58.09
5558,Nominal,0.346883476,410.557914,0.1,58.09
5559,Missing_Unintentional,0.027100271,114.754424,0.1,58.09
5560,Nominal,0.095238097,215.123560,0.1,58.09
5561,Nominal,0.388308167,434.381064,0.1,58.09
5562,Nominal,0.156407282,275.683711,0.1,58.09
5563,Nominal,0.054587688,162.865829,0.1,58.09
5564,Missing_Unintentional,0.012775842,78.791141,0.1,58.09
5565,Nominal,0.026713124,113.931800,0.1,58.09
5566,Nominal,0.372435153,425.410255,0.1,58.09
5567,Nominal,0.171506003,288.683715,0.1,58.09
5568,Nominal,0.252032518,349.953960,0.1,58.09
5569,Nominal,0.055749130,164.589326,0.1,58.09
5570,Nominal,0.141695708,262.398272,0.1,58.09
5571,Missing_Unintentional,0.041424699,141.877100,0.1,58.09
5572,Nominal,0.136275649,257.330789,0.1,58.09
5573,Nominal,0.192411929,305.772638,0.1,58.09
5574,Nominal,0.152922958,272.595679,0.1,58.09
5575,Nominal,0.192411929,305.772638,0.1,58.09
5576,Nominal,0.121951222,243.430898,0.1,58.09
5577,Nominal,0.226480842,331.740395,0.1,58.09
5578,Nominal,0.118854046,240.319830,0.1,58.09
5579,Nominal,0.246225312,345.898733,0.1,58.09
5580,Nominal,0.363530785,420.294028,0.1,58.09
5581,Nominal,0.228803724,333.437290,0.1,58.09
5582,Nominal,0.190863341,304.539678,0.1,58.09
5583,Nominal,0.294618666,378.366565,0.1,58.09
5584,Nominal,0.372435153,425.410255,0.1,58.09
5585,Nominal,0.204800621,315.462875,0.1,58.09
5586,Nominal,0.147115752,267.369714,0.1,58.09
5587,Nominal,0.222609371,328.892783,0.1,58.09
5588,Nominal,0.411924124,447.395113,0.1,58.09
5589,Nominal,0.212156400,321.078105,0.1,58.09
5590,Nominal,0.253581107,351.027442,0.1,58.09
5591,Nominal,0.322106063,395.623493,0.1,58.09
5592,Nominal,0.174216032,290.955574,0.1,58.09
5593,Nominal,0.222222224,328.606665,0.1,58.09
5594,Nominal,0.329074711,399.880178,0.1,58.09
5595,Nominal,0.206736356,316.950215,0.1,58.09
5596,Nominal,0.172667444,289.659550,0.1,58.09
5597,Nominal,0.116918311,238.354792,0.1,58.09
5598,Nominal,0.152535811,272.250402,0.1,58.09
5599,Nominal,0.119628340,241.101360,0.1,58.09
5600,Nominal,0.190476194,304.230657,0.1,58.09
5601,Nominal,0.301587313,382.815185,0.1,58.09
5602,Nominal,0.183507547,298.613603,0.1,58.09
5603,Nominal,0.269841284,362.106916,0.1,58.09
5604,Nominal,0.377855211,428.494578,0.1,58.09
5605,Nominal,0.338366240,405.486253,0.1,58.09
5606,Nominal,0.253968269,351.295310,0.1,58.09
5607,Nominal,0.425861388,454.900857,0.1,58.09
5608,Nominal,0.495934963,490.902209,0.1,58.09
5609,Nominal,0.329849005,400.350349,0.1,58.09
5610,Nominal,0.180797517,296.400447,0.1,58.09
5611,Nominal,0.190863341,304.539678,0.1,58.09
5612,Nominal,0.387146741,433.730963,0.1,58.09
5613,Nominal,0.190476194,304.230657,0.1,58.09
5614,Nominal,0.291521490,376.372523,0.1,58.09
5615,Nominal,0.334494770,403.159862,0.1,58.09
5616,Nominal,0.207897797,317.839279,0.1,58.09
5617,Nominal,0.256678283,353.164617,0.1,58.09
5618,Nominal,0.325590402,397.757539,0.1,58.09
5619,Nominal,0.234610915,337.642206,0.1,58.09
5620,Nominal,0.150987223,270.864894,0.1,58.09
5621,Missing_Intentional,0.006968641,58.191114,0.1,58.09
5622,Nominal,0.119241193,240.710912,0.1,58.09
5623,Nominal,0.128145561,249.536687,0.1,58.09
5624,Nominal,0.201316297,312.767839,0.1,58.09
5625,Nominal,0.291521490,376.372523,0.1,58.09
5626,Nominal,0.198993415,310.958172,0.1,58.09
5627,Nominal,0.277197063,367.009186,0.1,58.09
5628,Nominal,0.450638801,467.947266,0.1,58.09
5629,Nominal,0.303910196,384.286615,0.1,58.09
5630,Nominal,0.337591946,405.022044,0.1,58.09
5631,Nominal,0.343786299,408.720956,0.1,58.09
5632,Nominal,0.368176550,422.971090,0.1,58.09
5633,Nominal,0.352690667,413.980234,0.1,58.09
5634,Nominal,0.204800621,315.462875,0.1,58.09
5635,Nominal,0.169957414,287.377446,0.1,58.09
5636,Nominal,0.384823859,432.427811,0.1,58.09
5637,Nominal,0.166473091,284.416406,0.1,58.09
5638,Nominal,0.333720475,402.692971,0.1,58.09
5639,Nominal,0.346496314,410.328736,0.1,58.09
5640,Nominal,0.207510650,317.543201,0.1,58.09
5641,Nominal,0.239643827,341.244567,0.1,58.09
5642,Nominal,0.369725138,423.859686,0.1,58.09
5643,Nominal,0.180410370,296.082931,0.1,58.09
5644,Nominal,0.222609371,328.892783,0.1,58.09
5645,Nominal,0.186217576,300.810476,0.1,58.09
5646,Nominal,0.125435546,246.883994,0.1,58.09
5647,Nominal,0.111498259,232.764458,0.1,58.09
5648,Nominal,0.180797517,296.400447,0.1,58.09
5649,Nominal,0.339527667,406.181563,0.1,58.09
5650,Nominal,0.185056135,299.870930,0.1,58.09
5651,Nominal,0.309330225,387.698215,0.1,58.09
5652,Nominal,0.374370873,426.514351,0.1,58.09
5653,Nominal,0.392566770,436.756513,0.1,58.09
5654,Nominal,0.377855211,428.494578,0.1,58.09
5655,Nominal,0.302748740,383.551596,0.1,58.09
5656,Nominal,0.365079373,421.188273,0.1,58.09
5657,Nominal,0.344560593,409.180968,0.1,58.09
5658,Nominal,0.175377473,291.923816,0.1,58.09
5659,Nominal,0.159891605,278.737534,0.1,58.09
5660,Nominal,0.356949270,416.472060,0.1,58.09
5661,Nominal,0.144018590,264.540336,0.1,58.09
5662,Nominal,0.210220680,319.609986,0.1,58.09
5663,Nominal,0.316298872,392.040960,0.1,58.09
5664,Nominal,0.190476194,304.230657,0.1,58.09
5665,Nominal,0.229965150,334.282496,0.1,58.09
5666,Nominal,0.332946181,402.225538,0.1,58.09
5667,Nominal,0.195896238,308.528772,0.1,58.09
5668,Nominal,0.246612459,346.170559,0.1,58.09
5669,Nominal,0.183507547,298.613603,0.1,58.09
5670,Nominal,0.243515298,343.989944,0.1,58.09
5671,Nominal,0.159504458,278.399875,0.1,58.09
5672,Nominal,0.182346106,297.667122,0.1,58.09
5673,Nominal,0.367402256,422.526091,0.1,58.09
5674,Nominal,0.188540459,302.680820,0.1,58.09
5675,Nominal,0.311265975,388.909407,0.1,58.09
5676,Nominal,0.315911740,391.800969,0.1,58.09
5677,Nominal,0.447541624,466.336425,0.1,58.09
5678,Nominal,0.428184271,456.139810,0.1,58.09
5679,Nominal,0.245838165,345.626693,0.1,58.09
5680,Nominal,0.322106063,395.623493,0.1,58.09
5681,Nominal,0.370886564,424.524904,0.1,58.09
5682,Nominal,0.185830429,300.497621,0.1,58.09
5683,Nominal,0.128532708,249.913347,0.1,58.09
5684,Nominal,0.255516827,352.364685,0.1,58.09
5685,Nominal,0.110336818,231.548968,0.1,58.09
5686,Nominal,0.329849005,400.350349,0.1,58.09
5687,Nominal,0.271389842,363.144455,0.1,58.09
5688,Nominal,0.157568723,276.705397,0.1,58.09
5689,Nominal,0.214479282,322.831048,0.1,58.09
5690,Nominal,0.270228416,362.366574,0.1,58.09
5691,Nominal,0.181958959,297.350959,0.1,58.09
5692,Nominal,0.236933798,339.309587,0.1,58.09
5693,Nominal,0.177313209,293.530454,0.1,58.09
5694,Nominal,0.240030974,341.520098,0.1,58.09
5695,Nominal,0.168408826,286.065212,0.1,58.09
5696,Nominal,0.203252032,314.267934,0.1,58.09
5697,Nominal,0.329074711,399.880178,0.1,58.09
5698,Nominal,0.212930694,321.663481,0.1,58.09
5699,Nominal,0.293844372,377.869041,0.1,58.09
5700,Nominal,0.212156400,321.078105,0.1,58.09
5701,Nominal,0.372822315,425.631314,0.1,58.09
5702,Nominal,0.367402256,422.526091,0.1,58.09
5703,Nominal,0.205574915,316.058651,0.1,58.09
5704,Nominal,0.245838165,345.626693,0.1,58.09
5705,Nominal,0.388308167,434.381064,0.1,58.09
5706,Nominal,0.152922958,272.595679,0.1,58.09
5707,Nominal,0.113821141,235.176591,0.1,58.09
5708,Nominal,0.236159503,338.754705,0.1,58.09
5709,Nominal,0.109175377,230.327064,0.1,58.09
5710,Nominal,0.409988374,446.342656,0.1,58.09
5711,Nominal,0.287262887,373.613347,0.1,58.09
5712,Nominal,0.145567164,265.958780,0.1,58.09
5713,Nominal,0.183894694,298.928430,0.1,58.09
5714,Nominal,0.279132783,368.288405,0.1,58.09
5715,Nominal,0.142082855,262.756495,0.1,58.09
5716,Nominal,0.219125047,326.308686,0.1,58.09
5717,Nominal,0.145567164,265.958780,0.1,58.09
5718,Nominal,0.216802165,324.574525,0.1,58.09
5719,Nominal,0.161053032,279.748054,0.1,58.09
5720,Nominal,0.180023223,295.765075,0.1,58.09
5721,Nominal,0.328687578,399.644894,0.1,58.09
5722,Nominal,0.188540459,302.680820,0.1,58.09
5723,Nominal,0.313588858,390.357865,0.1,58.09
5724,Nominal,0.189701900,303.611671,0.1,58.09
5725,Nominal,0.472319007,479.071498,0.1,58.09
5726,Nominal,0.286101431,372.857289,0.1,58.09
5727,Nominal,0.197057679,309.442032,0.1,58.09
5728,Nominal,0.207123503,317.246847,0.1,58.09
5729,Nominal,0.436701506,460.654128,0.1,58.09
5730,Nominal,0.137824237,258.788767,0.1,58.09
5731,Nominal,0.092140920,211.596703,0.1,58.09
5732,Nominal,0.175377473,291.923816,0.1,58.09
5733,Nominal,0.094463803,214.247289,0.1,58.09
5734,Nominal,0.427409977,455.727200,0.1,58.09
5735,Nominal,0.274099886,364.953094,0.1,58.09
5736,Nominal,0.138211384,259.151980,0.1,58.09
5737,Nominal,0.132791325,254.019745,0.1,58.09
5738,Nominal,0.271002710,362.885353,0.1,58.09
5739,Nominal,0.128145561,249.536687,0.1,58.09
5740,Nominal,0.211769268,320.785028,0.1,58.09
5741,Nominal,0.106078200,227.036505,0.1,58.09
5742,Nominal,0.192799076,306.080102,0.1,58.09
5743,Nominal,0.108401082,229.508847,0.1,58.09
5744,Nominal,0.155245841,274.658225,0.1,58.09
5745,Nominal,0.234998062,337.920674,0.1,58.09
5746,Nominal,0.112272553,233.571270,0.1,58.09
5747,Nominal,0.304297328,384.531296,0.1,58.09
5748,Nominal,0.122725517,244.202473,0.1,58.09
5749,Nominal,0.429345727,456.758034,0.1,58.09
5750,Nominal,0.388308167,434.381064,0.1,58.09
5751,Nominal,0.091366626,210.705764,0.1,58.09
5752,Nominal,0.117692605,239.142745,0.1,58.09
5753,Nominal,0.457994580,471.750959,0.1,58.09
5754,Nominal,0.133178473,254.389767,0.1,58.09
5755,Nominal,0.080139376,197.335673,0.1,58.09
5756,Nominal,0.106852494,227.863600,0.1,58.09
5757,Nominal,0.068524972,182.476547,0.1,58.09
5758,Nominal,0.403406888,442.745624,0.1,58.09
5759,Nominal,0.271777004,363.403391,0.1,58.09
5760,Nominal,0.147890046,268.072395,0.1,58.09
5761,Nominal,0.114208288,235.576212,0.1,58.09
5762,Nominal,0.283391416,371.087195,0.1,58.09
5763,Nominal,0.111885406,233.168213,0.1,58.09
5764,Nominal,0.185830429,300.497621,0.1,58.09
5765,Nominal,0.043747582,145.800713,0.1,58.09
5766,Nominal,0.198606268,310.655536,0.1,58.09
5767,Nominal,0.060782038,171.858197,0.1,58.09
5768,Nominal,0.073170729,188.560757,0.1,58.09
5769,Nominal,0.218350753,325.731658,0.1,58.09
5770,Nominal,0.094076656,213.807806,0.1,58.09
5771,Nominal,0.188153312,302.369900,0.1,58.09
5772,Missing_Unintentional,0.014711576,84.549728,0.1,58.09
5773,Nominal,0.045296166,148.358811,0.1,58.09
5774,Nominal,0.123112656,244.587340,0.1,58.09
5775,Missing_Unintentional,0.002322880,33.596655,0.1,58.09
5776,Nominal,0.058459155,168.542290,0.1,58.09
5777,Nominal,0.333333343,402.459332,0.1,58.09
5778,Nominal,0.403794050,442.958031,0.1,58.09
5779,Missing_Unintentional,0.021680217,102.639479,0.1,58.09
5780,Nominal,0.045296166,148.358811,0.1,58.09
5781,Nominal,0.411536962,447.184813,0.1,58.09
5782,Nominal,0.125822693,247.264695,0.1,58.09
5783,Nominal,0.044134729,146.444428,0.1,58.09
5784,Missing_Unintentional,0.008130081,62.853586,0.1,58.09
5785,Missing_Unintentional,0.037940379,135.779266,0.1,58.09
5786,Nominal,0.381339520,430.465679,0.1,58.09
5787,Nominal,0.184281841,299.242927,0.1,58.09
5788,Nominal,0.147502899,267.721285,0.1,58.09
5789,Missing_Unintentional,0.038327526,136.470260,0.1,58.09
5790,Nominal,0.164924502,283.090447,0.1,58.09
5791,Missing_Unintentional,0.036778938,133.684857,0.1,58.09
5792,Nominal,0.159117311,278.061805,0.1,58.09
5793,Nominal,0.164924502,283.090447,0.1,58.09
5794,Nominal,0.186991870,301.435214,0.1,58.09
5795,Nominal,0.121176928,242.656870,0.1,58.09
5796,Nominal,0.103368178,224.117646,0.1,58.09
5797,Nominal,0.092528068,212.040768,0.1,58.09
5798,Nominal,0.036778938,133.684857,0.1,58.09
5799,Nominal,0.223770812,329.749649,0.1,58.09
5800,Nominal,0.416957021,450.119956,0.1,58.09
5801,Nominal,0.177313209,293.530454,0.1,58.09
5802,Nominal,0.223770812,329.749649,0.1,58.09
5803,Nominal,0.474641889,480.248099,0.1,58.09
5804,Missing_Unintentional,0.000000000,0.000000,0.1,58.09
5805,Missing_Unintentional,0.000000000,0.000000,0.1,58.09
5806,Missing_Unintentional,0.000000000,0.000000,0.1,58.09
5807,Missing_Unintentional,0.000000000,0.000000,0.1,58.09
5808,Nominal,0.413859844,448.445084,0.1,58.09
5809,Nominal,0.193573371,306.694105,0.1,58.09
5810,Nominal,0.190863341,304.539678,0.1,58.09
5811,Nominal,0.208284944,318.135081,0.1,58.09
5812,Nominal,0.407278359,444.865052,0.1,58.09
5813,Nominal,0.172667444,289.659550,0.1,58.09
5814,Nominal,0.233062327,336.526030,0.1,58.09
5815,Nominal,0.305071622,385.020211,0.1,58.09
5816,Nominal,0.195509091,308.223751,0.1,58.09
5817,Nominal,0.223383665,329.464274,0.1,58.09
5818,Nominal,0.245451033,345.354449,0.1,58.09
5819,Nominal,0.235385209,338.198913,0.1,58.09
5820,Nominal,0.165698797,283.754201,0.1,58.09
5821,Nominal,0.153310105,272.940519,0.1,58.09
5822,Nominal,0.159117311,278.061805,0.1,58.09
5823,Missing_Intentional,0.000000000,0.000000,0.1,58.09
5824,Nominal,0.204800621,315.462875,0.1,58.09
5825,Nominal,0.209833533,319.315550,0.1,58.09
5826,Nominal,0.201316297,312.767839,0.1,58.09
5827,Nominal,0.293457210,377.620023,0.1,58.09
5828,Nominal,0.432442904,458.402534,0.1,58.09
5829,Nominal,0.291521490,376.372523,0.1,58.09
5830,Nominal,0.245063886,345.081979,0.1,58.09
5831,Nominal,0.419279903,451.372032,0.1,58.09
5832,Missing_Unintentional,0.000000000,0.000000,0.1,58.09
5833,Missing_Unintentional,0.000000000,0.000000,0.1,58.09
5834,Missing_Unintentional,0.000000000,0.000000,0.1,58.09
5835,Missing_Unintentional,0.000000000,0.000000,0.1,58.09
5836,Nominal,0.426635683,455.314216,0.1,58.09
5837,Nominal,0.246999606,346.442172,0.1,58.09
5838,Nominal,0.205574915,316.058651,0.1,58.09
5839,Nominal,0.201316297,312.767839,0.1,58.09
5840,Nominal,0.348044902,411.244650,0.1,58.09
5841,Nominal,0.185056135,299.870930,0.1,58.09
5842,Nominal,0.257839710,353.962720,0.1,58.09
5843,Nominal,0.328300416,399.409453,0.1,58.09
5844,Nominal,0.210607827,319.904151,0.1,58.09
5845,Nominal,0.224932253,330.604294,0.1,58.09
5846,Nominal,0.277197063,367.009186,0.1,58.09
5847,Nominal,0.233062327,336.526030,0.1,58.09
5848,Nominal,0.137049943,258.060808,0.1,58.09
5849,Nominal,0.100658149,221.160260,0.1,58.09
5850,Nominal,0.159891605,278.737534,0.1,58.09
5851,Nominal,0.132404178,253.649183,0.1,58.09
5852,Nominal,0.217576459,325.153606,0.1,58.09
5853,Nominal,0.241966709,342.894431,0.1,58.09
5854,Nominal,0.200929150,312.466956,0.1,58.09
5855,Nominal,0.289972901,375.371529,0.1,58.09
5856,Nominal,0.443282992,464.112384,0.1,58.09
5857,Nominal,0.225706547,331.172832,0.1,58.09
5858,Nominal,0.203639179,314.567095,0.1,58.09
5859,Nominal,0.355400711,415.567685,0.1,58.09
5860,Missing_Unintentional,0.000000000,0.000000,0.1,58.09
5861,Missing_Unintentional,0.000000000,0.000000,0.1,58.09
5862,Missing_Unintentional,0.000000000,0.000000,0.1,58.09
5863,Missing_Unintentional,0.000000000,0.000000,0.1,58.09
5864,Nominal,0.285714298,372.604941,0.1,58.09
5865,Nominal,0.251645386,349.685085,0.1,58.09
5866,Nominal,0.207123503,317.246847,0.1,58.09
5867,Nominal,0.202477738,313.668757,0.1,58.09
5868,Nominal,0.328687578,399.644894,0.1,58.09
5869,Nominal,0.190863341,304.539678,0.1,58.09
5870,Nominal,0.276422769,366.496245,0.1,58.09
5871,Nominal,0.320557505,394.671346,0.1,58.09
5872,Nominal,0.204413474,315.164564,0.1,58.09
5873,Nominal,0.191637635,305.156780,0.1,58.09
5874,Nominal,0.224545106,330.319658,0.1,58.09
5875,Nominal,0.203252032,314.267934,0.1,58.09
5876,Nominal,0.121951222,243.430898,0.1,58.09
5877,Nominal,0.106078200,227.036505,0.1,58.09
5878,Nominal,0.117692605,239.142745,0.1,58.09
5879,Nominal,0.103755325,224.536951,0.1,58.09
5880,Nominal,0.209059238,318.725862,0.1,58.09
5881,Nominal,0.271002710,362.885353,0.1,58.09
5882,Nominal,0.226093695,331.456735,0.1,58.09
5883,Nominal,0.317847461,392.999498,0.1,58.09
5884,Nominal,0.334494770,403.159862,0.1,58.09
5885,Nominal,0.321718931,395.385676,0.1,58.09
5886,Nominal,0.263646930,357.926606,0.1,58.09
5887,Nominal,0.252806813,350.491112,0.1,58.09
5888,Missing_Unintentional,0.000000000,0.000000,0.1,58.09
5889,Missing_Unintentional,0.000000000,0.000000,0.1,58.09
5890,Missing_Unintentional,0.000000000,0.000000,0.1,58.09
5891,Missing_Unintentional,0.000000000,0.000000,0.1,58.09
5892,Nominal,0.331397593,401.289039,0.1,58.09
5893,Nominal,0.285327137,372.352403,0.1,58.09
5894,Nominal,0.188927606,302.991422,0.1,58.09
5895,Nominal,0.162214473,280.754950,0.1,58.09
5896,Nominal,0.342237711,407.799373,0.1,58.09
5897,Nominal,0.139372826,260.238577,0.1,58.09
5898,Nominal,0.315137446,391.320525,0.1,58.09
5899,Nominal,0.292682916,377.121514,0.1,58.09
5900,Nominal,0.207510650,317.543201,0.1,58.09
5901,Nominal,0.180023223,295.765075,0.1,58.09
5902,Nominal,0.248935342,347.797056,0.1,58.09
5903,Nominal,0.171506003,288.683715,0.1,58.09
5904,Nominal,0.130855590,252.161490,0.1,58.09
5905,Nominal,0.104529619,225.373218,0.1,58.09
5906,Nominal,0.109175377,230.327064,0.1,58.09
5907,Nominal,0.099883854,220.308001,0.1,58.09
5908,Nominal,0.204413474,315.164564,0.1,58.09
5909,Nominal,0.263646930,357.926606,0.1,58.09
5910,Nominal,0.213704988,322.247794,0.1,58.09
5911,Nominal,0.338753402,405.718168,0.1,58.09
5912,Nominal,0.355787843,415.793959,0.1,58.09
5913,Nominal,0.334494770,403.159862,0.1,58.09
5914,Nominal,0.323267519,396.336124,0.1,58.09
5915,Nominal,0.296554387,379.607513,0.1,58.09
5916,Missing_Unintentional,0.000000000,0.000000,0.1,58.09
5917,Missing_Unintentional,0.000000000,0.000000,0.1,58.09
5918,Missing_Unintentional,0.000000000,0.000000,0.1,58.09
5919,Missing_Unintentional,0.000000000,0.000000,0.1,58.09
5920,Nominal,0.325203240,397.520980,0.1,58.09
5921,Nominal,0.331397593,401.289039,0.1,58.09
5922,Nominal,0.186217576,300.810476,0.1,58.09
5923,Nominal,0.140147120,260.960461,0.1,58.09
5924,Nominal,0.309330225,387.698215,0.1,58.09
5925,Nominal,0.137437090,258.425044,0.1,58.09
5926,Nominal,0.351916373,413.525560,0.1,58.09
5927,Nominal,0.275261313,365.725474,0.1,58.09
5928,Nominal,0.157568723,276.705397,0.1,58.09
5929,Nominal,0.170344561,287.704569,0.1,58.09
5930,Nominal,0.212156400,321.078105,0.1,58.09
5931,Nominal,0.144792870,265.250499,0.1,58.09
5932,Nominal,0.113433994,234.776290,0.1,58.09
5933,Nominal,0.119628340,241.101360,0.1,58.09
5934,Nominal,0.097173832,217.298780,0.1,58.09
5935,Nominal,0.085172281,203.437852,0.1,58.09
5936,Nominal,0.198993415,310.958172,0.1,58.09
5937,Nominal,0.230739444,334.844788,0.1,58.09
5938,Nominal,0.193573371,306.694105,0.1,58.09
5939,Nominal,0.337591946,405.022044,0.1,58.09
5940,Nominal,0.255516827,352.364685,0.1,58.09
5941,Nominal,0.440185845,462.488203,0.1,58.09
5942,Nominal,0.389082462,434.813931,0.1,58.09
5943,Nominal,0.234610915,337.642206,0.1,58.09
5944,Missing_Unintentional,0.000000000,0.000000,0.1,58.09
5945,Missing_Unintentional,0.000000000,0.000000,0.1,58.09
5946,Missing_Unintentional,0.000000000,0.000000,0.1,58.09
5947,Missing_Unintentional,0.000000000,0.000000,0.1,58.09
5948,Nominal,0.192799076,306.080102,0.1,58.09
5949,Nominal,0.288424313,374.367859,0.1,58.09
5950,Nominal,0.148664340,268.773240,0.1,58.09
5951,Nominal,0.095625244,215.560360,0.1,58.09
5952,Nominal,0.179248929,295.128335,0.1,58.09
5953,Nominal,0.098722413,219.023394,0.1,58.09
5954,Nominal,0.365466505,421.411529,0.1,58.09
5955,Nominal,0.278358489,367.777247,0.1,58.09
5956,Nominal,0.142470002,263.114231,0.1,58.09
5957,Nominal,0.135501355,256.598694,0.1,58.09
5958,Nominal,0.198606268,310.655536,0.1,58.09
5959,Nominal,0.134339914,255.496618,0.1,58.09
5960,Nominal,0.215253577,323.413252,0.1,58.09
5961,Nominal,0.138211384,259.151980,0.1,58.09
5962,Nominal,0.082075104,199.704727,0.1,58.09
5963,Nominal,0.080139376,197.335673,0.1,58.09
5964,Nominal,0.184668988,299.557093,0.1,58.09
5965,Nominal,0.237320945,339.586688,0.1,58.09
5966,Nominal,0.188927606,302.991422,0.1,58.09
5967,Nominal,0.345722020,409.870011,0.1,58.09
5968,Nominal,0.178474635,294.490218,0.1,58.09
5969,Nominal,0.335269064,403.626213,0.1,58.09
5970,Nominal,0.441347271,463.097936,0.1,58.09
5971,Nominal,0.161827326,280.419720,0.1,58.09
5972,Missing_Unintentional,0.000000000,0.000000,0.1,58.09
5973,Missing_Unintentional,0.000000000,0.000000,0.1,58.09
5974,Missing_Unintentional,0.000000000,0.000000,0.1,58.09
5975,Missing_Unintentional,0.000000000,0.000000,0.1,58.09
5976,Nominal,0.130468443,251.788194,0.1,58.09
5977,Nominal,0.354626417,415.114750,0.1,58.09
5978,Nominal,0.109949671,231.142384,0.1,58.09
5979,Nominal,0.091753773,211.151703,0.1,58.09
5980,Nominal,0.133178473,254.389767,0.1,58.09
5981,Nominal,0.099496707,219.880632,0.1,58.09
5982,Nominal,0.372822315,425.631314,0.1,58.09
5983,Nominal,0.277971357,367.521412,0.1,58.09
5984,Nominal,0.147115752,267.369714,0.1,58.09
5985,Nominal,0.122725517,244.202473,0.1,58.09
5986,Nominal,0.196283385,308.833492,0.1,58.09
5987,Nominal,0.132791325,254.019745,0.1,58.09
5988,Nominal,0.226867989,332.023813,0.1,58.09
5989,Nominal,0.120402634,241.880366,0.1,58.09
5990,Nominal,0.167247385,285.077072,0.1,58.09
5991,Nominal,0.089430891,208.461761,0.1,58.09
5992,Nominal,0.112272553,233.571270,0.1,58.09
5993,Nominal,0.180023223,295.765075,0.1,58.09
5994,Nominal,0.121176928,242.656870,0.1,58.09
5995,Nominal,0.273712724,364.695258,0.1,58.09
5996,Nominal,0.130855590,252.161490,0.1,58.09
5997,Nominal,0.375919461,427.395581,0.1,58.09
5998,Nominal,0.403019756,442.533131,0.1,58.09
5999,Nominal,0.055749130,164.589326,0.1,58.09
6000,Missing_Unintentional,0.000000000,0.000000,0.1,58.09
6001,Missing_Unintentional,0.000000000,0.000000,0.1,58.09
6002,Missing_Unintentional,0.000000000,0.000000,0.1,58.09
6003,Missing_Unintentional,0.000000000,0.000000,0.1,58.09
6004,Nominal,0.108788230,229.918320,0.1,58.09
6005,Nominal,0.315137446,391.320525,0.1,58.09
6006,Nominal,0.105303913,226.206395,0.1,58.09
6007,Nominal,0.081687957,199.233168,0.1,58.09
6008,Nominal,0.107239641,228.276024,0.1,58.09
6009,Nominal,0.073170729,188.560757,0.1,58.09
6010,Nominal,0.447928756,466.538077,0.1,58.09
6011,Nominal,0.282617122,370.579898,0.1,58.09
6012,Nominal,0.123499803,244.971609,0.1,58.09
6013,Nominal,0.138211384,259.151980,0.1,58.09
6014,Nominal,0.175377473,291.923816,0.1,58.09
6015,Nominal,0.102593884,223.276676,0.1,58.09
6016,Nominal,0.197057679,309.442032,0.1,58.09
6017,Nominal,0.061943475,173.492380,0.1,58.09
6018,Nominal,0.127758414,249.159458,0.1,58.09
6019,Nominal,0.113433994,234.776290,0.1,58.09
6020,Nominal,0.090205185,209.362248,0.1,58.09
6021,Nominal,0.171506003,288.683715,0.1,58.09
6022,Nominal,0.122725517,244.202473,0.1,58.09
6023,Nominal,0.248161048,347.255737,0.1,58.09
6024,Missing_Unintentional,0.009291521,67.193310,0.1,58.09
6025,Nominal,0.053426247,161.123897,0.1,58.09
6026,Nominal,0.063492067,175.647655,0.1,58.09
6027,Missing_Unintentional,0.013550135,81.143631,0.1,58.09
6028,Nominal,0.039876115,139.199937,0.1,58.09
6029,Nominal,0.336043358,404.092026,0.1,58.09
6030,Nominal,0.254355401,351.562953,0.1,58.09
6031,Missing_Unintentional,0.022841657,105.352882,0.1,58.09
6032,Missing_Unintentional,0.000000000,0.000000,0.1,58.09
6033,Missing_Unintentional,0.000000000,0.000000,0.1,58.09
6034,Missing_Unintentional,0.000000000,0.000000,0.1,58.09
6035,Missing_Unintentional,0.000000000,0.000000,0.1,58.09
6036,Nominal,0.049941927,155.781281,0.1,58.09
6037,Nominal,0.367789388,422.748640,0.1,58.09
6038,Nominal,0.083236545,201.112769,0.1,58.09
6039,Nominal,0.060394891,171.310003,0.1,58.09
6040,Nominal,0.040263258,139.874027,0.1,58.09
6041,Nominal,0.057297714,166.859628,0.1,58.09
6042,Nominal,0.428571433,456.345983,0.1,58.09
6043,Nominal,0.173828885,290.632110,0.1,58.09
6044,Nominal,0.135501355,256.598694,0.1,58.09
6045,Nominal,0.056910571,166.294962,0.1,58.09
6046,Nominal,0.102206737,222.855001,0.1,58.09
6047,Nominal,0.086720869,205.278957,0.1,58.09
6048,Nominal,0.269454122,361.847051,0.1,58.09
6049,Nominal,0.289585739,375.120854,0.1,58.09
6050,Nominal,0.246225312,345.898733,0.1,58.09
6051,Nominal,0.258614004,354.493798,0.1,58.09
6052,Nominal,0.221060783,327.746811,0.1,58.09
6053,Nominal,0.235385209,338.198913,0.1,58.09
6054,Nominal,0.248935342,347.797056,0.1,58.09
6055,Nominal,0.256678283,353.164617,0.1,58.09
6056,Nominal,0.326751828,398.466335,0.1,58.09
6057,Nominal,0.328300416,399.409453,0.1,58.09
6058,Nominal,0.294618666,378.366565,0.1,58.09
6059,Nominal,0.293070078,377.370861,0.1,58.09
6060,Nominal,0.328687578,399.644894,0.1,58.09
6061,Nominal,0.394115359,437.617119,0.1,58.09
6062,Nominal,0.232675180,336.246406,0.1,58.09
6063,Nominal,0.253581107,351.027442,0.1,58.09
6064,Nominal,0.432442904,458.402534,0.1,58.09
6065,Nominal,0.214479282,322.831048,0.1,58.09
6066,Nominal,0.343399137,408.490746,0.1,58.09
6067,Nominal,0.305845916,385.508507,0.1,58.09
6068,Nominal,0.246612459,346.170559,0.1,58.09
6069,Nominal,0.312814564,389.875643,0.1,58.09
6070,Nominal,0.297715843,380.350153,0.1,58.09
6071,Nominal,0.259001166,354.759049,0.1,58.09
6072,Nominal,0.243128151,343.716393,0.1,58.09
6073,Nominal,0.264421225,358.451811,0.1,58.09
6074,Nominal,0.233836621,337.084580,0.1,58.09
6075,Nominal,0.255129695,352.097651,0.1,58.09
6076,Nominal,0.243515298,343.989944,0.1,58.09
6077,Nominal,0.267518401,360.544980,0.1,58.09
6078,Nominal,0.256291121,352.898167,0.1,58.09
6079,Nominal,0.234998062,337.920674,0.1,58.09
6080,Nominal,0.384823859,432.427811,0.1,58.09
6081,Nominal,0.339914829,406.413081,0.1,58.09
6082,Nominal,0.325977534,397.993938,0.1,58.09
6083,Nominal,0.361982197,419.397877,0.1,58.09
6084,Nominal,0.418892771,451.163602,0.1,58.09
6085,Nominal,0.367789388,422.748640,0.1,58.09
6086,Nominal,0.217963606,325.442760,0.1,58.09
6087,Nominal,0.238869533,340.692837,0.1,58.09
6088,Nominal,0.307007343,386.239782,0.1,58.09
6089,Nominal,0.231513739,335.406139,0.1,58.09
6090,Nominal,0.362369329,419.622086,0.1,58.09
6091,Nominal,0.305845916,385.508507,0.1,58.09
6092,Nominal,0.226480842,331.740395,0.1,58.09
6093,Nominal,0.313588858,390.357865,0.1,58.09
6094,Nominal,0.325203240,397.520980,0.1,58.09
6095,Nominal,0.300038725,381.831082,0.1,58.09
6096,Nominal,0.214092135,322.539553,0.1,58.09
6097,Nominal,0.256291121,352.898167,0.1,58.09
6098,Nominal,0.241192415,342.345360,0.1,58.09
6099,Nominal,0.236933798,339.309587,0.1,58.09
6100,Nominal,0.248935342,347.797056,0.1,58.09
6101,Nominal,0.297715843,380.350153,0.1,58.09
6102,Nominal,0.288424313,374.367859,0.1,58.09
6103,Nominal,0.254742533,351.830393,0.1,58.09
6104,Nominal,0.373596579,426.073053,0.1,58.09
6105,Nominal,0.351529241,413.298045,0.1,58.09
6106,Nominal,0.333720475,402.692971,0.1,58.09
6107,Nominal,0.360046446,418.274980,0.1,58.09
6108,Nominal,0.407665491,445.076432,0.1,58.09
6109,Nominal,0.431668609,457.991963,0.1,58.09
6110,Nominal,0.201703444,313.068433,0.1,58.09
6111,Nominal,0.254355401,351.562953,0.1,58.09
6112,Nominal,0.389856756,435.246367,0.1,58.09
6113,Nominal,0.247773901,346.984761,0.1,58.09
6114,Nominal,0.335269064,403.626213,0.1,58.09
6115,Nominal,0.260549754,355.818034,0.1,58.09
6116,Nominal,0.194347665,307.306882,0.1,58.09
6117,Nominal,0.307781637,386.726538,0.1,58.09
6118,Nominal,0.282617122,370.579898,0.1,58.09
6119,Nominal,0.269066989,361.587020,0.1,58.09
6120,Nominal,0.212930694,321.663481,0.1,58.09
6121,Nominal,0.233062327,336.526030,0.1,58.09
6122,Nominal,0.245838165,345.626693,0.1,58.09
6123,Nominal,0.232288033,335.966551,0.1,58.09
6124,Nominal,0.243515298,343.989944,0.1,58.09
6125,Nominal,0.297715843,380.350153,0.1,58.09
6126,Nominal,0.283778548,371.340574,0.1,58.09
6127,Nominal,0.202090591,313.368739,0.1,58.09
6128,Nominal,0.331397593,401.289039,0.1,58.09
6129,Nominal,0.353464961,414.434410,0.1,58.09
6130,Nominal,0.319008917,393.716879,0.1,58.09
6131,Nominal,0.225319400,330.888685,0.1,58.09
6132,Nominal,0.369725138,423.859686,0.1,58.09
6133,Nominal,0.416569889,449.910946,0.1,58.09
6134,Nominal,0.213704988,322.247794,0.1,58.09
6135,Nominal,0.190863341,304.539678,0.1,58.09
6136,Nominal,0.443670154,464.315017,0.1,58.09
6137,Nominal,0.179248929,295.128335,0.1,58.09
6138,Nominal,0.339527667,406.181563,0.1,58.09
6139,Nominal,0.280681372,369.308597,0.1,58.09
6140,Nominal,0.226093695,331.456735,0.1,58.09
6141,Nominal,0.042586140,143.852284,0.1,58.09
6142,Nominal,0.241192415,342.345360,0.1,58.09
6143,Nominal,0.253193974,350.759390,0.1,58.09
6144,Nominal,0.226093695,331.456735,0.1,58.09
6145,Nominal,0.245838165,345.626693,0.1,58.09
6146,Nominal,0.206736356,316.950215,0.1,58.09
6147,Nominal,0.234223768,337.363508,0.1,58.09
6148,Nominal,0.274874181,365.468202,0.1,58.09
6149,Nominal,0.282617122,370.579898,0.1,58.09
6150,Nominal,0.249709636,348.337534,0.1,58.09
6151,Nominal,0.073170729,188.560757,0.1,58.09
6152,Nominal,0.308943093,387.455533,0.1,58.09
6153,Nominal,0.352303535,413.752969,0.1,58.09
6154,Nominal,0.323267519,396.336124,0.1,58.09
6155,Nominal,0.306233048,385.752413,0.1,58.09
6156,Nominal,0.375919461,427.395581,0.1,58.09
6157,Nominal,0.396051109,438.690510,0.1,58.09
6158,Nominal,0.198606268,310.655536,0.1,58.09
6159,Nominal,0.218350753,325.731658,0.1,58.09
6160,Nominal,0.377855211,428.494578,0.1,58.09
6161,Nominal,0.205962062,316.356118,0.1,58.09
6162,Nominal,0.380178094,429.809655,0.1,58.09
6163,Nominal,0.266356945,359.761458,0.1,58.09
6164,Nominal,0.243128151,343.716393,0.1,58.09
6165,Nominal,0.249322489,348.067400,0.1,58.09
6166,Missing_Unintentional,0.033681765,127.932252,0.1,58.09
6167,Nominal,0.240030974,341.520098,0.1,58.09
6168,Nominal,0.208284944,318.135081,0.1,58.09
6169,Nominal,0.251258224,349.415982,0.1,58.09
6170,Nominal,0.238869533,340.692837,0.1,58.09
6171,Nominal,0.195121944,307.918427,0.1,58.09
6172,Nominal,0.245063886,345.081979,0.1,58.09
6173,Nominal,0.280294240,369.053823,0.1,58.09
6174,Nominal,0.283004254,370.833623,0.1,58.09
6175,Nominal,0.249322489,348.067400,0.1,58.09
6176,Nominal,0.155245841,274.658225,0.1,58.09
6177,Nominal,0.369337976,423.637703,0.1,58.09
6178,Nominal,0.356174976,416.020110,0.1,58.09
6179,Nominal,0.299264431,381.338078,0.1,58.09
6180,Nominal,0.326364696,398.230216,0.1,58.09
6181,Nominal,0.353464961,414.434410,0.1,58.09
6182,Nominal,0.206349209,316.653306,0.1,58.09
6183,Nominal,0.202864885,313.968489,0.1,58.09
6184,Nominal,0.284552842,371.846833,0.1,58.09
6185,Nominal,0.199767709,311.562562,0.1,58.09
6186,Nominal,0.406504065,444.441975,0.1,58.09
6187,Nominal,0.227255136,332.306989,0.1,58.09
6188,Nominal,0.201703444,313.068433,0.1,58.09
6189,Nominal,0.229578003,334.000994,0.1,58.09
6190,Nominal,0.219899341,326.884695,0.1,58.09
6191,Nominal,0.234610915,337.642206,0.1,58.09
6192,Nominal,0.245838165,345.626693,0.1,58.09
6193,Nominal,0.184281841,299.242927,0.1,58.09
6194,Nominal,0.226093695,331.456735,0.1,58.09
6195,Nominal,0.206349209,316.653306,0.1,58.09
6196,Nominal,0.193573371,306.694105,0.1,58.09
6197,Nominal,0.175377473,291.923816,0.1,58.09
6198,Nominal,0.189701900,303.611671,0.1,58.09
6199,Nominal,0.168021679,285.736212,0.1,58.09
6200,Nominal,0.216802165,324.574525,0.1,58.09
6201,Nominal,0.349593490,412.158529,0.1,58.09
6202,Nominal,0.385985285,433.079869,0.1,58.09
6203,Nominal,0.176151767,292.567530,0.1,58.09
6204,Nominal,0.248935342,347.797056,0.1,58.09
6205,Nominal,0.391018182,435.894208,0.1,58.09
6206,Nominal,0.190476194,304.230657,0.1,58.09
6207,Nominal,0.212543547,321.370926,0.1,58.09
6208,Nominal,0.130468443,251.788194,0.1,58.09
6209,Nominal,0.160278752,279.074785,0.1,58.09
6210,Nominal,0.426635683,455.314216,0.1,58.09
6211,Nominal,0.238869533,340.692837,0.1,58.09
6212,Nominal,0.245063886,345.081979,0.1,58.09
6213,Nominal,0.221060783,327.746811,0.1,58.09
6214,Nominal,0.222609371,328.892783,0.1,58.09
6215,Nominal,0.220673636,327.459691,0.1,58.09
6216,Nominal,0.272551298,363.920692,0.1,58.09
6217,Nominal,0.141695708,262.398272,0.1,58.09
6218,Nominal,0.178474635,294.490218,0.1,58.09
6219,Nominal,0.132404178,253.649183,0.1,58.09
6220,Nominal,0.159891605,278.737534,0.1,58.09
6221,Nominal,0.197444826,309.745854,0.1,58.09
6222,Nominal,0.170731708,288.031321,0.1,58.09
6223,Nominal,0.218350753,325.731658,0.1,58.09
6224,Nominal,0.146728605,267.017679,0.1,58.09
6225,Nominal,0.221060783,327.746811,0.1,58.09
6226,Nominal,0.350367785,412.614709,0.1,58.09
6227,Nominal,0.164924502,283.090447,0.1,58.09
6228,Nominal,0.206736356,316.950215,0.1,58.09
6229,Nominal,0.403019756,442.533131,0.1,58.09
6230,Nominal,0.254355401,351.562953,0.1,58.09
6231,Nominal,0.170731708,288.031321,0.1,58.09
6232,Nominal,0.146341458,266.665180,0.1,58.09
6233,Nominal,0.106078200,227.036505,0.1,58.09
6234,Missing_Intentional,0.036004648,132.270168,0.1,58.09
6235,Nominal,0.133952767,255.128201,0.1,58.09
6236,Nominal,0.248548195,347.526502,0.1,58.09
6237,Nominal,0.137824237,258.788767,0.1,58.09
6238,Nominal,0.120402634,241.880366,0.1,58.09
6239,Nominal,0.092915215,212.483905,0.1,58.09
6240,Nominal,0.253581107,351.027442,0.1,58.09
6241,Nominal,0.126209840,247.644810,0.1,58.09
6242,Nominal,0.242353857,343.168637,0.1,58.09
6243,Nominal,0.111111112,232.360001,0.1,58.09
6244,Nominal,0.088269457,207.103697,0.1,58.09
6245,Nominal,0.049554780,155.176302,0.1,58.09
6246,Nominal,0.066202089,179.357057,0.1,58.09
6247,Nominal,0.090205185,209.362248,0.1,58.09
6248,Missing_Unintentional,0.024777390,109.726216,0.1,58.09
6249,Nominal,0.068524972,182.476547,0.1,58.09
6250,Missing_Unintentional,0.008130081,62.853586,0.1,58.09
6251,Missing_Unintentional,0.020905923,100.789966,0.1,58.09
6252,Nominal,0.086333722,204.820232,0.1,58.09
6253,Nominal,0.268679827,361.326782,0.1,58.09
6254,Nominal,0.192411929,305.772638,0.1,58.09
6255,Missing_Unintentional,0.041424699,141.877100,0.1,58.09
6256,Nominal,0.064653501,177.246899,0.1,58.09
6257,Nominal,0.221447930,328.033679,0.1,58.09
6258,Nominal,0.189701900,303.611671,0.1,58.09
6259,Missing_Unintentional,0.017808750,93.024928,0.1,58.09
6260,Nominal,0.104916766,225.790191,0.1,58.09
6261,Nominal,0.060782038,171.858197,0.1,58.09
6262,Nominal,0.261711180,356.610200,0.1,58.09
6263,Nominal,0.120015487,241.491177,0.1,58.09
6264,Nominal,0.272938430,364.179057,0.1,58.09
6265,Nominal,0.077816494,194.454703,0.1,58.09
6266,Nominal,0.132017031,253.278079,0.1,58.09
6267,Nominal,0.115369722,236.771021,0.1,58.09
6268,Nominal,0.263646930,357.926606,0.1,58.09
6269,Nominal,0.249322489,348.067400,0.1,58.09
6270,Nominal,0.205962062,316.356118,0.1,58.09
6271,Nominal,0.264034063,358.189295,0.1,58.09
6272,Nominal,0.244676739,344.809295,0.1,58.09
6273,Nominal,0.248161048,347.255737,0.1,58.09
6274,Nominal,0.241192415,342.345360,0.1,58.09
6275,Nominal,0.283004254,370.833623,0.1,58.09
6276,Nominal,0.368563682,423.193405,0.1,58.09
6277,Nominal,0.352303535,413.752969,0.1,58.09
6278,Nominal,0.218737900,326.020299,0.1,58.09
6279,Nominal,0.453348815,469.352208,0.1,58.09
6280,Nominal,0.370499432,424.303287,0.1,58.09
6281,Nominal,0.295005798,378.615072,0.1,58.09
6282,Nominal,0.197831973,310.049378,0.1,58.09
6283,Nominal,0.269841284,362.106916,0.1,58.09
6284,Nominal,0.472319007,479.071498,0.1,58.09
6285,Nominal,0.223770812,329.749649,0.1,58.09
6286,Nominal,0.276422769,366.496245,0.1,58.09
6287,Nominal,0.284552842,371.846833,0.1,58.09
6288,Nominal,0.212930694,321.663481,0.1,58.09
6289,Nominal,0.267518401,360.544980,0.1,58.09
6290,Nominal,0.267518401,360.544980,0.1,58.09
6291,Nominal,0.281455666,369.817638,0.1,58.09
6292,Nominal,0.220673636,327.459691,0.1,58.09
6293,Nominal,0.232675180,336.246406,0.1,58.09
6294,Nominal,0.230352297,334.563760,0.1,58.09
6295,Nominal,0.246999606,346.442172,0.1,58.09
6296,Nominal,0.292295784,376.872022,0.1,58.09
6297,Nominal,0.262872636,357.400629,0.1,58.09
6298,Nominal,0.269454122,361.847051,0.1,58.09
6299,Nominal,0.300038725,381.831082,0.1,58.09
6300,Nominal,0.404955477,443.594610,0.1,58.09
6301,Nominal,0.338366240,405.486253,0.1,58.09
6302,Nominal,0.347270608,410.786948,0.1,58.09
6303,Nominal,0.447928756,466.538077,0.1,58.09
6304,Nominal,0.480449080,483.177059,0.1,58.09
6305,Nominal,0.340301961,406.644449,0.1,58.09
6306,Nominal,0.217576459,325.153606,0.1,58.09
6307,Nominal,0.234610915,337.642206,0.1,58.09
6308,Nominal,0.424699962,454.280122,0.1,58.09
6309,Nominal,0.252419680,350.222649,0.1,58.09
6310,Nominal,0.247773901,346.984761,0.1,58.09
6311,Nominal,0.264421225,358.451811,0.1,58.09
6312,Nominal,0.213317841,321.955770,0.1,58.09
6313,Nominal,0.277197063,367.009186,0.1,58.09
6314,Nominal,0.275648475,365.982584,0.1,58.09
6315,Nominal,0.260549754,355.818034,0.1,58.09
6316,Nominal,0.228416577,333.155074,0.1,58.09
6317,Nominal,0.222609371,328.892783,0.1,58.09
6318,Nominal,0.238482386,340.416637,0.1,58.09
6319,Nominal,0.225319400,330.888685,0.1,58.09
6320,Nominal,0.324428946,397.047458,0.1,58.09
6321,Nominal,0.307781637,386.726538,0.1,58.09
6322,Nominal,0.316298872,392.040960,0.1,58.09
6323,Nominal,0.318621755,393.477891,0.1,58.09
6324,Nominal,0.394115359,437.617119,0.1,58.09
6325,Nominal,0.384436697,432.210229,0.1,58.09
6326,Nominal,0.425087094,454.487123,0.1,58.09
6327,Nominal,0.411924124,447.395113,0.1,58.09
6328,Nominal,0.377468050,428.274997,0.1,58.09
6329,Nominal,0.410762668,446.763933,0.1,58.09
6330,Nominal,0.198606268,310.655536,0.1,58.09
6331,Nominal,0.209446386,319.020842,0.1,58.09
6332,Nominal,0.425087094,454.487123,0.1,58.09
6333,Nominal,0.220673636,327.459691,0.1,58.09
6334,Nominal,0.227642283,332.589925,0.1,58.09
6335,Nominal,0.261324048,356.346347,0.1,58.09
6336,Nominal,0.189314753,303.301705,0.1,58.09
6337,Nominal,0.271002710,362.885353,0.1,58.09
6338,Nominal,0.269454122,361.847051,0.1,58.09
6339,Nominal,0.278745651,368.032925,0.1,58.09
6340,Nominal,0.240030974,341.520098,0.1,58.09
6341,Nominal,0.253968269,351.295310,0.1,58.09
6342,Nominal,0.243902445,344.263278,0.1,58.09
6343,Nominal,0.231900886,335.686462,0.1,58.09
6344,Nominal,0.356174976,416.020110,0.1,58.09
6345,Nominal,0.281068534,369.563215,0.1,58.09
6346,Nominal,0.338753402,405.718168,0.1,58.09
6347,Nominal,0.305458754,385.264427,0.1,58.09
6348,Nominal,0.412698418,447.815400,0.1,58.09
6349,Nominal,0.424699962,454.280122,0.1,58.09
6350,Nominal,0.439024389,461.877648,0.1,58.09
6351,Nominal,0.358885020,417.599806,0.1,58.09
6352,Nominal,0.416182727,449.701823,0.1,58.09
6353,Nominal,0.385210991,432.645267,0.1,58.09
6354,Nominal,0.187766165,302.058659,0.1,58.09
6355,Nominal,0.207123503,317.246847,0.1,58.09
6356,Nominal,0.243902445,344.263278,0.1,58.09
6357,Nominal,0.186217576,300.810476,0.1,58.09
6358,Nominal,0.307394505,386.483246,0.1,58.09
6359,Nominal,0.255129695,352.097651,0.1,58.09
6360,Nominal,0.207897797,317.839279,0.1,58.09
6361,Nominal,0.263259768,357.663704,0.1,58.09
6362,Nominal,0.259388298,355.024081,0.1,58.09
6363,Nominal,0.259775460,355.288936,0.1,58.09
6364,Nominal,0.237708092,339.863562,0.1,58.09
6365,Nominal,0.201703444,313.068433,0.1,58.09
6366,Nominal,0.204413474,315.164564,0.1,58.09
6367,Nominal,0.217963606,325.442760,0.1,58.09
6368,Nominal,0.297328681,380.102761,0.1,58.09
6369,Nominal,0.293070078,377.370861,0.1,58.09
6370,Nominal,0.270615578,362.626066,0.1,58.09
6371,Nominal,0.287262887,373.613347,0.1,58.09
6372,Nominal,0.402245462,442.107822,0.1,58.09
6373,Nominal,0.470770419,478.285490,0.1,58.09
6374,Nominal,0.349206358,411.930258,0.1,58.09
6375,Nominal,0.389856756,435.246367,0.1,58.09
6376,Nominal,0.386759579,433.514035,0.1,58.09
6377,Nominal,0.455284566,470.353182,0.1,58.09
6378,Nominal,0.210220680,319.609986,0.1,58.09
6379,Nominal,0.211769268,320.785028,0.1,58.09
6380,Nominal,0.308943093,387.455533,0.1,58.09
6381,Nominal,0.183507547,298.613603,0.1,58.09
6382,Nominal,0.467673242,476.709585,0.1,58.09
6383,Nominal,0.236933798,339.309587,0.1,58.09
6384,Nominal,0.200929150,312.466956,0.1,58.09
6385,Nominal,0.248161048,347.255737,0.1,58.09
6386,Nominal,0.230739444,334.844788,0.1,58.09
6387,Nominal,0.219899341,326.884695,0.1,58.09
6388,Nominal,0.215640724,323.703960,0.1,58.09
6389,Nominal,0.180797517,296.400447,0.1,58.09
6390,Nominal,0.219512194,326.596817,0.1,58.09
6391,Nominal,0.189701900,303.611671,0.1,58.09
6392,Nominal,0.301974446,383.060807,0.1,58.09
6393,Nominal,0.287262887,373.613347,0.1,58.09
6394,Nominal,0.254355401,351.562953,0.1,58.09
6395,Nominal,0.288424313,374.367859,0.1,58.09
6396,Nominal,0.283004254,370.833623,0.1,58.09
6397,Nominal,0.403019756,442.533131,0.1,58.09
6398,Nominal,0.399535418,440.616001,0.1,58.09
6399,Nominal,0.240030974,341.520098,0.1,58.09
6400,Nominal,0.306620210,385.996184,0.1,58.09
6401,Nominal,0.466898948,476.314794,0.1,58.09
6402,Nominal,0.208672091,318.430609,0.1,58.09
6403,Nominal,0.212543547,321.370926,0.1,58.09
6404,Nominal,0.284940004,372.099714,0.1,58.09
6405,Nominal,0.182733253,297.982950,0.1,58.09
6406,Nominal,0.440572977,462.691531,0.1,58.09
6407,Nominal,0.230739444,334.844788,0.1,58.09
6408,Nominal,0.208284944,318.135081,0.1,58.09
6409,Nominal,0.231513739,335.406139,0.1,58.09
6410,Nominal,0.251645386,349.685085,0.1,58.09
6411,Nominal,0.238869533,340.692837,0.1,58.09
6412,Nominal,0.206736356,316.950215,0.1,58.09
6413,Nominal,0.166860238,284.746931,0.1,58.09
6414,Nominal,0.221835077,328.320297,0.1,58.09
6415,Nominal,0.145180017,265.604876,0.1,58.09
6416,Nominal,0.215253577,323.413252,0.1,58.09
6417,Nominal,0.234998062,337.920674,0.1,58.09
6418,Nominal,0.235385209,338.198913,0.1,58.09
6419,Nominal,0.209833533,319.315550,0.1,58.09
6420,Nominal,0.207123503,317.246847,0.1,58.09
6421,Nominal,0.445218742,465.124634,0.1,58.09
6422,Nominal,0.450638801,467.947266,0.1,58.09
6423,Nominal,0.190089047,303.921322,0.1,58.09
6424,Nominal,0.218350753,325.731658,0.1,58.09
6425,Nominal,0.428571433,456.345983,0.1,58.09
6426,Nominal,0.189701900,303.611671,0.1,58.09
6427,Nominal,0.162214473,280.754950,0.1,58.09
6428,Nominal,0.218350753,325.731658,0.1,58.09
6429,Nominal,0.126596987,248.024343,0.1,58.09
6430,Nominal,0.425861388,454.900857,0.1,58.09
6431,Nominal,0.192024782,305.464864,0.1,58.09
6432,Nominal,0.205962062,316.356118,0.1,58.09
6433,Nominal,0.209059238,318.725862,0.1,58.09
6434,Nominal,0.131629884,252.906431,0.1,58.09
6435,Nominal,0.175377473,291.923816,0.1,58.09
6436,Nominal,0.199380562,311.260514,0.1,58.09
6437,Nominal,0.133178473,254.389767,0.1,58.09
6438,Nominal,0.190089047,303.921322,0.1,58.09
6439,Nominal,0.124274097,245.738346,0.1,58.09
6440,Nominal,0.197057679,309.442032,0.1,58.09
6441,Nominal,0.229190856,333.719256,0.1,58.09
6442,Nominal,0.193573371,306.694105,0.1,58.09
6443,Nominal,0.210994974,320.198046,0.1,58.09
6444,Nominal,0.136662796,257.696057,0.1,58.09
6445,Nominal,0.417731315,450.537701,0.1,58.09
6446,Nominal,0.430894315,457.581023,0.1,58.09
6447,Nominal,0.123499803,244.971609,0.1,58.09
6448,Nominal,0.138211384,259.151980,0.1,58.09
6449,Nominal,0.473480463,479.660167,0.1,58.09
6450,Nominal,0.190089047,303.921322,0.1,58.09
6451,Nominal,0.142857149,263.471481,0.1,58.09
6452,Nominal,0.132791325,254.019745,0.1,58.09
6453,Nominal,0.077816494,194.454703,0.1,58.09
6454,Nominal,0.460317463,472.945773,0.1,58.09
6455,Nominal,0.135114208,256.231862,0.1,58.09
6456,Nominal,0.246999606,346.442172,0.1,58.09
6457,Nominal,0.125435546,246.883994,0.1,58.09
6458,Nominal,0.155245841,274.658225,0.1,58.09
6459,Nominal,0.157955870,277.045122,0.1,58.09
6460,Nominal,0.231900886,335.686462,0.1,58.09
6461,Nominal,0.113821141,235.176591,0.1,58.09
6462,Nominal,0.201703444,313.068433,0.1,58.09
6463,Nominal,0.074719317,190.545664,0.1,58.09
6464,Nominal,0.083236545,201.112769,0.1,58.09
6465,Nominal,0.108013935,229.098643,0.1,58.09
6466,Nominal,0.081300810,198.760490,0.1,58.09
6467,Nominal,0.096012391,215.996277,0.1,58.09
6468,Nominal,0.060782038,171.858197,0.1,58.09
6469,Nominal,0.057297714,166.859628,0.1,58.09
6470,Nominal,0.144018590,264.540336,0.1,58.09
6471,Nominal,0.034843206,130.119288,0.1,58.09
6472,Nominal,0.123112656,244.587340,0.1,58.09
6473,Nominal,0.235385209,338.198913,0.1,58.09
6474,Nominal,0.308943093,387.455533,0.1,58.09
6475,Nominal,0.099496707,219.880632,0.1,58.09
6476,Nominal,0.059233449,169.654793,0.1,58.09
6477,Nominal,0.377468050,428.274997,0.1,58.09
6478,Nominal,0.169183120,286.722079,0.1,58.09
6479,Nominal,0.103368178,224.117646,0.1,58.09
6480,Nominal,0.066589236,179.880729,0.1,58.09
6481,Nominal,0.048006196,152.732432,0.1,58.09
6482,Nominal,0.176151767,292.567530,0.1,58.09
6483,Nominal,0.150987223,270.864894,0.1,58.09
6484,Nominal,0.238482386,340.416637,0.1,58.09
6485,Nominal,0.104916766,225.790191,0.1,58.09
6486,Missing_Unintentional,0.029810298,120.355456,0.1,58.09
6487,Missing_Unintentional,0.029423151,119.571372,0.1,58.09
6488,Nominal,0.248935342,347.797056,0.1,58.09
6489,Nominal,0.213317841,321.955770,0.1,58.09
6490,Nominal,0.212543547,321.370926,0.1,58.09
6491,Nominal,0.225319400,330.888685,0.1,58.09
6492,Nominal,0.211769268,320.785028,0.1,58.09
6493,Nominal,0.200154856,311.864318,0.1,58.09
6494,Nominal,0.204800621,315.462875,0.1,58.09
6495,Nominal,0.204413474,315.164564,0.1,58.09
6496,Nominal,0.439024389,461.877648,0.1,58.09
6497,Nominal,0.315911740,391.800969,0.1,58.09
6498,Nominal,0.305071622,385.020211,0.1,58.09
6499,Nominal,0.457220286,471.352015,0.1,58.09
6500,Nominal,0.398761123,440.188840,0.1,58.09
6501,Nominal,0.340301961,406.644449,0.1,58.09
6502,Nominal,0.211382121,320.491671,0.1,58.09
6503,Nominal,0.250483930,348.877175,0.1,58.09
6504,Nominal,0.415408432,449.283301,0.1,58.09
6505,Nominal,0.224932253,330.604294,0.1,58.09
6506,Nominal,0.329461873,400.115342,0.1,58.09
6507,Nominal,0.321331799,395.147715,0.1,58.09
6508,Nominal,0.226480842,331.740395,0.1,58.09
6509,Nominal,0.280294240,369.053823,0.1,58.09
6510,Nominal,0.334881932,403.393114,0.1,58.09
6511,Nominal,0.289585739,375.120854,0.1,58.09
6512,Nominal,0.209833533,319.315550,0.1,58.09
6513,Nominal,0.240030974,341.520098,0.1,58.09
6514,Nominal,0.216802165,324.574525,0.1,58.09
6515,Nominal,0.202477738,313.668757,0.1,58.09
6516,Nominal,0.255516827,352.364685,0.1,58.09
6517,Nominal,0.259775460,355.288936,0.1,58.09
6518,Nominal,0.236933798,339.309587,0.1,58.09
6519,Nominal,0.280681372,369.308597,0.1,58.09
6520,Nominal,0.511807978,498.696303,0.1,58.09
6521,Nominal,0.354239255,414.888088,0.1,58.09
6522,Nominal,0.322106063,395.623493,0.1,58.09
6523,Nominal,0.510646522,498.130130,0.1,58.09
6524,Nominal,0.487417728,486.668551,0.1,58.09
6525,Nominal,0.275261313,365.725474,0.1,58.09
6526,Nominal,0.188540459,302.680820,0.1,58.09
6527,Nominal,0.217189312,324.864194,0.1,58.09
6528,Nominal,0.446767330,465.932845,0.1,58.09
6529,Nominal,0.212543547,321.370926,0.1,58.09
6530,Nominal,0.373596579,426.073053,0.1,58.09
6531,Nominal,0.286101431,372.857289,0.1,58.09
6532,Nominal,0.209059238,318.725862,0.1,58.09
6533,Nominal,0.271389842,363.144455,0.1,58.09
6534,Nominal,0.319008917,393.716879,0.1,58.09
6535,Nominal,0.284552842,371.846833,0.1,58.09
6536,Nominal,0.233836621,337.084580,0.1,58.09
6537,Nominal,0.224545106,330.319658,0.1,58.09
6538,Nominal,0.215640724,323.703960,0.1,58.09
6539,Nominal,0.223383665,329.464274,0.1,58.09
6540,Nominal,0.286101431,372.857289,0.1,58.09
6541,Nominal,0.282617122,370.579898,0.1,58.09
6542,Nominal,0.261324048,356.346347,0.1,58.09
6543,Nominal,0.324428946,397.047458,0.1,58.09
6544,Nominal,0.475029022,480.443912,0.1,58.09
6545,Nominal,0.453348815,469.352208,0.1,58.09
6546,Nominal,0.367402256,422.526091,0.1,58.09
6547,Nominal,0.430894315,457.581023,0.1,58.09
6548,Nominal,0.452961683,469.151766,0.1,58.09
6549,Nominal,0.387533873,433.947766,0.1,58.09
6550,Nominal,0.198606268,310.655536,0.1,58.09
6551,Nominal,0.210994974,320.198046,0.1,58.09
6552,Nominal,0.397986829,439.761264,0.1,58.09
6553,Nominal,0.205574915,316.058651,0.1,58.09
6554,Nominal,0.404568344,443.382524,0.1,58.09
6555,Nominal,0.301587313,382.815185,0.1,58.09
6556,Nominal,0.206349209,316.653306,0.1,58.09
6557,Nominal,0.294231504,378.117875,0.1,58.09
6558,Nominal,0.270615578,362.626066,0.1,58.09
6559,Nominal,0.307394505,386.483246,0.1,58.09
6560,Nominal,0.224932253,330.604294,0.1,58.09
6561,Nominal,0.214479282,322.831048,0.1,58.09
6562,Nominal,0.233449474,336.805421,0.1,58.09
6563,Nominal,0.234610915,337.642206,0.1,58.09
6564,Nominal,0.251645386,349.685085,0.1,58.09
6565,Nominal,0.274099886,364.953094,0.1,58.09
6566,Nominal,0.255903989,352.631537,0.1,58.09
6567,Nominal,0.303910196,384.286615,0.1,58.09
6568,Nominal,0.419279903,451.372032,0.1,58.09
6569,Nominal,0.429345727,456.758034,0.1,58.09
6570,Nominal,0.449864507,467.545076,0.1,58.09
6571,Nominal,0.410375535,446.553352,0.1,58.09
6572,Nominal,0.402245462,442.107822,0.1,58.09
6573,Nominal,0.404568344,443.382524,0.1,58.09
6574,Nominal,0.192799076,306.080102,0.1,58.09
6575,Nominal,0.213704988,322.247794,0.1,58.09
6576,Nominal,0.392953932,436.971832,0.1,58.09
6577,Nominal,0.198606268,310.655536,0.1,58.09
6578,Nominal,0.412698418,447.815400,0.1,58.09
6579,Nominal,0.267131239,360.283988,0.1,58.09
6580,Nominal,0.190476194,304.230657,0.1,58.09
6581,Nominal,0.260549754,355.818034,0.1,58.09
6582,Nominal,0.278745651,368.032925,0.1,58.09
6583,Nominal,0.313588858,390.357865,0.1,58.09
6584,Nominal,0.243515298,343.989944,0.1,58.09
6585,Nominal,0.185056135,299.870930,0.1,58.09
6586,Nominal,0.231513739,335.406139,0.1,58.09
6587,Nominal,0.217963606,325.442760,0.1,58.09
6588,Nominal,0.287650019,373.865014,0.1,58.09
6589,Nominal,0.255516827,352.364685,0.1,58.09
6590,Nominal,0.259388298,355.024081,0.1,58.09
6591,Nominal,0.267905533,360.805762,0.1,58.09
6592,Nominal,0.436314374,460.449900,0.1,58.09
6593,Nominal,0.390631050,435.678374,0.1,58.09
6594,Nominal,0.416182727,449.701823,0.1,58.09
6595,Nominal,0.351142079,413.070386,0.1,58.09
6596,Nominal,0.279907078,368.798854,0.1,58.09
6597,Nominal,0.444057286,464.517545,0.1,58.09
6598,Nominal,0.192799076,306.080102,0.1,58.09
6599,Nominal,0.215640724,323.703960,0.1,58.09
6600,Nominal,0.276035607,366.239495,0.1,58.09
6601,Nominal,0.188927606,302.991422,0.1,58.09
6602,Nominal,0.352303535,413.752969,0.1,58.09
6603,Nominal,0.250096798,348.607469,0.1,58.09
6604,Nominal,0.207123503,317.246847,0.1,58.09
6605,Nominal,0.234998062,337.920674,0.1,58.09
6606,Nominal,0.242353857,343.168637,0.1,58.09
6607,Nominal,0.219899341,326.884695,0.1,58.09
6608,Nominal,0.223770812,329.749649,0.1,58.09
6609,Nominal,0.192024782,305.464864,0.1,58.09
6610,Nominal,0.218737900,326.020299,0.1,58.09
6611,Nominal,0.203252032,314.267934,0.1,58.09
6612,Nominal,0.280294240,369.053823,0.1,58.09
6613,Nominal,0.232288033,335.966551,0.1,58.09
6614,Nominal,0.220286489,327.172319,0.1,58.09
6615,Nominal,0.286488593,373.109485,0.1,58.09
6616,Nominal,0.316686034,392.280823,0.1,58.09
6617,Nominal,0.419667065,451.580382,0.1,58.09
6618,Nominal,0.407278359,444.865052,0.1,58.09
6619,Nominal,0.269454122,361.847051,0.1,58.09
6620,Nominal,0.255903989,352.631537,0.1,58.09
6621,Nominal,0.431668609,457.991963,0.1,58.09
6622,Nominal,0.207510650,317.543201,0.1,58.09
6623,Nominal,0.179636076,295.446876,0.1,58.09
6624,Nominal,0.283004254,370.833623,0.1,58.09
6625,Nominal,0.161827326,280.419720,0.1,58.09
6626,Nominal,0.432055742,458.197287,0.1,58.09
6627,Nominal,0.255516827,352.364685,0.1,58.09
6628,Nominal,0.212156400,321.078105,0.1,58.09
6629,Nominal,0.238095239,340.140212,0.1,58.09
6630,Nominal,0.293844372,377.869041,0.1,58.09
6631,Nominal,0.262872636,357.400629,0.1,58.09
6632,Nominal,0.238869533,340.692837,0.1,58.09
6633,Nominal,0.133178473,254.389767,0.1,58.09
6634,Nominal,0.226480842,331.740395,0.1,58.09
6635,Nominal,0.168021679,285.736212,0.1,58.09
6636,Nominal,0.212156400,321.078105,0.1,58.09
6637,Nominal,0.232675180,336.246406,0.1,58.09
6638,Nominal,0.221835077,328.320297,0.1,58.09
6639,Nominal,0.220673636,327.459691,0.1,58.09
6640,Nominal,0.205574915,316.058651,0.1,58.09
6641,Nominal,0.315911740,391.800969,0.1,58.09
6642,Nominal,0.381726682,430.684142,0.1,58.09
6643,Nominal,0.213704988,322.247794,0.1,58.09
6644,Nominal,0.237320945,339.586688,0.1,58.09
6645,Nominal,0.419667065,451.580382,0.1,58.09
6646,Nominal,0.202090591,313.368739,0.1,58.09
6647,Nominal,0.162601620,281.089781,0.1,58.09
6648,Nominal,0.211382121,320.491671,0.1,58.09
6649,Nominal,0.133178473,254.389767,0.1,58.09
6650,Nominal,0.306233048,385.752413,0.1,58.09
6651,Nominal,0.159117311,278.061805,0.1,58.09
6652,Nominal,0.194347665,307.306882,0.1,58.09
6653,Nominal,0.165698797,283.754201,0.1,58.09
6654,Nominal,0.166085944,284.085496,0.1,58.09
6655,Nominal,0.154471546,273.972435,0.1,58.09
6656,Nominal,0.195509091,308.223751,0.1,58.09
6657,Nominal,0.149051487,269.122978,0.1,58.09
6658,Nominal,0.163375914,281.758248,0.1,58.09
6659,Nominal,0.116531163,237.959838,0.1,58.09
6660,Nominal,0.181184664,296.717622,0.1,58.09
6661,Nominal,0.120015487,241.491177,0.1,58.09
6662,Nominal,0.113046847,234.375305,0.1,58.09
6663,Nominal,0.243902445,344.263278,0.1,58.09
6664,Nominal,0.146728605,267.017679,0.1,58.09
6665,Nominal,0.401084006,441.469083,0.1,58.09
6666,Nominal,0.385985285,433.079869,0.1,58.09
6667,Nominal,0.113433994,234.776290,0.1,58.09
6668,Nominal,0.125435546,246.883994,0.1,58.09
6669,Nominal,0.371273726,424.746424,0.1,58.09
6670,Missing_Intentional,0.034843206,130.119288,0.1,58.09
6671,Nominal,0.106852494,227.863600,0.1,58.09
6672,Nominal,0.089430891,208.461761,0.1,58.09
6673,Nominal,0.080913663,198.286686,0.1,58.09
6674,Nominal,0.391405344,436.109953,0.1,58.09
6675,Nominal,0.157568723,276.705397,0.1,58.09
6676,Nominal,0.180410370,296.082931,0.1,58.09
6677,Nominal,0.129694149,251.039935,0.1,58.09
6678,Nominal,0.195121944,307.918427,0.1,58.09
6679,Nominal,0.141695708,262.398272,0.1,58.09
6680,Nominal,0.234610915,337.642206,0.1,58.09
6681,Nominal,0.061169185,172.404647,0.1,58.09
6682,Nominal,0.212930694,321.663481,0.1,58.09
6683,Nominal,0.071235001,186.049857,0.1,58.09
6684,Nominal,0.083623692,201.579931,0.1,58.09
6685,Nominal,0.125435546,246.883994,0.1,58.09
6686,Nominal,0.075493611,191.530403,0.1,58.09
6687,Nominal,0.119628340,241.101360,0.1,58.09
6688,Nominal,0.054587688,162.865829,0.1,58.09
6689,Nominal,0.034843206,130.119288,0.1,58.09
6690,Nominal,0.089818038,208.912490,0.1,58.09
6691,Missing_Unintentional,0.023228804,106.241953,0.1,58.09
6692,Nominal,0.040650405,140.544890,0.1,58.09
6693,Nominal,0.306233048,385.752413,0.1,58.09
6694,Nominal,0.339527667,406.181563,0.1,58.09
6695,Nominal,0.061943475,173.492380,0.1,58.09
6696,Nominal,0.076655053,192.998092,0.1,58.09
6697,Nominal,0.401471168,441.682104,0.1,58.09
6698,Nominal,0.171506003,288.683715,0.1,58.09
6699,Nominal,0.097948119,218.162787,0.1,58.09
6700,Missing_Unintentional,0.032133177,124.956673,0.1,58.09
6701,Nominal,0.044134729,146.444428,0.1,58.09
6702,Nominal,0.363917917,420.517759,0.1,58.09
6703,Nominal,0.045683313,148.991475,0.1,58.09
6704,Nominal,0.205187768,315.760903,0.1,58.09
6705,Missing_Unintentional,0.038714673,137.157772,0.1,58.09
6706,Nominal,0.081687957,199.233168,0.1,58.09
6707,Nominal,0.050329074,156.383919,0.1,58.09
6708,Nominal,0.236159503,338.754705,0.1,58.09
6709,Nominal,0.230352297,334.563760,0.1,58.09
6710,Nominal,0.213317841,321.955770,0.1,58.09
6711,Nominal,0.229965150,334.282496,0.1,58.09
6712,Nominal,0.167247385,285.077072,0.1,58.09
6713,Nominal,0.220286489,327.172319,0.1,58.09
6714,Nominal,0.149825782,269.821094,0.1,58.09
6715,Nominal,0.226480842,331.740395,0.1,58.09
6716,Nominal,0.436701506,460.654128,0.1,58.09
6717,Nominal,0.281455666,369.817638,0.1,58.09
6718,Nominal,0.290360034,375.622018,0.1,58.09
6719,Nominal,0.382500976,431.120721,0.1,58.09
6720,Nominal,0.373983741,426.293767,0.1,58.09
6721,Nominal,0.220286489,327.172319,0.1,58.09
6722,Nominal,0.175764620,292.245850,0.1,58.09
6723,Nominal,0.268679827,361.326782,0.1,58.09
6724,Nominal,0.376306623,427.615613,0.1,58.09
6725,Nominal,0.215253577,323.413252,0.1,58.09
6726,Nominal,0.313201696,390.116819,0.1,58.09
6727,Nominal,0.330236167,400.585237,0.1,58.09
6728,Nominal,0.239256680,340.968814,0.1,58.09
6729,Nominal,0.267905533,360.805762,0.1,58.09
6730,Nominal,0.273325592,364.437259,0.1,58.09
6731,Nominal,0.225706547,331.172832,0.1,58.09
6732,Nominal,0.212543547,321.370926,0.1,58.09
6733,Nominal,0.201316297,312.767839,0.1,58.09
6734,Nominal,0.213704988,322.247794,0.1,58.09
6735,Nominal,0.223383665,329.464274,0.1,58.09
6736,Nominal,0.250483930,348.877175,0.1,58.09
6737,Nominal,0.306233048,385.752413,0.1,58.09
6738,Nominal,0.266744107,360.022828,0.1,58.09
6739,Nominal,0.271002710,362.885353,0.1,58.09
6740,Nominal,0.447154462,466.134671,0.1,58.09
6741,Nominal,0.385210991,432.645267,0.1,58.09
6742,Nominal,0.321331799,395.147715,0.1,58.09
6743,Nominal,0.418505609,450.955060,0.1,58.09
6744,Nominal,0.474254757,480.052207,0.1,58.09
6745,Nominal,0.387921035,434.164478,0.1,58.09
6746,Nominal,0.247773901,346.984761,0.1,58.09
6747,Nominal,0.198606268,310.655536,0.1,58.09
6748,Nominal,0.365466505,421.411529,0.1,58.09
6749,Nominal,0.246225312,345.898733,0.1,58.09
6750,Nominal,0.430894315,457.581023,0.1,58.09
6751,Nominal,0.307394505,386.483246,0.1,58.09
6752,Nominal,0.210607827,319.904151,0.1,58.09
6753,Nominal,0.261711180,356.610200,0.1,58.09
6754,Nominal,0.327526122,398.938173,0.1,58.09
6755,Nominal,0.297328681,380.102761,0.1,58.09
6756,Nominal,0.219512194,326.596817,0.1,58.09
6757,Nominal,0.204413474,315.164564,0.1,58.09
6758,Nominal,0.209833533,319.315550,0.1,58.09
6759,Nominal,0.204800621,315.462875,0.1,58.09
6760,Nominal,0.245451033,345.354449,0.1,58.09
6761,Nominal,0.271777004,363.403391,0.1,58.09
6762,Nominal,0.261324048,356.346347,0.1,58.09
6763,Nominal,0.260549754,355.818034,0.1,58.09
6764,Nominal,0.410762668,446.763933,0.1,58.09
6765,Nominal,0.392566770,436.756513,0.1,58.09
6766,Nominal,0.390631050,435.678374,0.1,58.09
6767,Nominal,0.381726682,430.684142,0.1,58.09
6768,Nominal,0.403019756,442.533131,0.1,58.09
6769,Nominal,0.356949270,416.472060,0.1,58.09
6770,Nominal,0.222609371,328.892783,0.1,58.09
6771,Nominal,0.242741004,343.442624,0.1,58.09
6772,Nominal,0.374370873,426.514351,0.1,58.09
6773,Nominal,0.231513739,335.406139,0.1,58.09
6774,Nominal,0.371273726,424.746424,0.1,58.09
6775,Nominal,0.279519945,368.543727,0.1,58.09
6776,Nominal,0.191637635,305.156780,0.1,58.09
6777,Nominal,0.329461873,400.115342,0.1,58.09
6778,Nominal,0.316686034,392.280823,0.1,58.09
6779,Nominal,0.302361608,383.306289,0.1,58.09
6780,Nominal,0.230352297,334.563760,0.1,58.09
6781,Nominal,0.212543547,321.370926,0.1,58.09
6782,Nominal,0.212156400,321.078105,0.1,58.09
6783,Nominal,0.199380562,311.260514,0.1,58.09
6784,Nominal,0.257065415,353.430845,0.1,58.09
6785,Nominal,0.264421225,358.451811,0.1,58.09
6786,Nominal,0.257452577,353.696893,0.1,58.09
6787,Nominal,0.288037181,374.116531,0.1,58.09
6788,Nominal,0.374370873,426.514351,0.1,58.09
6789,Nominal,0.363530785,420.294028,0.1,58.09
6790,Nominal,0.422377080,453.036083,0.1,58.09
6791,Nominal,0.328300416,399.409453,0.1,58.09
6792,Nominal,0.387533873,433.947766,0.1,58.09
6793,Nominal,0.487030596,486.475244,0.1,58.09
6794,Nominal,0.186217576,300.810476,0.1,58.09
6795,Nominal,0.184668988,299.557093,0.1,58.09
6796,Nominal,0.328687578,399.644894,0.1,58.09
6797,Nominal,0.193960518,307.000646,0.1,58.09
6798,Nominal,0.389082462,434.813931,0.1,58.09
6799,Nominal,0.291521490,376.372523,0.1,58.09
6800,Nominal,0.199380562,311.260514,0.1,58.09
6801,Nominal,0.267905533,360.805762,0.1,58.09
6802,Nominal,0.274099886,364.953094,0.1,58.09
6803,Nominal,0.257452577,353.696893,0.1,58.09
6804,Nominal,0.212543547,321.370926,0.1,58.09
6805,Nominal,0.200542003,312.165782,0.1,58.09
6806,Nominal,0.193573371,306.694105,0.1,58.09
6807,Nominal,0.188927606,302.991422,0.1,58.09
6808,Nominal,0.265195519,358.976247,0.1,58.09
6809,Nominal,0.278358489,367.777247,0.1,58.09
6810,Nominal,0.242353857,343.168637,0.1,58.09
6811,Nominal,0.253581107,351.027442,0.1,58.09
6812,Nominal,0.392179638,436.541105,0.1,58.09
6813,Nominal,0.501742184,493.767988,0.1,58.09
6814,Nominal,0.436701506,460.654128,0.1,58.09
6815,Nominal,0.238869533,340.692837,0.1,58.09
6816,Nominal,0.354626417,415.114750,0.1,58.09
6817,Nominal,0.417344183,450.328885,0.1,58.09
6818,Nominal,0.197057679,309.442032,0.1,58.09
6819,Nominal,0.200154856,311.864318,0.1,58.09
6820,Nominal,0.293844372,377.869041,0.1,58.09
6821,Nominal,0.178474635,294.490218,0.1,58.09
6822,Nominal,0.378629506,428.933385,0.1,58.09
6823,Nominal,0.259388298,355.024081,0.1,58.09
6824,Nominal,0.192411929,305.772638,0.1,58.09
6825,Nominal,0.253968269,351.295310,0.1,58.09
6826,Nominal,0.260162592,355.553573,0.1,58.09
6827,Nominal,0.213317841,321.955770,0.1,58.09
6828,Nominal,0.231900886,335.686462,0.1,58.09
6829,Nominal,0.168408826,286.065212,0.1,58.09
6830,Nominal,0.194734812,307.612812,0.1,58.09
6831,Nominal,0.170731708,288.031321,0.1,58.09
6832,Nominal,0.202090591,313.368739,0.1,58.09
6833,Nominal,0.220286489,327.172319,0.1,58.09
6834,Nominal,0.202090591,313.368739,0.1,58.09
6835,Nominal,0.245063886,345.081979,0.1,58.09
6836,Nominal,0.336430520,404.324740,0.1,58.09
6837,Nominal,0.485094845,485.507510,0.1,58.09
6838,Nominal,0.458768874,472.149566,0.1,58.09
6839,Nominal,0.298877269,381.091328,0.1,58.09
6840,Nominal,0.175764620,292.245850,0.1,58.09
6841,Nominal,0.416957021,450.119956,0.1,58.09
6842,Nominal,0.203252032,314.267934,0.1,58.09
6843,Nominal,0.170344561,287.704569,0.1,58.09
6844,Nominal,0.259001166,354.759049,0.1,58.09
6845,Nominal,0.167634532,285.406832,0.1,58.09
6846,Nominal,0.307007343,386.239782,0.1,58.09
6847,Nominal,0.293070078,377.370861,0.1,58.09
6848,Nominal,0.201703444,313.068433,0.1,58.09
6849,Nominal,0.279519945,368.543727,0.1,58.09
6850,Nominal,0.244676739,344.809295,0.1,58.09
6851,Nominal,0.238482386,340.416637,0.1,58.09
6852,Nominal,0.243128151,343.716393,0.1,58.09
6853,Nominal,0.137437090,258.425044,0.1,58.09
6854,Nominal,0.230352297,334.563760,0.1,58.09
6855,Nominal,0.133565620,254.759251,0.1,58.09
6856,Nominal,0.201703444,313.068433,0.1,58.09
6857,Nominal,0.257065415,353.430845,0.1,58.09
6858,Nominal,0.235385209,338.198913,0.1,58.09
6859,Nominal,0.249709636,348.337534,0.1,58.09
6860,Nominal,0.229965150,334.282496,0.1,58.09
6861,Nominal,0.399535418,440.616001,0.1,58.09
6862,Nominal,0.352690667,413.980234,0.1,58.09
6863,Nominal,0.233062327,336.526030,0.1,58.09
6864,Nominal,0.236159503,338.754705,0.1,58.09
6865,Nominal,0.389082462,434.813931,0.1,58.09
6866,Nominal,0.229190856,333.719256,0.1,58.09
6867,Nominal,0.135888502,256.965002,0.1,58.09
6868,Nominal,0.214092135,322.539553,0.1,58.09
6869,Nominal,0.141308561,262.039559,0.1,58.09
6870,Nominal,0.443670154,464.315017,0.1,58.09
6871,Nominal,0.219899341,326.884695,0.1,58.09
6872,Nominal,0.202864885,313.968489,0.1,58.09
6873,Nominal,0.158343017,277.384430,0.1,58.09
6874,Nominal,0.249322489,348.067400,0.1,58.09
6875,Nominal,0.176926062,293.209831,0.1,58.09
6876,Nominal,0.206349209,316.653306,0.1,58.09
6877,Nominal,0.140921414,261.680354,0.1,58.09
6878,Nominal,0.219512194,326.596817,0.1,58.09
6879,Nominal,0.129307002,250.664968,0.1,58.09
6880,Nominal,0.087495163,206.193345,0.1,58.09
6881,Nominal,0.160665900,279.411629,0.1,58.09
6882,Nominal,0.106465347,227.450429,0.1,58.09
6883,Nominal,0.136662796,257.696057,0.1,58.09
6884,Nominal,0.166473091,284.416406,0.1,58.09
6885,Nominal,0.372822315,425.631314,0.1,58.09
6886,Nominal,0.343786299,408.720956,0.1,58.09
6887,Nominal,0.109175377,230.327064,0.1,58.09
6888,Nominal,0.117692605,239.142745,0.1,58.09
6889,Nominal,0.466898948,476.314794,0.1,58.09
6890,Nominal,0.201703444,313.068433,0.1,58.09
6891,Nominal,0.103755325,224.536951,0.1,58.09
6892,Nominal,0.084785134,202.974966,0.1,58.09
6893,Nominal,0.079365082,196.380046,0.1,58.09
6894,Nominal,0.398373991,439.975112,0.1,58.09
6895,Nominal,0.218737900,326.020299,0.1,58.09
6896,Nominal,0.230352297,334.563760,0.1,58.09
6897,Nominal,0.132791325,254.019745,0.1,58.09
6898,Nominal,0.240418121,341.795407,0.1,58.09
6899,Nominal,0.159891605,278.737534,0.1,58.09
6900,Nominal,0.251258224,349.415982,0.1,58.09
6901,Nominal,0.060007744,170.760049,0.1,58.09
6902,Nominal,0.221835077,328.320297,0.1,58.09
6903,Nominal,0.064266354,176.715422,0.1,58.09
6904,Nominal,0.097948119,218.162787,0.1,58.09
6905,Nominal,0.164537355,282.757985,0.1,58.09
6906,Nominal,0.072396435,187.560427,0.1,58.09
6907,Nominal,0.148277193,268.423046,0.1,58.09
6908,Missing_Unintentional,0.000000000,0.000000,0.1,58.09
6909,Missing_Unintentional,0.008130081,62.853586,0.1,58.09
6910,Missing_Unintentional,0.008130081,62.853586,0.1,58.09
6911,Missing_Unintentional,0.000387147,13.715777,0.1,58.09
6912,Nominal,0.097948119,218.162787,0.1,58.09
6913,Nominal,0.272938430,364.179057,0.1,58.09
6914,Nominal,0.336430520,404.324740,0.1,58.09
6915,Nominal,0.073945023,189.555809,0.1,58.09
6916,Nominal,0.034068912,128.665395,0.1,58.09
6917,Nominal,0.375145167,426.955193,0.1,58.09
6918,Nominal,0.219125047,326.308686,0.1,58.09
6919,Nominal,0.111498259,232.764458,0.1,58.09
6920,Nominal,0.060782038,171.858197,0.1,58.09
6921,Missing_Unintentional,0.025938831,112.268475,0.1,58.09
6922,Nominal,0.322493225,395.861185,0.1,58.09
6923,Nominal,0.117305458,238.749094,0.1,58.09
6924,Nominal,0.210607827,319.904151,0.1,58.09
6925,Nominal,0.077429347,193.970382,0.1,58.09
6926,Nominal,0.119628340,241.101360,0.1,58.09
6927,Nominal,0.058459155,168.542290,0.1,58.09
6928,Nominal,0.196283385,308.833492,0.1,58.09
6929,Nominal,0.246225312,345.898733,0.1,58.09
6930,Nominal,0.185056135,299.870930,0.1,58.09
6931,Nominal,0.225706547,331.172832,0.1,58.09
6932,Nominal,0.155245841,274.658225,0.1,58.09
6933,Nominal,0.264034063,358.189295,0.1,58.09
6934,Nominal,0.198993415,310.958172,0.1,58.09
6935,Nominal,0.223383665,329.464274,0.1,58.09
6936,Nominal,0.339914829,406.413081,0.1,58.09
6937,Nominal,0.170731708,288.031321,0.1,58.09
6938,Nominal,0.292682916,377.121514,0.1,58.09
6939,Nominal,0.389082462,434.813931,0.1,58.09
6940,Nominal,0.397986829,439.761264,0.1,58.09
6941,Nominal,0.277971357,367.521412,0.1,58.09
6942,Nominal,0.157181576,276.365255,0.1,58.09
6943,Nominal,0.255903989,352.631537,0.1,58.09
6944,Nominal,0.399922580,440.829435,0.1,58.09
6945,Nominal,0.243902445,344.263278,0.1,58.09
6946,Nominal,0.365466505,421.411529,0.1,58.09
6947,Nominal,0.266356945,359.761458,0.1,58.09
6948,Nominal,0.204800621,315.462875,0.1,58.09
6949,Nominal,0.229965150,334.282496,0.1,58.09
6950,Nominal,0.269454122,361.847051,0.1,58.09
6951,Nominal,0.185056135,299.870930,0.1,58.09
6952,Nominal,0.203252032,314.267934,0.1,58.09
6953,Nominal,0.216415018,324.284596,0.1,58.09
6954,Nominal,0.210607827,319.904151,0.1,58.09
6955,Nominal,0.211382121,320.491671,0.1,58.09
6956,Nominal,0.274099886,364.953094,0.1,58.09
6957,Nominal,0.340689123,406.875703,0.1,58.09
6958,Nominal,0.257839710,353.962720,0.1,58.09
6959,Nominal,0.324041814,396.810495,0.1,58.09
6960,Nominal,0.458381712,471.950297,0.1,58.09
6961,Nominal,0.361982197,419.397877,0.1,58.09
6962,Nominal,0.349593490,412.158529,0.1,58.09
6963,Nominal,0.385210991,432.645267,0.1,58.09
6964,Nominal,0.381339520,430.465679,0.1,58.09
6965,Nominal,0.337204814,404.789749,0.1,58.09
6966,Nominal,0.195509091,308.223751,0.1,58.09
6967,Nominal,0.218350753,325.731658,0.1,58.09
6968,Nominal,0.357336432,416.697861,0.1,58.09
6969,Nominal,0.221060783,327.746811,0.1,58.09
6970,Nominal,0.459543169,472.547837,0.1,58.09
6971,Nominal,0.297715843,380.350153,0.1,58.09
6972,Nominal,0.253193974,350.759390,0.1,58.09
6973,Nominal,0.254355401,351.562953,0.1,58.09
6974,Nominal,0.276035607,366.239495,0.1,58.09
6975,Nominal,0.237708092,339.863562,0.1,58.09
6976,Nominal,0.213317841,321.955770,0.1,58.09
6977,Nominal,0.232288033,335.966551,0.1,58.09
6978,Nominal,0.221835077,328.320297,0.1,58.09
6979,Nominal,0.210994974,320.198046,0.1,58.09
6980,Nominal,0.246999606,346.442172,0.1,58.09
6981,Nominal,0.318234622,393.238776,0.1,58.09
6982,Nominal,0.281455666,369.817638,0.1,58.09
6983,Nominal,0.289585739,375.120854,0.1,58.09
6984,Nominal,0.344560593,409.180968,0.1,58.09
6985,Nominal,0.365079373,421.188273,0.1,58.09
6986,Nominal,0.249709636,348.337534,0.1,58.09
6987,Nominal,0.289198607,374.870030,0.1,58.09
6988,Nominal,0.358497858,417.374494,0.1,58.09
6989,Nominal,0.382500976,431.120721,0.1,58.09
6990,Nominal,0.228416577,333.155074,0.1,58.09
6991,Nominal,0.209446386,319.020842,0.1,58.09
6992,Nominal,0.368176550,422.971090,0.1,58.09
6993,Nominal,0.192411929,305.772638,0.1,58.09
6994,Nominal,0.343399137,408.490746,0.1,58.09
6995,Nominal,0.283004254,370.833623,0.1,58.09
6996,Nominal,0.202090591,313.368739,0.1,58.09
6997,Nominal,0.276035607,366.239495,0.1,58.09
6998,Nominal,0.277971357,367.521412,0.1,58.09
6999,Nominal,0.235385209,338.198913,0.1,58.09
7000,Nominal,0.237708092,339.863562,0.1,58.09
7001,Nominal,0.194734812,307.612812,0.1,58.09
7002,Nominal,0.213704988,322.247794,0.1,58.09
7003,Nominal,0.210994974,320.198046,0.1,58.09
7004,Nominal,0.298102975,380.597365,0.1,58.09
7005,Nominal,0.337204814,404.789749,0.1,58.09
7006,Nominal,0.284552842,371.846833,0.1,58.09
7007,Nominal,0.301587313,382.815185,0.1,58.09
7008,Nominal,0.423151374,453.451142,0.1,58.09
7009,Nominal,0.375919461,427.395581,0.1,58.09
7010,Nominal,0.400696874,441.255975,0.1,58.09
7011,Nominal,0.337979108,405.254224,0.1,58.09
7012,Nominal,0.349980652,412.386691,0.1,58.09
7013,Nominal,0.378629506,428.933385,0.1,58.09
7014,Nominal,0.209833533,319.315550,0.1,58.09
7015,Nominal,0.202090591,313.368739,0.1,58.09
7016,Nominal,0.336430520,404.324740,0.1,58.09
7017,Nominal,0.186217576,300.810476,0.1,58.09
7018,Nominal,0.365853667,421.634684,0.1,58.09
7019,Nominal,0.269454122,361.847051,0.1,58.09
7020,Nominal,0.183894694,298.928430,0.1,58.09
7021,Nominal,0.218737900,326.020299,0.1,58.09
7022,Nominal,0.261324048,356.346347,0.1,58.09
7023,Nominal,0.244289592,344.536394,0.1,58.09
7024,Nominal,0.209833533,319.315550,0.1,58.09
7025,Nominal,0.184668988,299.557093,0.1,58.09
7026,Nominal,0.204800621,315.462875,0.1,58.09
7027,Nominal,0.172280297,289.334637,0.1,58.09
7028,Nominal,0.280681372,369.308597,0.1,58.09
7029,Nominal,0.289585739,375.120854,0.1,58.09
7030,Nominal,0.266356945,359.761458,0.1,58.09
7031,Nominal,0.289198607,374.870030,0.1,58.09
7032,Nominal,0.424312800,454.073011,0.1,58.09
7033,Nominal,0.467286110,476.512238,0.1,58.09
7034,Nominal,0.382500976,431.120721,0.1,58.09
7035,Nominal,0.343786299,408.720956,0.1,58.09
7036,Nominal,0.353077829,414.207393,0.1,58.09
7037,Nominal,0.367789388,422.748640,0.1,58.09
7038,Nominal,0.198606268,310.655536,0.1,58.09
7039,Nominal,0.200542003,312.165782,0.1,58.09
7040,Nominal,0.301587313,382.815185,0.1,58.09
7041,Nominal,0.187379017,301.747097,0.1,58.09
7042,Nominal,0.348044902,411.244650,0.1,58.09
7043,Nominal,0.243902445,344.263278,0.1,58.09
7044,Nominal,0.206736356,316.950215,0.1,58.09
7045,Nominal,0.222222224,328.606665,0.1,58.09
7046,Nominal,0.217189312,324.864194,0.1,58.09
7047,Nominal,0.201316297,312.767839,0.1,58.09
7048,Nominal,0.176926062,293.209831,0.1,58.09
7049,Nominal,0.141695708,262.398272,0.1,58.09
7050,Nominal,0.174216032,290.955574,0.1,58.09
7051,Nominal,0.153697252,273.284924,0.1,58.09
7052,Nominal,0.269066989,361.587020,0.1,58.09
7053,Nominal,0.279907078,368.798854,0.1,58.09
7054,Nominal,0.267131239,360.283988,0.1,58.09
7055,Nominal,0.293070078,377.370861,0.1,58.09
7056,Nominal,0.292682916,377.121514,0.1,58.09
7057,Nominal,0.463801771,474.732347,0.1,58.09
7058,Nominal,0.407278359,444.865052,0.1,58.09
7059,Nominal,0.237320945,339.586688,0.1,58.09
7060,Nominal,0.286488593,373.109485,0.1,58.09
7061,Nominal,0.388308167,434.381064,0.1,58.09
7062,Nominal,0.204413474,315.164564,0.1,58.09
7063,Nominal,0.176926062,293.209831,0.1,58.09
7064,Nominal,0.271002710,362.885353,0.1,58.09
7065,Nominal,0.160278752,279.074785,0.1,58.09
7066,Nominal,0.375145167,426.955193,0.1,58.09
7067,Nominal,0.228803724,333.437290,0.1,58.09
7068,Nominal,0.217576459,325.153606,0.1,58.09
7069,Nominal,0.202477738,313.668757,0.1,58.09
7070,Nominal,0.248935342,347.797056,0.1,58.09
7071,Nominal,0.187766165,302.058659,0.1,58.09
7072,Nominal,0.188153312,302.369900,0.1,58.09
7073,Nominal,0.103368178,224.117646,0.1,58.09
7074,Nominal,0.199380562,311.260514,0.1,58.09
7075,Nominal,0.121176928,242.656870,0.1,58.09
7076,Nominal,0.218737900,326.020299,0.1,58.09
7077,Nominal,0.328687578,399.644894,0.1,58.09
7078,Nominal,0.265195519,358.976247,0.1,58.09
7079,Nominal,0.277197063,367.009186,0.1,58.09
7080,Nominal,0.194347665,307.306882,0.1,58.09
7081,Nominal,0.375532329,427.175452,0.1,58.09
7082,Nominal,0.375919461,427.395581,0.1,58.09
7083,Nominal,0.224157959,330.034776,0.1,58.09
7084,Nominal,0.272164136,363.662124,0.1,58.09
7085,Nominal,0.405342638,443.806611,0.1,58.09
7086,Nominal,0.225706547,331.172832,0.1,58.09
7087,Nominal,0.149825782,269.821094,0.1,58.09
7088,Nominal,0.163763061,282.091887,0.1,58.09
7089,Nominal,0.123499803,244.971609,0.1,58.09
7090,Nominal,0.348432064,411.473319,0.1,58.09
7091,Nominal,0.254355401,351.562953,0.1,58.09
7092,Nominal,0.209059238,318.725862,0.1,58.09
7093,Nominal,0.162988767,281.424213,0.1,58.09
7094,Nominal,0.255903989,352.631537,0.1,58.09
7095,Nominal,0.183120400,298.298443,0.1,58.09
7096,Nominal,0.152922958,272.595679,0.1,58.09
7097,Nominal,0.049167633,154.568956,0.1,58.09
7098,Nominal,0.158343017,277.384430,0.1,58.09
7099,Nominal,0.078590788,195.419746,0.1,58.09
7100,Nominal,0.138211384,259.151980,0.1,58.09
7101,Nominal,0.228803724,333.437290,0.1,58.09
7102,Nominal,0.138598531,259.514684,0.1,58.09
7103,Nominal,0.185830429,300.497621,0.1,58.09
7104,Nominal,0.174990326,291.601426,0.1,58.09
7105,Nominal,0.410375535,446.553352,0.1,58.09
7106,Nominal,0.380952388,430.247121,0.1,58.09
7107,Nominal,0.123112656,244.587340,0.1,58.09
7108,Nominal,0.090205185,209.362248,0.1,58.09
7109,Nominal,0.384823859,432.427811,0.1,58.09
7110,Nominal,0.203252032,314.267934,0.1,58.09
7111,Nominal,0.116144016,237.564226,0.1,58.09
7112,Nominal,0.090979479,210.258880,0.1,58.09
7113,Nominal,0.076655053,192.998092,0.1,58.09
7114,Nominal,0.368950844,423.415621,0.1,58.09
7115,Nominal,0.135114208,256.231862,0.1,58.09
7116,Nominal,0.221447930,328.033679,0.1,58.09
7117,Nominal,0.075880758,192.020879,0.1,58.09
7118,Nominal,0.133565620,254.759251,0.1,58.09
7119,Nominal,0.080913663,198.286686,0.1,58.09
7120,Nominal,0.227642283,332.589925,0.1,58.09
7121,Nominal,0.057297714,166.859628,0.1,58.09
7122,Nominal,0.186217576,300.810476,0.1,58.09
7123,Nominal,0.054587688,162.865829,0.1,58.09
7124,Nominal,0.099109560,219.452431,0.1,58.09
7125,Nominal,0.222222224,328.606665,0.1,58.09
7126,Nominal,0.105691060,226.621834,0.1,58.09
7127,Nominal,0.172280297,289.334637,0.1,58.09
7128,Missing_Unintentional,0.007355788,59.785686,0.1,58.09
7129,Nominal,0.050716221,156.984244,0.1,58.09
7130,Missing_Unintentional,0.013162989,79.976038,0.1,58.09
7131,Missing_Unintentional,0.012001549,76.366216,0.1,58.09
7132,Nominal,0.103755325,224.536951,0.1,58.09
7133,Nominal,0.273325592,364.437259,0.1,58.09
7134,Nominal,0.303523034,384.041759,0.1,58.09
7135,Nominal,0.038714673,137.157772,0.1,58.09
7136,Nominal,0.063492067,175.647655,0.1,58.09
7137,Nominal,0.443282992,464.112384,0.1,58.09
7138,Nominal,0.246225312,345.898733,0.1,58.09
7139,Nominal,0.060782038,171.858197,0.1,58.09
7140,Nominal,0.066976383,180.402881,0.1,58.09
7141,Missing_Unintentional,0.032520324,125.707171,0.1,58.09
7142,Nominal,0.310104519,388.183141,0.1,58.09
7143,Nominal,0.144792870,265.250499,0.1,58.09
7144,Nominal,0.234998062,337.920674,0.1,58.09
7145,Nominal,0.064266354,176.715422,0.1,58.09
7146,Nominal,0.155245841,274.658225,0.1,58.09
7147,Nominal,0.065040648,177.776787,0.1,58.09
7148,Nominal,0.199380562,311.260514,0.1,58.09
7149,Nominal,0.221447930,328.033679,0.1,58.09
7150,Nominal,0.189701900,303.611671,0.1,58.09
7151,Nominal,0.233449474,336.805421,0.1,58.09
7152,Nominal,0.184281841,299.242927,0.1,58.09
7153,Nominal,0.279519945,368.543727,0.1,58.09
7154,Nominal,0.193186224,306.387257,0.1,58.09
7155,Nominal,0.317460328,392.760092,0.1,58.09
7156,Nominal,0.354239255,414.888088,0.1,58.09
7157,Nominal,0.253968269,351.295310,0.1,58.09
7158,Nominal,0.232288033,335.966551,0.1,58.09
7159,Nominal,0.366627961,422.080623,0.1,58.09
7160,Nominal,0.334881932,403.393114,0.1,58.09
7161,Nominal,0.206349209,316.653306,0.1,58.09
7162,Nominal,0.178087488,294.170641,0.1,58.09
7163,Nominal,0.254742533,351.830393,0.1,58.09
7164,Nominal,0.465350360,475.524228,0.1,58.09
7165,Nominal,0.239256680,340.968814,0.1,58.09
7166,Nominal,0.285327137,372.352403,0.1,58.09
7167,Nominal,0.268292695,361.066376,0.1,58.09
7168,Nominal,0.220673636,327.459691,0.1,58.09
7169,Nominal,0.168795973,286.393834,0.1,58.09
7170,Nominal,0.276809901,366.752795,0.1,58.09
7171,Nominal,0.173441738,290.308285,0.1,58.09
7172,Nominal,0.193186224,306.387257,0.1,58.09
7173,Nominal,0.215640724,323.703960,0.1,58.09
7174,Nominal,0.185830429,300.497621,0.1,58.09
7175,Nominal,0.225319400,330.888685,0.1,58.09
7176,Nominal,0.241192415,342.345360,0.1,58.09
7177,Nominal,0.319783211,394.194401,0.1,58.09
7178,Nominal,0.255516827,352.364685,0.1,58.09
7179,Nominal,0.303910196,384.286615,0.1,58.09
7180,Nominal,0.343399137,408.490746,0.1,58.09
7181,Nominal,0.327138990,398.702333,0.1,58.09
7182,Nominal,0.301200151,382.569387,0.1,58.09
7183,Nominal,0.324041814,396.810495,0.1,58.09
7184,Nominal,0.458381712,471.950297,0.1,58.09
7185,Nominal,0.362369329,419.622086,0.1,58.09
7186,Nominal,0.227255136,332.306989,0.1,58.09
7187,Nominal,0.221060783,327.746811,0.1,58.09
7188,Nominal,0.375145167,426.955193,0.1,58.09
7189,Nominal,0.222222224,328.606665,0.1,58.09
7190,Nominal,0.397212535,439.333272,0.1,58.09
7191,Nominal,0.250483930,348.877175,0.1,58.09
7192,Nominal,0.211769268,320.785028,0.1,58.09
7193,Nominal,0.210607827,319.904151,0.1,58.09
7194,Nominal,0.284940004,372.099714,0.1,58.09
7195,Nominal,0.228029430,332.872619,0.1,58.09
7196,Nominal,0.198993415,310.958172,0.1,58.09
7197,Nominal,0.202864885,313.968489,0.1,58.09
7198,Nominal,0.200542003,312.165782,0.1,58.09
7199,Nominal,0.199767709,311.562562,0.1,58.09
7200,Nominal,0.262485474,357.137340,0.1,58.09
7201,Nominal,0.336430520,404.324740,0.1,58.09
7202,Nominal,0.258614004,354.493798,0.1,58.09
7203,Nominal,0.322493225,395.861185,0.1,58.09
7204,Nominal,0.428184271,456.139810,0.1,58.09
7205,Nominal,0.373983741,426.293767,0.1,58.09
7206,Nominal,0.384823859,432.427811,0.1,58.09
7207,Nominal,0.389469624,435.030211,0.1,58.09
7208,Nominal,0.445605874,465.326811,0.1,58.09
7209,Nominal,0.403019756,442.533131,0.1,58.09
7210,Nominal,0.233449474,336.805421,0.1,58.09
7211,Nominal,0.203252032,314.267934,0.1,58.09
7212,Nominal,0.354626417,415.114750,0.1,58.09
7213,Nominal,0.181958959,297.350959,0.1,58.09
7214,Nominal,0.387146741,433.730963,0.1,58.09
7215,Nominal,0.288424313,374.367859,0.1,58.09
7216,Nominal,0.206349209,316.653306,0.1,58.09
7217,Nominal,0.250096798,348.607469,0.1,58.09
7218,Nominal,0.278745651,368.032925,0.1,58.09
7219,Nominal,0.205962062,316.356118,0.1,58.09
7220,Nominal,0.216415018,324.284596,0.1,58.09
7221,Nominal,0.190863341,304.539678,0.1,58.09
7222,Nominal,0.236546651,339.032259,0.1,58.09
7223,Nominal,0.182346106,297.667122,0.1,58.09
7224,Nominal,0.272551298,363.920692,0.1,58.09
7225,Missing_Intentional,0.014324429,83.429814,0.1,58.09
7226,Nominal,0.269066989,361.587020,0.1,58.09
7227,Nominal,0.330623299,400.819969,0.1,58.09
7228,Nominal,0.403794050,442.958031,0.1,58.09
7229,Nominal,0.366627961,422.080623,0.1,58.09
7230,Nominal,0.352690667,413.980234,0.1,58.09
7231,Nominal,0.338366240,405.486253,0.1,58.09
7232,Nominal,0.391018182,435.894208,0.1,58.09
7233,Nominal,0.452574521,468.951223,0.1,58.09
7234,Nominal,0.223383665,329.464274,0.1,58.09
7235,Nominal,0.178861782,294.809449,0.1,58.09
7236,Nominal,0.326751828,398.466335,0.1,58.09
7237,Nominal,0.180410370,296.082931,0.1,58.09
7238,Nominal,0.393728226,437.402134,0.1,58.09
7239,Nominal,0.259388298,355.024081,0.1,58.09
7240,Nominal,0.216027871,323.994408,0.1,58.09
7241,Nominal,0.251645386,349.685085,0.1,58.09
7242,Nominal,0.268292695,361.066376,0.1,58.09
7243,Nominal,0.218350753,325.731658,0.1,58.09
7244,Nominal,0.205962062,316.356118,0.1,58.09
7245,Nominal,0.151374370,271.211935,0.1,58.09
7246,Nominal,0.213317841,321.955770,0.1,58.09
7247,Nominal,0.168408826,286.065212,0.1,58.09
7248,Nominal,0.250871092,349.146693,0.1,58.09
7249,Nominal,0.310878813,388.667463,0.1,58.09
7250,Nominal,0.234610915,337.642206,0.1,58.09
7251,Nominal,0.318234622,393.238776,0.1,58.09
7252,Nominal,0.341076255,407.106808,0.1,58.09
7253,Nominal,0.378242344,428.714029,0.1,58.09
7254,Nominal,0.364305079,420.741388,0.1,58.09
7255,Nominal,0.339527667,406.181563,0.1,58.09
7256,Nominal,0.335269064,403.626213,0.1,58.09
7257,Nominal,0.408052653,445.287727,0.1,58.09
7258,Nominal,0.202090591,313.368739,0.1,58.09
7259,Nominal,0.175764620,292.245850,0.1,58.09
7260,Nominal,0.273325592,364.437259,0.1,58.09
7261,Nominal,0.173828885,290.632110,0.1,58.09
7262,Nominal,0.390631050,435.678374,0.1,58.09
7263,Nominal,0.259388298,355.024081,0.1,58.09
7264,Nominal,0.206349209,316.653306,0.1,58.09
7265,Nominal,0.187766165,302.058659,0.1,58.09
7266,Nominal,0.251645386,349.685085,0.1,58.09
7267,Nominal,0.200929150,312.466956,0.1,58.09
7268,Nominal,0.205187768,315.760903,0.1,58.09
7269,Nominal,0.137437090,258.425044,0.1,58.09
7270,Nominal,0.181184664,296.717622,0.1,58.09
7271,Nominal,0.150600076,270.517408,0.1,58.09
7272,Nominal,0.225319400,330.888685,0.1,58.09
7273,Nominal,0.323267519,396.336124,0.1,58.09
7274,Nominal,0.222609371,328.892783,0.1,58.09
7275,Nominal,0.309717387,387.940763,0.1,58.09
7276,Nominal,0.312427402,389.634300,0.1,58.09
7277,Nominal,0.457994580,471.750959,0.1,58.09
7278,Nominal,0.387146741,433.730963,0.1,58.09
7279,Nominal,0.253581107,351.027442,0.1,58.09
7280,Nominal,0.152922958,272.595679,0.1,58.09
7281,Nominal,0.418118477,450.746437,0.1,58.09
7282,Nominal,0.212543547,321.370926,0.1,58.09
7283,Nominal,0.166860238,284.746931,0.1,58.09
7284,Nominal,0.242741004,343.442624,0.1,58.09
7285,Nominal,0.156020135,275.342307,0.1,58.09
7286,Nominal,0.413859844,448.445084,0.1,58.09
7287,Nominal,0.255516827,352.364685,0.1,58.09
7288,Nominal,0.218350753,325.731658,0.1,58.09
7289,Nominal,0.190863341,304.539678,0.1,58.09
7290,Nominal,0.240030974,341.520098,0.1,58.09
7291,Nominal,0.181571811,297.034460,0.1,58.09
7292,Nominal,0.169570267,287.049949,0.1,58.09
7293,Nominal,0.081687957,199.233168,0.1,58.09
7294,Nominal,0.181958959,297.350959,0.1,58.09
7295,Nominal,0.101819590,222.432526,0.1,58.09
7296,Nominal,0.158343017,277.384430,0.1,58.09
7297,Nominal,0.250096798,348.607469,0.1,58.09
7298,Nominal,0.150987223,270.864894,0.1,58.09
7299,Nominal,0.243515298,343.989944,0.1,58.09
7300,Nominal,0.203639179,314.567095,0.1,58.09
7301,Nominal,0.364692211,420.964881,0.1,58.09
7302,Nominal,0.385985285,433.079869,0.1,58.09
7303,Nominal,0.194347665,307.306882,0.1,58.09
7304,Nominal,0.175377473,291.923816,0.1,58.09
7305,Nominal,0.360046446,418.274980,0.1,58.09
7306,Nominal,0.225319400,330.888685,0.1,58.09
7307,Nominal,0.145567164,265.958780,0.1,58.09
7308,Nominal,0.176151767,292.567530,0.1,58.09
7309,Nominal,0.140147120,260.960461,0.1,58.09
7310,Nominal,0.455284566,470.353182,0.1,58.09
7311,Nominal,0.269066989,361.587020,0.1,58.09
7312,Nominal,0.210220680,319.609986,0.1,58.09
7313,Nominal,0.173441738,290.308285,0.1,58.09
7314,Nominal,0.292295784,376.872022,0.1,58.09
7315,Nominal,0.187766165,302.058659,0.1,58.09
7316,Nominal,0.161827326,280.419720,0.1,58.09
7317,Nominal,0.057684861,167.422394,0.1,58.09
7318,Nominal,0.160665900,279.411629,0.1,58.09
7319,Nominal,0.061943475,173.492380,0.1,58.09
7320,Nominal,0.137824237,258.788767,0.1,58.09
7321,Nominal,0.266744107,360.022828,0.1,58.09
7322,Nominal,0.145567164,265.958780,0.1,58.09
7323,Nominal,0.255903989,352.631537,0.1,58.09
7324,Nominal,0.125048399,246.502706,0.1,58.09
7325,Nominal,0.454510272,469.953051,0.1,58.09
7326,Nominal,0.327138990,398.702333,0.1,58.09
7327,Nominal,0.097173832,217.298780,0.1,58.09
7328,Nominal,0.163763061,282.091887,0.1,58.09
7329,Nominal,0.455284566,470.353182,0.1,58.09
7330,Nominal,0.187766165,302.058659,0.1,58.09
7331,Nominal,0.095238097,215.123560,0.1,58.09
7332,Nominal,0.093302362,212.926120,0.1,58.09
7333,Nominal,0.069299266,183.504593,0.1,58.09
7334,Nominal,0.406504065,444.441975,0.1,58.09
7335,Nominal,0.166860238,284.746931,0.1,58.09
7336,Nominal,0.213704988,322.247794,0.1,58.09
7337,Nominal,0.074332170,190.051381,0.1,58.09
7338,Nominal,0.168408826,286.065212,0.1,58.09
7339,Nominal,0.078203641,194.937822,0.1,58.09
7340,Nominal,0.162214473,280.754950,0.1,58.09
7341,Missing_Unintentional,0.025551684,111.427500,0.1,58.09
7342,Nominal,0.160665900,279.411629,0.1,58.09
7343,Missing_Unintentional,0.036778938,133.684857,0.1,58.09
7344,Nominal,0.056910571,166.294962,0.1,58.09
7345,Nominal,0.137824237,258.788767,0.1,58.09
7346,Nominal,0.052651957,159.952076,0.1,58.09
7347,Nominal,0.154084399,273.628895,0.1,58.09
7348,Missing_Unintentional,0.009678668,68.578886,0.1,58.09
7349,Nominal,0.091366626,210.705764,0.1,58.09
7350,Nominal,0.068137825,181.960346,0.1,58.09
7351,Missing_Unintentional,0.013162989,79.976038,0.1,58.09
7352,Nominal,0.073945023,189.555809,0.1,58.09
7353,Nominal,0.300425857,382.077336,0.1,58.09
7354,Nominal,0.382500976,431.120721,0.1,58.09
7355,Missing_Unintentional,0.036004648,132.270168,0.1,58.09
7356,Nominal,0.068524972,182.476547,0.1,58.09
7357,Nominal,0.365853667,421.634684,0.1,58.09
7358,Nominal,0.238869533,340.692837,0.1,58.09
7359,Nominal,0.055749130,164.589326,0.1,58.09
7360,Missing_Unintentional,0.032907471,126.453215,0.1,58.09
7361,Missing_Unintentional,0.026325978,113.103197,0.1,58.09
7362,Nominal,0.272551298,363.920692,0.1,58.09
7363,Nominal,0.160665900,279.411629,0.1,58.09
7364,Nominal,0.238482386,340.416637,0.1,58.09
7365,Nominal,0.055361982,164.016840,0.1,58.09
7366,Nominal,0.210607827,319.904151,0.1,58.09
7367,Nominal,0.053039100,160.539053,0.1,58.09
7368,Nominal,0.193960518,307.000646,0.1,58.09
7369,Nominal,0.215640724,323.703960,0.1,58.09
7370,Nominal,0.172667444,289.659550,0.1,58.09
7371,Nominal,0.246612459,346.170559,0.1,58.09
7372,Nominal,0.139372826,260.238577,0.1,58.09
7373,Nominal,0.235772356,338.476923,0.1,58.09
7374,Nominal,0.136662796,257.696057,0.1,58.09
7375,Nominal,0.240805268,342.070494,0.1,58.09
7376,Nominal,0.385598153,432.862631,0.1,58.09
7377,Nominal,0.356949270,416.472060,0.1,58.09
7378,Nominal,0.248161048,347.255737,0.1,58.09
7379,Nominal,0.384823859,432.427811,0.1,58.09
7380,Nominal,0.468447536,477.104049,0.1,58.09
7381,Nominal,0.233836621,337.084580,0.1,58.09
7382,Nominal,0.181184664,296.717622,0.1,58.09
7383,Nominal,0.252419680,350.222649,0.1,58.09
7384,Nominal,0.388695329,434.597560,0.1,58.09
7385,Nominal,0.231513739,335.406139,0.1,58.09
7386,Nominal,0.326751828,398.466335,0.1,58.09
7387,Nominal,0.301974446,383.060807,0.1,58.09
7388,Nominal,0.203252032,314.267934,0.1,58.09
7389,Nominal,0.229190856,333.719256,0.1,58.09
7390,Nominal,0.312427402,389.634300,0.1,58.09
7391,Nominal,0.248161048,347.255737,0.1,58.09
7392,Nominal,0.180410370,296.082931,0.1,58.09
7393,Nominal,0.212156400,321.078105,0.1,58.09
7394,Nominal,0.182346106,297.667122,0.1,58.09
7395,Nominal,0.212543547,321.370926,0.1,58.09
7396,Nominal,0.202090591,313.368739,0.1,58.09
7397,Nominal,0.255903989,352.631537,0.1,58.09
7398,Nominal,0.214092135,322.539553,0.1,58.09
7399,Nominal,0.300425857,382.077336,0.1,58.09
7400,Nominal,0.401858300,441.895006,0.1,58.09
7401,Nominal,0.259388298,355.024081,0.1,58.09
7402,Nominal,0.382888108,431.338836,0.1,58.09
7403,Nominal,0.403406888,442.745624,0.1,58.09
7404,Nominal,0.234223768,337.363508,0.1,58.09
7405,Nominal,0.264808357,358.714115,0.1,58.09
7406,Nominal,0.200929150,312.466956,0.1,58.09
7407,Nominal,0.196283385,308.833492,0.1,58.09
7408,Nominal,0.413085550,448.025388,0.1,58.09
7409,Nominal,0.213317841,321.955770,0.1,58.09
7410,Nominal,0.364305079,420.741388,0.1,58.09
7411,Nominal,0.277584195,367.265378,0.1,58.09
7412,Nominal,0.226480842,331.740395,0.1,58.09
7413,Nominal,0.232288033,335.966551,0.1,58.09
7414,Nominal,0.311265975,388.909407,0.1,58.09
7415,Nominal,0.238095239,340.140212,0.1,58.09
7416,Nominal,0.210220680,319.609986,0.1,58.09
7417,Nominal,0.200542003,312.165782,0.1,58.09
7418,Nominal,0.207510650,317.543201,0.1,58.09
7419,Nominal,0.207510650,317.543201,0.1,58.09
7420,Missing_Intentional,0.002710027,36.288536,0.1,58.09
7421,Nominal,0.298102975,380.597365,0.1,58.09
7422,Nominal,0.263259768,357.663704,0.1,58.09
7423,Nominal,0.349593490,412.158529,0.1,58.09
7424,Nominal,0.367015094,422.303407,0.1,58.09
7425,Nominal,0.319396049,393.955703,0.1,58.09
7426,Nominal,0.356562138,416.246155,0.1,58.09
7427,Nominal,0.358110726,417.149077,0.1,58.09
7428,Nominal,0.423538536,453.658537,0.1,58.09
7429,Nominal,0.345722020,409.870011,0.1,58.09
7430,Nominal,0.233449474,336.805421,0.1,58.09
7431,Nominal,0.188153312,302.369900,0.1,58.09
7432,Nominal,0.397599697,439.547329,0.1,58.09
7433,Nominal,0.194347665,307.306882,0.1,58.09
7434,Nominal,0.370499432,424.303287,0.1,58.09
7435,Nominal,0.310104519,388.183141,0.1,58.09
7436,Nominal,0.216802165,324.574525,0.1,58.09
7437,Nominal,0.235385209,338.198913,0.1,58.09
7438,Nominal,0.319783211,394.194401,0.1,58.09
7439,Nominal,0.258614004,354.493798,0.1,58.09
7440,Nominal,0.212930694,321.663481,0.1,58.09
7441,Nominal,0.173054591,289.984099,0.1,58.09
7442,Nominal,0.214479282,322.831048,0.1,58.09
7443,Nominal,0.210607827,319.904151,0.1,58.09
7444,Nominal,0.242353857,343.168637,0.1,58.09
7445,Nominal,0.327913284,399.173892,0.1,58.09
7446,Nominal,0.236933798,339.309587,0.1,58.09
7447,Nominal,0.345334888,409.640465,0.1,58.09
7448,Nominal,0.233836621,337.084580,0.1,58.09
7449,Nominal,0.363917917,420.517759,0.1,58.09
7450,Nominal,0.377855211,428.494578,0.1,58.09
7451,Nominal,0.279519945,368.543727,0.1,58.09
7452,Nominal,0.392953932,436.971832,0.1,58.09
7453,Nominal,0.454897404,470.153152,0.1,58.09
7454,Nominal,0.214092135,322.539553,0.1,58.09
7455,Nominal,0.197831973,310.049378,0.1,58.09
7456,Nominal,0.255903989,352.631537,0.1,58.09
7457,Nominal,0.187766165,302.058659,0.1,58.09
7458,Nominal,0.333720475,402.692971,0.1,58.09
7459,Nominal,0.285714298,372.604941,0.1,58.09
7460,Nominal,0.225319400,330.888685,0.1,58.09
7461,Nominal,0.221835077,328.320297,0.1,58.09
7462,Nominal,0.313201696,390.116819,0.1,58.09
7463,Nominal,0.205187768,315.760903,0.1,58.09
7464,Nominal,0.219899341,326.884695,0.1,58.09
7465,Nominal,0.170731708,288.031321,0.1,58.09
7466,Nominal,0.229190856,333.719256,0.1,58.09
7467,Nominal,0.172280297,289.334637,0.1,58.09
7468,Nominal,0.223770812,329.749649,0.1,58.09
7469,Nominal,0.284552842,371.846833,0.1,58.09
7470,Nominal,0.231513739,335.406139,0.1,58.09
7471,Nominal,0.329849005,400.350349,0.1,58.09
7472,Nominal,0.257452577,353.696893,0.1,58.09
7473,Nominal,0.440185845,462.488203,0.1,58.09
7474,Nominal,0.291908622,376.622346,0.1,58.09
7475,Nominal,0.288037181,374.116531,0.1,58.09
7476,Nominal,0.333333343,402.459332,0.1,58.09
7477,Nominal,0.412311256,447.605298,0.1,58.09
7478,Nominal,0.209833533,319.315550,0.1,58.09
7479,Nominal,0.209446386,319.020842,0.1,58.09
7480,Nominal,0.206349209,316.653306,0.1,58.09
7481,Nominal,0.169570267,287.049949,0.1,58.09
7482,Nominal,0.359659314,418.050049,0.1,58.09
7483,Nominal,0.276422769,366.496245,0.1,58.09
7484,Nominal,0.221060783,327.746811,0.1,58.09
7485,Nominal,0.204800621,315.462875,0.1,58.09
7486,Nominal,0.265195519,358.976247,0.1,58.09
7487,Nominal,0.211769268,320.785028,0.1,58.09
7488,Nominal,0.218737900,326.020299,0.1,58.09
7489,Nominal,0.130468443,251.788194,0.1,58.09
7490,Nominal,0.195509091,308.223751,0.1,58.09
7491,Nominal,0.162601620,281.089781,0.1,58.09
7492,Nominal,0.197057679,309.442032,0.1,58.09
7493,Nominal,0.291908622,376.622346,0.1,58.09
7494,Nominal,0.186991870,301.435214,0.1,58.09
7495,Nominal,0.317847461,392.999498,0.1,58.09
7496,Nominal,0.284940004,372.099714,0.1,58.09
7497,Nominal,0.436314374,460.449900,0.1,58.09
7498,Nominal,0.433991492,459.222576,0.1,58.09
7499,Nominal,0.265195519,358.976247,0.1,58.09
7500,Nominal,0.305458754,385.264427,0.1,58.09
7501,Nominal,0.418505609,450.955060,0.1,58.09
7502,Nominal,0.218737900,326.020299,0.1,58.09
7503,Nominal,0.197057679,309.442032,0.1,58.09
7504,Nominal,0.217963606,325.442760,0.1,58.09
7505,Nominal,0.164150208,282.425133,0.1,58.09
7506,Nominal,0.369337976,423.637703,0.1,58.09
7507,Nominal,0.296941549,379.855227,0.1,58.09
7508,Nominal,0.215253577,323.413252,0.1,58.09
7509,Nominal,0.242353857,343.168637,0.1,58.09
7510,Nominal,0.291134328,376.122514,0.1,58.09
7511,Nominal,0.198606268,310.655536,0.1,58.09
7512,Nominal,0.174990326,291.601426,0.1,58.09
7513,Nominal,0.089043744,208.010055,0.1,58.09
7514,Nominal,0.174216032,290.955574,0.1,58.09
7515,Nominal,0.138985679,259.876883,0.1,58.09
7516,Nominal,0.169957414,287.377446,0.1,58.09
7517,Nominal,0.272551298,363.920692,0.1,58.09
7518,Nominal,0.168021679,285.736212,0.1,58.09
7519,Nominal,0.264034063,358.189295,0.1,58.09
7520,Nominal,0.205574915,316.058651,0.1,58.09
7521,Nominal,0.413085550,448.025388,0.1,58.09
7522,Nominal,0.381726682,430.684142,0.1,58.09
7523,Nominal,0.178087488,294.170641,0.1,58.09
7524,Nominal,0.212156400,321.078105,0.1,58.09
7525,Nominal,0.367789388,422.748640,0.1,58.09
7526,Nominal,0.234223768,337.363508,0.1,58.09
7527,Nominal,0.128145561,249.536687,0.1,58.09
7528,Nominal,0.160278752,279.074785,0.1,58.09
7529,Nominal,0.137049943,258.060808,0.1,58.09
7530,Nominal,0.278358489,367.777247,0.1,58.09
7531,Nominal,0.286101431,372.857289,0.1,58.09
7532,Nominal,0.226093695,331.456735,0.1,58.09
7533,Nominal,0.175377473,291.923816,0.1,58.09
7534,Nominal,0.261324048,356.346347,0.1,58.09
7535,Nominal,0.138985679,259.876883,0.1,58.09
7536,Nominal,0.159504458,278.399875,0.1,58.09
7537,Nominal,0.058459155,168.542290,0.1,58.09
7538,Nominal,0.153310105,272.940519,0.1,58.09
7539,Nominal,0.088656604,207.557375,0.1,58.09
7540,Nominal,0.127758414,249.159458,0.1,58.09
7541,Nominal,0.263259768,357.663704,0.1,58.09
7542,Nominal,0.122338369,243.816991,0.1,58.09
7543,Nominal,0.265969813,359.499919,0.1,58.09
7544,Nominal,0.123886950,245.355277,0.1,58.09
7545,Nominal,0.352690667,413.980234,0.1,58.09
7546,Nominal,0.414247006,448.654793,0.1,58.09
7547,Nominal,0.099109560,219.452431,0.1,58.09
7548,Nominal,0.089043744,208.010055,0.1,58.09
7549,Nominal,0.421215653,452.412789,0.1,58.09
7550,Nominal,0.212543547,321.370926,0.1,58.09
7551,Nominal,0.101045296,221.585160,0.1,58.09
7552,Nominal,0.050329074,156.383919,0.1,58.09
7553,Nominal,0.076655053,192.998092,0.1,58.09
7554,Nominal,0.347657770,411.015871,0.1,58.09
7555,Nominal,0.231126592,335.125581,0.1,58.09
7556,Nominal,0.196670532,309.137912,0.1,58.09
7557,Nominal,0.105691060,226.621834,0.1,58.09
7558,Nominal,0.264808357,358.714115,0.1,58.09
7559,Nominal,0.106465347,227.450429,0.1,58.09
7560,Nominal,0.163375914,281.758248,0.1,58.09
7561,Missing_Unintentional,0.026713124,113.931800,0.1,58.09
7562,Nominal,0.174216032,290.955574,0.1,58.09
7563,Nominal,0.048006196,152.732432,0.1,58.09
7564,Nominal,0.053813394,161.706626,0.1,58.09
7565,Nominal,0.157955870,277.045122,0.1,58.09
7566,Nominal,0.063104920,175.111325,0.1,58.09
7567,Nominal,0.133565620,254.759251,0.1,58.09
7568,Missing_Unintentional,0.015873017,87.823827,0.1,58.09
7569,Nominal,0.112659700,233.973633,0.1,58.09
7570,Nominal,0.099109560,219.452431,0.1,58.09
7571,Missing_Unintentional,0.032520324,125.707171,0.1,58.09
7572,Nominal,0.049554780,155.176302,0.1,58.09
7573,Nominal,0.242741004,343.442624,0.1,58.09
7574,Nominal,0.278745651,368.032925,0.1,58.09
7575,Missing_Unintentional,0.032133177,124.956673,0.1,58.09
7576,Nominal,0.071235001,186.049857,0.1,58.09
7577,Nominal,0.443282992,464.112384,0.1,58.09
7578,Nominal,0.213317841,321.955770,0.1,58.09
7579,Nominal,0.051877663,158.771600,0.1,58.09
7580,Missing_Unintentional,0.010840109,72.577071,0.1,58.09
7581,Nominal,0.037940379,135.779266,0.1,58.09
7582,Nominal,0.367789388,422.748640,0.1,58.09
7583,Nominal,0.246225312,345.898733,0.1,58.09
7584,Nominal,0.233449474,336.805421,0.1,58.09
7585,Nominal,0.074719317,190.545664,0.1,58.09
7586,Nominal,0.104142472,224.955473,0.1,58.09
7587,Missing_Unintentional,0.032907471,126.453215,0.1,58.09
7588,Nominal,0.232675180,336.246406,0.1,58.09
7589,Nominal,0.248161048,347.255737,0.1,58.09
7590,Nominal,0.216415018,324.284596,0.1,58.09
7591,Nominal,0.240418121,341.795407,0.1,58.09
7592,Nominal,0.147502899,267.721285,0.1,58.09
7593,Nominal,0.226867989,332.023813,0.1,58.09
7594,Nominal,0.142082855,262.756495,0.1,58.09
7595,Nominal,0.206736356,316.950215,0.1,58.09
7596,Nominal,0.446380168,465.730916,0.1,58.09
7597,Nominal,0.281842828,370.071906,0.1,58.09
7598,Nominal,0.200929150,312.466956,0.1,58.09
7599,Nominal,0.361982197,419.397877,0.1,58.09
7600,Nominal,0.315524578,391.560811,0.1,58.09
7601,Nominal,0.206736356,316.950215,0.1,58.09
7602,Nominal,0.172280297,289.334637,0.1,58.09
7603,Nominal,0.242353857,343.168637,0.1,58.09
7604,Nominal,0.503677905,494.719549,0.1,58.09
7605,Nominal,0.215640724,323.703960,0.1,58.09
7606,Nominal,0.250483930,348.877175,0.1,58.09
7607,Nominal,0.345334888,409.640465,0.1,58.09
7608,Nominal,0.212543547,321.370926,0.1,58.09
7609,Nominal,0.254742533,351.830393,0.1,58.09
7610,Nominal,0.324428946,397.047458,0.1,58.09
7611,Nominal,0.240418121,341.795407,0.1,58.09
7612,Nominal,0.217963606,325.442760,0.1,58.09
7613,Nominal,0.205962062,316.356118,0.1,58.09
7614,Nominal,0.221835077,328.320297,0.1,58.09
7615,Nominal,0.193960518,307.000646,0.1,58.09
7616,Nominal,0.200542003,312.165782,0.1,58.09
7617,Nominal,0.285714298,372.604941,0.1,58.09
7618,Nominal,0.197831973,310.049378,0.1,58.09
7619,Nominal,0.271002710,362.885353,0.1,58.09
7620,Nominal,0.412698418,447.815400,0.1,58.09
7621,Nominal,0.338366240,405.486253,0.1,58.09
7622,Nominal,0.288811445,374.619019,0.1,58.09
7623,Nominal,0.432442904,458.402534,0.1,58.09
7624,Nominal,0.443670154,464.315017,0.1,58.09
7625,Nominal,0.321331799,395.147715,0.1,58.09
7626,Nominal,0.256291121,352.898167,0.1,58.09
7627,Nominal,0.224932253,330.604294,0.1,58.09
7628,Nominal,0.411536962,447.184813,0.1,58.09
7629,Nominal,0.180023223,295.765075,0.1,58.09
7630,Nominal,0.364692211,420.964881,0.1,58.09
7631,Nominal,0.331010461,401.054582,0.1,58.09
7632,Nominal,0.211382121,320.491671,0.1,58.09
7633,Nominal,0.255903989,352.631537,0.1,58.09
7634,Nominal,0.332946181,402.225538,0.1,58.09
7635,Nominal,0.253193974,350.759390,0.1,58.09
7636,Nominal,0.225706547,331.172832,0.1,58.09
7637,Nominal,0.193960518,307.000646,0.1,58.09
7638,Nominal,0.219512194,326.596817,0.1,58.09
7639,Nominal,0.228029430,332.872619,0.1,58.09
7640,Nominal,0.222996518,329.178653,0.1,58.09
7641,Nominal,0.277584195,367.265378,0.1,58.09
7642,Nominal,0.211382121,320.491671,0.1,58.09
7643,Nominal,0.291521490,376.372523,0.1,58.09
7644,Nominal,0.427409977,455.727200,0.1,58.09
7645,Nominal,0.356949270,416.472060,0.1,58.09
7646,Nominal,0.389856756,435.246367,0.1,58.09
7647,Nominal,0.439798683,462.284769,0.1,58.09
7648,Nominal,0.430507153,457.375407,0.1,58.09
7649,Nominal,0.316298872,392.040960,0.1,58.09
7650,Nominal,0.227255136,332.306989,0.1,58.09
7651,Nominal,0.215640724,323.703960,0.1,58.09
7652,Nominal,0.352690667,413.980234,0.1,58.09
7653,Nominal,0.185443282,300.184439,0.1,58.09
7654,Nominal,0.361207902,418.949083,0.1,58.09
7655,Nominal,0.337979108,405.254224,0.1,58.09
7656,Nominal,0.221835077,328.320297,0.1,58.09
7657,Nominal,0.252806813,350.491112,0.1,58.09
7658,Nominal,0.321331799,395.147715,0.1,58.09
7659,Nominal,0.218737900,326.020299,0.1,58.09
7660,Nominal,0.218737900,326.020299,0.1,58.09
7661,Nominal,0.186991870,301.435214,0.1,58.09
7662,Nominal,0.206736356,316.950215,0.1,58.09
7663,Nominal,0.179636076,295.446876,0.1,58.09
7664,Nominal,0.208284944,318.135081,0.1,58.09
7665,Nominal,0.281842828,370.071906,0.1,58.09
7666,Nominal,0.190089047,303.921322,0.1,58.09
7667,Nominal,0.298877269,381.091328,0.1,58.09
7668,Nominal,0.418505609,450.955060,0.1,58.09
7669,Nominal,0.363917917,420.517759,0.1,58.09
7670,Nominal,0.425087094,454.487123,0.1,58.09
7671,Nominal,0.414247006,448.654793,0.1,58.09
7672,Nominal,0.370499432,424.303287,0.1,58.09
7673,Nominal,0.390631050,435.678374,0.1,58.09
7674,Nominal,0.221447930,328.033679,0.1,58.09
7675,Nominal,0.192024782,305.464864,0.1,58.09
7676,Nominal,0.333333343,402.459332,0.1,58.09
7677,Nominal,0.186991870,301.435214,0.1,58.09
7678,Nominal,0.305845916,385.508507,0.1,58.09
7679,Nominal,0.319008917,393.716879,0.1,58.09
7680,Nominal,0.203639179,314.567095,0.1,58.09
7681,Nominal,0.224545106,330.319658,0.1,58.09
7682,Nominal,0.343012005,408.260424,0.1,58.09
7683,Nominal,0.220286489,327.172319,0.1,58.09
7684,Nominal,0.240418121,341.795407,0.1,58.09
7685,Nominal,0.171506003,288.683715,0.1,58.09
7686,Nominal,0.219899341,326.884695,0.1,58.09
7687,Nominal,0.173054591,289.984099,0.1,58.09
7688,Nominal,0.191637635,305.156780,0.1,58.09
7689,Nominal,0.295005798,378.615072,0.1,58.09
7690,Nominal,0.179636076,295.446876,0.1,58.09
7691,Nominal,0.260936886,356.082278,0.1,58.09
7692,Nominal,0.359272152,417.824979,0.1,58.09
7693,Nominal,0.433217198,458.812738,0.1,58.09
7694,Nominal,0.332946181,402.225538,0.1,58.09
7695,Nominal,0.314363152,390.839492,0.1,58.09
7696,Nominal,0.308943093,387.455533,0.1,58.09
7697,Nominal,0.268292695,361.066376,0.1,58.09
7698,Nominal,0.195121944,307.918427,0.1,58.09
7699,Nominal,0.193960518,307.000646,0.1,58.09
7700,Nominal,0.299651563,381.584650,0.1,58.09
7701,Nominal,0.170731708,288.031321,0.1,58.09
7702,Nominal,0.373983741,426.293767,0.1,58.09
7703,Nominal,0.300425857,382.077336,0.1,58.09
7704,Nominal,0.210220680,319.609986,0.1,58.09
7705,Nominal,0.214866430,323.122281,0.1,58.09
7706,Missing_Intentional,0.018970190,96.010440,0.1,58.09
7707,Nominal,0.180410370,296.082931,0.1,58.09
7708,Nominal,0.230352297,334.563760,0.1,58.09
7709,Nominal,0.149438635,269.472262,0.1,58.09
7710,Nominal,0.228416577,333.155074,0.1,58.09
7711,Nominal,0.159891605,278.737534,0.1,58.09
7712,Nominal,0.207897797,317.839279,0.1,58.09
7713,Nominal,0.279907078,368.798854,0.1,58.09
7714,Nominal,0.162988767,281.424213,0.1,58.09
7715,Nominal,0.291134328,376.122514,0.1,58.09
7716,Nominal,0.314363152,390.839492,0.1,58.09
7717,Nominal,0.397212535,439.333272,0.1,58.09
7718,Nominal,0.435540080,460.041156,0.1,58.09
7719,Nominal,0.195896238,308.528772,0.1,58.09
7720,Nominal,0.341463417,407.337800,0.1,58.09
7721,Nominal,0.351529241,413.298045,0.1,58.09
7722,Nominal,0.219512194,326.596817,0.1,58.09
7723,Nominal,0.175377473,291.923816,0.1,58.09
7724,Nominal,0.219125047,326.308686,0.1,58.09
7725,Nominal,0.176926062,293.209831,0.1,58.09
7726,Nominal,0.403406888,442.745624,0.1,58.09
7727,Nominal,0.331784755,401.523378,0.1,58.09
7728,Nominal,0.217189312,324.864194,0.1,58.09
7729,Nominal,0.212543547,321.370926,0.1,58.09
7730,Nominal,0.293457210,377.620023,0.1,58.09
7731,Nominal,0.168408826,286.065212,0.1,58.09
7732,Nominal,0.216027871,323.994408,0.1,58.09
7733,Nominal,0.118854046,240.319830,0.1,58.09
7734,Nominal,0.177313209,293.530454,0.1,58.09
7735,Nominal,0.117692605,239.142745,0.1,58.09
7736,Nominal,0.157955870,277.045122,0.1,58.09
7737,Nominal,0.310878813,388.667463,0.1,58.09
7738,Nominal,0.200542003,312.165782,0.1,58.09
7739,Nominal,0.288424313,374.367859,0.1,58.09
7740,Nominal,0.166085944,284.085496,0.1,58.09
7741,Nominal,0.398761123,440.188840,0.1,58.09
7742,Nominal,0.392953932,436.971832,0.1,58.09
7743,Nominal,0.154084399,273.628895,0.1,58.09
7744,Nominal,0.226093695,331.456735,0.1,58.09
7745,Nominal,0.361207902,418.949083,0.1,58.09
7746,Nominal,0.210994974,320.198046,0.1,58.09
7747,Nominal,0.138985679,259.876883,0.1,58.09
7748,Nominal,0.246999606,346.442172,0.1,58.09
7749,Nominal,0.127371266,248.781657,0.1,58.09
7750,Nominal,0.271002710,362.885353,0.1,58.09
7751,Nominal,0.273712724,364.695258,0.1,58.09
7752,Nominal,0.230739444,334.844788,0.1,58.09
7753,Nominal,0.130855590,252.161490,0.1,58.09
7754,Nominal,0.271777004,363.403391,0.1,58.09
7755,Nominal,0.140534267,261.320655,0.1,58.09
7756,Nominal,0.185443282,300.184439,0.1,58.09
7757,Nominal,0.073170729,188.560757,0.1,58.09
7758,Nominal,0.167634532,285.406832,0.1,58.09
7759,Nominal,0.098335266,218.593514,0.1,58.09
7760,Nominal,0.167247385,285.077072,0.1,58.09
7761,Nominal,0.251645386,349.685085,0.1,58.09
7762,Nominal,0.113046847,234.375305,0.1,58.09
7763,Nominal,0.298490137,380.844436,0.1,58.09
7764,Nominal,0.131242737,252.534235,0.1,58.09
7765,Nominal,0.420054197,451.788619,0.1,58.09
7766,Nominal,0.445993036,465.528915,0.1,58.09
7767,Nominal,0.147502899,267.721285,0.1,58.09
7768,Nominal,0.136662796,257.696057,0.1,58.09
7769,Nominal,0.471157581,478.482120,0.1,58.09
7770,Nominal,0.229578003,334.000994,0.1,58.09
7771,Nominal,0.121176928,242.656870,0.1,58.09
7772,Nominal,0.101432443,222.009247,0.1,58.09
7773,Nominal,0.087495163,206.193345,0.1,58.09
7774,Nominal,0.316298872,392.040960,0.1,58.09
7775,Nominal,0.278745651,368.032925,0.1,58.09
7776,Nominal,0.204026327,314.865971,0.1,58.09
7777,Nominal,0.135501355,256.598694,0.1,58.09
7778,Nominal,0.267905533,360.805762,0.1,58.09
7779,Nominal,0.108401082,229.508847,0.1,58.09
7780,Nominal,0.161827326,280.419720,0.1,58.09
7781,Missing_Unintentional,0.036391791,132.979390,0.1,58.09
7782,Nominal,0.149438635,269.472262,0.1,58.09
7783,Nominal,0.054200541,162.287262,0.1,58.09
7784,Nominal,0.064653501,177.246899,0.1,58.09
7785,Nominal,0.217189312,324.864194,0.1,58.09
7786,Nominal,0.092915215,212.483905,0.1,58.09
7787,Nominal,0.177700356,293.850728,0.1,58.09
7788,Missing_Unintentional,0.023615951,107.123644,0.1,58.09
7789,Nominal,0.049554780,155.176302,0.1,58.09
7790,Nominal,0.123886950,245.355277,0.1,58.09
7791,Missing_Unintentional,0.010840109,72.577071,0.1,58.09
7792,Nominal,0.072783582,188.061257,0.1,58.09
7793,Nominal,0.304297328,384.531296,0.1,58.09
7794,Nominal,0.392566770,436.756513,0.1,58.09
7795,Missing_Unintentional,0.023228804,106.241953,0.1,58.09
7796,Nominal,0.059233449,169.654793,0.1,58.09
7797,Nominal,0.382113814,430.902478,0.1,58.09
7798,Nominal,0.188540459,302.680820,0.1,58.09
7799,Nominal,0.076655053,192.998092,0.1,58.09
7800,Nominal,0.037166085,134.386620,0.1,58.09
7801,Nominal,0.048780486,153.959214,0.1,58.09
7802,Nominal,0.310878813,388.667463,0.1,58.09
7803,Nominal,0.166473091,284.416406,0.1,58.09
7804,Nominal,0.216027871,323.994408,0.1,58.09
7805,Nominal,0.049167633,154.568956,0.1,58.09
7806,Nominal,0.150600076,270.517408,0.1,58.09
7807,Nominal,0.049941927,155.781281,0.1,58.09
7808,Nominal,0.241579562,342.620005,0.1,58.09
7809,Nominal,0.232288033,335.966551,0.1,58.09
7810,Nominal,0.246225312,345.898733,0.1,58.09
7811,Nominal,0.167247385,285.077072,0.1,58.09
7812,Nominal,0.148277193,268.423046,0.1,58.09
7813,Nominal,0.029423151,119.571372,0.1,58.09
7814,Nominal,0.158343017,277.384430,0.1,58.09
7815,Nominal,0.215640724,323.703960,0.1,58.09
7816,Nominal,0.361982197,419.397877,0.1,58.09
7817,Nominal,0.259775460,355.288936,0.1,58.09
7818,Nominal,0.259388298,355.024081,0.1,58.09
7819,Nominal,0.407665491,445.076432,0.1,58.09
7820,Missing_Unintentional,0.000000000,0.000000,0.1,58.09
7821,Missing_Unintentional,0.000000000,0.000000,0.1,58.09
7822,Missing_Unintentional,0.000000000,0.000000,0.1,58.09
7823,Missing_Unintentional,0.000000000,0.000000,0.1,58.09
7824,Nominal,0.403794050,442.958031,0.1,58.09
7825,Nominal,0.298490137,380.844436,0.1,58.09
7826,Nominal,0.192799076,306.080102,0.1,58.09
7827,Nominal,0.237708092,339.863562,0.1,58.09
7828,Nominal,0.387533873,433.947766,0.1,58.09
7829,Nominal,0.193186224,306.387257,0.1,58.09
7830,Nominal,0.295005798,378.615072,0.1,58.09
7831,Nominal,0.313588858,390.357865,0.1,58.09
7832,Nominal,0.213704988,322.247794,0.1,58.09
7833,Nominal,0.242741004,343.442624,0.1,58.09
7834,Nominal,0.274874181,365.468202,0.1,58.09
7835,Nominal,0.242741004,343.442624,0.1,58.09
7836,Nominal,0.219512194,326.596817,0.1,58.09
7837,Nominal,0.206736356,316.950215,0.1,58.09
7838,Nominal,0.230739444,334.844788,0.1,58.09
7839,Nominal,0.220286489,327.172319,0.1,58.09
7840,Nominal,0.197831973,310.049378,0.1,58.09
7841,Nominal,0.212543547,321.370926,0.1,58.09
7842,Nominal,0.204413474,315.164564,0.1,58.09
7843,Nominal,0.245838165,345.626693,0.1,58.09
7844,Nominal,0.477351904,481.617160,0.1,58.09
7845,Nominal,0.216802165,324.574525,0.1,58.09
7846,Nominal,0.271002710,362.885353,0.1,58.09
7847,Nominal,0.375919461,427.395581,0.1,58.09
7848,Missing_Unintentional,0.000000000,0.000000,0.1,58.09
7849,Missing_Unintentional,0.000000000,0.000000,0.1,58.09
7850,Missing_Unintentional,0.000000000,0.000000,0.1,58.09
7851,Missing_Unintentional,0.000000000,0.000000,0.1,58.09
7852,Nominal,0.396438241,438.904863,0.1,58.09
7853,Nominal,0.293457210,377.620023,0.1,58.09
7854,Nominal,0.221447930,328.033679,0.1,58.09
7855,Nominal,0.222609371,328.892783,0.1,58.09
7856,Nominal,0.358497858,417.374494,0.1,58.09
7857,Nominal,0.211382121,320.491671,0.1,58.09
7858,Nominal,0.273325592,364.437259,0.1,58.09
7859,Nominal,0.320170343,394.432937,0.1,58.09
7860,Nominal,0.230352297,334.563760,0.1,58.09
7861,Nominal,0.238095239,340.140212,0.1,58.09
7862,Nominal,0.286875725,373.361491,0.1,58.09
7863,Nominal,0.262872636,357.400629,0.1,58.09
7864,Nominal,0.219512194,326.596817,0.1,58.09
7865,Nominal,0.214866430,323.122281,0.1,58.09
7866,Nominal,0.211769268,320.785028,0.1,58.09
7867,Nominal,0.179636076,295.446876,0.1,58.09
7868,Nominal,0.198993415,310.958172,0.1,58.09
7869,Nominal,0.208284944,318.135081,0.1,58.09
7870,Nominal,0.210220680,319.609986,0.1,58.09
7871,Nominal,0.281455666,369.817638,0.1,58.09
7872,Nominal,0.390243888,435.462416,0.1,58.09
7873,Nominal,0.287262887,373.613347,0.1,58.09
7874,Nominal,0.312814564,389.875643,0.1,58.09
7875,Nominal,0.373209447,425.852241,0.1,58.09
7876,Missing_Unintentional,0.000000000,0.000000,0.1,58.09
7877,Missing_Unintentional,0.000000000,0.000000,0.1,58.09
7878,Missing_Unintentional,0.000000000,0.000000,0.1,58.09
7879,Missing_Unintentional,0.000000000,0.000000,0.1,58.09
7880,Nominal,0.337591946,405.022044,0.1,58.09
7881,Nominal,0.273325592,364.437259,0.1,58.09
7882,Nominal,0.225706547,331.172832,0.1,58.09
7883,Nominal,0.232288033,335.966551,0.1,58.09
7884,Nominal,0.296167254,379.359655,0.1,58.09
7885,Nominal,0.224545106,330.319658,0.1,58.09
7886,Nominal,0.243128151,343.716393,0.1,58.09
7887,Nominal,0.297715843,380.350153,0.1,58.09
7888,Nominal,0.234610915,337.642206,0.1,58.09
7889,Nominal,0.229578003,334.000994,0.1,58.09
7890,Nominal,0.269066989,361.587020,0.1,58.09
7891,Nominal,0.236546651,339.032259,0.1,58.09
7892,Nominal,0.203252032,314.267934,0.1,58.09
7893,Nominal,0.204026327,314.865971,0.1,58.09
7894,Nominal,0.206736356,316.950215,0.1,58.09
7895,Nominal,0.175377473,291.923816,0.1,58.09
7896,Nominal,0.213317841,321.955770,0.1,58.09
7897,Nominal,0.234610915,337.642206,0.1,58.09
7898,Nominal,0.199767709,311.562562,0.1,58.09
7899,Nominal,0.287262887,373.613347,0.1,58.09
7900,Nominal,0.307394505,386.483246,0.1,58.09
7901,Nominal,0.325977534,397.993938,0.1,58.09
7902,Nominal,0.329849005,400.350349,0.1,58.09
7903,Nominal,0.272551298,363.920692,0.1,58.09
7904,Missing_Unintentional,0.000000000,0.000000,0.1,58.09
7905,Missing_Unintentional,0.000000000,0.000000,0.1,58.09
7906,Missing_Unintentional,0.000000000,0.000000,0.1,58.09
7907,Missing_Unintentional,0.000000000,0.000000,0.1,58.09
7908,Nominal,0.275261313,365.725474,0.1,58.09
7909,Nominal,0.357336432,416.697861,0.1,58.09
7910,Nominal,0.249709636,348.337534,0.1,58.09
7911,Nominal,0.195509091,308.223751,0.1,58.09
7912,Nominal,0.344173431,408.951018,0.1,58.09
7913,Nominal,0.202090591,313.368739,0.1,58.09
7914,Nominal,0.308555931,387.212681,0.1,58.09
7915,Nominal,0.318621755,393.477891,0.1,58.09
7916,Nominal,0.224932253,330.604294,0.1,58.09
7917,Nominal,0.199380562,311.260514,0.1,58.09
7918,Nominal,0.262485474,357.137340,0.1,58.09
7919,Nominal,0.201703444,313.068433,0.1,58.09
7920,Nominal,0.208672091,318.430609,0.1,58.09
7921,Nominal,0.200542003,312.165782,0.1,58.09
7922,Nominal,0.196283385,308.833492,0.1,58.09
7923,Nominal,0.170731708,288.031321,0.1,58.09
7924,Nominal,0.215640724,323.703960,0.1,58.09
7925,Nominal,0.278358489,367.777247,0.1,58.09
7926,Nominal,0.198993415,310.958172,0.1,58.09
7927,Nominal,0.308168799,386.969695,0.1,58.09
7928,Nominal,0.337204814,404.789749,0.1,58.09
7929,Nominal,0.395663947,438.476035,0.1,58.09
7930,Nominal,0.343399137,408.490746,0.1,58.09
7931,Nominal,0.295392960,378.863436,0.1,58.09
7932,Missing_Unintentional,0.000000000,0.000000,0.1,58.09
7933,Missing_Unintentional,0.000000000,0.000000,0.1,58.09
7934,Missing_Unintentional,0.000000000,0.000000,0.1,58.09
7935,Missing_Unintentional,0.000000000,0.000000,0.1,58.09
7936,Nominal,0.305845916,385.508507,0.1,58.09
7937,Nominal,0.341076255,407.106808,0.1,58.09
7938,Nominal,0.220286489,327.172319,0.1,58.09
7939,Nominal,0.157955870,277.045122,0.1,58.09
7940,Nominal,0.310104519,388.183141,0.1,58.09
7941,Nominal,0.196283385,308.833492,0.1,58.09
7942,Nominal,0.361982197,419.397877,0.1,58.09
7943,Nominal,0.300038725,381.831082,0.1,58.09
7944,Nominal,0.202477738,313.668757,0.1,58.09
7945,Nominal,0.208672091,318.430609,0.1,58.09
7946,Nominal,0.229578003,334.000994,0.1,58.09
7947,Nominal,0.163763061,282.091887,0.1,58.09
7948,Nominal,0.222609371,328.892783,0.1,58.09
7949,Nominal,0.163763061,282.091887,0.1,58.09
7950,Nominal,0.180023223,295.765075,0.1,58.09
7951,Nominal,0.167247385,285.077072,0.1,58.09
7952,Nominal,0.195896238,308.528772,0.1,58.09
7953,Nominal,0.252806813,350.491112,0.1,58.09
7954,Nominal,0.165698797,283.754201,0.1,58.09
7955,Nominal,0.300038725,381.831082,0.1,58.09
7956,Nominal,0.248548195,347.526502,0.1,58.09
7957,Nominal,0.367789388,422.748640,0.1,58.09
7958,Nominal,0.345722020,409.870011,0.1,58.09
7959,Nominal,0.246999606,346.442172,0.1,58.09
7960,Missing_Unintentional,0.000000000,0.000000,0.1,58.09
7961,Missing_Unintentional,0.000000000,0.000000,0.1,58.09
7962,Missing_Unintentional,0.000000000,0.000000,0.1,58.09
7963,Missing_Unintentional,0.000000000,0.000000,0.1,58.09
7964,Nominal,0.219512194,326.596817,0.1,58.09
7965,Nominal,0.378629506,428.933385,0.1,58.09
7966,Nominal,0.186217576,300.810476,0.1,58.09
7967,Nominal,0.165698797,283.754201,0.1,58.09
7968,Nominal,0.214866430,323.122281,0.1,58.09
7969,Nominal,0.177700356,293.850728,0.1,58.09
7970,Nominal,0.407665491,445.076432,0.1,58.09
7971,Nominal,0.291521490,376.372523,0.1,58.09
7972,Nominal,0.215253577,323.413252,0.1,58.09
7973,Nominal,0.150212929,270.169475,0.1,58.09
7974,Nominal,0.214479282,322.831048,0.1,58.09
7975,Nominal,0.156794429,276.024693,0.1,58.09
7976,Nominal,0.216415018,324.284596,0.1,58.09
7977,Nominal,0.134339914,255.496618,0.1,58.09
7978,Nominal,0.185830429,300.497621,0.1,58.09
7979,Nominal,0.144018590,264.540336,0.1,58.09
7980,Nominal,0.192024782,305.464864,0.1,58.09
7981,Nominal,0.242741004,343.442624,0.1,58.09
7982,Nominal,0.183120400,298.298443,0.1,58.09
7983,Nominal,0.310104519,388.183141,0.1,58.09
7984,Nominal,0.158730164,277.723324,0.1,58.09
7985,Nominal,0.366627961,422.080623,0.1,58.09
7986,Nominal,0.296941549,379.855227,0.1,58.09
7987,Nominal,0.126596987,248.024343,0.1,58.09
7988,Missing_Unintentional,0.000000000,0.000000,0.1,58.09
7989,Missing_Unintentional,0.000000000,0.000000,0.1,58.09
7990,Missing_Unintentional,0.000000000,0.000000,0.1,58.09
7991,Missing_Unintentional,0.000000000,0.000000,0.1,58.09
7992,Nominal,0.184281841,299.242927,0.1,58.09
7993,Nominal,0.357723564,416.923521,0.1,58.09
7994,Nominal,0.185056135,299.870930,0.1,58.09
7995,Nominal,0.162601620,281.089781,0.1,58.09
7996,Nominal,0.130468443,251.788194,0.1,58.09
7997,Nominal,0.123499803,244.971609,0.1,58.09
7998,Nominal,0.377855211,428.494578,0.1,58.09
7999,Nominal,0.263646930,357.926606,0.1,58.09
8000,Nominal,0.244676739,344.809295,0.1,58.09
8001,Nominal,0.143244296,263.828247,0.1,58.09
8002,Nominal,0.207510650,317.543201,0.1,58.09
8003,Nominal,0.144792870,265.250499,0.1,58.09
8004,Nominal,0.181571811,297.034460,0.1,58.09
8005,Nominal,0.081300810,198.760490,0.1,58.09
8006,Nominal,0.135888502,256.965002,0.1,58.09
8007,Nominal,0.112659700,233.973633,0.1,58.09
8008,Nominal,0.121951222,243.430898,0.1,58.09
8009,Nominal,0.176538914,292.888856,0.1,58.09
8010,Nominal,0.118079752,239.535749,0.1,58.09
8011,Nominal,0.250871092,349.146693,0.1,58.09
8012,Nominal,0.126596987,248.024343,0.1,58.09
8013,Nominal,0.331397593,401.289039,0.1,58.09
8014,Nominal,0.339914829,406.413081,0.1,58.09
8015,Nominal,0.112272553,233.571270,0.1,58.09
8016,Missing_Unintentional,0.000000000,0.000000,0.1,58.09
8017,Missing_Unintentional,0.000000000,0.000000,0.1,58.09
8018,Missing_Unintentional,0.000000000,0.000000,0.1,58.09
8019,Missing_Unintentional,0.000000000,0.000000,0.1,58.09
8020,Nominal,0.103755325,224.536951,0.1,58.09
8021,Nominal,0.316686034,392.280823,0.1,58.09
8022,Nominal,0.156407282,275.683711,0.1,58.09
8023,Nominal,0.131629884,252.906431,0.1,58.09
8024,Nominal,0.104916766,225.790191,0.1,58.09
8025,Nominal,0.120015487,241.491177,0.1,58.09
8026,Nominal,0.374370873,426.514351,0.1,58.09
8027,Nominal,0.272164136,363.662124,0.1,58.09
8028,Nominal,0.234998062,337.920674,0.1,58.09
8029,Nominal,0.144018590,264.540336,0.1,58.09
8030,Nominal,0.206349209,316.653306,0.1,58.09
8031,Nominal,0.126596987,248.024343,0.1,58.09
8032,Nominal,0.157568723,276.705397,0.1,58.09
8033,Nominal,0.054587688,162.865829,0.1,58.09
8034,Nominal,0.088269457,207.103697,0.1,58.09
8035,Nominal,0.075880758,192.020879,0.1,58.09
8036,Nominal,0.110723965,231.954839,0.1,58.09
8037,Nominal,0.185830429,300.497621,0.1,58.09
8038,Nominal,0.123886950,245.355277,0.1,58.09
8039,Nominal,0.250483930,348.877175,0.1,58.09
8040,Missing_Unintentional,0.017808750,93.024928,0.1,58.09
8041,Missing_Unintentional,0.010452962,71.269268,0.1,58.09
8042,Missing_Unintentional,0.024390243,108.865604,0.1,58.09
8043,Missing_Unintentional,0.015485869,86.746190,0.1,58.09
8044,Nominal,0.049167633,154.568956,0.1,58.09
8045,Nominal,0.266356945,359.761458,0.1,58.09
8046,Nominal,0.315911740,391.800969,0.1,58.09
8047,Nominal,0.040650405,140.544890,0.1,58.09
8048,Missing_Unintentional,0.000000000,0.000000,0.1,58.09
8049,Missing_Unintentional,0.000000000,0.000000,0.1,58.09
8050,Missing_Unintentional,0.000000000,0.000000,0.1,58.09
8051,Missing_Unintentional,0.000000000,0.000000,0.1,58.09
8052,Nominal,0.063104920,175.111325,0.1,58.09
8053,Nominal,0.448703051,466.941134,0.1,58.09
8054,Nominal,0.148277193,268.423046,0.1,58.09
8055,Nominal,0.092915215,212.483905,0.1,58.09
8056,Nominal,0.074719317,190.545664,0.1,58.09
8057,Nominal,0.088269457,207.103697,0.1,58.09
8058,Nominal,0.382500976,431.120721,0.1,58.09
8059,Nominal,0.156020135,275.342307,0.1,58.09
8060,Nominal,0.194734812,307.612812,0.1,58.09
8061,Nominal,0.056910571,166.294962,0.1,58.09
8062,Nominal,0.109175377,230.327064,0.1,58.09
8063,Nominal,0.066976383,180.402881,0.1,58.09
8064,Nominal,0.279519945,368.543727,0.1,58.09
8065,Nominal,0.320944637,394.909593,0.1,58.09
8066,Nominal,0.227642283,332.589925,0.1,58.09
8067,Nominal,0.288811445,374.619019,0.1,58.09
8068,Nominal,0.279132783,368.288405,0.1,58.09
8069,Nominal,0.229578003,334.000994,0.1,58.09
8070,Nominal,0.247386754,346.713573,0.1,58.09
8071,Nominal,0.243515298,343.989944,0.1,58.09
8072,Nominal,0.327526122,398.938173,0.1,58.09
8073,Nominal,0.254742533,351.830393,0.1,58.09
8074,Nominal,0.317460328,392.760092,0.1,58.09
8075,Nominal,0.364305079,420.741388,0.1,58.09
8076,Nominal,0.370499432,424.303287,0.1,58.09
8077,Nominal,0.353464961,414.434410,0.1,58.09
8078,Nominal,0.193960518,307.000646,0.1,58.09
8079,Nominal,0.235772356,338.476923,0.1,58.09
8080,Nominal,0.430507153,457.375407,0.1,58.09
8081,Nominal,0.224157959,330.034776,0.1,58.09
8082,Nominal,0.338366240,405.486253,0.1,58.09
8083,Nominal,0.275261313,365.725474,0.1,58.09
8084,Nominal,0.217576459,325.153606,0.1,58.09
8085,Nominal,0.245451033,345.354449,0.1,58.09
8086,Nominal,0.320170343,394.432937,0.1,58.09
8087,Nominal,0.326364696,398.230216,0.1,58.09
8088,Nominal,0.234223768,337.363508,0.1,58.09
8089,Nominal,0.264808357,358.714115,0.1,58.09
8090,Nominal,0.227642283,332.589925,0.1,58.09
8091,Nominal,0.238869533,340.692837,0.1,58.09
8092,Nominal,0.273325592,364.437259,0.1,58.09
8093,Nominal,0.259001166,354.759049,0.1,58.09
8094,Nominal,0.240030974,341.520098,0.1,58.09
8095,Nominal,0.311653107,389.151181,0.1,58.09
8096,Nominal,0.289585739,375.120854,0.1,58.09
8097,Nominal,0.400696874,441.255975,0.1,58.09
8098,Nominal,0.311265975,388.909407,0.1,58.09
8099,Nominal,0.317460328,392.760092,0.1,58.09
8100,Nominal,0.404955477,443.594610,0.1,58.09
8101,Nominal,0.373983741,426.293767,0.1,58.09
8102,Nominal,0.148277193,268.423046,0.1,58.09
8103,Nominal,0.246999606,346.442172,0.1,58.09
8104,Nominal,0.395663947,438.476035,0.1,58.09
8105,Nominal,0.212930694,321.663481,0.1,58.09
8106,Nominal,0.377468050,428.274997,0.1,58.09
8107,Nominal,0.324816108,397.284299,0.1,58.09
8108,Nominal,0.202864885,313.968489,0.1,58.09
8109,Nominal,0.279519945,368.543727,0.1,58.09
8110,Nominal,0.314750284,391.080073,0.1,58.09
8111,Nominal,0.302361608,383.306289,0.1,58.09
8112,Nominal,0.221060783,327.746811,0.1,58.09
8113,Nominal,0.243902445,344.263278,0.1,58.09
8114,Missing_Intentional,0.000387147,13.715777,0.1,58.09
8115,Nominal,0.238482386,340.416637,0.1,58.09
8116,Nominal,0.280294240,369.053823,0.1,58.09
8117,Nominal,0.263259768,357.663704,0.1,58.09
8118,Nominal,0.253193974,350.759390,0.1,58.09
8119,Nominal,0.269841284,362.106916,0.1,58.09
8120,Nominal,0.391792476,436.325574,0.1,58.09
8121,Nominal,0.240030974,341.520098,0.1,58.09
8122,Nominal,0.327138990,398.702333,0.1,58.09
8123,Nominal,0.248935342,347.797056,0.1,58.09
8124,Nominal,0.390631050,435.678374,0.1,58.09
8125,Nominal,0.373596579,426.073053,0.1,58.09
8126,Nominal,0.196283385,308.833492,0.1,58.09
8127,Nominal,0.255903989,352.631537,0.1,58.09
8128,Nominal,0.409601241,446.131876,0.1,58.09
8129,Nominal,0.245063886,345.081979,0.1,58.09
8130,Nominal,0.323654652,396.573371,0.1,58.09
8131,Nominal,0.307781637,386.726538,0.1,58.09
8132,Nominal,0.216027871,323.994408,0.1,58.09
8133,Nominal,0.287650019,373.865014,0.1,58.09
8134,Nominal,0.307394505,386.483246,0.1,58.09
8135,Nominal,0.305071622,385.020211,0.1,58.09
8136,Missing_Unintentional,0.006194348,54.863108,0.1,58.09
8137,Nominal,0.192411929,305.772638,0.1,58.09
8138,Nominal,0.216027871,323.994408,0.1,58.09
8139,Nominal,0.234610915,337.642206,0.1,58.09
8140,Nominal,0.193186224,306.387257,0.1,58.09
8141,Nominal,0.255129695,352.097651,0.1,58.09
8142,Nominal,0.265582651,359.238168,0.1,58.09
8143,Nominal,0.246225312,345.898733,0.1,58.09
8144,Nominal,0.350367785,412.614709,0.1,58.09
8145,Nominal,0.303910196,384.286615,0.1,58.09
8146,Nominal,0.163375914,281.758248,0.1,58.09
8147,Nominal,0.216415018,324.284596,0.1,58.09
8148,Nominal,0.398761123,440.188840,0.1,58.09
8149,Nominal,0.288811445,374.619019,0.1,58.09
8150,Nominal,0.209833533,319.315550,0.1,58.09
8151,Nominal,0.147890046,268.072395,0.1,58.09
8152,Nominal,0.330623299,400.819969,0.1,58.09
8153,Nominal,0.248548195,347.526502,0.1,58.09
8154,Nominal,0.391405344,436.109953,0.1,58.09
8155,Nominal,0.248161048,347.255737,0.1,58.09
8156,Nominal,0.158730164,277.723324,0.1,58.09
8157,Nominal,0.236159503,338.754705,0.1,58.09
8158,Nominal,0.286101431,372.857289,0.1,58.09
8159,Nominal,0.259775460,355.288936,0.1,58.09
8160,Nominal,0.065814942,178.831852,0.1,58.09
8161,Nominal,0.178861782,294.809449,0.1,58.09
8162,Nominal,0.217576459,325.153606,0.1,58.09
8163,Nominal,0.212930694,321.663481,0.1,58.09
8164,Missing_Unintentional,0.010065814,69.937014,0.1,58.09
8165,Nominal,0.232288033,335.966551,0.1,58.09
8166,Nominal,0.252806813,350.491112,0.1,58.09
8167,Nominal,0.200154856,311.864318,0.1,58.09
8168,Nominal,0.334107637,402.926493,0.1,58.09
8169,Nominal,0.366240799,421.857704,0.1,58.09
8170,Missing_Unintentional,0.037553232,135.084738,0.1,58.09
8171,Nominal,0.341076255,407.106808,0.1,58.09
8172,Nominal,0.318621755,393.477891,0.1,58.09
8173,Nominal,0.138598531,259.514684,0.1,58.09
8174,Nominal,0.204800621,315.462875,0.1,58.09
8175,Nominal,0.146341458,266.665180,0.1,58.09
8176,Nominal,0.406116933,444.230294,0.1,58.09
8177,Nominal,0.226480842,331.740395,0.1,58.09
8178,Nominal,0.383275270,431.556857,0.1,58.09
8179,Nominal,0.263646930,357.926606,0.1,58.09
8180,Nominal,0.208284944,318.135081,0.1,58.09
8181,Nominal,0.185056135,299.870930,0.1,58.09
8182,Nominal,0.248548195,347.526502,0.1,58.09
8183,Nominal,0.238869533,340.692837,0.1,58.09
8184,Nominal,0.210220680,319.609986,0.1,58.09
8185,Nominal,0.216802165,324.574525,0.1,58.09
8186,Nominal,0.194734812,307.612812,0.1,58.09
8187,Nominal,0.189314753,303.301705,0.1,58.09
8188,Nominal,0.236159503,338.754705,0.1,58.09
8189,Nominal,0.259001166,354.759049,0.1,58.09
8190,Nominal,0.244289592,344.536394,0.1,58.09
8191,Nominal,0.217189312,324.864194,0.1,58.09
8192,Nominal,0.282229960,370.325979,0.1,58.09
8193,Nominal,0.371273726,424.746424,0.1,58.09
8194,Nominal,0.368950844,423.415621,0.1,58.09
8195,Nominal,0.316686034,392.280823,0.1,58.09
8196,Nominal,0.270228416,362.366574,0.1,58.09
8197,Nominal,0.321331799,395.147715,0.1,58.09
8198,Nominal,0.185443282,300.184439,0.1,58.09
8199,Nominal,0.216027871,323.994408,0.1,58.09
8200,Nominal,0.294231504,378.117875,0.1,58.09
8201,Nominal,0.188540459,302.680820,0.1,58.09
8202,Nominal,0.429732859,456.963912,0.1,58.09
8203,Nominal,0.224932253,330.604294,0.1,58.09
8204,Nominal,0.214479282,322.831048,0.1,58.09
8205,Nominal,0.220286489,327.172319,0.1,58.09
8206,Nominal,0.221835077,328.320297,0.1,58.09
8207,Nominal,0.219899341,326.884695,0.1,58.09
8208,Nominal,0.218737900,326.020299,0.1,58.09
8209,Nominal,0.155245841,274.658225,0.1,58.09
8210,Nominal,0.197444826,309.745854,0.1,58.09
8211,Nominal,0.193186224,306.387257,0.1,58.09
8212,Nominal,0.227642283,332.589925,0.1,58.09
8213,Nominal,0.182733253,297.982950,0.1,58.09
8214,Nominal,0.192411929,305.772638,0.1,58.09
8215,Nominal,0.190863341,304.539678,0.1,58.09
8216,Nominal,0.253193974,350.759390,0.1,58.09
8217,Nominal,0.361982197,419.397877,0.1,58.09
8218,Nominal,0.283778548,371.340574,0.1,58.09
8219,Nominal,0.231126592,335.125581,0.1,58.09
8220,Nominal,0.229578003,334.000994,0.1,58.09
8221,Nominal,0.397599697,439.547329,0.1,58.09
8222,Nominal,0.162601620,281.089781,0.1,58.09
8223,Nominal,0.190089047,303.921322,0.1,58.09
8224,Nominal,0.221447930,328.033679,0.1,58.09
8225,Nominal,0.133178473,254.389767,0.1,58.09
8226,Nominal,0.399922580,440.829435,0.1,58.09
8227,Nominal,0.214092135,322.539553,0.1,58.09
8228,Nominal,0.184668988,299.557093,0.1,58.09
8229,Nominal,0.243128151,343.716393,0.1,58.09
8230,Nominal,0.238869533,340.692837,0.1,58.09
8231,Nominal,0.219899341,326.884695,0.1,58.09
8232,Nominal,0.207897797,317.839279,0.1,58.09
8233,Nominal,0.143631443,264.184531,0.1,58.09
8234,Nominal,0.194347665,307.306882,0.1,58.09
8235,Nominal,0.133178473,254.389767,0.1,58.09
8236,Nominal,0.194347665,307.306882,0.1,58.09
8237,Nominal,0.200154856,311.864318,0.1,58.09
8238,Nominal,0.181184664,296.717622,0.1,58.09
8239,Nominal,0.186991870,301.435214,0.1,58.09
8240,Nominal,0.221447930,328.033679,0.1,58.09
8241,Nominal,0.356949270,416.472060,0.1,58.09
8242,Nominal,0.286488593,373.109485,0.1,58.09
8243,Nominal,0.172280297,289.334637,0.1,58.09
8244,Nominal,0.194347665,307.306882,0.1,58.09
8245,Nominal,0.360046446,418.274980,0.1,58.09
8246,Nominal,0.165311649,283.422518,0.1,58.09
8247,Nominal,0.135888502,256.965002,0.1,58.09
8248,Nominal,0.161440179,280.084089,0.1,58.09
8249,Nominal,0.101432443,222.009247,0.1,58.09
8250,Nominal,0.392953932,436.971832,0.1,58.09
8251,Nominal,0.117692605,239.142745,0.1,58.09
8252,Nominal,0.183894694,298.928430,0.1,58.09
8253,Nominal,0.108401082,229.508847,0.1,58.09
8254,Nominal,0.130468443,251.788194,0.1,58.09
8255,Nominal,0.113433994,234.776290,0.1,58.09
8256,Nominal,0.202477738,313.668757,0.1,58.09
8257,Nominal,0.139759973,260.599769,0.1,58.09
8258,Nominal,0.231900886,335.686462,0.1,58.09
8259,Nominal,0.097560972,217.731208,0.1,58.09
8260,Nominal,0.169183120,286.722079,0.1,58.09
8261,Nominal,0.059233449,169.654793,0.1,58.09
8262,Nominal,0.074332170,190.051381,0.1,58.09
8263,Nominal,0.181958959,297.350959,0.1,58.09
8264,Nominal,0.075493611,191.530403,0.1,58.09
8265,Missing_Unintentional,0.002710027,36.288536,0.1,58.09
8266,Nominal,0.054974835,163.442347,0.1,58.09
8267,Nominal,0.050329074,156.383919,0.1,58.09
8268,Nominal,0.137437090,258.425044,0.1,58.09
8269,Nominal,0.211769268,320.785028,0.1,58.09
8270,Nominal,0.324428946,397.047458,0.1,58.09
8271,Nominal,0.105303913,226.206395,0.1,58.09
8272,Nominal,0.166085944,284.085496,0.1,58.09
8273,Nominal,0.285327137,372.352403,0.1,58.09
8274,Nominal,0.173054591,289.984099,0.1,58.09
8275,Nominal,0.103368178,224.117646,0.1,58.09
8276,Nominal,0.094850950,214.685872,0.1,58.09
8277,Nominal,0.065427795,178.305100,0.1,58.09
8278,Nominal,0.336043358,404.092026,0.1,58.09
8279,Nominal,0.138211384,259.151980,0.1,58.09
8280,Nominal,0.160665900,279.411629,0.1,58.09
8281,Nominal,0.118854046,240.319830,0.1,58.09
8282,Nominal,0.119628340,241.101360,0.1,58.09
8283,Nominal,0.106465347,227.450429,0.1,58.09
8284,Nominal,0.230352297,334.563760,0.1,58.09
8285,Nominal,0.246999606,346.442172,0.1,58.09
8286,Nominal,0.216802165,324.574525,0.1,58.09
8287,Nominal,0.277584195,367.265378,0.1,58.09
8288,Nominal,0.240418121,341.795407,0.1,58.09
8289,Nominal,0.244289592,344.536394,0.1,58.09
8290,Nominal,0.222222224,328.606665,0.1,58.09
8291,Nominal,0.253193974,350.759390,0.1,58.09
8292,Nominal,0.326751828,398.466335,0.1,58.09
8293,Nominal,0.366627961,422.080623,0.1,58.09
8294,Nominal,0.289972901,375.371529,0.1,58.09
8295,Nominal,0.332171887,401.757562,0.1,58.09
8296,Nominal,0.300038725,381.831082,0.1,58.09
8297,Nominal,0.351529241,413.298045,0.1,58.09
8298,Nominal,0.195121944,307.918427,0.1,58.09
8299,Nominal,0.218350753,325.731658,0.1,58.09
8300,Nominal,0.408826947,445.710001,0.1,58.09
8301,Nominal,0.240805268,342.070494,0.1,58.09
8302,Nominal,0.370886564,424.524904,0.1,58.09
8303,Nominal,0.305845916,385.508507,0.1,58.09
8304,Nominal,0.159117311,278.061805,0.1,58.09
8305,Nominal,0.272164136,363.662124,0.1,58.09
8306,Nominal,0.267518401,360.544980,0.1,58.09
8307,Nominal,0.269841284,362.106916,0.1,58.09
8308,Nominal,0.236933798,339.309587,0.1,58.09
8309,Nominal,0.235385209,338.198913,0.1,58.09
8310,Nominal,0.225706547,331.172832,0.1,58.09
8311,Nominal,0.225706547,331.172832,0.1,58.09
8312,Nominal,0.297715843,380.350153,0.1,58.09
8313,Nominal,0.278358489,367.777247,0.1,58.09
8314,Nominal,0.301200151,382.569387,0.1,58.09
8315,Nominal,0.262098342,356.873877,0.1,58.09
8316,Nominal,0.380178094,429.809655,0.1,58.09
8317,Nominal,0.403406888,442.745624,0.1,58.09
8318,Nominal,0.379403800,429.371743,0.1,58.09
8319,Nominal,0.271389842,363.144455,0.1,58.09
8320,Nominal,0.475803316,480.835312,0.1,58.09
8321,Nominal,0.354239255,414.888088,0.1,58.09
8322,Nominal,0.124274097,245.738346,0.1,58.09
8323,Nominal,0.226867989,332.023813,0.1,58.09
8324,Nominal,0.430507153,457.375407,0.1,58.09
8325,Nominal,0.205962062,316.356118,0.1,58.09
8326,Nominal,0.407278359,444.865052,0.1,58.09
8327,Nominal,0.289585739,375.120854,0.1,58.09
8328,Nominal,0.175764620,292.245850,0.1,58.09
8329,Nominal,0.316686034,392.280823,0.1,58.09
8330,Nominal,0.262872636,357.400629,0.1,58.09
8331,Nominal,0.274099886,364.953094,0.1,58.09
8332,Nominal,0.208284944,318.135081,0.1,58.09
8333,Nominal,0.231126592,335.125581,0.1,58.09
8334,Nominal,0.211769268,320.785028,0.1,58.09
8335,Nominal,0.222996518,329.178653,0.1,58.09
8336,Nominal,0.289585739,375.120854,0.1,58.09
8337,Nominal,0.335269064,403.626213,0.1,58.09
8338,Nominal,0.309330225,387.698215,0.1,58.09
8339,Nominal,0.286875725,373.361491,0.1,58.09
8340,Nominal,0.394889653,438.046787,0.1,58.09
8341,Nominal,0.356562138,416.246155,0.1,58.09
8342,Nominal,0.434765786,459.632048,0.1,58.09
8343,Nominal,0.392566770,436.756513,0.1,58.09
8344,Nominal,0.441347271,463.097936,0.1,58.09
8345,Nominal,0.407278359,444.865052,0.1,58.09
8346,Nominal,0.189314753,303.301705,0.1,58.09
8347,Nominal,0.229965150,334.282496,0.1,58.09
8348,Nominal,0.381339520,430.465679,0.1,58.09
8349,Nominal,0.216027871,323.994408,0.1,58.09
8350,Nominal,0.362756491,419.846192,0.1,58.09
8351,Nominal,0.262098342,356.873877,0.1,58.09
8352,Nominal,0.190089047,303.921322,0.1,58.09
8353,Nominal,0.262485474,357.137340,0.1,58.09
8354,Nominal,0.263646930,357.926606,0.1,58.09
8355,Nominal,0.262872636,357.400629,0.1,58.09
8356,Nominal,0.213704988,322.247794,0.1,58.09
8357,Nominal,0.226867989,332.023813,0.1,58.09
8358,Nominal,0.205962062,316.356118,0.1,58.09
8359,Nominal,0.216027871,323.994408,0.1,58.09
8360,Nominal,0.301587313,382.815185,0.1,58.09
8361,Nominal,0.317460328,392.760092,0.1,58.09
8362,Nominal,0.311653107,389.151181,0.1,58.09
8363,Nominal,0.309330225,387.698215,0.1,58.09
8364,Nominal,0.369337976,423.637703,0.1,58.09
8365,Nominal,0.430120021,457.169714,0.1,58.09
8366,Nominal,0.426635683,455.314216,0.1,58.09
8367,Nominal,0.408052653,445.287727,0.1,58.09
8368,Nominal,0.361207902,418.949083,0.1,58.09
8369,Nominal,0.444057286,464.517545,0.1,58.09
8370,Nominal,0.187379017,301.747097,0.1,58.09
8371,Nominal,0.220286489,327.172319,0.1,58.09
8372,Nominal,0.382500976,431.120721,0.1,58.09
8373,Nominal,0.216802165,324.574525,0.1,58.09
8374,Nominal,0.373209447,425.852241,0.1,58.09
8375,Nominal,0.259775460,355.288936,0.1,58.09
8376,Nominal,0.208284944,318.135081,0.1,58.09
8377,Nominal,0.273325592,364.437259,0.1,58.09
8378,Nominal,0.249709636,348.337534,0.1,58.09
8379,Nominal,0.249709636,348.337534,0.1,58.09
8380,Nominal,0.195509091,308.223751,0.1,58.09
8381,Nominal,0.174603179,291.278679,0.1,58.09
8382,Nominal,0.178474635,294.490218,0.1,58.09
8383,Nominal,0.195896238,308.528772,0.1,58.09
8384,Nominal,0.290747195,375.872359,0.1,58.09
8385,Nominal,0.277197063,367.009186,0.1,58.09
8386,Nominal,0.283391416,371.087195,0.1,58.09
8387,Nominal,0.273712724,364.695258,0.1,58.09
8388,Nominal,0.338366240,405.486253,0.1,58.09
8389,Nominal,0.206349209,316.653306,0.1,58.09
8390,Nominal,0.413859844,448.445084,0.1,58.09
8391,Nominal,0.384823859,432.427811,0.1,58.09
8392,Nominal,0.401084006,441.469083,0.1,58.09
8393,Nominal,0.445605874,465.326811,0.1,58.09
8394,Nominal,0.200154856,311.864318,0.1,58.09
8395,Nominal,0.199767709,311.562562,0.1,58.09
8396,Nominal,0.350754946,412.842619,0.1,58.09
8397,Nominal,0.191637635,305.156780,0.1,58.09
8398,Nominal,0.382888108,431.338836,0.1,58.09
8399,Nominal,0.245838165,345.626693,0.1,58.09
8400,Nominal,0.187766165,302.058659,0.1,58.09
8401,Nominal,0.265582651,359.238168,0.1,58.09
8402,Nominal,0.231126592,335.125581,0.1,58.09
8403,Nominal,0.214479282,322.831048,0.1,58.09
8404,Nominal,0.187766165,302.058659,0.1,58.09
8405,Nominal,0.163375914,281.758248,0.1,58.09
8406,Nominal,0.191250488,304.848385,0.1,58.09
8407,Nominal,0.200154856,311.864318,0.1,58.09
8408,Nominal,0.286101431,372.857289,0.1,58.09
8409,Nominal,0.268679827,361.326782,0.1,58.09
8410,Nominal,0.289198607,374.870030,0.1,58.09
8411,Nominal,0.262872636,357.400629,0.1,58.09
8412,Nominal,0.292682916,377.121514,0.1,58.09
8413,Nominal,0.392179638,436.541105,0.1,58.09
8414,Nominal,0.321718931,395.385676,0.1,58.09
8415,Nominal,0.305071622,385.020211,0.1,58.09
8416,Nominal,0.314750284,391.080073,0.1,58.09
8417,Nominal,0.307781637,386.726538,0.1,58.09
8418,Nominal,0.183120400,298.298443,0.1,58.09
8419,Nominal,0.192411929,305.772638,0.1,58.09
8420,Nominal,0.297715843,380.350153,0.1,58.09
8421,Nominal,0.148277193,268.423046,0.1,58.09
8422,Nominal,0.407665491,445.076432,0.1,58.09
8423,Nominal,0.226480842,331.740395,0.1,58.09
8424,Nominal,0.203252032,314.267934,0.1,58.09
8425,Nominal,0.221835077,328.320297,0.1,58.09
8426,Nominal,0.243515298,343.989944,0.1,58.09
8427,Nominal,0.250096798,348.607469,0.1,58.09
8428,Nominal,0.198219121,310.352605,0.1,58.09
8429,Nominal,0.159891605,278.737534,0.1,58.09
8430,Nominal,0.203252032,314.267934,0.1,58.09
8431,Nominal,0.184668988,299.557093,0.1,58.09
8432,Nominal,0.193960518,307.000646,0.1,58.09
8433,Nominal,0.216415018,324.284596,0.1,58.09
8434,Nominal,0.198219121,310.352605,0.1,58.09
8435,Nominal,0.191250488,304.848385,0.1,58.09
8436,Nominal,0.246225312,345.898733,0.1,58.09
8437,Nominal,0.406504065,444.441975,0.1,58.09
8438,Nominal,0.373596579,426.073053,0.1,58.09
8439,Nominal,0.217576459,325.153606,0.1,58.09
8440,Nominal,0.247386754,346.713573,0.1,58.09
8441,Nominal,0.398373991,439.975112,0.1,58.09
8442,Missing_Intentional,0.011227255,73.861719,0.1,58.09
8443,Nominal,0.137049943,258.060808,0.1,58.09
8444,Nominal,0.188540459,302.680820,0.1,58.09
8445,Nominal,0.111111112,232.360001,0.1,58.09
8446,Nominal,0.404181182,443.170320,0.1,58.09
8447,Nominal,0.243515298,343.989944,0.1,58.09
8448,Nominal,0.170344561,287.704569,0.1,58.09
8449,Nominal,0.224157959,330.034776,0.1,58.09
8450,Nominal,0.141308561,262.039559,0.1,58.09
8451,Nominal,0.128919855,250.289440,0.1,58.09
8452,Nominal,0.190476194,304.230657,0.1,58.09
8453,Nominal,0.100658149,221.160260,0.1,58.09
8454,Nominal,0.197057679,309.442032,0.1,58.09
8455,Nominal,0.135114208,256.231862,0.1,58.09
8456,Nominal,0.193186224,306.387257,0.1,58.09
8457,Nominal,0.244289592,344.536394,0.1,58.09
8458,Nominal,0.188927606,302.991422,0.1,58.09
8459,Nominal,0.188540459,302.680820,0.1,58.09
8460,Nominal,0.186217576,300.810476,0.1,58.09
8461,Nominal,0.337979108,405.254224,0.1,58.09
8462,Nominal,0.368176550,422.971090,0.1,58.09
8463,Nominal,0.159504458,278.399875,0.1,58.09
8464,Nominal,0.211769268,320.785028,0.1,58.09
8465,Nominal,0.428958565,456.552047,0.1,58.09
8466,Nominal,0.161827326,280.419720,0.1,58.09
8467,Nominal,0.125048399,246.502706,0.1,58.09
8468,Nominal,0.149438635,269.472262,0.1,58.09
8469,Nominal,0.082075104,199.704727,0.1,58.09
8470,Nominal,0.364305079,420.741388,0.1,58.09
8471,Nominal,0.137437090,258.425044,0.1,58.09
8472,Nominal,0.198993415,310.958172,0.1,58.09
8473,Nominal,0.118854046,240.319830,0.1,58.09
8474,Nominal,0.137049943,258.060808,0.1,58.09
8475,Nominal,0.125822693,247.264695,0.1,58.09
8476,Nominal,0.212156400,321.078105,0.1,58.09
8477,Nominal,0.044521872,147.085320,0.1,58.09
8478,Nominal,0.168795973,286.393834,0.1,58.09
8479,Nominal,0.073170729,188.560757,0.1,58.09
8480,Nominal,0.083236545,201.112769,0.1,58.09
8481,Nominal,0.107239641,228.276024,0.1,58.09
8482,Nominal,0.074719317,190.545664,0.1,58.09
8483,Nominal,0.099109560,219.452431,0.1,58.09
8484,Nominal,0.037166085,134.386620,0.1,58.09
8485,Nominal,0.066976383,180.402881,0.1,58.09
8486,Nominal,0.066202089,179.357057,0.1,58.09
8487,Nominal,0.048780486,153.959214,0.1,58.09
8488,Nominal,0.096012391,215.996277,0.1,58.09
8489,Nominal,0.171118855,288.357702,0.1,58.09
8490,Nominal,0.345722020,409.870011,0.1,58.09
8491,Nominal,0.094850950,214.685872,0.1,58.09
8492,Nominal,0.090979479,210.258880,0.1,58.09
8493,Nominal,0.396438241,438.904863,0.1,58.09
8494,Nominal,0.190476194,304.230657,0.1,58.09
8495,Nominal,0.073557876,189.058938,0.1,58.09
8496,Nominal,0.064266354,176.715422,0.1,58.09
8497,Nominal,0.050329074,156.383919,0.1,58.09
8498,Nominal,0.266744107,360.022828,0.1,58.09
8499,Nominal,0.147115752,267.369714,0.1,58.09
8500,Nominal,0.184668988,299.557093,0.1,58.09
8501,Nominal,0.104916766,225.790191,0.1,58.09
8502,Nominal,0.057297714,166.859628,0.1,58.09
8503,Missing_Unintentional,0.033681765,127.932252,0.1,58.09
8504,Nominal,0.208284944,318.135081,0.1,58.09
8505,Nominal,0.246225312,345.898733,0.1,58.09
8506,Nominal,0.206349209,316.653306,0.1,58.09
8507,Nominal,0.270228416,362.366574,0.1,58.09
8508,Nominal,0.241192415,342.345360,0.1,58.09
8509,Nominal,0.214092135,322.539553,0.1,58.09
8510,Nominal,0.209833533,319.315550,0.1,58.09
8511,Nominal,0.233062327,336.526030,0.1,58.09
8512,Nominal,0.372048020,425.189099,0.1,58.09
8513,Nominal,0.356174976,416.020110,0.1,58.09
8514,Nominal,0.333333343,402.459332,0.1,58.09
8515,Nominal,0.345722020,409.870011,0.1,58.09
8516,Nominal,0.430894315,457.581023,0.1,58.09
8517,Nominal,0.316298872,392.040960,0.1,58.09
8518,Nominal,0.190089047,303.921322,0.1,58.09
8519,Nominal,0.255129695,352.097651,0.1,58.09
8520,Nominal,0.456058860,470.752973,0.1,58.09
8521,Nominal,0.259775460,355.288936,0.1,58.09
8522,Nominal,0.390243888,435.462416,0.1,58.09
8523,Nominal,0.279907078,368.798854,0.1,58.09
8524,Nominal,0.149438635,269.472262,0.1,58.09
8525,Nominal,0.249322489,348.067400,0.1,58.09
8526,Nominal,0.288811445,374.619019,0.1,58.09
8527,Nominal,0.276809901,366.752795,0.1,58.09
8528,Nominal,0.241192415,342.345360,0.1,58.09
8529,Nominal,0.229965150,334.282496,0.1,58.09
8530,Nominal,0.224932253,330.604294,0.1,58.09
8531,Nominal,0.227642283,332.589925,0.1,58.09
8532,Nominal,0.267905533,360.805762,0.1,58.09
8533,Nominal,0.288037181,374.116531,0.1,58.09
8534,Nominal,0.285714298,372.604941,0.1,58.09
8535,Nominal,0.313588858,390.357865,0.1,58.09
8536,Nominal,0.438637257,461.673961,0.1,58.09
8537,Nominal,0.368950844,423.415621,0.1,58.09
8538,Nominal,0.374758035,426.734838,0.1,58.09
8539,Nominal,0.402245462,442.107822,0.1,58.09
8540,Nominal,0.454897404,470.153152,0.1,58.09
8541,Nominal,0.387146741,433.730963,0.1,58.09
8542,Nominal,0.148664340,268.773240,0.1,58.09
8543,Nominal,0.253193974,350.759390,0.1,58.09
8544,Nominal,0.459930301,472.746839,0.1,58.09
8545,Nominal,0.239643827,341.244567,0.1,58.09
8546,Nominal,0.235772356,338.476923,0.1,58.09
8547,Nominal,0.279907078,368.798854,0.1,58.09
8548,Nominal,0.182346106,297.667122,0.1,58.09
8549,Nominal,0.281455666,369.817638,0.1,58.09
8550,Nominal,0.300813019,382.323450,0.1,58.09
8551,Nominal,0.272164136,363.662124,0.1,58.09
8552,Nominal,0.217189312,324.864194,0.1,58.09
8553,Nominal,0.234223768,337.363508,0.1,58.09
8554,Nominal,0.213317841,321.955770,0.1,58.09
8555,Nominal,0.237320945,339.586688,0.1,58.09
8556,Nominal,0.322106063,395.623493,0.1,58.09
8557,Nominal,0.303910196,384.286615,0.1,58.09
8558,Nominal,0.294618666,378.366565,0.1,58.09
8559,Nominal,0.311653107,389.151181,0.1,58.09
8560,Nominal,0.507162213,496.427769,0.1,58.09
8561,Nominal,0.338753402,405.718168,0.1,58.09
8562,Nominal,0.396438241,438.904863,0.1,58.09
8563,Nominal,0.485094845,485.507510,0.1,58.09
8564,Nominal,0.444444448,464.720002,0.1,58.09
8565,Nominal,0.324428946,397.047458,0.1,58.09
8566,Nominal,0.149051487,269.122978,0.1,58.09
8567,Nominal,0.227255136,332.306989,0.1,58.09
8568,Nominal,0.367402256,422.526091,0.1,58.09
8569,Nominal,0.233449474,336.805421,0.1,58.09
8570,Nominal,0.371660858,424.967810,0.1,58.09
8571,Nominal,0.273325592,364.437259,0.1,58.09
8572,Nominal,0.173054591,289.984099,0.1,58.09
8573,Nominal,0.249709636,348.337534,0.1,58.09
8574,Nominal,0.289198607,374.870030,0.1,58.09
8575,Nominal,0.276809901,366.752795,0.1,58.09
8576,Nominal,0.218350753,325.731658,0.1,58.09
8577,Nominal,0.221060783,327.746811,0.1,58.09
8578,Nominal,0.224932253,330.604294,0.1,58.09
8579,Nominal,0.207897797,317.839279,0.1,58.09
8580,Nominal,0.333333343,402.459332,0.1,58.09
8581,Nominal,0.290747195,375.872359,0.1,58.09
8582,Nominal,0.274874181,365.468202,0.1,58.09
8583,Nominal,0.338366240,405.486253,0.1,58.09
8584,Nominal,0.436314374,460.449900,0.1,58.09
8585,Nominal,0.436701506,460.654128,0.1,58.09
8586,Nominal,0.376306623,427.615613,0.1,58.09
8587,Nominal,0.535811067,510.256402,0.1,58.09
8588,Nominal,0.398373991,439.975112,0.1,58.09
8589,Nominal,0.428571433,456.345983,0.1,58.09
8590,Nominal,0.168408826,286.065212,0.1,58.09
8591,Nominal,0.241579562,342.620005,0.1,58.09
8592,Nominal,0.331010461,401.054582,0.1,58.09
8593,Nominal,0.214866430,323.122281,0.1,58.09
8594,Nominal,0.322880358,396.098717,0.1,58.09
8595,Nominal,0.281842828,370.071906,0.1,58.09
8596,Nominal,0.203252032,314.267934,0.1,58.09
8597,Nominal,0.270228416,362.366574,0.1,58.09
8598,Nominal,0.261324048,356.346347,0.1,58.09
8599,Nominal,0.272938430,364.179057,0.1,58.09
8600,Nominal,0.180797517,296.400447,0.1,58.09
8601,Nominal,0.205962062,316.356118,0.1,58.09
8602,Nominal,0.179248929,295.128335,0.1,58.09
8603,Nominal,0.195121944,307.918427,0.1,58.09
8604,Nominal,0.283004254,370.833623,0.1,58.09
8605,Nominal,0.248935342,347.797056,0.1,58.09
8606,Nominal,0.246999606,346.442172,0.1,58.09
8607,Nominal,0.280681372,369.308597,0.1,58.09
8608,Nominal,0.386372447,433.297015,0.1,58.09
8609,Nominal,0.444057286,464.517545,0.1,58.09
8610,Nominal,0.354239255,414.888088,0.1,58.09
8611,Nominal,0.398761123,440.188840,0.1,58.09
8612,Nominal,0.394502521,437.832014,0.1,58.09
8613,Nominal,0.374370873,426.514351,0.1,58.09
8614,Nominal,0.200929150,312.466956,0.1,58.09
8615,Nominal,0.209446386,319.020842,0.1,58.09
8616,Nominal,0.218350753,325.731658,0.1,58.09
8617,Nominal,0.181571811,297.034460,0.1,58.09
8618,Nominal,0.367789388,422.748640,0.1,58.09
8619,Nominal,0.240030974,341.520098,0.1,58.09
8620,Nominal,0.181958959,297.350959,0.1,58.09
8621,Nominal,0.214479282,322.831048,0.1,58.09
8622,Nominal,0.245451033,345.354449,0.1,58.09
8623,Nominal,0.230739444,334.844788,0.1,58.09
8624,Nominal,0.193960518,307.000646,0.1,58.09
8625,Nominal,0.187379017,301.747097,0.1,58.09
8626,Nominal,0.185830429,300.497621,0.1,58.09
8627,Nominal,0.191250488,304.848385,0.1,58.09
8628,Nominal,0.301200151,382.569387,0.1,58.09
8629,Nominal,0.234998062,337.920674,0.1,58.09
8630,Nominal,0.225706547,331.172832,0.1,58.09
8631,Nominal,0.309330225,387.698215,0.1,58.09
8632,Nominal,0.336430520,404.324740,0.1,58.09
8633,Nominal,0.456833154,471.152424,0.1,58.09
8634,Nominal,0.435540080,460.041156,0.1,58.09
8635,Nominal,0.320170343,394.432937,0.1,58.09
8636,Nominal,0.338753402,405.718168,0.1,58.09
8637,Nominal,0.379403800,429.371743,0.1,58.09
8638,Nominal,0.138985679,259.876883,0.1,58.09
8639,Nominal,0.191637635,305.156780,0.1,58.09
8640,Nominal,0.268679827,361.326782,0.1,58.09
8641,Nominal,0.155632988,275.000479,0.1,58.09
8642,Nominal,0.370112270,424.081536,0.1,58.09
8643,Nominal,0.253193974,350.759390,0.1,58.09
8644,Nominal,0.185056135,299.870930,0.1,58.09
8645,Nominal,0.244289592,344.536394,0.1,58.09
8646,Nominal,0.234998062,337.920674,0.1,58.09
8647,Nominal,0.265195519,358.976247,0.1,58.09
8648,Nominal,0.187766165,302.058659,0.1,58.09
8649,Nominal,0.130855590,252.161490,0.1,58.09
8650,Nominal,0.221060783,327.746811,0.1,58.09
8651,Nominal,0.171893150,289.009359,0.1,58.09
8652,Nominal,0.212930694,321.663481,0.1,58.09
8653,Nominal,0.256678283,353.164617,0.1,58.09
8654,Nominal,0.201316297,312.767839,0.1,58.09
8655,Nominal,0.226480842,331.740395,0.1,58.09
8656,Nominal,0.205187768,315.760903,0.1,58.09
8657,Nominal,0.310491681,388.425387,0.1,58.09
8658,Nominal,0.428958565,456.552047,0.1,58.09
8659,Nominal,0.174603179,291.278679,0.1,58.09
8660,Nominal,0.287650019,373.865014,0.1,58.09
8661,Nominal,0.440185845,462.488203,0.1,58.09
8662,Nominal,0.206349209,316.653306,0.1,58.09
8663,Nominal,0.152922958,272.595679,0.1,58.09
8664,Nominal,0.199380562,311.260514,0.1,58.09
8665,Nominal,0.114595428,235.975149,0.1,58.09
8666,Nominal,0.430120021,457.169714,0.1,58.09
8667,Nominal,0.144018590,264.540336,0.1,58.09
8668,Nominal,0.193573371,306.694105,0.1,58.09
8669,Nominal,0.104142472,224.955473,0.1,58.09
8670,Nominal,0.184281841,299.242927,0.1,58.09
8671,Nominal,0.151374370,271.211935,0.1,58.09
8672,Nominal,0.209059238,318.725862,0.1,58.09
8673,Nominal,0.097173832,217.298780,0.1,58.09
8674,Nominal,0.198606268,310.655536,0.1,58.09
8675,Nominal,0.115756869,237.167955,0.1,58.09
8676,Nominal,0.190476194,304.230657,0.1,58.09
8677,Nominal,0.175377473,291.923816,0.1,58.09
8678,Nominal,0.174990326,291.601426,0.1,58.09
8679,Nominal,0.237708092,339.863562,0.1,58.09
8680,Nominal,0.164150208,282.425133,0.1,58.09
8681,Nominal,0.397212535,439.333272,0.1,58.09
8682,Nominal,0.379790932,429.590747,0.1,58.09
8683,Nominal,0.144018590,264.540336,0.1,58.09
8684,Nominal,0.171118855,288.357702,0.1,58.09
8685,Nominal,0.346496314,410.328736,0.1,58.09
8686,Nominal,0.159504458,278.399875,0.1,58.09
8687,Nominal,0.089430891,208.461761,0.1,58.09
8688,Nominal,0.116918311,238.354792,0.1,58.09
8689,Nominal,0.063104920,175.111325,0.1,58.09
8690,Nominal,0.274487019,365.210729,0.1,58.09
8691,Nominal,0.153697252,273.284924,0.1,58.09
8692,Nominal,0.191637635,305.156780,0.1,58.09
8693,Nominal,0.146728605,267.017679,0.1,58.09
8694,Nominal,0.161440179,280.084089,0.1,58.09
8695,Nominal,0.135888502,256.965002,0.1,58.09
8696,Nominal,0.204026327,314.865971,0.1,58.09
8697,Nominal,0.086333722,204.820232,0.1,58.09
8698,Nominal,0.197057679,309.442032,0.1,58.09
8699,Nominal,0.069686413,184.016462,0.1,58.09
8700,Nominal,0.099496707,219.880632,0.1,58.09
8701,Nominal,0.122725517,244.202473,0.1,58.09
8702,Nominal,0.094850950,214.685872,0.1,58.09
8703,Nominal,0.109949671,231.142384,0.1,58.09
8704,Nominal,0.053813394,161.706626,0.1,58.09
8705,Nominal,0.068912119,182.991292,0.1,58.09
8706,Nominal,0.073557876,189.058938,0.1,58.09
8707,Nominal,0.054587688,162.865829,0.1,58.09
8708,Nominal,0.137049943,258.060808,0.1,58.09
8709,Nominal,0.338753402,405.718168,0.1,58.09
8710,Nominal,0.275648475,365.982584,0.1,58.09
8711,Nominal,0.097173832,217.298780,0.1,58.09
8712,Nominal,0.058072008,167.983275,0.1,58.09
8713,Nominal,0.286101431,372.857289,0.1,58.09
8714,Nominal,0.209833533,319.315550,0.1,58.09
8715,Nominal,0.058459155,168.542290,0.1,58.09
8716,Nominal,0.036778938,133.684857,0.1,58.09
8717,Missing_Unintentional,0.029810298,120.355456,0.1,58.09
8718,Nominal,0.283004254,370.833623,0.1,58.09
8719,Missing_Unintentional,0.034843206,130.119288,0.1,58.09
8720,Nominal,0.219899341,326.884695,0.1,58.09
8721,Missing_Unintentional,0.037940379,135.779266,0.1,58.09
8722,Nominal,0.049554780,155.176302,0.1,58.09
8723,Missing_Unintentional,0.037166085,134.386620,0.1,58.09
8724,Nominal,0.181958959,297.350959,0.1,58.09
8725,Nominal,0.242353857,343.168637,0.1,58.09
8726,Nominal,0.193960518,307.000646,0.1,58.09
8727,Nominal,0.257452577,353.696893,0.1,58.09
8728,Nominal,0.198993415,310.958172,0.1,58.09
8729,Nominal,0.227255136,332.306989,0.1,58.09
8730,Nominal,0.182346106,297.667122,0.1,58.09
8731,Nominal,0.217189312,324.864194,0.1,58.09
8732,Nominal,0.361207902,418.949083,0.1,58.09
8733,Nominal,0.300038725,381.831082,0.1,58.09
8734,Nominal,0.183507547,298.613603,0.1,58.09
8735,Nominal,0.431281447,457.786531,0.1,58.09
8736,Nominal,0.344947726,409.410772,0.1,58.09
8737,Nominal,0.324428946,397.047458,0.1,58.09
8738,Nominal,0.202477738,313.668757,0.1,58.09
8739,Nominal,0.283778548,371.340574,0.1,58.09
8740,Nominal,0.441734403,463.300997,0.1,58.09
8741,Nominal,0.258226871,354.228369,0.1,58.09
8742,Nominal,0.256678283,353.164617,0.1,58.09
8743,Nominal,0.337591946,405.022044,0.1,58.09
8744,Nominal,0.174216032,290.955574,0.1,58.09
8745,Nominal,0.298877269,381.091328,0.1,58.09
8746,Nominal,0.295392960,378.863436,0.1,58.09
8747,Nominal,0.270615578,362.626066,0.1,58.09
8748,Nominal,0.232675180,336.246406,0.1,58.09
8749,Nominal,0.229190856,333.719256,0.1,58.09
8750,Nominal,0.223383665,329.464274,0.1,58.09
8751,Nominal,0.215253577,323.413252,0.1,58.09
8752,Nominal,0.265195519,358.976247,0.1,58.09
8753,Nominal,0.278358489,367.777247,0.1,58.09
8754,Nominal,0.269841284,362.106916,0.1,58.09
8755,Nominal,0.263259768,357.663704,0.1,58.09
8756,Nominal,0.466898948,476.314794,0.1,58.09
8757,Nominal,0.357336432,416.697861,0.1,58.09
8758,Nominal,0.420054197,451.788619,0.1,58.09
8759,Nominal,0.418118477,450.746437,0.1,58.09
8760,Nominal,0.459543169,472.547837,0.1,58.09
8761,Nominal,0.372048020,425.189099,0.1,58.09
8762,Nominal,0.145180017,265.604876,0.1,58.09
8763,Nominal,0.240805268,342.070494,0.1,58.09
8764,Missing_Intentional,0.003484321,41.147332,0.1,58.09
8765,Nominal,0.191637635,305.156780,0.1,58.09
8766,Nominal,0.392566770,436.756513,0.1,58.09
8767,Nominal,0.331784755,401.523378,0.1,58.09
8768,Nominal,0.166860238,284.746931,0.1,58.09
8769,Nominal,0.305458754,385.264427,0.1,58.09
8770,Nominal,0.329461873,400.115342,0.1,58.09
8771,Nominal,0.311653107,389.151181,0.1,58.09
8772,Nominal,0.216415018,324.284596,0.1,58.09
8773,Nominal,0.234998062,337.920674,0.1,58.09
8774,Nominal,0.219899341,326.884695,0.1,58.09
8775,Nominal,0.229190856,333.719256,0.1,58.09
8776,Nominal,0.248161048,347.255737,0.1,58.09
8777,Nominal,0.279132783,368.288405,0.1,58.09
8778,Nominal,0.250483930,348.877175,0.1,58.09
8779,Nominal,0.274874181,365.468202,0.1,58.09
8780,Nominal,0.476190478,481.030901,0.1,58.09
8781,Nominal,0.393728226,437.402134,0.1,58.09
8782,Nominal,0.443670154,464.315017,0.1,58.09
8783,Nominal,0.414634138,448.864388,0.1,58.09
8784,Nominal,0.471157581,478.482120,0.1,58.09
8785,Nominal,0.460704595,473.144607,0.1,58.09
8786,Nominal,0.181571811,297.034460,0.1,58.09
8787,Nominal,0.232675180,336.246406,0.1,58.09
8788,Nominal,0.397986829,439.761264,0.1,58.09
8789,Nominal,0.207123503,317.246847,0.1,58.09
8790,Nominal,0.357723564,416.923521,0.1,58.09
8791,Nominal,0.322880358,396.098717,0.1,58.09
8792,Nominal,0.170344561,287.704569,0.1,58.09
8793,Nominal,0.306620210,385.996184,0.1,58.09
8794,Nominal,0.305845916,385.508507,0.1,58.09
8795,Nominal,0.317460328,392.760092,0.1,58.09
8796,Nominal,0.227255136,332.306989,0.1,58.09
8797,Nominal,0.226867989,332.023813,0.1,58.09
8798,Nominal,0.220286489,327.172319,0.1,58.09
8799,Nominal,0.217963606,325.442760,0.1,58.09
8800,Nominal,0.269066989,361.587020,0.1,58.09
8801,Nominal,0.253193974,350.759390,0.1,58.09
8802,Nominal,0.266744107,360.022828,0.1,58.09
8803,Nominal,0.263646930,357.926606,0.1,58.09
8804,Nominal,0.414247006,448.654793,0.1,58.09
8805,Nominal,0.436701506,460.654128,0.1,58.09
8806,Nominal,0.386372447,433.297015,0.1,58.09
8807,Nominal,0.385210991,432.645267,0.1,58.09
8808,Nominal,0.363917917,420.517759,0.1,58.09
8809,Nominal,0.409988374,446.342656,0.1,58.09
8810,Nominal,0.163375914,281.758248,0.1,58.09
8811,Nominal,0.202090591,313.368739,0.1,58.09
8812,Nominal,0.360433608,418.499807,0.1,58.09
8813,Nominal,0.190863341,304.539678,0.1,58.09
8814,Nominal,0.384049565,431.992554,0.1,58.09
8815,Nominal,0.282617122,370.579898,0.1,58.09
8816,Nominal,0.205187768,315.760903,0.1,58.09
8817,Nominal,0.284552842,371.846833,0.1,58.09
8818,Nominal,0.282229960,370.325979,0.1,58.09
8819,Nominal,0.305458754,385.264427,0.1,58.09
8820,Nominal,0.215640724,323.703960,0.1,58.09
8821,Nominal,0.211769268,320.785028,0.1,58.09
8822,Nominal,0.207897797,317.839279,0.1,58.09
8823,Missing_Intentional,0.003097174,38.794076,0.1,58.09
8824,Nominal,0.248935342,347.797056,0.1,58.09
8825,Nominal,0.266356945,359.761458,0.1,58.09
8826,Nominal,0.246612459,346.170559,0.1,58.09
8827,Nominal,0.259775460,355.288936,0.1,58.09
8828,Nominal,0.391405344,436.109953,0.1,58.09
8829,Nominal,0.392179638,436.541105,0.1,58.09
8830,Nominal,0.438637257,461.673961,0.1,58.09
8831,Nominal,0.340301961,406.644449,0.1,58.09
8832,Nominal,0.394502521,437.832014,0.1,58.09
8833,Nominal,0.414634138,448.864388,0.1,58.09
8834,Nominal,0.196670532,309.137912,0.1,58.09
8835,Nominal,0.200929150,312.466956,0.1,58.09
8836,Nominal,0.355400711,415.567685,0.1,58.09
8837,Nominal,0.183507547,298.613603,0.1,58.09
8838,Nominal,0.310491681,388.425387,0.1,58.09
8839,Nominal,0.260936886,356.082278,0.1,58.09
8840,Nominal,0.197444826,309.745854,0.1,58.09
8841,Nominal,0.248161048,347.255737,0.1,58.09
8842,Nominal,0.212156400,321.078105,0.1,58.09
8843,Nominal,0.234610915,337.642206,0.1,58.09
8844,Nominal,0.190476194,304.230657,0.1,58.09
8845,Nominal,0.171893150,289.009359,0.1,58.09
8846,Nominal,0.186991870,301.435214,0.1,58.09
8847,Nominal,0.205187768,315.760903,0.1,58.09
8848,Nominal,0.219125047,326.308686,0.1,58.09
8849,Nominal,0.241192415,342.345360,0.1,58.09
8850,Nominal,0.210994974,320.198046,0.1,58.09
8851,Nominal,0.243515298,343.989944,0.1,58.09
8852,Nominal,0.274487019,365.210729,0.1,58.09
8853,Nominal,0.429732859,456.963912,0.1,58.09
8854,Nominal,0.453735977,469.552580,0.1,58.09
8855,Nominal,0.345334888,409.640465,0.1,58.09
8856,Nominal,0.227255136,332.306989,0.1,58.09
8857,Nominal,0.385598153,432.862631,0.1,58.09
8858,Nominal,0.170731708,288.031321,0.1,58.09
8859,Nominal,0.169570267,287.049949,0.1,58.09
8860,Nominal,0.283004254,370.833623,0.1,58.09
8861,Nominal,0.159891605,278.737534,0.1,58.09
8862,Nominal,0.415021300,449.073901,0.1,58.09
8863,Nominal,0.276809901,366.752795,0.1,58.09
8864,Nominal,0.180410370,296.082931,0.1,58.09
8865,Nominal,0.279132783,368.288405,0.1,58.09
8866,Nominal,0.261711180,356.610200,0.1,58.09
8867,Nominal,0.260936886,356.082278,0.1,58.09
8868,Nominal,0.189314753,303.301705,0.1,58.09
8869,Nominal,0.123112656,244.587340,0.1,58.09
8870,Nominal,0.213704988,322.247794,0.1,58.09
8871,Nominal,0.154084399,273.628895,0.1,58.09
8872,Nominal,0.223383665,329.464274,0.1,58.09
8873,Nominal,0.249709636,348.337534,0.1,58.09
8874,Nominal,0.230739444,334.844788,0.1,58.09
8875,Nominal,0.233062327,336.526030,0.1,58.09
8876,Nominal,0.213317841,321.955770,0.1,58.09
8877,Nominal,0.421215653,452.412789,0.1,58.09
8878,Nominal,0.367789388,422.748640,0.1,58.09
8879,Nominal,0.150987223,270.864894,0.1,58.09
8880,Nominal,0.243128151,343.716393,0.1,58.09
8881,Nominal,0.332559049,401.991627,0.1,58.09
8882,Nominal,0.180410370,296.082931,0.1,58.09
8883,Nominal,0.146728605,267.017679,0.1,58.09
8884,Nominal,0.199380562,311.260514,0.1,58.09
8885,Nominal,0.128532708,249.913347,0.1,58.09
8886,Nominal,0.410375535,446.553352,0.1,58.09
8887,Nominal,0.225706547,331.172832,0.1,58.09
8888,Nominal,0.188927606,302.991422,0.1,58.09
8889,Nominal,0.171506003,288.683715,0.1,58.09
8890,Nominal,0.219899341,326.884695,0.1,58.09
8891,Nominal,0.181184664,296.717622,0.1,58.09
8892,Nominal,0.219899341,326.884695,0.1,58.09
8893,Nominal,0.079752229,196.858439,0.1,58.09
8894,Nominal,0.214092135,322.539553,0.1,58.09
8895,Nominal,0.106078200,227.036505,0.1,58.09
8896,Nominal,0.094463803,214.247289,0.1,58.09
8897,Nominal,0.152535811,272.250402,0.1,58.09
8898,Nominal,0.104142472,224.955473,0.1,58.09
8899,Nominal,0.119628340,241.101360,0.1,58.09
8900,Nominal,0.145180017,265.604876,0.1,58.09
8901,Nominal,0.412698418,447.815400,0.1,58.09
8902,Nominal,0.368176550,422.971090,0.1,58.09
8903,Nominal,0.154858693,274.315544,0.1,58.09
8904,Nominal,0.162988767,281.424213,0.1,58.09
8905,Nominal,0.425861388,454.900857,0.1,58.09
8906,Nominal,0.186604723,301.123007,0.1,58.09
8907,Nominal,0.108013935,229.098643,0.1,58.09
8908,Nominal,0.155245841,274.658225,0.1,58.09
8909,Nominal,0.104916766,225.790191,0.1,58.09
8910,Nominal,0.326364696,398.230216,0.1,58.09
8911,Nominal,0.217576459,325.153606,0.1,58.09
8912,Nominal,0.187379017,301.747097,0.1,58.09
8913,Nominal,0.145567164,265.958780,0.1,58.09
8914,Nominal,0.244676739,344.809295,0.1,58.09
8915,Nominal,0.154084399,273.628895,0.1,58.09
8916,Nominal,0.239256680,340.968814,0.1,58.09
8917,Nominal,0.083236545,201.112769,0.1,58.09
8918,Nominal,0.266744107,360.022828,0.1,58.09
8919,Nominal,0.049554780,155.176302,0.1,58.09
8920,Nominal,0.080526516,197.811746,0.1,58.09
8921,Nominal,0.145567164,265.958780,0.1,58.09
8922,Nominal,0.086720869,205.278957,0.1,58.09
8923,Nominal,0.122725517,244.202473,0.1,58.09
8924,Missing_Unintentional,0.000000000,0.000000,0.1,58.09
8925,Missing_Unintentional,0.008130081,62.853586,0.1,58.09
8926,Missing_Unintentional,0.008130081,62.853586,0.1,58.09
8927,Missing_Unintentional,0.000000000,0.000000,0.1,58.09
8928,Nominal,0.086333722,204.820232,0.1,58.09
8929,Nominal,0.276809901,366.752795,0.1,58.09
8930,Nominal,0.333333343,402.459332,0.1,58.09
8931,Nominal,0.088269457,207.103697,0.1,58.09
8932,Nominal,0.118466899,239.928110,0.1,58.09
8933,Nominal,0.315911740,391.800969,0.1,58.09
8934,Nominal,0.242741004,343.442624,0.1,58.09
8935,Nominal,0.064266354,176.715422,0.1,58.09
8936,Missing_Unintentional,0.019357337,96.985191,0.1,58.09
8937,Nominal,0.031358887,123.441997,0.1,58.09
8938,Nominal,0.284940004,372.099714,0.1,58.09
8939,Nominal,0.099109560,219.452431,0.1,58.09
8940,Nominal,0.221447930,328.033679,0.1,58.09
8941,Nominal,0.063879207,176.182342,0.1,58.09
8942,Nominal,0.105691060,226.621834,0.1,58.09
8943,Nominal,0.057297714,166.859628,0.1,58.09
8944,Nominal,0.172667444,289.659550,0.1,58.09
8945,Nominal,0.252419680,350.222649,0.1,58.09
8946,Nominal,0.183507547,298.613603,0.1,58.09
8947,Nominal,0.275648475,365.982584,0.1,58.09
8948,Nominal,0.172280297,289.334637,0.1,58.09
8949,Nominal,0.250871092,349.146693,0.1,58.09
8950,Nominal,0.162214473,280.754950,0.1,58.09
8951,Nominal,0.219125047,326.308686,0.1,58.09
8952,Nominal,0.396825403,439.119128,0.1,58.09
8953,Nominal,0.240030974,341.520098,0.1,58.09
8954,Nominal,0.334881932,403.393114,0.1,58.09
8955,Nominal,0.347657770,411.015871,0.1,58.09
8956,Nominal,0.186217576,300.810476,0.1,58.09
8957,Nominal,0.233449474,336.805421,0.1,58.09
8958,Nominal,0.195896238,308.528772,0.1,58.09
8959,Nominal,0.295392960,378.863436,0.1,58.09
8960,Nominal,0.371660858,424.967810,0.1,58.09
8961,Nominal,0.239643827,341.244567,0.1,58.09
8962,Nominal,0.317460328,392.760092,0.1,58.09
8963,Nominal,0.299264431,381.338078,0.1,58.09
8964,Nominal,0.163763061,282.091887,0.1,58.09
8965,Nominal,0.270615578,362.626066,0.1,58.09
8966,Nominal,0.253968269,351.295310,0.1,58.09
8967,Nominal,0.200154856,311.864318,0.1,58.09
8968,Nominal,0.216027871,323.994408,0.1,58.09
8969,Nominal,0.244676739,344.809295,0.1,58.09
8970,Nominal,0.200154856,311.864318,0.1,58.09
8971,Nominal,0.230739444,334.844788,0.1,58.09
8972,Nominal,0.259388298,355.024081,0.1,58.09
8973,Nominal,0.314750284,391.080073,0.1,58.09
8974,Nominal,0.277197063,367.009186,0.1,58.09
8975,Nominal,0.273325592,364.437259,0.1,58.09
8976,Nominal,0.253193974,350.759390,0.1,58.09
8977,Nominal,0.401858300,441.895006,0.1,58.09
8978,Nominal,0.366240799,421.857704,0.1,58.09
8979,Nominal,0.411924124,447.395113,0.1,58.09
8980,Nominal,0.469221830,477.498187,0.1,58.09
8981,Nominal,0.404181182,443.170320,0.1,58.09
8982,Nominal,0.162601620,281.089781,0.1,58.09
8983,Nominal,0.267131239,360.283988,0.1,58.09
8984,Nominal,0.351916373,413.525560,0.1,58.09
8985,Nominal,0.187766165,302.058659,0.1,58.09
8986,Nominal,0.430894315,457.581023,0.1,58.09
8987,Nominal,0.299651563,381.584650,0.1,58.09
8988,Nominal,0.193573371,306.694105,0.1,58.09
8989,Nominal,0.291521490,376.372523,0.1,58.09
8990,Nominal,0.290360034,375.622018,0.1,58.09
8991,Nominal,0.269841284,362.106916,0.1,58.09
8992,Nominal,0.195509091,308.223751,0.1,58.09
8993,Nominal,0.217963606,325.442760,0.1,58.09
8994,Nominal,0.190863341,304.539678,0.1,58.09
8995,Nominal,0.233836621,337.084580,0.1,58.09
8996,Nominal,0.248935342,347.797056,0.1,58.09
8997,Nominal,0.296554387,379.607513,0.1,58.09
8998,Nominal,0.279907078,368.798854,0.1,58.09
8999,Nominal,0.268292695,361.066376,0.1,58.09
9000,Nominal,0.438250095,461.470169,0.1,58.09
9001,Nominal,0.378629506,428.933385,0.1,58.09
9002,Nominal,0.415795594,449.492619,0.1,58.09
9003,Nominal,0.413472712,448.235293,0.1,58.09
9004,Nominal,0.397986829,439.761264,0.1,58.09
9005,Nominal,0.409988374,446.342656,0.1,58.09
9006,Nominal,0.186604723,301.123007,0.1,58.09
9007,Nominal,0.219899341,326.884695,0.1,58.09
9008,Nominal,0.435540080,460.041156,0.1,58.09
9009,Nominal,0.198993415,310.958172,0.1,58.09
9010,Nominal,0.361982197,419.397877,0.1,58.09
9011,Nominal,0.291134328,376.122514,0.1,58.09
9012,Nominal,0.180797517,296.400447,0.1,58.09
9013,Nominal,0.278358489,367.777247,0.1,58.09
9014,Nominal,0.301587313,382.815185,0.1,58.09
9015,Nominal,0.268292695,361.066376,0.1,58.09
9016,Nominal,0.216802165,324.574525,0.1,58.09
9017,Nominal,0.210607827,319.904151,0.1,58.09
9018,Nominal,0.230739444,334.844788,0.1,58.09
9019,Nominal,0.232288033,335.966551,0.1,58.09
9020,Nominal,0.287650019,373.865014,0.1,58.09
9021,Nominal,0.331397593,401.289039,0.1,58.09
9022,Nominal,0.286101431,372.857289,0.1,58.09
9023,Nominal,0.283391416,371.087195,0.1,58.09
9024,Nominal,0.423538536,453.658537,0.1,58.09
9025,Nominal,0.292682916,377.121514,0.1,58.09
9026,Nominal,0.397986829,439.761264,0.1,58.09
9027,Nominal,0.352690667,413.980234,0.1,58.09
9028,Nominal,0.409601241,446.131876,0.1,58.09
9029,Nominal,0.390243888,435.462416,0.1,58.09
9030,Nominal,0.202090591,313.368739,0.1,58.09
9031,Nominal,0.211382121,320.491671,0.1,58.09
9032,Nominal,0.310104519,388.183141,0.1,58.09
9033,Nominal,0.205962062,316.356118,0.1,58.09
9034,Nominal,0.285714298,372.604941,0.1,58.09
9035,Nominal,0.284165710,371.593799,0.1,58.09
9036,Nominal,0.210220680,319.609986,0.1,58.09
9037,Nominal,0.244289592,344.536394,0.1,58.09
9038,Nominal,0.259775460,355.288936,0.1,58.09
9039,Nominal,0.246612459,346.170559,0.1,58.09
9040,Nominal,0.233836621,337.084580,0.1,58.09
9041,Nominal,0.200154856,311.864318,0.1,58.09
9042,Nominal,0.229190856,333.719256,0.1,58.09
9043,Nominal,0.218350753,325.731658,0.1,58.09
9044,Nominal,0.284165710,371.593799,0.1,58.09
9045,Nominal,0.294618666,378.366565,0.1,58.09
9046,Nominal,0.297715843,380.350153,0.1,58.09
9047,Nominal,0.309330225,387.698215,0.1,58.09
9048,Nominal,0.386372447,433.297015,0.1,58.09
9049,Nominal,0.378629506,428.933385,0.1,58.09
9050,Nominal,0.461091757,473.343373,0.1,58.09
9051,Nominal,0.363530785,420.294028,0.1,58.09
9052,Nominal,0.358497858,417.374494,0.1,58.09
9053,Nominal,0.365853667,421.634684,0.1,58.09
9054,Nominal,0.194347665,307.306882,0.1,58.09
9055,Nominal,0.182733253,297.982950,0.1,58.09
9056,Nominal,0.303523034,384.041759,0.1,58.09
9057,Nominal,0.170731708,288.031321,0.1,58.09
9058,Nominal,0.375145167,426.955193,0.1,58.09
9059,Nominal,0.238869533,340.692837,0.1,58.09
9060,Nominal,0.194347665,307.306882,0.1,58.09
9061,Nominal,0.217576459,325.153606,0.1,58.09
9062,Nominal,0.236159503,338.754705,0.1,58.09
9063,Nominal,0.204026327,314.865971,0.1,58.09
9064,Nominal,0.183120400,298.298443,0.1,58.09
9065,Nominal,0.174990326,291.601426,0.1,58.09
9066,Nominal,0.202477738,313.668757,0.1,58.09
9067,Nominal,0.183120400,298.298443,0.1,58.09
9068,Nominal,0.246999606,346.442172,0.1,58.09
9069,Nominal,0.292682916,377.121514,0.1,58.09
9070,Nominal,0.255516827,352.364685,0.1,58.09
9071,Nominal,0.267131239,360.283988,0.1,58.09
9072,Nominal,0.305458754,385.264427,0.1,58.09
9073,Nominal,0.449477345,467.343843,0.1,58.09
9074,Nominal,0.412698418,447.815400,0.1,58.09
9075,Nominal,0.333720475,402.692971,0.1,58.09
9076,Nominal,0.297715843,380.350153,0.1,58.09
9077,Nominal,0.363530785,420.294028,0.1,58.09
9078,Nominal,0.181958959,297.350959,0.1,58.09
9079,Nominal,0.174990326,291.601426,0.1,58.09
9080,Nominal,0.164924502,283.090447,0.1,58.09
9081,Nominal,0.151374370,271.211935,0.1,58.09
9082,Nominal,0.329849005,400.350349,0.1,58.09
9083,Nominal,0.249709636,348.337534,0.1,58.09
9084,Nominal,0.180410370,296.082931,0.1,58.09
9085,Nominal,0.200154856,311.864318,0.1,58.09
9086,Nominal,0.226480842,331.740395,0.1,58.09
9087,Nominal,0.200154856,311.864318,0.1,58.09
9088,Nominal,0.203252032,314.267934,0.1,58.09
9089,Nominal,0.134339914,255.496618,0.1,58.09
9090,Nominal,0.200929150,312.466956,0.1,58.09
9091,Nominal,0.149825782,269.821094,0.1,58.09
9092,Nominal,0.229965150,334.282496,0.1,58.09
9093,Nominal,0.307781637,386.726538,0.1,58.09
9094,Nominal,0.252806813,350.491112,0.1,58.09
9095,Nominal,0.259001166,354.759049,0.1,58.09
9096,Nominal,0.239256680,340.968814,0.1,58.09
9097,Nominal,0.417731315,450.537701,0.1,58.09
9098,Nominal,0.429345727,456.758034,0.1,58.09
9099,Nominal,0.274874181,365.468202,0.1,58.09
9100,Nominal,0.238869533,340.692837,0.1,58.09
9101,Nominal,0.409214079,445.920981,0.1,58.09
9102,Nominal,0.153697252,273.284924,0.1,58.09
9103,Nominal,0.148277193,268.423046,0.1,58.09
9104,Nominal,0.176151767,292.567530,0.1,58.09
9105,Nominal,0.155632988,275.000479,0.1,58.09
9106,Nominal,0.409988374,446.342656,0.1,58.09
9107,Nominal,0.240805268,342.070494,0.1,58.09
9108,Nominal,0.173828885,290.632110,0.1,58.09
9109,Nominal,0.185443282,300.184439,0.1,58.09
9110,Nominal,0.252419680,350.222649,0.1,58.09
9111,Nominal,0.174603179,291.278679,0.1,58.09
9112,Nominal,0.217189312,324.864194,0.1,58.09
9113,Nominal,0.085559428,203.899687,0.1,58.09
9114,Nominal,0.219125047,326.308686,0.1,58.09
9115,Nominal,0.098335266,218.593514,0.1,58.09
9116,Nominal,0.146341458,266.665180,0.1,58.09
9117,Nominal,0.222996518,329.178653,0.1,58.09
9118,Nominal,0.138985679,259.876883,0.1,58.09
9119,Nominal,0.163763061,282.091887,0.1,58.09
9120,Nominal,0.234223768,337.363508,0.1,58.09
9121,Nominal,0.265195519,358.976247,0.1,58.09
9122,Nominal,0.325203240,397.520980,0.1,58.09
9123,Nominal,0.146341458,266.665180,0.1,58.09
9124,Nominal,0.159117311,278.061805,0.1,58.09
9125,Nominal,0.343012005,408.260424,0.1,58.09
9126,Nominal,0.160665900,279.411629,0.1,58.09
9127,Nominal,0.123112656,244.587340,0.1,58.09
9128,Nominal,0.071622148,186.554742,0.1,58.09
9129,Nominal,0.097560972,217.731208,0.1,58.09
9130,Nominal,0.312427402,389.634300,0.1,58.09
9131,Nominal,0.126984134,248.403296,0.1,58.09
9132,Nominal,0.228029430,332.872619,0.1,58.09
9133,Nominal,0.080913663,198.286686,0.1,58.09
9134,Nominal,0.140147120,260.960461,0.1,58.09
9135,Nominal,0.094463803,214.247289,0.1,58.09
9136,Nominal,0.226093695,331.456735,0.1,58.09
9137,Missing_Unintentional,0.027100271,114.754424,0.1,58.09
9138,Nominal,0.269841284,362.106916,0.1,58.09
9139,Nominal,0.062330622,174.033700,0.1,58.09
9140,Nominal,0.097948119,218.162787,0.1,58.09
9141,Nominal,0.212156400,321.078105,0.1,58.09
9142,Nominal,0.100658149,221.160260,0.1,58.09
9143,Nominal,0.156794429,276.024693,0.1,58.09
9144,Missing_Unintentional,0.010840109,72.577071,0.1,58.09
9145,Nominal,0.048393343,153.347053,0.1,58.09
9146,Missing_Unintentional,0.014324429,83.429814,0.1,58.09
9147,Missing_Unintentional,0.018195895,94.030629,0.1,58.09
9148,Nominal,0.085559428,203.899687,0.1,58.09
9149,Nominal,0.256291121,352.898167,0.1,58.09
9150,Nominal,0.342624843,408.029955,0.1,58.09
9151,Nominal,0.089043744,208.010055,0.1,58.09
9152,Nominal,0.095238097,215.123560,0.1,58.09
9153,Nominal,0.353464961,414.434410,0.1,58.09
9154,Nominal,0.236546651,339.032259,0.1,58.09
9155,Nominal,0.053813394,161.706626,0.1,58.09
9156,Nominal,0.044134729,146.444428,0.1,58.09
9157,Missing_Unintentional,0.036004648,132.270168,0.1,58.09
9158,Nominal,0.190863341,304.539678,0.1,58.09
9159,Nominal,0.149051487,269.122978,0.1,58.09
9160,Nominal,0.252806813,350.491112,0.1,58.09
9161,Nominal,0.060782038,171.858197,0.1,58.09
9162,Nominal,0.145567164,265.958780,0.1,58.09
9163,Nominal,0.072009295,187.058265,0.1,58.09
9164,Nominal,0.162601620,281.089781,0.1,58.09
9165,Nominal,0.247386754,346.713573,0.1,58.09
9166,Nominal,0.171893150,289.009359,0.1,58.09
9167,Nominal,0.250096798,348.607469,0.1,58.09
9168,Nominal,0.236933798,339.309587,0.1,58.09
9169,Nominal,0.277584195,367.265378,0.1,58.09
9170,Nominal,0.213317841,321.955770,0.1,58.09
9171,Nominal,0.288424313,374.367859,0.1,58.09
9172,Nominal,0.337204814,404.789749,0.1,58.09
9173,Nominal,0.339914829,406.413081,0.1,58.09
9174,Nominal,0.322493225,395.861185,0.1,58.09
9175,Nominal,0.399535418,440.616001,0.1,58.09
9176,Nominal,0.330623299,400.819969,0.1,58.09
9177,Nominal,0.238869533,340.692837,0.1,58.09
9178,Nominal,0.196670532,309.137912,0.1,58.09
9179,Nominal,0.271389842,363.144455,0.1,58.09
9180,Nominal,0.309330225,387.698215,0.1,58.09
9181,Nominal,0.227255136,332.306989,0.1,58.09
9182,Nominal,0.352303535,413.752969,0.1,58.09
9183,Nominal,0.253968269,351.295310,0.1,58.09
9184,Nominal,0.190476194,304.230657,0.1,58.09
9185,Nominal,0.197057679,309.442032,0.1,58.09
9186,Nominal,0.256678283,353.164617,0.1,58.09
9187,Nominal,0.183894694,298.928430,0.1,58.09
9188,Nominal,0.192411929,305.772638,0.1,58.09
9189,Nominal,0.223770812,329.749649,0.1,58.09
9190,Nominal,0.210994974,320.198046,0.1,58.09
9191,Nominal,0.232288033,335.966551,0.1,58.09
9192,Nominal,0.257839710,353.962720,0.1,58.09
9193,Nominal,0.328687578,399.644894,0.1,58.09
9194,Nominal,0.253581107,351.027442,0.1,58.09
9195,Nominal,0.307394505,386.483246,0.1,58.09
9196,Nominal,0.324428946,397.047458,0.1,58.09
9197,Nominal,0.380952388,430.247121,0.1,58.09
9198,Nominal,0.380952388,430.247121,0.1,58.09
9199,Nominal,0.319783211,394.194401,0.1,58.09
9200,Nominal,0.369337976,423.637703,0.1,58.09
9201,Nominal,0.381339520,430.465679,0.1,58.09
9202,Nominal,0.177700356,293.850728,0.1,58.09
9203,Nominal,0.195121944,307.918427,0.1,58.09
9204,Nominal,0.434378624,459.427350,0.1,58.09
9205,Nominal,0.184281841,299.242927,0.1,58.09
9206,Nominal,0.465350360,475.524228,0.1,58.09
9207,Nominal,0.278358489,367.777247,0.1,58.09
9208,Nominal,0.182733253,297.982950,0.1,58.09
9209,Nominal,0.259388298,355.024081,0.1,58.09
9210,Nominal,0.295392960,378.863436,0.1,58.09
9211,Nominal,0.240030974,341.520098,0.1,58.09
9212,Nominal,0.216027871,323.994408,0.1,58.09
9213,Nominal,0.213317841,321.955770,0.1,58.09
9214,Nominal,0.215640724,323.703960,0.1,58.09
9215,Nominal,0.211769268,320.785028,0.1,58.09
9216,Nominal,0.279132783,368.288405,0.1,58.09
9217,Nominal,0.367402256,422.526091,0.1,58.09
9218,Nominal,0.290360034,375.622018,0.1,58.09
9219,Nominal,0.294231504,378.117875,0.1,58.09
9220,Nominal,0.418892771,451.163602,0.1,58.09
9221,Nominal,0.388308167,434.381064,0.1,58.09
9222,Nominal,0.368176550,422.971090,0.1,58.09
9223,Nominal,0.349593490,412.158529,0.1,58.09
9224,Nominal,0.335269064,403.626213,0.1,58.09
9225,Nominal,0.391792476,436.325574,0.1,58.09
9226,Nominal,0.200542003,312.165782,0.1,58.09
9227,Nominal,0.192411929,305.772638,0.1,58.09
9228,Nominal,0.401471168,441.682104,0.1,58.09
9229,Nominal,0.183120400,298.298443,0.1,58.09
9230,Nominal,0.410375535,446.553352,0.1,58.09
9231,Nominal,0.300038725,381.831082,0.1,58.09
9232,Nominal,0.202864885,313.968489,0.1,58.09
9233,Nominal,0.277971357,367.521412,0.1,58.09
9234,Nominal,0.274487019,365.210729,0.1,58.09
9235,Nominal,0.221447930,328.033679,0.1,58.09
9236,Nominal,0.206349209,316.653306,0.1,58.09
9237,Nominal,0.216027871,323.994408,0.1,58.09
9238,Nominal,0.226093695,331.456735,0.1,58.09
9239,Nominal,0.209833533,319.315550,0.1,58.09
9240,Nominal,0.294231504,378.117875,0.1,58.09
9241,Nominal,0.354626417,415.114750,0.1,58.09
9242,Nominal,0.281842828,370.071906,0.1,58.09
9243,Nominal,0.317460328,392.760092,0.1,58.09
9244,Nominal,0.422764242,453.243668,0.1,58.09
9245,Nominal,0.354239255,414.888088,0.1,58.09
9246,Nominal,0.450638801,467.947266,0.1,58.09
9247,Nominal,0.363917917,420.517759,0.1,58.09
9248,Nominal,0.411924124,447.395113,0.1,58.09
9249,Nominal,0.425474256,454.694045,0.1,58.09
9250,Nominal,0.203252032,314.267934,0.1,58.09
9251,Nominal,0.172280297,289.334637,0.1,58.09
9252,Nominal,0.326364696,398.230216,0.1,58.09
9253,Nominal,0.169957414,287.377446,0.1,58.09
9254,Nominal,0.391405344,436.109953,0.1,58.09
9255,Nominal,0.267131239,360.283988,0.1,58.09
9256,Nominal,0.192024782,305.464864,0.1,58.09
9257,Nominal,0.252806813,350.491112,0.1,58.09
9258,Nominal,0.273325592,364.437259,0.1,58.09
9259,Nominal,0.223383665,329.464274,0.1,58.09
9260,Nominal,0.219512194,326.596817,0.1,58.09
9261,Nominal,0.224157959,330.034776,0.1,58.09
9262,Nominal,0.222996518,329.178653,0.1,58.09
9263,Nominal,0.196283385,308.833492,0.1,58.09
9264,Nominal,0.241192415,342.345360,0.1,58.09
9265,Nominal,0.337591946,405.022044,0.1,58.09
9266,Nominal,0.259775460,355.288936,0.1,58.09
9267,Nominal,0.292295784,376.872022,0.1,58.09
9268,Nominal,0.422764242,453.243668,0.1,58.09
9269,Nominal,0.408826947,445.710001,0.1,58.09
9270,Nominal,0.408826947,445.710001,0.1,58.09
9271,Nominal,0.371273726,424.746424,0.1,58.09
9272,Nominal,0.298490137,380.844436,0.1,58.09
9273,Missing_Intentional,0.002322880,33.596655,0.1,58.09
9274,Nominal,0.196670532,309.137912,0.1,58.09
9275,Nominal,0.168408826,286.065212,0.1,58.09
9276,Nominal,0.331784755,401.523378,0.1,58.09
9277,Nominal,0.162214473,280.754950,0.1,58.09
9278,Nominal,0.343786299,408.720956,0.1,58.09
9279,Nominal,0.248161048,347.255737,0.1,58.09
9280,Nominal,0.191637635,305.156780,0.1,58.09
9281,Nominal,0.199767709,311.562562,0.1,58.09
9282,Nominal,0.267131239,360.283988,0.1,58.09
9283,Nominal,0.172667444,289.659550,0.1,58.09
9284,Nominal,0.202477738,313.668757,0.1,58.09
9285,Nominal,0.145567164,265.958780,0.1,58.09
9286,Nominal,0.225706547,331.172832,0.1,58.09
9287,Nominal,0.195509091,308.223751,0.1,58.09
9288,Nominal,0.265969813,359.499919,0.1,58.09
9289,Nominal,0.310491681,388.425387,0.1,58.09
9290,Nominal,0.263259768,357.663704,0.1,58.09
9291,Nominal,0.312427402,389.634300,0.1,58.09
9292,Nominal,0.327913284,399.173892,0.1,58.09
9293,Nominal,0.354626417,415.114750,0.1,58.09
9294,Nominal,0.353464961,414.434410,0.1,58.09
9295,Nominal,0.325977534,397.993938,0.1,58.09
9296,Nominal,0.246999606,346.442172,0.1,58.09
9297,Nominal,0.351529241,413.298045,0.1,58.09
9298,Nominal,0.164150208,282.425133,0.1,58.09
9299,Nominal,0.171893150,289.009359,0.1,58.09
9300,Nominal,0.209059238,318.725862,0.1,58.09
9301,Nominal,0.154471546,273.972435,0.1,58.09
9302,Nominal,0.388308167,434.381064,0.1,58.09
9303,Missing_Intentional,0.017034456,90.980173,0.1,58.09
9304,Nominal,0.188153312,302.369900,0.1,58.09
9305,Nominal,0.199380562,311.260514,0.1,58.09
9306,Nominal,0.253581107,351.027442,0.1,58.09
9307,Nominal,0.181184664,296.717622,0.1,58.09
9308,Nominal,0.204800621,315.462875,0.1,58.09
9309,Nominal,0.125822693,247.264695,0.1,58.09
9310,Nominal,0.230352297,334.563760,0.1,58.09
9311,Nominal,0.137049943,258.060808,0.1,58.09
9312,Nominal,0.182346106,297.667122,0.1,58.09
9313,Nominal,0.253193974,350.759390,0.1,58.09
9314,Nominal,0.163763061,282.091887,0.1,58.09
9315,Nominal,0.263259768,357.663704,0.1,58.09
9316,Nominal,0.152535811,272.250402,0.1,58.09
9317,Nominal,0.379403800,429.371743,0.1,58.09
9318,Nominal,0.353464961,414.434410,0.1,58.09
9319,Nominal,0.198993415,310.958172,0.1,58.09
9320,Nominal,0.098722413,219.023394,0.1,58.09
9321,Nominal,0.355013549,415.341270,0.1,58.09
9322,Nominal,0.132017031,253.278079,0.1,58.09
9323,Nominal,0.153310105,272.940519,0.1,58.09
9324,Nominal,0.207897797,317.839279,0.1,58.09
9325,Nominal,0.158343017,277.384430,0.1,58.09
9326,Nominal,0.451413095,468.349110,0.1,58.09
9327,Nominal,0.259775460,355.288936,0.1,58.09
9328,Nominal,0.153697252,273.284924,0.1,58.09
9329,Missing_Intentional,0.003097174,38.794076,0.1,58.09
9330,Nominal,0.265582651,359.238168,0.1,58.09
9331,Nominal,0.215640724,323.703960,0.1,58.09
9332,Nominal,0.212156400,321.078105,0.1,58.09
9333,Nominal,0.089430891,208.461761,0.1,58.09
9334,Nominal,0.234610915,337.642206,0.1,58.09
9335,Nominal,0.098722413,219.023394,0.1,58.09
9336,Nominal,0.147502899,267.721285,0.1,58.09
9337,Nominal,0.255516827,352.364685,0.1,58.09
9338,Nominal,0.157955870,277.045122,0.1,58.09
9339,Nominal,0.219899341,326.884695,0.1,58.09
9340,Nominal,0.130855590,252.161490,0.1,58.09
9341,Nominal,0.447928756,466.538077,0.1,58.09
9342,Nominal,0.335656226,403.859196,0.1,58.09
9343,Nominal,0.131242737,252.534235,0.1,58.09
9344,Nominal,0.157955870,277.045122,0.1,58.09
9345,Nominal,0.408439785,445.498906,0.1,58.09
9346,Nominal,0.156020135,275.342307,0.1,58.09
9347,Nominal,0.112272553,233.571270,0.1,58.09
9348,Nominal,0.120402634,241.880366,0.1,58.09
9349,Nominal,0.101819590,222.432526,0.1,58.09
9350,Nominal,0.436314374,460.449900,0.1,58.09
9351,Nominal,0.159504458,278.399875,0.1,58.09
9352,Nominal,0.189701900,303.611671,0.1,58.09
9353,Nominal,0.082075104,199.704727,0.1,58.09
9354,Nominal,0.171893150,289.009359,0.1,58.09
9355,Nominal,0.086333722,204.820232,0.1,58.09
9356,Nominal,0.240805268,342.070494,0.1,58.09
9357,Missing_Unintentional,0.034843206,130.119288,0.1,58.09
9358,Nominal,0.279907078,368.798854,0.1,58.09
9359,Nominal,0.046070460,149.621463,0.1,58.09
9360,Nominal,0.091366626,210.705764,0.1,58.09
9361,Nominal,0.115369722,236.771021,0.1,58.09
9362,Nominal,0.061169185,172.404647,0.1,58.09
9363,Nominal,0.187766165,302.058659,0.1,58.09
9364,Missing_Unintentional,0.014711576,84.549728,0.1,58.09
9365,Nominal,0.072009295,187.058265,0.1,58.09
9366,Nominal,0.034456059,129.394384,0.1,58.09
9367,Missing_Unintentional,0.015485869,86.746190,0.1,58.09
9368,Nominal,0.109949671,231.142384,0.1,58.09
9369,Nominal,0.349593490,412.158529,0.1,58.09
9370,Nominal,0.346496314,410.328736,0.1,58.09
9371,Nominal,0.039876115,139.199937,0.1,58.09
9372,Nominal,0.084397987,202.511022,0.1,58.09
9373,Nominal,0.360046446,418.274980,0.1,58.09
9374,Nominal,0.230739444,334.844788,0.1,58.09
9375,Nominal,0.066589236,179.880729,0.1,58.09
9376,Nominal,0.057297714,166.859628,0.1,58.09
9377,Missing_Unintentional,0.026713124,113.931800,0.1,58.09
9378,Nominal,0.259001166,354.759049,0.1,58.09
9379,Nominal,0.149825782,269.821094,0.1,58.09
9380,Nominal,0.235772356,338.476923,0.1,58.09
9381,Nominal,0.065814942,178.831852,0.1,58.09
9382,Nominal,0.171506003,288.683715,0.1,58.09
9383,Nominal,0.061556328,172.949366,0.1,58.09
9384,Nominal,0.174990326,291.601426,0.1,58.09
9385,Nominal,0.230352297,334.563760,0.1,58.09
9386,Nominal,0.181184664,296.717622,0.1,58.09
9387,Nominal,0.230352297,334.563760,0.1,58.09
9388,Nominal,0.205574915,316.058651,0.1,58.09
9389,Nominal,0.221447930,328.033679,0.1,58.09
9390,Nominal,0.168408826,286.065212,0.1,58.09
9391,Nominal,0.234998062,337.920674,0.1,58.09
9392,Nominal,0.463801771,474.732347,0.1,58.09
9393,Nominal,0.356949270,416.472060,0.1,58.09
9394,Nominal,0.260549754,355.818034,0.1,58.09
9395,Nominal,0.329074711,399.880178,0.1,58.09
9396,Nominal,0.397212535,439.333272,0.1,58.09
9397,Nominal,0.286875725,373.361491,0.1,58.09
9398,Nominal,0.173054591,289.984099,0.1,58.09
9399,Nominal,0.238095239,340.140212,0.1,58.09
9400,Nominal,0.433991492,459.222576,0.1,58.09
9401,Nominal,0.210220680,319.609986,0.1,58.09
9402,Nominal,0.289585739,375.120854,0.1,58.09
9403,Nominal,0.295005798,378.615072,0.1,58.09
9404,Nominal,0.183894694,298.928430,0.1,58.09
9405,Nominal,0.204413474,315.164564,0.1,58.09
9406,Nominal,0.320557505,394.671346,0.1,58.09
9407,Nominal,0.241192415,342.345360,0.1,58.09
9408,Nominal,0.240030974,341.520098,0.1,58.09
9409,Nominal,0.259388298,355.024081,0.1,58.09
9410,Nominal,0.205962062,316.356118,0.1,58.09
9411,Nominal,0.222609371,328.892783,0.1,58.09
9412,Nominal,0.249322489,348.067400,0.1,58.09
9413,Nominal,0.305845916,385.508507,0.1,58.09
9414,Nominal,0.272164136,363.662124,0.1,58.09
9415,Nominal,0.321718931,395.385676,0.1,58.09
9416,Nominal,0.431281447,457.786531,0.1,58.09
9417,Nominal,0.354239255,414.888088,0.1,58.09
9418,Nominal,0.308943093,387.455533,0.1,58.09
9419,Nominal,0.363530785,420.294028,0.1,58.09
9420,Nominal,0.446380168,465.730916,0.1,58.09
9421,Nominal,0.329849005,400.350349,0.1,58.09
9422,Nominal,0.180410370,296.082931,0.1,58.09
9423,Nominal,0.168795973,286.393834,0.1,58.09
9424,Nominal,0.447541624,466.336425,0.1,58.09
9425,Nominal,0.195896238,308.528772,0.1,58.09
9426,Nominal,0.336043358,404.092026,0.1,58.09
9427,Nominal,0.288037181,374.116531,0.1,58.09
9428,Nominal,0.194734812,307.612812,0.1,58.09
9429,Nominal,0.218350753,325.731658,0.1,58.09
9430,Nominal,0.305845916,385.508507,0.1,58.09
9431,Nominal,0.265195519,358.976247,0.1,58.09
9432,Nominal,0.218350753,325.731658,0.1,58.09
9433,Nominal,0.210220680,319.609986,0.1,58.09
9434,Nominal,0.227255136,332.306989,0.1,58.09
9435,Nominal,0.223770812,329.749649,0.1,58.09
9436,Nominal,0.245451033,345.354449,0.1,58.09
9437,Nominal,0.335656226,403.859196,0.1,58.09
9438,Nominal,0.271777004,363.403391,0.1,58.09
9439,Nominal,0.333720475,402.692971,0.1,58.09
9440,Nominal,0.373983741,426.293767,0.1,58.09
9441,Nominal,0.355400711,415.567685,0.1,58.09
9442,Nominal,0.372435153,425.410255,0.1,58.09
9443,Nominal,0.392953932,436.971832,0.1,58.09
9444,Nominal,0.267518401,360.544980,0.1,58.09
9445,Nominal,0.372822315,425.631314,0.1,58.09
9446,Nominal,0.192799076,306.080102,0.1,58.09
9447,Nominal,0.166473091,284.416406,0.1,58.09
9448,Nominal,0.379403800,429.371743,0.1,58.09
9449,Nominal,0.185443282,300.184439,0.1,58.09
9450,Nominal,0.192411929,305.772638,0.1,58.09
9451,Nominal,0.279519945,368.543727,0.1,58.09
9452,Nominal,0.209446386,319.020842,0.1,58.09
9453,Nominal,0.209059238,318.725862,0.1,58.09
9454,Nominal,0.295392960,378.863436,0.1,58.09
9455,Nominal,0.236546651,339.032259,0.1,58.09
9456,Nominal,0.216027871,323.994408,0.1,58.09
9457,Nominal,0.181958959,297.350959,0.1,58.09
9458,Nominal,0.222996518,329.178653,0.1,58.09
9459,Nominal,0.224932253,330.604294,0.1,58.09
9460,Nominal,0.253581107,351.027442,0.1,58.09
9461,Nominal,0.324816108,397.284299,0.1,58.09
9462,Nominal,0.262098342,356.873877,0.1,58.09
9463,Nominal,0.348432064,411.473319,0.1,58.09
9464,Nominal,0.389469624,435.030211,0.1,58.09
9465,Nominal,0.348044902,411.244650,0.1,58.09
9466,Nominal,0.361982197,419.397877,0.1,58.09
9467,Nominal,0.331784755,401.523378,0.1,58.09
9468,Nominal,0.386759579,433.514035,0.1,58.09
9469,Nominal,0.344560593,409.180968,0.1,58.09
9470,Nominal,0.214479282,322.831048,0.1,58.09
9471,Nominal,0.178474635,294.490218,0.1,58.09
9472,Nominal,0.396438241,438.904863,0.1,58.09
9473,Nominal,0.172667444,289.659550,0.1,58.09
9474,Nominal,0.354626417,415.114750,0.1,58.09
9475,Nominal,0.284165710,371.593799,0.1,58.09
9476,Nominal,0.192024782,305.464864,0.1,58.09
9477,Nominal,0.217963606,325.442760,0.1,58.09
9478,Nominal,0.271777004,363.403391,0.1,58.09
9479,Nominal,0.219899341,326.884695,0.1,58.09
9480,Nominal,0.219125047,326.308686,0.1,58.09
9481,Nominal,0.180797517,296.400447,0.1,58.09
9482,Nominal,0.196670532,309.137912,0.1,58.09
9483,Nominal,0.214479282,322.831048,0.1,58.09
9484,Nominal,0.224932253,330.604294,0.1,58.09
9485,Nominal,0.299651563,381.584650,0.1,58.09
9486,Nominal,0.237320945,339.586688,0.1,58.09
9487,Nominal,0.319008917,393.716879,0.1,58.09
9488,Nominal,0.315524578,391.560811,0.1,58.09
9489,Nominal,0.374758035,426.734838,0.1,58.09
9490,Nominal,0.372822315,425.631314,0.1,58.09
9491,Nominal,0.283004254,370.833623,0.1,58.09
9492,Nominal,0.414247006,448.654793,0.1,58.09
9493,Nominal,0.378629506,428.933385,0.1,58.09
9494,Nominal,0.212543547,321.370926,0.1,58.09
9495,Nominal,0.160665900,279.411629,0.1,58.09
9496,Nominal,0.350367785,412.614709,0.1,58.09
9497,Nominal,0.162601620,281.089781,0.1,58.09
9498,Nominal,0.363530785,420.294028,0.1,58.09
9499,Nominal,0.279907078,368.798854,0.1,58.09
9500,Nominal,0.198993415,310.958172,0.1,58.09
9501,Nominal,0.164537355,282.757985,0.1,58.09
9502,Nominal,0.265582651,359.238168,0.1,58.09
9503,Nominal,0.219125047,326.308686,0.1,58.09
9504,Nominal,0.235772356,338.476923,0.1,58.09
9505,Nominal,0.178861782,294.809449,0.1,58.09
9506,Nominal,0.227255136,332.306989,0.1,58.09
9507,Nominal,0.193186224,306.387257,0.1,58.09
9508,Nominal,0.228416577,333.155074,0.1,58.09
9509,Nominal,0.267518401,360.544980,0.1,58.09
9510,Nominal,0.219512194,326.596817,0.1,58.09
9511,Nominal,0.326364696,398.230216,0.1,58.09
9512,Nominal,0.308943093,387.455533,0.1,58.09
9513,Nominal,0.481223375,483.566247,0.1,58.09
9514,Nominal,0.378629506,428.933385,0.1,58.09
9515,Nominal,0.308943093,387.455533,0.1,58.09
9516,Nominal,0.341463417,407.337800,0.1,58.09
9517,Nominal,0.352303535,413.752969,0.1,58.09
9518,Nominal,0.170731708,288.031321,0.1,58.09
9519,Nominal,0.168021679,285.736212,0.1,58.09
9520,Nominal,0.260549754,355.818034,0.1,58.09
9521,Nominal,0.154084399,273.628895,0.1,58.09
9522,Nominal,0.359272152,417.824979,0.1,58.09
9523,Nominal,0.275261313,365.725474,0.1,58.09
9524,Nominal,0.178087488,294.170641,0.1,58.09
9525,Nominal,0.195509091,308.223751,0.1,58.09
9526,Nominal,0.306620210,385.996184,0.1,58.09
9527,Nominal,0.241579562,342.620005,0.1,58.09
9528,Nominal,0.202864885,313.968489,0.1,58.09
9529,Nominal,0.118854046,240.319830,0.1,58.09
9530,Nominal,0.221060783,327.746811,0.1,58.09
9531,Nominal,0.149438635,269.472262,0.1,58.09
9532,Nominal,0.173054591,289.984099,0.1,58.09
9533,Nominal,0.282617122,370.579898,0.1,58.09
9534,Nominal,0.179636076,295.446876,0.1,58.09
9535,Nominal,0.252032518,349.953960,0.1,58.09
9536,Nominal,0.208672091,318.430609,0.1,58.09
9537,Nominal,0.396825403,439.119128,0.1,58.09
9538,Nominal,0.429345727,456.758034,0.1,58.09
9539,Nominal,0.186604723,301.123007,0.1,58.09
9540,Nominal,0.229190856,333.719256,0.1,58.09
9541,Nominal,0.420441359,451.996777,0.1,58.09
9542,Nominal,0.150987223,270.864894,0.1,58.09
9543,Nominal,0.119628340,241.101360,0.1,58.09
9544,Nominal,0.205187768,315.760903,0.1,58.09
9545,Nominal,0.113433994,234.776290,0.1,58.09
9546,Nominal,0.367402256,422.526091,0.1,58.09
9547,Nominal,0.326364696,398.230216,0.1,58.09
9548,Nominal,0.128532708,249.913347,0.1,58.09
9549,Nominal,0.217576459,325.153606,0.1,58.09
9550,Nominal,0.210994974,320.198046,0.1,58.09
9551,Nominal,0.125822693,247.264695,0.1,58.09
9552,Nominal,0.230352297,334.563760,0.1,58.09
9553,Nominal,0.069299266,183.504593,0.1,58.09
9554,Nominal,0.225706547,331.172832,0.1,58.09
9555,Nominal,0.119628340,241.101360,0.1,58.09
9556,Nominal,0.140147120,260.960461,0.1,58.09
9557,Nominal,0.278358489,367.777247,0.1,58.09
9558,Nominal,0.138985679,259.876883,0.1,58.09
9559,Nominal,0.265195519,358.976247,0.1,58.09
9560,Nominal,0.137824237,258.788767,0.1,58.09
9561,Nominal,0.244676739,344.809295,0.1,58.09
9562,Nominal,0.390631050,435.678374,0.1,58.09
9563,Nominal,0.106852494,227.863600,0.1,58.09
9564,Nominal,0.168795973,286.393834,0.1,58.09
9565,Nominal,0.425474256,454.694045,0.1,58.09
9566,Nominal,0.140921414,261.680354,0.1,58.09
9567,Nominal,0.085172281,203.437852,0.1,58.09
9568,Nominal,0.118854046,240.319830,0.1,58.09
9569,Nominal,0.062330622,174.033700,0.1,58.09
9570,Nominal,0.394889653,438.046787,0.1,58.09
9571,Nominal,0.207123503,317.246847,0.1,58.09
9572,Nominal,0.157181576,276.365255,0.1,58.09
9573,Nominal,0.097173832,217.298780,0.1,58.09
9574,Nominal,0.260162592,355.553573,0.1,58.09
9575,Nominal,0.111498259,232.764458,0.1,58.09
9576,Nominal,0.250096798,348.607469,0.1,58.09
9577,Nominal,0.033681765,127.932252,0.1,58.09
9578,Nominal,0.246612459,346.170559,0.1,58.09
9579,Nominal,0.065040648,177.776787,0.1,58.09
9580,Nominal,0.057297714,166.859628,0.1,58.09
9581,Nominal,0.153310105,272.940519,0.1,58.09
9582,Nominal,0.056910571,166.294962,0.1,58.09
9583,Nominal,0.131629884,252.906431,0.1,58.09
9584,Missing_Unintentional,0.017808750,93.024928,0.1,58.09
9585,Nominal,0.101432443,222.009247,0.1,58.09
9586,Nominal,0.092528068,212.040768,0.1,58.09
9587,Missing_Unintentional,0.018195895,94.030629,0.1,58.09
9588,Nominal,0.069299266,183.504593,0.1,58.09
9589,Nominal,0.270615578,362.626066,0.1,58.09
9590,Nominal,0.332946181,402.225538,0.1,58.09
9591,Nominal,0.047231901,151.495711,0.1,58.09
9592,Nominal,0.078977935,195.900484,0.1,58.09
9593,Nominal,0.290747195,375.872359,0.1,58.09
9594,Nominal,0.152535811,272.250402,0.1,58.09
9595,Nominal,0.044521872,147.085320,0.1,58.09
9596,Nominal,0.047619049,152.115328,0.1,58.09
9597,Missing_Intentional,0.006581495,56.551599,0.1,58.09
9598,Nominal,0.267905533,360.805762,0.1,58.09
9599,Nominal,0.184281841,299.242927,0.1,58.09
9600,Nominal,0.235772356,338.476923,0.1,58.09
9601,Nominal,0.091753773,211.151703,0.1,58.09
9602,Nominal,0.107239641,228.276024,0.1,58.09
9603,Missing_Unintentional,0.039876115,139.199937,0.1,58.09
9604,Nominal,0.169570267,287.049949,0.1,58.09
9605,Nominal,0.238095239,340.140212,0.1,58.09
9606,Nominal,0.176538914,292.888856,0.1,58.09
9607,Nominal,0.216027871,323.994408,0.1,58.09
9608,Nominal,0.150987223,270.864894,0.1,58.09
9609,Nominal,0.241192415,342.345360,0.1,58.09
9610,Nominal,0.156794429,276.024693,0.1,58.09
9611,Nominal,0.206736356,316.950215,0.1,58.09
9612,Nominal,0.266356945,359.761458,0.1,58.09
9613,Nominal,0.299651563,381.584650,0.1,58.09
9614,Nominal,0.229578003,334.000994,0.1,58.09
9615,Nominal,0.311265975,388.909407,0.1,58.09
9616,Nominal,0.150987223,270.864894,0.1,58.09
9617,Nominal,0.239643827,341.244567,0.1,58.09
9618,Nominal,0.195509091,308.223751,0.1,58.09
9619,Nominal,0.210607827,319.904151,0.1,58.09
9620,Nominal,0.406504065,444.441975,0.1,58.09
9621,Nominal,0.186217576,300.810476,0.1,58.09
9622,Nominal,0.267131239,360.283988,0.1,58.09
9623,Nominal,0.334107637,402.926493,0.1,58.09
9624,Nominal,0.166085944,284.085496,0.1,58.09
9625,Nominal,0.264421225,358.451811,0.1,58.09
9626,Nominal,0.319783211,394.194401,0.1,58.09
9627,Nominal,0.253581107,351.027442,0.1,58.09
9628,Nominal,0.205187768,315.760903,0.1,58.09
9629,Nominal,0.220673636,327.459691,0.1,58.09
9630,Nominal,0.214479282,322.831048,0.1,58.09
9631,Nominal,0.233449474,336.805421,0.1,58.09
9632,Nominal,0.209446386,319.020842,0.1,58.09
9633,Nominal,0.271777004,363.403391,0.1,58.09
9634,Nominal,0.219125047,326.308686,0.1,58.09
9635,Nominal,0.261324048,356.346347,0.1,58.09
9636,Nominal,0.352690667,413.980234,0.1,58.09
9637,Nominal,0.320170343,394.432937,0.1,58.09
9638,Nominal,0.331010461,401.054582,0.1,58.09
9639,Nominal,0.340301961,406.644449,0.1,58.09
9640,Nominal,0.415021300,449.073901,0.1,58.09
9641,Nominal,0.343786299,408.720956,0.1,58.09
9642,Nominal,0.198606268,310.655536,0.1,58.09
9643,Nominal,0.183507547,298.613603,0.1,58.09
9644,Nominal,0.465737522,475.722000,0.1,58.09
9645,Nominal,0.176151767,292.567530,0.1,58.09
9646,Nominal,0.392179638,436.541105,0.1,58.09
9647,Nominal,0.324041814,396.810495,0.1,58.09
9648,Nominal,0.198606268,310.655536,0.1,58.09
9649,Nominal,0.253968269,351.295310,0.1,58.09
9650,Nominal,0.307394505,386.483246,0.1,58.09
9651,Nominal,0.265195519,358.976247,0.1,58.09
9652,Nominal,0.202477738,313.668757,0.1,58.09
9653,Nominal,0.196670532,309.137912,0.1,58.09
9654,Nominal,0.204800621,315.462875,0.1,58.09
9655,Nominal,0.214479282,322.831048,0.1,58.09
9656,Nominal,0.264808357,358.714115,0.1,58.09
9657,Nominal,0.294231504,378.117875,0.1,58.09
9658,Nominal,0.248548195,347.526502,0.1,58.09
9659,Nominal,0.324428946,397.047458,0.1,58.09
9660,Nominal,0.397599697,439.547329,0.1,58.09
9661,Nominal,0.410375535,446.553352,0.1,58.09
9662,Nominal,0.331010461,401.054582,0.1,58.09
9663,Nominal,0.200929150,312.466956,0.1,58.09
9664,Nominal,0.434765786,459.632048,0.1,58.09
9665,Nominal,0.401858300,441.895006,0.1,58.09
9666,Nominal,0.203252032,314.267934,0.1,58.09
9667,Nominal,0.183507547,298.613603,0.1,58.09
9668,Nominal,0.385210991,432.645267,0.1,58.09
9669,Nominal,0.190476194,304.230657,0.1,58.09
9670,Nominal,0.358497858,417.374494,0.1,58.09
9671,Nominal,0.315524578,391.560811,0.1,58.09
9672,Nominal,0.209446386,319.020842,0.1,58.09
9673,Nominal,0.254742533,351.830393,0.1,58.09
9674,Nominal,0.335656226,403.859196,0.1,58.09
9675,Nominal,0.248161048,347.255737,0.1,58.09
9676,Nominal,0.212543547,321.370926,0.1,58.09
9677,Nominal,0.208284944,318.135081,0.1,58.09
9678,Nominal,0.179636076,295.446876,0.1,58.09
9679,Nominal,0.191250488,304.848385,0.1,58.09
9680,Nominal,0.227642283,332.589925,0.1,58.09
9681,Nominal,0.285714298,372.604941,0.1,58.09
9682,Nominal,0.209446386,319.020842,0.1,58.09
9683,Nominal,0.300038725,381.831082,0.1,58.09
9684,Nominal,0.418118477,450.746437,0.1,58.09
9685,Nominal,0.423925668,453.865821,0.1,58.09
9686,Nominal,0.440185845,462.488203,0.1,58.09
9687,Nominal,0.392566770,436.756513,0.1,58.09
9688,Nominal,0.350367785,412.614709,0.1,58.09
9689,Nominal,0.376306623,427.615613,0.1,58.09
9690,Nominal,0.207897797,317.839279,0.1,58.09
9691,Nominal,0.175764620,292.245850,0.1,58.09
9692,Nominal,0.346883476,410.557914,0.1,58.09
9693,Nominal,0.193573371,306.694105,0.1,58.09
9694,Nominal,0.254742533,351.830393,0.1,58.09
9695,Nominal,0.356949270,416.472060,0.1,58.09
9696,Nominal,0.200542003,312.165782,0.1,58.09
9697,Nominal,0.271777004,363.403391,0.1,58.09
9698,Nominal,0.300813019,382.323450,0.1,58.09
9699,Nominal,0.228803724,333.437290,0.1,58.09
9700,Nominal,0.215640724,323.703960,0.1,58.09
9701,Nominal,0.199767709,311.562562,0.1,58.09
9702,Nominal,0.202864885,313.968489,0.1,58.09
9703,Nominal,0.156407282,275.683711,0.1,58.09
9704,Nominal,0.221447930,328.033679,0.1,58.09
9705,Nominal,0.290360034,375.622018,0.1,58.09
9706,Nominal,0.216027871,323.994408,0.1,58.09
9707,Nominal,0.279132783,368.288405,0.1,58.09
9708,Nominal,0.332946181,402.225538,0.1,58.09
9709,Nominal,0.244676739,344.809295,0.1,58.09
9710,Nominal,0.416182727,449.701823,0.1,58.09
9711,Nominal,0.209446386,319.020842,0.1,58.09
9712,Nominal,0.110336818,231.548968,0.1,58.09
9713,Nominal,0.307781637,386.726538,0.1,58.09
9714,Nominal,0.208284944,318.135081,0.1,58.09
9715,Nominal,0.179248929,295.128335,0.1,58.09
9716,Nominal,0.288424313,374.367859,0.1,58.09
9717,Nominal,0.164537355,282.757985,0.1,58.09
9718,Nominal,0.350367785,412.614709,0.1,58.09
9719,Nominal,0.299651563,381.584650,0.1,58.09
9720,Nominal,0.213704988,322.247794,0.1,58.09
9721,Nominal,0.230352297,334.563760,0.1,58.09
9722,Nominal,0.339527667,406.181563,0.1,58.09
9723,Nominal,0.218350753,325.731658,0.1,58.09
9724,Nominal,0.246225312,345.898733,0.1,58.09
9725,Nominal,0.212543547,321.370926,0.1,58.09
9726,Nominal,0.195896238,308.528772,0.1,58.09
9727,Nominal,0.159891605,278.737534,0.1,58.09
9728,Nominal,0.185443282,300.184439,0.1,58.09
9729,Nominal,0.272164136,363.662124,0.1,58.09
9730,Nominal,0.182733253,297.982950,0.1,58.09
9731,Nominal,0.278745651,368.032925,0.1,58.09
9732,Nominal,0.324041814,396.810495,0.1,58.09
9733,Nominal,0.409214079,445.920981,0.1,58.09
9734,Nominal,0.432055742,458.197287,0.1,58.09
9735,Nominal,0.073170729,188.560757,0.1,58.09
9736,Nominal,0.283004254,370.833623,0.1,58.09
9737,Nominal,0.342237711,407.799373,0.1,58.09
9738,Nominal,0.193573371,306.694105,0.1,58.09
9739,Nominal,0.166473091,284.416406,0.1,58.09
9740,Nominal,0.279132783,368.288405,0.1,58.09
9741,Nominal,0.157568723,276.705397,0.1,58.09
9742,Nominal,0.339914829,406.413081,0.1,58.09
9743,Nominal,0.343399137,408.490746,0.1,58.09
9744,Nominal,0.186217576,300.810476,0.1,58.09
9745,Nominal,0.235385209,338.198913,0.1,58.09
9746,Nominal,0.311653107,389.151181,0.1,58.09
9747,Nominal,0.205574915,316.058651,0.1,58.09
9748,Nominal,0.232288033,335.966551,0.1,58.09
9749,Nominal,0.128145561,249.536687,0.1,58.09
9750,Nominal,0.213704988,322.247794,0.1,58.09
9751,Nominal,0.171506003,288.683715,0.1,58.09
9752,Nominal,0.176151767,292.567530,0.1,58.09
9753,Nominal,0.294231504,378.117875,0.1,58.09
9754,Nominal,0.176151767,292.567530,0.1,58.09
9755,Nominal,0.267518401,360.544980,0.1,58.09
9756,Nominal,0.199767709,311.562562,0.1,58.09
9757,Nominal,0.383275270,431.556857,0.1,58.09
9758,Nominal,0.407665491,445.076432,0.1,58.09
9759,Nominal,0.115369722,236.771021,0.1,58.09
9760,Nominal,0.149051487,269.122978,0.1,58.09
9761,Nominal,0.436314374,460.449900,0.1,58.09
9762,Nominal,0.167247385,285.077072,0.1,58.09
9763,Nominal,0.136275649,257.330789,0.1,58.09
9764,Nominal,0.207510650,317.543201,0.1,58.09
9765,Nominal,0.131629884,252.906431,0.1,58.09
9766,Nominal,0.418505609,450.955060,0.1,58.09
9767,Nominal,0.254742533,351.830393,0.1,58.09
9768,Nominal,0.144018590,264.540336,0.1,58.09
9769,Nominal,0.145567164,265.958780,0.1,58.09
9770,Nominal,0.260549754,355.818034,0.1,58.09
9771,Nominal,0.157181576,276.365255,0.1,58.09
9772,Nominal,0.241192415,342.345360,0.1,58.09
9773,Nominal,0.101432443,222.009247,0.1,58.09
9774,Nominal,0.226867989,332.023813,0.1,58.09
9775,Nominal,0.136275649,257.330789,0.1,58.09
9776,Nominal,0.172667444,289.659550,0.1,58.09
9777,Nominal,0.247773901,346.984761,0.1,58.09
9778,Missing_Intentional,0.002710027,36.288536,0.1,58.09
9779,Nominal,0.297715843,380.350153,0.1,58.09
9780,Nominal,0.121176928,242.656870,0.1,58.09
9781,Nominal,0.382888108,431.338836,0.1,58.09
9782,Nominal,0.319783211,394.194401,0.1,58.09
9783,Nominal,0.147502899,267.721285,0.1,58.09
9784,Nominal,0.177313209,293.530454,0.1,58.09
9785,Nominal,0.460317463,472.945773,0.1,58.09
9786,Nominal,0.135888502,256.965002,0.1,58.09
9787,Nominal,0.101819590,222.432526,0.1,58.09
9788,Nominal,0.141308561,262.039559,0.1,58.09
9789,Nominal,0.075106464,191.038668,0.1,58.09
9790,Nominal,0.397212535,439.333272,0.1,58.09
9791,Nominal,0.269066989,361.587020,0.1,58.09
9792,Nominal,0.141695708,262.398272,0.1,58.09
9793,Nominal,0.132404178,253.649183,0.1,58.09
9794,Nominal,0.278745651,368.032925,0.1,58.09
9795,Nominal,0.126596987,248.024343,0.1,58.09
9796,Nominal,0.250871092,349.146693,0.1,58.09
9797,Nominal,0.046844754,150.873549,0.1,58.09
9798,Nominal,0.250871092,349.146693,0.1,58.09
9799,Nominal,0.084785134,202.974966,0.1,58.09
9800,Nominal,0.076267906,192.510106,0.1,58.09
9801,Nominal,0.200542003,312.165782,0.1,58.09
9802,Nominal,0.094463803,214.247289,0.1,58.09
9803,Nominal,0.157181576,276.365255,0.1,58.09
9804,Missing_Unintentional,0.030197445,121.134465,0.1,58.09
9805,Nominal,0.085946575,204.360478,0.1,58.09
9806,Nominal,0.107239641,228.276024,0.1,58.09
9807,Nominal,0.039488968,138.522561,0.1,58.09
9808,Nominal,0.080913663,198.286686,0.1,58.09
9809,Nominal,0.272551298,363.920692,0.1,58.09
9810,Nominal,0.347657770,411.015871,0.1,58.09
9811,Missing_Unintentional,0.041037552,141.212566,0.1,58.09
9812,Nominal,0.095238097,215.123560,0.1,58.09
9813,Nominal,0.349593490,412.158529,0.1,58.09
9814,Nominal,0.140921414,261.680354,0.1,58.09
9815,Nominal,0.050716221,156.984244,0.1,58.09
9816,Missing_Unintentional,0.038327526,136.470260,0.1,58.09
9817,Missing_Unintentional,0.024777390,109.726216,0.1,58.09
9818,Nominal,0.314363152,390.839492,0.1,58.09
9819,Nominal,0.127758414,249.159458,0.1,58.09
9820,Nominal,0.155245841,274.658225,0.1,58.09
9821,Nominal,0.058846302,169.099457,0.1,58.09
9822,Nominal,0.145180017,265.604876,0.1,58.09
9823,Nominal,0.054974835,163.442347,0.1,58.09
9824,Nominal,0.194347665,307.306882,0.1,58.09
9825,Nominal,0.221060783,327.746811,0.1,58.09
9826,Nominal,0.219512194,326.596817,0.1,58.09
9827,Nominal,0.187766165,302.058659,0.1,58.09
9828,Nominal,0.166085944,284.085496,0.1,58.09
9829,Nominal,0.197057679,309.442032,0.1,58.09
9830,Nominal,0.175764620,292.245850,0.1,58.09
9831,Nominal,0.205187768,315.760903,0.1,58.09
9832,Nominal,0.447928756,466.538077,0.1,58.09
9833,Nominal,0.293457210,377.620023,0.1,58.09
9834,Nominal,0.199380562,311.260514,0.1,58.09
9835,Nominal,0.324041814,396.810495,0.1,58.09
9836,Missing_Unintentional,0.000000000,0.000000,0.1,58.09
9837,Missing_Unintentional,0.000000000,0.000000,0.1,58.09
9838,Missing_Unintentional,0.000000000,0.000000,0.1,58.09
9839,Missing_Unintentional,0.000000000,0.000000,0.1,58.09
9840,Nominal,0.422377080,453.036083,0.1,58.09
9841,Nominal,0.267518401,360.544980,0.1,58.09
9842,Nominal,0.244289592,344.536394,0.1,58.09
9843,Nominal,0.223383665,329.464274,0.1,58.09
9844,Nominal,0.427797139,455.933560,0.1,58.09
9845,Nominal,0.157955870,277.045122,0.1,58.09
9846,Nominal,0.284940004,372.099714,0.1,58.09
9847,Nominal,0.311265975,388.909407,0.1,58.09
9848,Nominal,0.202864885,313.968489,0.1,58.09
9849,Nominal,0.270228416,362.366574,0.1,58.09
9850,Nominal,0.307394505,386.483246,0.1,58.09
9851,Nominal,0.245451033,345.354449,0.1,58.09
9852,Nominal,0.196283385,308.833492,0.1,58.09
9853,Nominal,0.208672091,318.430609,0.1,58.09
9854,Nominal,0.205962062,316.356118,0.1,58.09
9855,Nominal,0.202477738,313.668757,0.1,58.09
9856,Nominal,0.208284944,318.135081,0.1,58.09
9857,Nominal,0.238482386,340.416637,0.1,58.09
9858,Nominal,0.216027871,323.994408,0.1,58.09
9859,Nominal,0.276422769,366.496245,0.1,58.09
9860,Nominal,0.399535418,440.616001,0.1,58.09
9861,Nominal,0.269841284,362.106916,0.1,58.09
9862,Nominal,0.304684490,384.775841,0.1,58.09
9863,Nominal,0.389856756,435.246367,0.1,58.09
9864,Missing_Unintentional,0.000000000,0.000000,0.1,58.09
9865,Missing_Unintentional,0.000000000,0.000000,0.1,58.09
9866,Missing_Unintentional,0.000000000,0.000000,0.1,58.09
9867,Missing_Unintentional,0.000000000,0.000000,0.1,58.09
9868,Nominal,0.316298872,392.040960,0.1,58.09
9869,Nominal,0.276035607,366.239495,0.1,58.09
9870,Nominal,0.202864885,313.968489,0.1,58.09
9871,Nominal,0.169183120,286.722079,0.1,58.09
9872,Nominal,0.391405344,436.109953,0.1,58.09
9873,Nominal,0.138598531,259.514684,0.1,58.09
9874,Nominal,0.310491681,388.425387,0.1,58.09
9875,Nominal,0.324428946,397.047458,0.1,58.09
9876,Nominal,0.193573371,306.694105,0.1,58.09
9877,Nominal,0.264421225,358.451811,0.1,58.09
9878,Nominal,0.280681372,369.308597,0.1,58.09
9879,Nominal,0.247773901,346.984761,0.1,58.09
9880,Nominal,0.198219121,310.352605,0.1,58.09
9881,Nominal,0.195509091,308.223751,0.1,58.09
9882,Nominal,0.208284944,318.135081,0.1,58.09
9883,Nominal,0.170731708,288.031321,0.1,58.09
9884,Nominal,0.212930694,321.663481,0.1,58.09
9885,Nominal,0.229190856,333.719256,0.1,58.09
9886,Nominal,0.206349209,316.653306,0.1,58.09
9887,Nominal,0.276422769,366.496245,0.1,58.09
9888,Nominal,0.324428946,397.047458,0.1,58.09
9889,Nominal,0.343012005,408.260424,0.1,58.09
9890,Nominal,0.359272152,417.824979,0.1,58.09
9891,Nominal,0.355013549,415.341270,0.1,58.09
9892,Missing_Unintentional,0.000000000,0.000000,0.1,58.09
9893,Missing_Unintentional,0.000000000,0.000000,0.1,58.09
9894,Missing_Unintentional,0.000000000,0.000000,0.1,58.09
9895,Missing_Unintentional,0.000000000,0.000000,0.1,58.09
9896,Nominal,0.360820740,418.724497,0.1,58.09
9897,Nominal,0.238482386,340.416637,0.1,58.09
9898,Nominal,0.210607827,319.904151,0.1,58.09
9899,Nominal,0.159504458,278.399875,0.1,58.09
9900,Nominal,0.286488593,373.109485,0.1,58.09
9901,Nominal,0.183894694,298.928430,0.1,58.09
9902,Nominal,0.329849005,400.350349,0.1,58.09
9903,Nominal,0.334494770,403.159862,0.1,58.09
9904,Nominal,0.194347665,307.306882,0.1,58.09
9905,Nominal,0.250871092,349.146693,0.1,58.09
9906,Nominal,0.263259768,357.663704,0.1,58.09
9907,Nominal,0.238482386,340.416637,0.1,58.09
9908,Nominal,0.222609371,328.892783,0.1,58.09
9909,Nominal,0.180023223,295.765075,0.1,58.09
9910,Nominal,0.192411929,305.772638,0.1,58.09
9911,Nominal,0.180410370,296.082931,0.1,58.09
9912,Nominal,0.202864885,313.968489,0.1,58.09
9913,Nominal,0.210994974,320.198046,0.1,58.09
9914,Nominal,0.200154856,311.864318,0.1,58.09
9915,Nominal,0.252032518,349.953960,0.1,58.09
9916,Nominal,0.292295784,376.872022,0.1,58.09
9917,Nominal,0.267518401,360.544980,0.1,58.09
9918,Nominal,0.347270608,410.786948,0.1,58.09
9919,Nominal,0.338753402,405.718168,0.1,58.09
9920,Missing_Unintentional,0.000000000,0.000000,0.1,58.09
9921,Missing_Unintentional,0.000000000,0.000000,0.1,58.09
9922,Missing_Unintentional,0.000000000,0.000000,0.1,58.09
9923,Missing_Unintentional,0.000000000,0.000000,0.1,58.09
9924,Nominal,0.276035607,366.239495,0.1,58.09
9925,Nominal,0.315911740,391.800969,0.1,58.09
9926,Nominal,0.179636076,295.446876,0.1,58.09
9927,Nominal,0.185830429,300.497621,0.1,58.09
9928,Nominal,0.365466505,421.411529,0.1,58.09
9929,Nominal,0.173054591,289.984099,0.1,58.09
9930,Nominal,0.273712724,364.695258,0.1,58.09
9931,Nominal,0.334881932,403.393114,0.1,58.09
9932,Nominal,0.215640724,323.703960,0.1,58.09
9933,Nominal,0.214479282,322.831048,0.1,58.09
9934,Nominal,0.255129695,352.097651,0.1,58.09
9935,Nominal,0.201703444,313.068433,0.1,58.09
9936,Nominal,0.164924502,283.090447,0.1,58.09
9937,Nominal,0.161827326,280.419720,0.1,58.09
9938,Nominal,0.173054591,289.984099,0.1,58.09
9939,Nominal,0.156020135,275.342307,0.1,58.09
9940,Nominal,0.180023223,295.765075,0.1,58.09
9941,Nominal,0.226093695,331.456735,0.1,58.09
9942,Nominal,0.195121944,307.918427,0.1,58.09
9943,Nominal,0.267905533,360.805762,0.1,58.09
9944,Nominal,0.288424313,374.367859,0.1,58.09
9945,Nominal,0.411149830,446.974431,0.1,58.09
9946,Nominal,0.348044902,411.244650,0.1,58.09
9947,Nominal,0.236546651,339.032259,0.1,58.09
9948,Missing_Unintentional,0.000000000,0.000000,0.1,58.09
9949,Missing_Unintentional,0.000000000,0.000000,0.1,58.09
9950,Missing_Unintentional,0.000000000,0.000000,0.1,58.09
9951,Missing_Unintentional,0.000000000,0.000000,0.1,58.09
9952,Nominal,0.344173431,408.951018,0.1,58.09
9953,Nominal,0.336043358,404.092026,0.1,58.09
9954,Nominal,0.190089047,303.921322,0.1,58.09
9955,Nominal,0.175764620,292.245850,0.1,58.09
9956,Nominal,0.229965150,334.282496,0.1,58.09
9957,Nominal,0.159891605,278.737534,0.1,58.09
9958,Nominal,0.425474256,454.694045,0.1,58.09
9959,Nominal,0.296941549,379.855227,0.1,58.09
9960,Nominal,0.213317841,321.955770,0.1,58.09
9961,Nominal,0.171118855,288.357702,0.1,58.09
9962,Nominal,0.229578003,334.000994,0.1,58.09
9963,Nominal,0.201316297,312.767839,0.1,58.09
9964,Nominal,0.186217576,300.810476,0.1,58.09
9965,Nominal,0.123499803,244.971609,0.1,58.09
9966,Nominal,0.147115752,267.369714,0.1,58.09
9967,Nominal,0.145567164,265.958780,0.1,58.09
9968,Nominal,0.188153312,302.369900,0.1,58.09
9969,Nominal,0.234998062,337.920674,0.1,58.09
9970,Nominal,0.167247385,285.077072,0.1,58.09
9971,Nominal,0.265582651,359.238168,0.1,58.09
9972,Nominal,0.295780092,379.111617,0.1,58.09
9973,Nominal,0.392566770,436.756513,0.1,58.09
9974,Nominal,0.458768874,472.149566,0.1,58.09
9975,Nominal,0.219512194,326.596817,0.1,58.09
9976,Missing_Intentional,0.000000000,0.000000,0.1,58.09
9977,Missing_Unintentional,0.000000000,0.000000,0.1,58.09
9978,Missing_Unintentional,0.000000000,0.000000,0.1,58.09
9979,Missing_Unintentional,0.000000000,0.000000,0.1,58.09
9980,Nominal,0.246225312,345.898733,0.1,58.09
9981,Nominal,0.393341064,437.187028,0.1,58.09
9982,Nominal,0.185830429,300.497621,0.1,58.09
9983,Nominal,0.168795973,286.393834,0.1,58.09
9984,Nominal,0.259388298,355.024081,0.1,58.09
9985,Nominal,0.127371266,248.781657,0.1,58.09
9986,Nominal,0.423538536,453.658537,0.1,58.09
9987,Nominal,0.279907078,368.798854,0.1,58.09
9988,Nominal,0.221447930,328.033679,0.1,58.09
9989,Nominal,0.193960518,307.000646,0.1,58.09
9990,Nominal,0.230352297,334.563760,0.1,58.09
9991,Nominal,0.152148664,271.904687,0.1,58.09
9992,Nominal,0.140921414,261.680354,0.1,58.09
9993,Nominal,0.117305458,238.749094,0.1,58.09
9994,Nominal,0.106465347,227.450429,0.1,58.09
9995,Nominal,0.119241193,240.710912,0.1,58.09
9996,Nominal,0.182733253,297.982950,0.1,58.09
9997,Nominal,0.224545106,330.319658,0.1,58.09
9998,Nominal,0.181571811,297.034460,0.1,58.09
9999,Nominal,0.276035607,366.239495,0.1,58.09
10000,Nominal,0.261711180,356.610200,0.1,58.09
10001,Nominal,0.377080917,428.055321,0.1,58.09
10002,Nominal,0.332559049,401.991627,0.1,58.09
10003,Missing_Intentional,0.000000000,0.000000,0.1,58.09
10004,Missing_Unintentional,0.000000000,0.000000,0.1,58.09
10005,Missing_Unintentional,0.000000000,0.000000,0.1,58.09
10006,Missing_Unintentional,0.000000000,0.000000,0.1,58.09
10007,Missing_Unintentional,0.000000000,0.000000,0.1,58.09
10008,Nominal,0.187379017,301.747097,0.1,58.09
10009,Nominal,0.368176550,422.971090,0.1,58.09
10010,Nominal,0.142470002,263.114231,0.1,58.09
10011,Nominal,0.132791325,254.019745,0.1,58.09
10012,Nominal,0.175377473,291.923816,0.1,58.09
10013,Nominal,0.112659700,233.973633,0.1,58.09
10014,Nominal,0.377468050,428.274997,0.1,58.09
10015,Nominal,0.270615578,362.626066,0.1,58.09
10016,Nominal,0.154084399,273.628895,0.1,58.09
10017,Nominal,0.153310105,272.940519,0.1,58.09
10018,Nominal,0.212156400,321.078105,0.1,58.09
10019,Nominal,0.130468443,251.788194,0.1,58.09
10020,Nominal,0.213704988,322.247794,0.1,58.09
10021,Nominal,0.107626788,228.687703,0.1,58.09
10022,Nominal,0.084785134,202.974966,0.1,58.09
10023,Nominal,0.095625244,215.560360,0.1,58.09
10024,Nominal,0.110336818,231.548968,0.1,58.09
10025,Nominal,0.183507547,298.613603,0.1,58.09
10026,Nominal,0.127371266,248.781657,0.1,58.09
10027,Missing_Intentional,0.024003098,107.998138,0.1,58.09
10028,Nominal,0.133178473,254.389767,0.1,58.09
10029,Nominal,0.400696874,441.255975,0.1,58.09
10030,Missing_Intentional,0.025938831,112.268475,0.1,58.09
10031,Nominal,0.141695708,262.398272,0.1,58.09
10032,Missing_Unintentional,0.000000000,0.000000,0.1,58.09
10033,Missing_Unintentional,0.000000000,0.000000,0.1,58.09
10034,Missing_Unintentional,0.000000000,0.000000,0.1,58.09
10035,Missing_Unintentional,0.000000000,0.000000,0.1,58.09
10036,Nominal,0.135114208,256.231862,0.1,58.09
10037,Nominal,0.324428946,397.047458,0.1,58.09
10038,Nominal,0.145180017,265.604876,0.1,58.09
10039,Nominal,0.097173832,217.298780,0.1,58.09
10040,Nominal,0.079365082,196.380046,0.1,58.09
10041,Nominal,0.085172281,203.437852,0.1,58.09
10042,Nominal,0.379403800,429.371743,0.1,58.09
10043,Nominal,0.277197063,367.009186,0.1,58.09
10044,Nominal,0.136275649,257.330789,0.1,58.09
10045,Nominal,0.125435546,246.883994,0.1,58.09
10046,Nominal,0.214866430,323.122281,0.1,58.09
10047,Nominal,0.152148664,271.904687,0.1,58.09
10048,Nominal,0.224545106,330.319658,0.1,58.09
10049,Nominal,0.070847854,185.543597,0.1,58.09
10050,Nominal,0.138985679,259.876883,0.1,58.09
10051,Nominal,0.089043744,208.010055,0.1,58.09
10052,Nominal,0.106078200,227.036505,0.1,58.09
10053,Nominal,0.189701900,303.611671,0.1,58.09
10054,Nominal,0.124661244,246.120819,0.1,58.09
10055,Nominal,0.209059238,318.725862,0.1,58.09
10056,Missing_Unintentional,0.008130081,62.853586,0.1,58.09
10057,Missing_Unintentional,0.004645761,47.512845,0.1,58.09
10058,Missing_Unintentional,0.017421603,92.008231,0.1,58.09
10059,Missing_Unintentional,0.003484321,41.147332,0.1,58.09
10060,Nominal,0.083623692,201.579931,0.1,58.09
10061,Nominal,0.286875725,373.361491,0.1,58.09
10062,Nominal,0.319008917,393.716879,0.1,58.09
10063,Nominal,0.049167633,154.568956,0.1,58.09
10064,Missing_Unintentional,0.000000000,0.000000,0.1,58.09
10065,Missing_Unintentional,0.000000000,0.000000,0.1,58.09
10066,Missing_Unintentional,0.000000000,0.000000,0.1,58.09
10067,Missing_Unintentional,0.000000000,0.000000,0.1,58.09
10068,Nominal,0.090979479,210.258880,0.1,58.09
10069,Nominal,0.373596579,426.073053,0.1,58.09
10070,Nominal,0.087882310,206.649022,0.1,58.09
10071,Nominal,0.058846302,169.099457,0.1,58.09
10072,Nominal,0.081687957,199.233168,0.1,58.09
10073,Nominal,0.063492067,175.647655,0.1,58.09
10074,Nominal,0.339140534,405.949932,0.1,58.09
10075,Nominal,0.166473091,284.416406,0.1,58.09
10076,Nominal,0.130855590,252.161490,0.1,58.09
10077,Nominal,0.071235001,186.049857,0.1,58.09
10078,Nominal,0.100658149,221.160260,0.1,58.09
10079,Nominal,0.085172281,203.437852,0.1,58.09
10080,Nominal,0.239256680,340.968814,0.1,58.09
10081,Nominal,0.292682916,377.121514,0.1,58.09
10082,Nominal,0.192024782,305.464864,0.1,58.09
10083,Nominal,0.252806813,350.491112,0.1,58.09
10084,Nominal,0.217189312,324.864194,0.1,58.09
10085,Nominal,0.233836621,337.084580,0.1,58.09
10086,Nominal,0.234223768,337.363508,0.1,58.09
10087,Nominal,0.236159503,338.754705,0.1,58.09
10088,Nominal,0.255129695,352.097651,0.1,58.09
10089,Nominal,0.286101431,372.857289,0.1,58.09
10090,Nominal,0.307781637,386.726538,0.1,58.09
10091,Nominal,0.331784755,401.523378,0.1,58.09
10092,Nominal,0.378629506,428.933385,0.1,58.09
10093,Nominal,0.369337976,423.637703,0.1,58.09
10094,Nominal,0.171893150,289.009359,0.1,58.09
10095,Nominal,0.270228416,362.366574,0.1,58.09
10096,Nominal,0.307394505,386.483246,0.1,58.09
10097,Nominal,0.219899341,326.884695,0.1,58.09
10098,Nominal,0.339527667,406.181563,0.1,58.09
10099,Nominal,0.289585739,375.120854,0.1,58.09
10100,Nominal,0.196670532,309.137912,0.1,58.09
10101,Nominal,0.301200151,382.569387,0.1,58.09
10102,Nominal,0.288037181,374.116531,0.1,58.09
10103,Nominal,0.284940004,372.099714,0.1,58.09
10104,Nominal,0.208284944,318.135081,0.1,58.09
10105,Nominal,0.290747195,375.872359,0.1,58.09
10106,Nominal,0.176151767,292.567530,0.1,58.09
10107,Nominal,0.227255136,332.306989,0.1,58.09
10108,Nominal,0.288424313,374.367859,0.1,58.09
10109,Nominal,0.262872636,357.400629,0.1,58.09
10110,Nominal,0.246612459,346.170559,0.1,58.09
10111,Nominal,0.244676739,344.809295,0.1,58.09
10112,Nominal,0.265195519,358.976247,0.1,58.09
10113,Nominal,0.408439785,445.498906,0.1,58.09
10114,Nominal,0.367789388,422.748640,0.1,58.09
10115,Nominal,0.385598153,432.862631,0.1,58.09
10116,Nominal,0.408826947,445.710001,0.1,58.09
10117,Nominal,0.378629506,428.933385,0.1,58.09
10118,Nominal,0.180023223,295.765075,0.1,58.09
10119,Nominal,0.256291121,352.898167,0.1,58.09
10120,Nominal,0.268292695,361.066376,0.1,58.09
10121,Nominal,0.220286489,327.172319,0.1,58.09
10122,Nominal,0.389082462,434.813931,0.1,58.09
10123,Nominal,0.272938430,364.179057,0.1,58.09
10124,Nominal,0.204800621,315.462875,0.1,58.09
10125,Nominal,0.319783211,394.194401,0.1,58.09
10126,Nominal,0.311265975,388.909407,0.1,58.09
10127,Nominal,0.307007343,386.239782,0.1,58.09
10128,Nominal,0.224545106,330.319658,0.1,58.09
10129,Nominal,0.306620210,385.996184,0.1,58.09
10130,Nominal,0.164924502,283.090447,0.1,58.09
10131,Nominal,0.255129695,352.097651,0.1,58.09
10132,Nominal,0.264421225,358.451811,0.1,58.09
10133,Nominal,0.253581107,351.027442,0.1,58.09
10134,Nominal,0.264421225,358.451811,0.1,58.09
10135,Nominal,0.257452577,353.696893,0.1,58.09
10136,Nominal,0.319783211,394.194401,0.1,58.09
10137,Nominal,0.353077829,414.207393,0.1,58.09
10138,Nominal,0.348432064,411.473319,0.1,58.09
10139,Nominal,0.379016638,429.152612,0.1,58.09
10140,Nominal,0.380952388,430.247121,0.1,58.09
10141,Nominal,0.395663947,438.476035,0.1,58.09
10142,Nominal,0.188153312,302.369900,0.1,58.09
10143,Nominal,0.246225312,345.898733,0.1,58.09
10144,Nominal,0.392953932,436.971832,0.1,58.09
10145,Nominal,0.224157959,330.034776,0.1,58.09
10146,Nominal,0.371660858,424.967810,0.1,58.09
10147,Nominal,0.327526122,398.938173,0.1,58.09
10148,Nominal,0.208672091,318.430609,0.1,58.09
10149,Nominal,0.284940004,372.099714,0.1,58.09
10150,Nominal,0.252032518,349.953960,0.1,58.09
10151,Nominal,0.303135902,383.796765,0.1,58.09
10152,Nominal,0.218350753,325.731658,0.1,58.09
10153,Nominal,0.241966709,342.894431,0.1,58.09
10154,Nominal,0.173054591,289.984099,0.1,58.09
10155,Nominal,0.227255136,332.306989,0.1,58.09
10156,Nominal,0.255129695,352.097651,0.1,58.09
10157,Nominal,0.274099886,364.953094,0.1,58.09
10158,Nominal,0.240418121,341.795407,0.1,58.09
10159,Nominal,0.259388298,355.024081,0.1,58.09
10160,Nominal,0.379790932,429.590747,0.1,58.09
10161,Nominal,0.385210991,432.645267,0.1,58.09
10162,Nominal,0.411924124,447.395113,0.1,58.09
10163,Nominal,0.349593490,412.158529,0.1,58.09
10164,Nominal,0.399148285,440.402481,0.1,58.09
10165,Nominal,0.426248550,455.107592,0.1,58.09
10166,Nominal,0.186604723,301.123007,0.1,58.09
10167,Nominal,0.239256680,340.968814,0.1,58.09
10168,Nominal,0.349980652,412.386691,0.1,58.09
10169,Nominal,0.206736356,316.950215,0.1,58.09
10170,Nominal,0.419667065,451.580382,0.1,58.09
10171,Nominal,0.253581107,351.027442,0.1,58.09
10172,Nominal,0.190089047,303.921322,0.1,58.09
10173,Nominal,0.290360034,375.622018,0.1,58.09
10174,Nominal,0.281068534,369.563215,0.1,58.09
10175,Nominal,0.265969813,359.499919,0.1,58.09
10176,Nominal,0.157181576,276.365255,0.1,58.09
10177,Nominal,0.171118855,288.357702,0.1,58.09
10178,Nominal,0.187379017,301.747097,0.1,58.09
10179,Nominal,0.209446386,319.020842,0.1,58.09
10180,Nominal,0.235772356,338.476923,0.1,58.09
10181,Nominal,0.267131239,360.283988,0.1,58.09
10182,Nominal,0.237708092,339.863562,0.1,58.09
10183,Nominal,0.265195519,358.976247,0.1,58.09
10184,Nominal,0.305845916,385.508507,0.1,58.09
10185,Nominal,0.294231504,378.117875,0.1,58.09
10186,Nominal,0.259001166,354.759049,0.1,58.09
10187,Nominal,0.310878813,388.667463,0.1,58.09
10188,Nominal,0.412311256,447.605298,0.1,58.09
10189,Nominal,0.412311256,447.605298,0.1,58.09
10190,Nominal,0.118854046,240.319830,0.1,58.09
10191,Nominal,0.236159503,338.754705,0.1,58.09
10192,Nominal,0.265582651,359.238168,0.1,58.09
10193,Nominal,0.206349209,316.653306,0.1,58.09
10194,Nominal,0.260936886,356.082278,0.1,58.09
10195,Nominal,0.223383665,329.464274,0.1,58.09
10196,Nominal,0.162214473,280.754950,0.1,58.09
10197,Nominal,0.278358489,367.777247,0.1,58.09
10198,Nominal,0.242353857,343.168637,0.1,58.09
10199,Nominal,0.267518401,360.544980,0.1,58.09
10200,Nominal,0.191637635,305.156780,0.1,58.09
10201,Nominal,0.236546651,339.032259,0.1,58.09
10202,Nominal,0.187766165,302.058659,0.1,58.09
10203,Nominal,0.213317841,321.955770,0.1,58.09
10204,Nominal,0.188153312,302.369900,0.1,58.09
10205,Nominal,0.267131239,360.283988,0.1,58.09
10206,Nominal,0.265582651,359.238168,0.1,58.09
10207,Nominal,0.224157959,330.034776,0.1,58.09
10208,Nominal,0.273712724,364.695258,0.1,58.09
10209,Nominal,0.264421225,358.451811,0.1,58.09
10210,Nominal,0.285327137,372.352403,0.1,58.09
10211,Nominal,0.329074711,399.880178,0.1,58.09
10212,Nominal,0.300425857,382.077336,0.1,58.09
10213,Nominal,0.365466505,421.411529,0.1,58.09
10214,Nominal,0.193186224,306.387257,0.1,58.09
10215,Nominal,0.168795973,286.393834,0.1,58.09
10216,Nominal,0.317073166,392.520522,0.1,58.09
10217,Nominal,0.206349209,316.653306,0.1,58.09
10218,Nominal,0.362369329,419.622086,0.1,58.09
10219,Nominal,0.221447930,328.033679,0.1,58.09
10220,Nominal,0.197057679,309.442032,0.1,58.09
10221,Nominal,0.203252032,314.267934,0.1,58.09
10222,Nominal,0.242741004,343.442624,0.1,58.09
10223,Nominal,0.211769268,320.785028,0.1,58.09
10224,Nominal,0.205574915,316.058651,0.1,58.09
10225,Nominal,0.206736356,316.950215,0.1,58.09
10226,Nominal,0.186604723,301.123007,0.1,58.09
10227,Nominal,0.200154856,311.864318,0.1,58.09
10228,Nominal,0.236546651,339.032259,0.1,58.09
10229,Nominal,0.150987223,270.864894,0.1,58.09
10230,Nominal,0.169183120,286.722079,0.1,58.09
10231,Nominal,0.243128151,343.716393,0.1,58.09
10232,Nominal,0.315524578,391.560811,0.1,58.09
10233,Nominal,0.304297328,384.531296,0.1,58.09
10234,Nominal,0.217963606,325.442760,0.1,58.09
10235,Nominal,0.298877269,381.091328,0.1,58.09
10236,Nominal,0.305071622,385.020211,0.1,58.09
10237,Nominal,0.359272152,417.824979,0.1,58.09
10238,Nominal,0.186991870,301.435214,0.1,58.09
10239,Nominal,0.217189312,324.864194,0.1,58.09
10240,Nominal,0.258614004,354.493798,0.1,58.09
10241,Nominal,0.184668988,299.557093,0.1,58.09
10242,Nominal,0.362369329,419.622086,0.1,58.09
10243,Nominal,0.238869533,340.692837,0.1,58.09
10244,Nominal,0.170731708,288.031321,0.1,58.09
10245,Nominal,0.222222224,328.606665,0.1,58.09
10246,Nominal,0.220286489,327.172319,0.1,58.09
10247,Nominal,0.236546651,339.032259,0.1,58.09
10248,Nominal,0.194347665,307.306882,0.1,58.09
10249,Nominal,0.152535811,272.250402,0.1,58.09
10250,Nominal,0.217189312,324.864194,0.1,58.09
10251,Nominal,0.163375914,281.758248,0.1,58.09
10252,Nominal,0.191250488,304.848385,0.1,58.09
10253,Nominal,0.174603179,291.278679,0.1,58.09
10254,Nominal,0.184281841,299.242927,0.1,58.09
10255,Nominal,0.147502899,267.721285,0.1,58.09
10256,Nominal,0.180410370,296.082931,0.1,58.09
10257,Nominal,0.233062327,336.526030,0.1,58.09
10258,Nominal,0.281842828,370.071906,0.1,58.09
10259,Nominal,0.161053032,279.748054,0.1,58.09
10260,Nominal,0.132791325,254.019745,0.1,58.09
10261,Nominal,0.353464961,414.434410,0.1,58.09
10262,Nominal,0.182733253,297.982950,0.1,58.09
10263,Nominal,0.186991870,301.435214,0.1,58.09
10264,Nominal,0.209059238,318.725862,0.1,58.09
10265,Nominal,0.141695708,262.398272,0.1,58.09
10266,Nominal,0.370112270,424.081536,0.1,58.09
10267,Nominal,0.112659700,233.973633,0.1,58.09
10268,Nominal,0.186217576,300.810476,0.1,58.09
10269,Nominal,0.102206737,222.855001,0.1,58.09
10270,Nominal,0.110336818,231.548968,0.1,58.09
10271,Nominal,0.118854046,240.319830,0.1,58.09
10272,Nominal,0.229190856,333.719256,0.1,58.09
10273,Nominal,0.121951222,243.430898,0.1,58.09
10274,Nominal,0.243128151,343.716393,0.1,58.09
10275,Nominal,0.116918311,238.354792,0.1,58.09
10276,Nominal,0.185830429,300.497621,0.1,58.09
10277,Missing_Unintentional,0.041037552,141.212566,0.1,58.09
10278,Nominal,0.065814942,178.831852,0.1,58.09
10279,Nominal,0.155245841,274.658225,0.1,58.09
10280,Nominal,0.050329074,156.383919,0.1,58.09
10281,Nominal,0.048393343,153.347053,0.1,58.09
10282,Nominal,0.042973287,144.504680,0.1,58.09
10283,Missing_Unintentional,0.018970190,96.010440,0.1,58.09
10284,Nominal,0.144018590,264.540336,0.1,58.09
10285,Nominal,0.260162592,355.553573,0.1,58.09
10286,Nominal,0.237708092,339.863562,0.1,58.09
10287,Nominal,0.119628340,241.101360,0.1,58.09
10288,Nominal,0.146341458,266.665180,0.1,58.09
10289,Nominal,0.304297328,384.531296,0.1,58.09
10290,Nominal,0.207123503,317.246847,0.1,58.09
10291,Nominal,0.122338369,243.816991,0.1,58.09
10292,Nominal,0.122725517,244.202473,0.1,58.09
10293,Nominal,0.084397987,202.511022,0.1,58.09
10294,Nominal,0.226093695,331.456735,0.1,58.09
10295,Nominal,0.130081296,251.414343,0.1,58.09
10296,Nominal,0.201703444,313.068433,0.1,58.09
10297,Nominal,0.115369722,236.771021,0.1,58.09
10298,Missing_Intentional,0.008517228,64.332697,0.1,58.09
10299,Nominal,0.117305458,238.749094,0.1,58.09
10300,Nominal,0.223770812,329.749649,0.1,58.09
10301,Nominal,0.258614004,354.493798,0.1,58.09
10302,Nominal,0.202477738,313.668757,0.1,58.09
10303,Nominal,0.242741004,343.442624,0.1,58.09
10304,Nominal,0.274874181,365.468202,0.1,58.09
10305,Nominal,0.219125047,326.308686,0.1,58.09
10306,Nominal,0.234610915,337.642206,0.1,58.09
10307,Nominal,0.243902445,344.263278,0.1,58.09
10308,Nominal,0.360820740,418.724497,0.1,58.09
10309,Nominal,0.385985285,433.079869,0.1,58.09
10310,Nominal,0.303135902,383.796765,0.1,58.09
10311,Nominal,0.372435153,425.410255,0.1,58.09
10312,Nominal,0.328687578,399.644894,0.1,58.09
10313,Nominal,0.389856756,435.246367,0.1,58.09
10314,Nominal,0.163375914,281.758248,0.1,58.09
10315,Nominal,0.252032518,349.953960,0.1,58.09
10316,Nominal,0.445993036,465.528915,0.1,58.09
10317,Nominal,0.226480842,331.740395,0.1,58.09
10318,Nominal,0.370499432,424.303287,0.1,58.09
10319,Nominal,0.249709636,348.337534,0.1,58.09
10320,Nominal,0.186217576,300.810476,0.1,58.09
10321,Nominal,0.230739444,334.844788,0.1,58.09
10322,Nominal,0.249322489,348.067400,0.1,58.09
10323,Nominal,0.276035607,366.239495,0.1,58.09
10324,Nominal,0.195896238,308.528772,0.1,58.09
10325,Nominal,0.287262887,373.613347,0.1,58.09
10326,Nominal,0.156020135,275.342307,0.1,58.09
10327,Nominal,0.238482386,340.416637,0.1,58.09
10328,Nominal,0.250871092,349.146693,0.1,58.09
10329,Nominal,0.301200151,382.569387,0.1,58.09
10330,Nominal,0.291908622,376.622346,0.1,58.09
10331,Nominal,0.271777004,363.403391,0.1,58.09
10332,Nominal,0.401471168,441.682104,0.1,58.09
10333,Nominal,0.415795594,449.492619,0.1,58.09
10334,Nominal,0.405729771,444.018495,0.1,58.09
10335,Nominal,0.343786299,408.720956,0.1,58.09
10336,Nominal,0.437862962,461.266302,0.1,58.09
10337,Nominal,0.383275270,431.556857,0.1,58.09
10338,Nominal,0.157181576,276.365255,0.1,58.09
10339,Nominal,0.221447930,328.033679,0.1,58.09
10340,Nominal,0.161053032,279.748054,0.1,58.09
10341,Nominal,0.232288033,335.966551,0.1,58.09
10342,Nominal,0.385985285,433.079869,0.1,58.09
10343,Nominal,0.331397593,401.289039,0.1,58.09
10344,Nominal,0.156020135,275.342307,0.1,58.09
10345,Nominal,0.304684490,384.775841,0.1,58.09
10346,Nominal,0.271777004,363.403391,0.1,58.09
10347,Nominal,0.304297328,384.531296,0.1,58.09
10348,Nominal,0.167247385,285.077072,0.1,58.09
10349,Nominal,0.243515298,343.989944,0.1,58.09
10350,Nominal,0.136662796,257.696057,0.1,58.09
10351,Nominal,0.236546651,339.032259,0.1,58.09
10352,Nominal,0.292295784,376.872022,0.1,58.09
10353,Nominal,0.318234622,393.238776,0.1,58.09
10354,Nominal,0.319008917,393.716879,0.1,58.09
10355,Nominal,0.275648475,365.982584,0.1,58.09
10356,Nominal,0.360046446,418.274980,0.1,58.09
10357,Nominal,0.390243888,435.462416,0.1,58.09
10358,Nominal,0.369725138,423.859686,0.1,58.09
10359,Nominal,0.417344183,450.328885,0.1,58.09
10360,Nominal,0.358885020,417.599806,0.1,58.09
10361,Nominal,0.430894315,457.581023,0.1,58.09
10362,Nominal,0.159504458,278.399875,0.1,58.09
10363,Nominal,0.234610915,337.642206,0.1,58.09
10364,Nominal,0.419667065,451.580382,0.1,58.09
10365,Nominal,0.210607827,319.904151,0.1,58.09
10366,Nominal,0.390243888,435.462416,0.1,58.09
10367,Nominal,0.250483930,348.877175,0.1,58.09
10368,Nominal,0.166085944,284.085496,0.1,58.09
10369,Nominal,0.277971357,367.521412,0.1,58.09
10370,Nominal,0.264808357,358.714115,0.1,58.09
10371,Nominal,0.246999606,346.442172,0.1,58.09
10372,Nominal,0.121176928,242.656870,0.1,58.09
10373,Nominal,0.226480842,331.740395,0.1,58.09
10374,Nominal,0.116144016,237.564226,0.1,58.09
10375,Nominal,0.250096798,348.607469,0.1,58.09
10376,Nominal,0.298877269,381.091328,0.1,58.09
10377,Nominal,0.315524578,391.560811,0.1,58.09
10378,Nominal,0.302361608,383.306289,0.1,58.09
10379,Nominal,0.312427402,389.634300,0.1,58.09
10380,Nominal,0.445993036,465.528915,0.1,58.09
10381,Nominal,0.408052653,445.287727,0.1,58.09
10382,Nominal,0.442508698,463.706868,0.1,58.09
10383,Nominal,0.397212535,439.333272,0.1,58.09
10384,Nominal,0.466511816,476.117283,0.1,58.09
10385,Nominal,0.386759579,433.514035,0.1,58.09
10386,Nominal,0.140147120,260.960461,0.1,58.09
10387,Nominal,0.218737900,326.020299,0.1,58.09
10388,Nominal,0.376306623,427.615613,0.1,58.09
10389,Nominal,0.185056135,299.870930,0.1,58.09
10390,Nominal,0.361982197,419.397877,0.1,58.09
10391,Nominal,0.246225312,345.898733,0.1,58.09
10392,Nominal,0.129307002,250.664968,0.1,58.09
10393,Nominal,0.266744107,360.022828,0.1,58.09
10394,Nominal,0.237708092,339.863562,0.1,58.09
10395,Nominal,0.226480842,331.740395,0.1,58.09
10396,Nominal,0.188540459,302.680820,0.1,58.09
10397,Nominal,0.217963606,325.442760,0.1,58.09
10398,Nominal,0.159117311,278.061805,0.1,58.09
10399,Nominal,0.228803724,333.437290,0.1,58.09
10400,Nominal,0.282617122,370.579898,0.1,58.09
10401,Nominal,0.284165710,371.593799,0.1,58.09
10402,Nominal,0.295392960,378.863436,0.1,58.09
10403,Nominal,0.265969813,359.499919,0.1,58.09
10404,Nominal,0.413472712,448.235293,0.1,58.09
10405,Nominal,0.449090213,467.142540,0.1,58.09
10406,Nominal,0.396438241,438.904863,0.1,58.09
10407,Nominal,0.386372447,433.297015,0.1,58.09
10408,Nominal,0.231126592,335.125581,0.1,58.09
10409,Nominal,0.392953932,436.971832,0.1,58.09
10410,Nominal,0.152535811,272.250402,0.1,58.09
10411,Nominal,0.186604723,301.123007,0.1,58.09
10412,Nominal,0.315524578,391.560811,0.1,58.09
10413,Nominal,0.175764620,292.245850,0.1,58.09
10414,Nominal,0.376306623,427.615613,0.1,58.09
10415,Nominal,0.243128151,343.716393,0.1,58.09
10416,Nominal,0.141308561,262.039559,0.1,58.09
10417,Nominal,0.251645386,349.685085,0.1,58.09
10418,Nominal,0.220673636,327.459691,0.1,58.09
10419,Nominal,0.232288033,335.966551,0.1,58.09
10420,Nominal,0.185443282,300.184439,0.1,58.09
10421,Nominal,0.195509091,308.223751,0.1,58.09
10422,Nominal,0.173054591,289.984099,0.1,58.09
10423,Nominal,0.202090591,313.368739,0.1,58.09
10424,Nominal,0.269841284,362.106916,0.1,58.09
10425,Nominal,0.255129695,352.097651,0.1,58.09
10426,Nominal,0.282229960,370.325979,0.1,58.09
10427,Nominal,0.257839710,353.962720,0.1,58.09
10428,Nominal,0.332171887,401.757562,0.1,58.09
10429,Nominal,0.373209447,425.852241,0.1,58.09
10430,Nominal,0.378242344,428.714029,0.1,58.09
10431,Nominal,0.359659314,418.050049,0.1,58.09
10432,Nominal,0.324428946,397.047458,0.1,58.09
10433,Nominal,0.261324048,356.346347,0.1,58.09
10434,Nominal,0.123499803,244.971609,0.1,58.09
10435,Nominal,0.197831973,310.049378,0.1,58.09
10436,Nominal,0.289585739,375.120854,0.1,58.09
10437,Nominal,0.154084399,273.628895,0.1,58.09
10438,Nominal,0.319008917,393.716879,0.1,58.09
10439,Nominal,0.236933798,339.309587,0.1,58.09
10440,Nominal,0.186991870,301.435214,0.1,58.09
10441,Nominal,0.211769268,320.785028,0.1,58.09
10442,Nominal,0.246999606,346.442172,0.1,58.09
10443,Nominal,0.202477738,313.668757,0.1,58.09
10444,Nominal,0.183120400,298.298443,0.1,58.09
10445,Nominal,0.172280297,289.334637,0.1,58.09
10446,Nominal,0.195121944,307.918427,0.1,58.09
10447,Nominal,0.173828885,290.632110,0.1,58.09
10448,Nominal,0.202477738,313.668757,0.1,58.09
10449,Nominal,0.205574915,316.058651,0.1,58.09
10450,Nominal,0.192024782,305.464864,0.1,58.09
10451,Nominal,0.195121944,307.918427,0.1,58.09
10452,Nominal,0.305071622,385.020211,0.1,58.09
10453,Nominal,0.399148285,440.402481,0.1,58.09
10454,Nominal,0.332171887,401.757562,0.1,58.09
10455,Nominal,0.281068534,369.563215,0.1,58.09
10456,Nominal,0.265195519,358.976247,0.1,58.09
10457,Nominal,0.353077829,414.207393,0.1,58.09
10458,Nominal,0.142082855,262.756495,0.1,58.09
10459,Nominal,0.156794429,276.024693,0.1,58.09
10460,Nominal,0.242741004,343.442624,0.1,58.09
10461,Nominal,0.123499803,244.971609,0.1,58.09
10462,Nominal,0.319783211,394.194401,0.1,58.09
10463,Nominal,0.245063886,345.081979,0.1,58.09
10464,Nominal,0.182733253,297.982950,0.1,58.09
10465,Nominal,0.229965150,334.282496,0.1,58.09
10466,Nominal,0.162601620,281.089781,0.1,58.09
10467,Nominal,0.122338369,243.816991,0.1,58.09
10468,Nominal,0.179636076,295.446876,0.1,58.09
10469,Nominal,0.117692605,239.142745,0.1,58.09
10470,Nominal,0.201703444,313.068433,0.1,58.09
10471,Nominal,0.169183120,286.722079,0.1,58.09
10472,Nominal,0.186991870,301.435214,0.1,58.09
10473,Nominal,0.224157959,330.034776,0.1,58.09
10474,Nominal,0.205187768,315.760903,0.1,58.09
10475,Nominal,0.205574915,316.058651,0.1,58.09
10476,Nominal,0.210607827,319.904151,0.1,58.09
10477,Nominal,0.320557505,394.671346,0.1,58.09
10478,Nominal,0.359659314,418.050049,0.1,58.09
10479,Nominal,0.183120400,298.298443,0.1,58.09
10480,Nominal,0.224157959,330.034776,0.1,58.09
10481,Nominal,0.372435153,425.410255,0.1,58.09
10482,Nominal,0.163375914,281.758248,0.1,58.09
10483,Nominal,0.149825782,269.821094,0.1,58.09
10484,Nominal,0.161827326,280.419720,0.1,58.09
10485,Nominal,0.118466899,239.928110,0.1,58.09
10486,Nominal,0.396438241,438.904863,0.1,58.09
10487,Nominal,0.130468443,251.788194,0.1,58.09
10488,Nominal,0.190863341,304.539678,0.1,58.09
10489,Nominal,0.108788230,229.918320,0.1,58.09
10490,Nominal,0.131242737,252.534235,0.1,58.09
10491,Nominal,0.140534267,261.320655,0.1,58.09
10492,Nominal,0.222996518,329.178653,0.1,58.09
10493,Nominal,0.085172281,203.437852,0.1,58.09
10494,Nominal,0.262098342,356.873877,0.1,58.09
10495,Nominal,0.094076656,213.807806,0.1,58.09
10496,Nominal,0.082075104,199.704727,0.1,58.09
10497,Nominal,0.085946575,204.360478,0.1,58.09
10498,Nominal,0.086333722,204.820232,0.1,58.09
10499,Nominal,0.070847854,185.543597,0.1,58.09
10500,Nominal,0.052651957,159.952076,0.1,58.09
10501,Nominal,0.063492067,175.647655,0.1,58.09
10502,Nominal,0.059620596,170.208318,0.1,58.09
10503,Nominal,0.051877663,158.771600,0.1,58.09
10504,Nominal,0.121564075,243.044192,0.1,58.09
10505,Nominal,0.260549754,355.818034,0.1,58.09
10506,Nominal,0.283004254,370.833623,0.1,58.09
10507,Nominal,0.084010839,202.046013,0.1,58.09
10508,Nominal,0.183894694,298.928430,0.1,58.09
10509,Nominal,0.322493225,395.861185,0.1,58.09
10510,Nominal,0.187379017,301.747097,0.1,58.09
10511,Nominal,0.121564075,243.044192,0.1,58.09
10512,Nominal,0.090205185,209.362248,0.1,58.09
10513,Nominal,0.066976383,180.402881,0.1,58.09
10514,Nominal,0.299651563,381.584650,0.1,58.09
10515,Nominal,0.143631443,264.184531,0.1,58.09
10516,Nominal,0.211769268,320.785028,0.1,58.09
10517,Nominal,0.118854046,240.319830,0.1,58.09
10518,Nominal,0.098722413,219.023394,0.1,58.09
10519,Nominal,0.071622148,186.554742,0.1,58.09
10520,Nominal,0.206349209,316.653306,0.1,58.09
10521,Nominal,0.255516827,352.364685,0.1,58.09
10522,Nominal,0.184668988,299.557093,0.1,58.09
10523,Nominal,0.250871092,349.146693,0.1,58.09
10524,Nominal,0.238095239,340.140212,0.1,58.09
10525,Nominal,0.212156400,321.078105,0.1,58.09
10526,Nominal,0.192024782,305.464864,0.1,58.09
10527,Nominal,0.249322489,348.067400,0.1,58.09
10528,Nominal,0.377080917,428.055321,0.1,58.09
10529,Nominal,0.289972901,375.371529,0.1,58.09
10530,Nominal,0.370112270,424.081536,0.1,58.09
10531,Nominal,0.424699962,454.280122,0.1,58.09
10532,Nominal,0.365466505,421.411529,0.1,58.09
10533,Nominal,0.370112270,424.081536,0.1,58.09
10534,Nominal,0.177313209,293.530454,0.1,58.09
10535,Nominal,0.250096798,348.607469,0.1,58.09
10536,Nominal,0.380178094,429.809655,0.1,58.09
10537,Nominal,0.231126592,335.125581,0.1,58.09
10538,Nominal,0.324428946,397.047458,0.1,58.09
10539,Nominal,0.264808357,358.714115,0.1,58.09
10540,Nominal,0.179248929,295.128335,0.1,58.09
10541,Nominal,0.255129695,352.097651,0.1,58.09
10542,Nominal,0.262872636,357.400629,0.1,58.09
10543,Nominal,0.312040269,389.392825,0.1,58.09
10544,Nominal,0.168021679,285.736212,0.1,58.09
10545,Nominal,0.251645386,349.685085,0.1,58.09
10546,Nominal,0.152535811,272.250402,0.1,58.09
10547,Nominal,0.229190856,333.719256,0.1,58.09
10548,Nominal,0.263259768,357.663704,0.1,58.09
10549,Nominal,0.257065415,353.430845,0.1,58.09
10550,Nominal,0.275648475,365.982584,0.1,58.09
10551,Nominal,0.299264431,381.338078,0.1,58.09
10552,Nominal,0.429732859,456.963912,0.1,58.09
10553,Nominal,0.300425857,382.077336,0.1,58.09
10554,Nominal,0.427797139,455.933560,0.1,58.09
10555,Nominal,0.403019756,442.533131,0.1,58.09
10556,Nominal,0.433604330,459.017695,0.1,58.09
10557,Nominal,0.429345727,456.758034,0.1,58.09
10558,Nominal,0.180023223,295.765075,0.1,58.09
10559,Nominal,0.218737900,326.020299,0.1,58.09
10560,Nominal,0.341076255,407.106808,0.1,58.09
10561,Nominal,0.222222224,328.606665,0.1,58.09
10562,Nominal,0.334107637,402.926493,0.1,58.09
10563,Nominal,0.276035607,366.239495,0.1,58.09
10564,Nominal,0.151761517,271.558532,0.1,58.09
10565,Nominal,0.263259768,357.663704,0.1,58.09
10566,Nominal,0.268679827,361.326782,0.1,58.09
10567,Nominal,0.256678283,353.164617,0.1,58.09
10568,Nominal,0.137824237,258.788767,0.1,58.09
10569,Nominal,0.231900886,335.686462,0.1,58.09
10570,Nominal,0.132791325,254.019745,0.1,58.09
10571,Nominal,0.228803724,333.437290,0.1,58.09
10572,Nominal,0.325590402,397.757539,0.1,58.09
10573,Nominal,0.307394505,386.483246,0.1,58.09
10574,Nominal,0.298102975,380.597365,0.1,58.09
10575,Nominal,0.307781637,386.726538,0.1,58.09
10576,Nominal,0.460704595,473.144607,0.1,58.09
10577,Nominal,0.296167254,379.359655,0.1,58.09
10578,Nominal,0.388695329,434.597560,0.1,58.09
10579,Nominal,0.431281447,457.786531,0.1,58.09
10580,Nominal,0.431281447,457.786531,0.1,58.09
10581,Nominal,0.406116933,444.230294,0.1,58.09
10582,Nominal,0.153310105,272.940519,0.1,58.09
10583,Nominal,0.244676739,344.809295,0.1,58.09
10584,Nominal,0.405342638,443.806611,0.1,58.09
10585,Nominal,0.212156400,321.078105,0.1,58.09
10586,Nominal,0.395663947,438.476035,0.1,58.09
10587,Nominal,0.270228416,362.366574,0.1,58.09
10588,Nominal,0.138985679,259.876883,0.1,58.09
10589,Nominal,0.269454122,361.847051,0.1,58.09
10590,Nominal,0.263646930,357.926606,0.1,58.09
10591,Nominal,0.264421225,358.451811,0.1,58.09
10592,Nominal,0.134727061,255.864504,0.1,58.09
10593,Nominal,0.233062327,336.526030,0.1,58.09
10594,Nominal,0.119628340,241.101360,0.1,58.09
10595,Nominal,0.237320945,339.586688,0.1,58.09
10596,Nominal,0.325203240,397.520980,0.1,58.09
10597,Nominal,0.287262887,373.613347,0.1,58.09
10598,Nominal,0.295780092,379.111617,0.1,58.09
10599,Nominal,0.344947726,409.410772,0.1,58.09
10600,Nominal,0.432830036,458.607674,0.1,58.09
10601,Nominal,0.362369329,419.622086,0.1,58.09
10602,Nominal,0.419279903,451.372032,0.1,58.09
10603,Nominal,0.498644978,492.241638,0.1,58.09
10604,Nominal,0.404955477,443.594610,0.1,58.09
10605,Nominal,0.428571433,456.345983,0.1,58.09
10606,Nominal,0.113046847,234.375305,0.1,58.09
10607,Nominal,0.224932253,330.604294,0.1,58.09
10608,Nominal,0.368176550,422.971090,0.1,58.09
10609,Nominal,0.213704988,322.247794,0.1,58.09
10610,Nominal,0.361595035,419.173532,0.1,58.09
10611,Nominal,0.266744107,360.022828,0.1,58.09
10612,Nominal,0.130855590,252.161490,0.1,58.09
10613,Nominal,0.243128151,343.716393,0.1,58.09
10614,Nominal,0.254355401,351.562953,0.1,58.09
10615,Nominal,0.279907078,368.798854,0.1,58.09
10616,Nominal,0.122725517,244.202473,0.1,58.09
10617,Nominal,0.216027871,323.994408,0.1,58.09
10618,Nominal,0.152148664,271.904687,0.1,58.09
10619,Nominal,0.205574915,316.058651,0.1,58.09
10620,Nominal,0.286488593,373.109485,0.1,58.09
10621,Nominal,0.254742533,351.830393,0.1,58.09
10622,Nominal,0.261324048,356.346347,0.1,58.09
10623,Nominal,0.319783211,394.194401,0.1,58.09
10624,Nominal,0.465350360,475.524228,0.1,58.09
10625,Nominal,0.445993036,465.528915,0.1,58.09
10626,Nominal,0.433604330,459.017695,0.1,58.09
10627,Nominal,0.473480463,479.660167,0.1,58.09
10628,Nominal,0.434378624,459.427350,0.1,58.09
10629,Nominal,0.403794050,442.958031,0.1,58.09
10630,Nominal,0.108401082,229.508847,0.1,58.09
10631,Nominal,0.201703444,313.068433,0.1,58.09
10632,Nominal,0.309330225,387.698215,0.1,58.09
10633,Nominal,0.180410370,296.082931,0.1,58.09
10634,Nominal,0.271002710,362.885353,0.1,58.09
10635,Nominal,0.244676739,344.809295,0.1,58.09
10636,Nominal,0.125822693,247.264695,0.1,58.09
10637,Nominal,0.235772356,338.476923,0.1,58.09
10638,Nominal,0.229190856,333.719256,0.1,58.09
10639,Nominal,0.217963606,325.442760,0.1,58.09
10640,Nominal,0.168408826,286.065212,0.1,58.09
10641,Nominal,0.194734812,307.612812,0.1,58.09
10642,Nominal,0.169183120,286.722079,0.1,58.09
10643,Nominal,0.195121944,307.918427,0.1,58.09
10644,Nominal,0.254355401,351.562953,0.1,58.09
10645,Nominal,0.262872636,357.400629,0.1,58.09
10646,Nominal,0.235772356,338.476923,0.1,58.09
10647,Nominal,0.307394505,386.483246,0.1,58.09
10648,Nominal,0.413472712,448.235293,0.1,58.09
10649,Nominal,0.439024389,461.877648,0.1,58.09
10650,Nominal,0.393728226,437.402134,0.1,58.09
10651,Nominal,0.169570267,287.049949,0.1,58.09
10652,Nominal,0.336430520,404.324740,0.1,58.09
10653,Nominal,0.363917917,420.517759,0.1,58.09
10654,Nominal,0.132017031,253.278079,0.1,58.09
10655,Nominal,0.177313209,293.530454,0.1,58.09
10656,Nominal,0.316298872,392.040960,0.1,58.09
10657,Nominal,0.160278752,279.074785,0.1,58.09
10658,Nominal,0.385210991,432.645267,0.1,58.09
10659,Nominal,0.238095239,340.140212,0.1,58.09
10660,Nominal,0.138985679,259.876883,0.1,58.09
10661,Nominal,0.216027871,323.994408,0.1,58.09
10662,Nominal,0.254742533,351.830393,0.1,58.09
10663,Nominal,0.256291121,352.898167,0.1,58.09
10664,Nominal,0.185443282,300.184439,0.1,58.09
10665,Nominal,0.148277193,268.423046,0.1,58.09
10666,Nominal,0.188927606,302.991422,0.1,58.09
10667,Nominal,0.178474635,294.490218,0.1,58.09
10668,Nominal,0.209059238,318.725862,0.1,58.09
10669,Nominal,0.229578003,334.000994,0.1,58.09
10670,Nominal,0.205574915,316.058651,0.1,58.09
10671,Nominal,0.242741004,343.442624,0.1,58.09
10672,Nominal,0.275648475,365.982584,0.1,58.09
10673,Nominal,0.381339520,430.465679,0.1,58.09
10674,Nominal,0.318234622,393.238776,0.1,58.09
10675,Nominal,0.288037181,374.116531,0.1,58.09
10676,Nominal,0.305071622,385.020211,0.1,58.09
10677,Nominal,0.376693755,427.835515,0.1,58.09
10678,Nominal,0.157955870,277.045122,0.1,58.09
10679,Nominal,0.163763061,282.091887,0.1,58.09
10680,Nominal,0.218737900,326.020299,0.1,58.09
10681,Nominal,0.128145561,249.536687,0.1,58.09
10682,Nominal,0.333333343,402.459332,0.1,58.09
10683,Nominal,0.156794429,276.024693,0.1,58.09
10684,Nominal,0.161827326,280.419720,0.1,58.09
10685,Nominal,0.135114208,256.231862,0.1,58.09
10686,Nominal,0.143244296,263.828247,0.1,58.09
10687,Nominal,0.118466899,239.928110,0.1,58.09
10688,Nominal,0.170344561,287.704569,0.1,58.09
10689,Nominal,0.108013935,229.098643,0.1,58.09
10690,Nominal,0.205962062,316.356118,0.1,58.09
10691,Nominal,0.149438635,269.472262,0.1,58.09
10692,Nominal,0.192799076,306.080102,0.1,58.09
10693,Nominal,0.223770812,329.749649,0.1,58.09
10694,Nominal,0.196283385,308.833492,0.1,58.09
10695,Nominal,0.222222224,328.606665,0.1,58.09
10696,Nominal,0.193186224,306.387257,0.1,58.09
10697,Nominal,0.305071622,385.020211,0.1,58.09
10698,Nominal,0.298102975,380.597365,0.1,58.09
10699,Nominal,0.175377473,291.923816,0.1,58.09
10700,Nominal,0.249709636,348.337534,0.1,58.09
10701,Nominal,0.350367785,412.614709,0.1,58.09
10702,Nominal,0.171118855,288.357702,0.1,58.09
10703,Nominal,0.113821141,235.176591,0.1,58.09
10704,Nominal,0.165311649,283.422518,0.1,58.09
10705,Nominal,0.096786685,216.865481,0.1,58.09
10706,Nominal,0.339140534,405.949932,0.1,58.09
10707,Nominal,0.149438635,269.472262,0.1,58.09
10708,Nominal,0.186217576,300.810476,0.1,58.09
10709,Nominal,0.153697252,273.284924,0.1,58.09
10710,Nominal,0.145180017,265.604876,0.1,58.09
10711,Nominal,0.159117311,278.061805,0.1,58.09
10712,Nominal,0.187379017,301.747097,0.1,58.09
10713,Nominal,0.062330622,174.033700,0.1,58.09
10714,Nominal,0.251645386,349.685085,0.1,58.09
10715,Nominal,0.080913663,198.286686,0.1,58.09
10716,Nominal,0.084785134,202.974966,0.1,58.09
10717,Nominal,0.127758414,249.159458,0.1,58.09
10718,Nominal,0.092528068,212.040768,0.1,58.09
10719,Nominal,0.094463803,214.247289,0.1,58.09
10720,Missing_Unintentional,0.039488968,138.522561,0.1,58.09
10721,Nominal,0.097173832,217.298780,0.1,58.09
10722,Nominal,0.068137825,181.960346,0.1,58.09
10723,Nominal,0.048393343,153.347053,0.1,58.09
10724,Nominal,0.126596987,248.024343,0.1,58.09
10725,Nominal,0.204413474,315.164564,0.1,58.09
10726,Nominal,0.279907078,368.798854,0.1,58.09
10727,Nominal,0.101819590,222.432526,0.1,58.09
10728,Nominal,0.137049943,258.060808,0.1,58.09
10729,Nominal,0.281068534,369.563215,0.1,58.09
10730,Nominal,0.205574915,316.058651,0.1,58.09
10731,Nominal,0.059620596,170.208318,0.1,58.09
10732,Nominal,0.050329074,156.383919,0.1,58.09
10733,Missing_Unintentional,0.040263258,139.874027,0.1,58.09
10734,Nominal,0.213704988,322.247794,0.1,58.09
10735,Missing_Unintentional,0.037166085,134.386620,0.1,58.09
10736,Nominal,0.215253577,323.413252,0.1,58.09
10737,Missing_Unintentional,0.024003098,107.998138,0.1,58.09
10738,Missing_Unintentional,0.034068912,128.665395,0.1,58.09
10739,Missing_Unintentional,0.030584592,121.908495,0.1,58.09
10740,Nominal,0.172667444,289.659550,0.1,58.09
10741,Nominal,0.234223768,337.363508,0.1,58.09
10742,Nominal,0.182346106,297.667122,0.1,58.09
10743,Nominal,0.249322489,348.067400,0.1,58.09
10744,Nominal,0.214479282,322.831048,0.1,58.09
10745,Nominal,0.202477738,313.668757,0.1,58.09
10746,Nominal,0.207510650,317.543201,0.1,58.09
10747,Nominal,0.213317841,321.955770,0.1,58.09
10748,Nominal,0.343012005,408.260424,0.1,58.09
10749,Nominal,0.249709636,348.337534,0.1,58.09
10750,Nominal,0.266744107,360.022828,0.1,58.09
10751,Nominal,0.377080917,428.055321,0.1,58.09
10752,Nominal,0.432830036,458.607674,0.1,58.09
10753,Nominal,0.302748740,383.551596,0.1,58.09
10754,Nominal,0.151761517,271.558532,0.1,58.09
10755,Nominal,0.281068534,369.563215,0.1,58.09
10756,Nominal,0.387533873,433.947766,0.1,58.09
10757,Nominal,0.240805268,342.070494,0.1,58.09
10758,Nominal,0.318621755,393.477891,0.1,58.09
10759,Nominal,0.290747195,375.872359,0.1,58.09
10760,Nominal,0.157955870,277.045122,0.1,58.09
10761,Nominal,0.298102975,380.597365,0.1,58.09
10762,Nominal,0.304684490,384.775841,0.1,58.09
10763,Nominal,0.283391416,371.087195,0.1,58.09
10764,Nominal,0.158343017,277.384430,0.1,58.09
10765,Nominal,0.240030974,341.520098,0.1,58.09
10766,Nominal,0.181958959,297.350959,0.1,58.09
10767,Nominal,0.243515298,343.989944,0.1,58.09
10768,Nominal,0.253968269,351.295310,0.1,58.09
10769,Nominal,0.270615578,362.626066,0.1,58.09
10770,Nominal,0.245451033,345.354449,0.1,58.09
10771,Nominal,0.264808357,358.714115,0.1,58.09
10772,Nominal,0.410375535,446.553352,0.1,58.09
10773,Nominal,0.374370873,426.514351,0.1,58.09
10774,Nominal,0.364305079,420.741388,0.1,58.09
10775,Nominal,0.467673242,476.709585,0.1,58.09
10776,Nominal,0.329074711,399.880178,0.1,58.09
10777,Nominal,0.285327137,372.352403,0.1,58.09
10778,Nominal,0.162214473,280.754950,0.1,58.09
10779,Nominal,0.241966709,342.894431,0.1,58.09
10780,Nominal,0.438637257,461.673961,0.1,58.09
10781,Nominal,0.231513739,335.406139,0.1,58.09
10782,Nominal,0.335656226,403.859196,0.1,58.09
10783,Nominal,0.307007343,386.239782,0.1,58.09
10784,Nominal,0.142857149,263.471481,0.1,58.09
10785,Nominal,0.298102975,380.597365,0.1,58.09
10786,Nominal,0.298102975,380.597365,0.1,58.09
10787,Nominal,0.307781637,386.726538,0.1,58.09
10788,Nominal,0.178087488,294.170641,0.1,58.09
10789,Nominal,0.228029430,332.872619,0.1,58.09
10790,Nominal,0.163763061,282.091887,0.1,58.09
10791,Nominal,0.217963606,325.442760,0.1,58.09
10792,Nominal,0.279907078,368.798854,0.1,58.09
10793,Nominal,0.270615578,362.626066,0.1,58.09
10794,Nominal,0.257452577,353.696893,0.1,58.09
10795,Nominal,0.270615578,362.626066,0.1,58.09
10796,Nominal,0.435152918,459.836640,0.1,58.09
10797,Nominal,0.378629506,428.933385,0.1,58.09
10798,Nominal,0.417731315,450.537701,0.1,58.09
10799,Nominal,0.488966316,487.441042,0.1,58.09
10800,Nominal,0.411924124,447.395113,0.1,58.09
10801,Nominal,0.320944637,394.909593,0.1,58.09
10802,Nominal,0.157568723,276.705397,0.1,58.09
10803,Nominal,0.224157959,330.034776,0.1,58.09
10804,Nominal,0.427022845,455.520763,0.1,58.09
10805,Nominal,0.211769268,320.785028,0.1,58.09
10806,Nominal,0.307007343,386.239782,0.1,58.09
10807,Nominal,0.310878813,388.667463,0.1,58.09
10808,Nominal,0.176926062,293.209831,0.1,58.09
10809,Nominal,0.281842828,370.071906,0.1,58.09
10810,Nominal,0.345722020,409.870011,0.1,58.09
10811,Nominal,0.312040269,389.392825,0.1,58.09
10812,Nominal,0.121564075,243.044192,0.1,58.09
10813,Nominal,0.225706547,331.172832,0.1,58.09
10814,Nominal,0.120402634,241.880366,0.1,58.09
10815,Nominal,0.216802165,324.574525,0.1,58.09
10816,Nominal,0.269066989,361.587020,0.1,58.09
10817,Nominal,0.262098342,356.873877,0.1,58.09
10818,Nominal,0.260936886,356.082278,0.1,58.09
10819,Nominal,0.271002710,362.885353,0.1,58.09
10820,Nominal,0.472706169,479.267807,0.1,58.09
10821,Nominal,0.358110726,417.149077,0.1,58.09
10822,Nominal,0.468060404,476.906865,0.1,58.09
10823,Nominal,0.459543169,472.547837,0.1,58.09
10824,Nominal,0.534262478,509.518503,0.1,58.09
10825,Nominal,0.323267519,396.336124,0.1,58.09
10826,Nominal,0.153697252,273.284924,0.1,58.09
10827,Nominal,0.219899341,326.884695,0.1,58.09
10828,Nominal,0.351142079,413.070386,0.1,58.09
10829,Nominal,0.233449474,336.805421,0.1,58.09
10830,Nominal,0.413859844,448.445084,0.1,58.09
10831,Nominal,0.271777004,363.403391,0.1,58.09
10832,Nominal,0.142082855,262.756495,0.1,58.09
10833,Nominal,0.273325592,364.437259,0.1,58.09
10834,Nominal,0.298877269,381.091328,0.1,58.09
10835,Nominal,0.322106063,395.623493,0.1,58.09
10836,Nominal,0.135888502,256.965002,0.1,58.09
10837,Nominal,0.188153312,302.369900,0.1,58.09
10838,Nominal,0.145954311,266.312214,0.1,58.09
10839,Nominal,0.210994974,320.198046,0.1,58.09
10840,Nominal,0.248935342,347.797056,0.1,58.09
10841,Nominal,0.266744107,360.022828,0.1,58.09
10842,Nominal,0.243902445,344.263278,0.1,58.09
10843,Nominal,0.267131239,360.283988,0.1,58.09
10844,Nominal,0.361595035,419.173532,0.1,58.09
10845,Nominal,0.370886564,424.524904,0.1,58.09
10846,Nominal,0.419667065,451.580382,0.1,58.09
10847,Nominal,0.393728226,437.402134,0.1,58.09
10848,Nominal,0.388695329,434.597560,0.1,58.09
10849,Nominal,0.374370873,426.514351,0.1,58.09
10850,Nominal,0.101045296,221.585160,0.1,58.09
10851,Nominal,0.200929150,312.466956,0.1,58.09
10852,Nominal,0.327138990,398.702333,0.1,58.09
10853,Nominal,0.178474635,294.490218,0.1,58.09
10854,Nominal,0.397599697,439.547329,0.1,58.09
10855,Nominal,0.225706547,331.172832,0.1,58.09
10856,Nominal,0.137049943,258.060808,0.1,58.09
10857,Nominal,0.246225312,345.898733,0.1,58.09
10858,Nominal,0.220673636,327.459691,0.1,58.09
10859,Nominal,0.239256680,340.968814,0.1,58.09
10860,Nominal,0.128532708,249.913347,0.1,58.09
10861,Nominal,0.184281841,299.242927,0.1,58.09
10862,Nominal,0.147115752,267.369714,0.1,58.09
10863,Nominal,0.198219121,310.352605,0.1,58.09
10864,Nominal,0.221447930,328.033679,0.1,58.09
10865,Nominal,0.235385209,338.198913,0.1,58.09
10866,Nominal,0.214479282,322.831048,0.1,58.09
10867,Nominal,0.253581107,351.027442,0.1,58.09
10868,Nominal,0.334494770,403.159862,0.1,58.09
10869,Nominal,0.447928756,466.538077,0.1,58.09
10870,Nominal,0.406891197,444.653556,0.1,58.09
10871,Nominal,0.286101431,372.857289,0.1,58.09
10872,Nominal,0.344947726,409.410772,0.1,58.09
10873,Nominal,0.363530785,420.294028,0.1,58.09
10874,Nominal,0.132017031,253.278079,0.1,58.09
10875,Nominal,0.165698797,283.754201,0.1,58.09
10876,Nominal,0.287262887,373.613347,0.1,58.09
10877,Nominal,0.152535811,272.250402,0.1,58.09
10878,Nominal,0.376306623,427.615613,0.1,58.09
10879,Nominal,0.263646930,357.926606,0.1,58.09
10880,Nominal,0.124274097,245.738346,0.1,58.09
10881,Nominal,0.289585739,375.120854,0.1,58.09
10882,Nominal,0.282617122,370.579898,0.1,58.09
10883,Nominal,0.258226871,354.228369,0.1,58.09
10884,Nominal,0.183894694,298.928430,0.1,58.09
10885,Nominal,0.156407282,275.683711,0.1,58.09
10886,Nominal,0.179636076,295.446876,0.1,58.09
10887,Nominal,0.148664340,268.773240,0.1,58.09
10888,Nominal,0.214479282,322.831048,0.1,58.09
10889,Nominal,0.241192415,342.345360,0.1,58.09
10890,Nominal,0.224545106,330.319658,0.1,58.09
10891,Nominal,0.253581107,351.027442,0.1,58.09
10892,Nominal,0.280681372,369.308597,0.1,58.09
10893,Nominal,0.355400711,415.567685,0.1,58.09
10894,Nominal,0.360046446,418.274980,0.1,58.09
10895,Nominal,0.262872636,357.400629,0.1,58.09
10896,Nominal,0.218350753,325.731658,0.1,58.09
10897,Nominal,0.270228416,362.366574,0.1,58.09
10898,Nominal,0.117692605,239.142745,0.1,58.09
10899,Nominal,0.166473091,284.416406,0.1,58.09
10900,Nominal,0.218350753,325.731658,0.1,58.09
10901,Nominal,0.140147120,260.960461,0.1,58.09
10902,Nominal,0.318621755,393.477891,0.1,58.09
10903,Nominal,0.193573371,306.694105,0.1,58.09
10904,Nominal,0.148277193,268.423046,0.1,58.09
10905,Nominal,0.162601620,281.089781,0.1,58.09
10906,Nominal,0.201703444,313.068433,0.1,58.09
10907,Nominal,0.190476194,304.230657,0.1,58.09
10908,Nominal,0.189701900,303.611671,0.1,58.09
10909,Nominal,0.110336818,231.548968,0.1,58.09
10910,Nominal,0.193573371,306.694105,0.1,58.09
10911,Nominal,0.107626788,228.687703,0.1,58.09
10912,Nominal,0.108401082,229.508847,0.1,58.09
10913,Nominal,0.122338369,243.816991,0.1,58.09
10914,Nominal,0.107626788,228.687703,0.1,58.09
10915,Nominal,0.120402634,241.880366,0.1,58.09
10916,Nominal,0.173828885,290.632110,0.1,58.09
10917,Nominal,0.215253577,323.413252,0.1,58.09
10918,Nominal,0.342237711,407.799373,0.1,58.09
10919,Nominal,0.226093695,331.456735,0.1,58.09
10920,Nominal,0.254742533,351.830393,0.1,58.09
10921,Nominal,0.325977534,397.993938,0.1,58.09
10922,Nominal,0.149825782,269.821094,0.1,58.09
10923,Nominal,0.091753773,211.151703,0.1,58.09
10924,Nominal,0.169570267,287.049949,0.1,58.09
10925,Nominal,0.088269457,207.103697,0.1,58.09
10926,Nominal,0.382500976,431.120721,0.1,58.09
10927,Nominal,0.195121944,307.918427,0.1,58.09
10928,Nominal,0.176538914,292.888856,0.1,58.09
10929,Nominal,0.145954311,266.312214,0.1,58.09
10930,Nominal,0.216802165,324.574525,0.1,58.09
10931,Nominal,0.168021679,285.736212,0.1,58.09
10932,Nominal,0.194734812,307.612812,0.1,58.09
10933,Nominal,0.046070460,149.621463,0.1,58.09
10934,Nominal,0.234998062,337.920674,0.1,58.09
10935,Nominal,0.069686413,184.016462,0.1,58.09
10936,Nominal,0.083236545,201.112769,0.1,58.09
10937,Nominal,0.133178473,254.389767,0.1,58.09
10938,Nominal,0.089043744,208.010055,0.1,58.09
10939,Nominal,0.105691060,226.621834,0.1,58.09
10940,Missing_Unintentional,0.000000000,0.000000,0.1,58.09
10941,Missing_Unintentional,0.010452962,71.269268,0.1,58.09
10942,Missing_Unintentional,0.012388695,77.588151,0.1,58.09
10943,Missing_Unintentional,0.000000000,0.000000,0.1,58.09
10944,Nominal,0.063492067,175.647655,0.1,58.09
10945,Nominal,0.278358489,367.777247,0.1,58.09
10946,Nominal,0.275261313,365.725474,0.1,58.09
10947,Nominal,0.051877663,158.771600,0.1,58.09
10948,Missing_Intentional,0.010452962,71.269268,0.1,58.09
10949,Nominal,0.330236167,400.585237,0.1,58.09
10950,Nominal,0.220286489,327.172319,0.1,58.09
10951,Nominal,0.058459155,168.542290,0.1,58.09
10952,Nominal,0.087108016,205.736659,0.1,58.09
10953,Nominal,0.029810298,120.355456,0.1,58.09
10954,Nominal,0.257839710,353.962720,0.1,58.09
10955,Nominal,0.070460707,185.035953,0.1,58.09
10956,Nominal,0.213704988,322.247794,0.1,58.09
10957,Nominal,0.062717773,174.573346,0.1,58.09
10958,Nominal,0.082849398,200.644520,0.1,58.09
10959,Nominal,0.068137825,181.960346,0.1,58.09
10960,Nominal,0.149438635,269.472262,0.1,58.09
10961,Nominal,0.229965150,334.282496,0.1,58.09
10962,Nominal,0.174216032,290.955574,0.1,58.09
10963,Nominal,0.279907078,368.798854,0.1,58.09
10964,Nominal,0.183507547,298.613603,0.1,58.09
10965,Nominal,0.198606268,310.655536,0.1,58.09
10966,Nominal,0.196283385,308.833492,0.1,58.09
10967,Nominal,0.227642283,332.589925,0.1,58.09
10968,Nominal,0.283004254,370.833623,0.1,58.09
10969,Nominal,0.192411929,305.772638,0.1,58.09
10970,Nominal,0.271389842,363.144455,0.1,58.09
10971,Nominal,0.378242344,428.714029,0.1,58.09
10972,Nominal,0.348432064,411.473319,0.1,58.09
10973,Nominal,0.229578003,334.000994,0.1,58.09
10974,Nominal,0.138985679,259.876883,0.1,58.09
10975,Nominal,0.272551298,363.920692,0.1,58.09
10976,Nominal,0.385598153,432.862631,0.1,58.09
10977,Nominal,0.221060783,327.746811,0.1,58.09
10978,Nominal,0.384049565,431.992554,0.1,58.09
10979,Nominal,0.283391416,371.087195,0.1,58.09
10980,Nominal,0.166473091,284.416406,0.1,58.09
10981,Nominal,0.296941549,379.855227,0.1,58.09
10982,Nominal,0.256678283,353.164617,0.1,58.09
10983,Nominal,0.234610915,337.642206,0.1,58.09
10984,Nominal,0.179636076,295.446876,0.1,58.09
10985,Nominal,0.229190856,333.719256,0.1,58.09
10986,Nominal,0.196283385,308.833492,0.1,58.09
10987,Nominal,0.234998062,337.920674,0.1,58.09
10988,Nominal,0.249322489,348.067400,0.1,58.09
10989,Nominal,0.277971357,367.521412,0.1,58.09
10990,Nominal,0.279907078,368.798854,0.1,58.09
10991,Nominal,0.262872636,357.400629,0.1,58.09
10992,Nominal,0.462253183,473.939142,0.1,58.09
10993,Nominal,0.389082462,434.813931,0.1,58.09
10994,Nominal,0.443282992,464.112384,0.1,58.09
10995,Nominal,0.414247006,448.654793,0.1,58.09
10996,Nominal,0.319396049,393.955703,0.1,58.09
10997,Nominal,0.367789388,422.748640,0.1,58.09
10998,Nominal,0.156794429,276.024693,0.1,58.09
10999,Nominal,0.230739444,334.844788,0.1,58.09
11000,Nominal,0.342624843,408.029955,0.1,58.09
11001,Nominal,0.229578003,334.000994,0.1,58.09
11002,Nominal,0.385210991,432.645267,0.1,58.09
11003,Nominal,0.330623299,400.819969,0.1,58.09
11004,Nominal,0.166860238,284.746931,0.1,58.09
11005,Nominal,0.313588858,390.357865,0.1,58.09
11006,Nominal,0.308168799,386.969695,0.1,58.09
11007,Nominal,0.279132783,368.288405,0.1,58.09
11008,Nominal,0.162988767,281.424213,0.1,58.09
11009,Nominal,0.226480842,331.740395,0.1,58.09
11010,Nominal,0.135114208,256.231862,0.1,58.09
11011,Nominal,0.228029430,332.872619,0.1,58.09
11012,Nominal,0.248548195,347.526502,0.1,58.09
11013,Nominal,0.278745651,368.032925,0.1,58.09
11014,Nominal,0.284940004,372.099714,0.1,58.09
11015,Nominal,0.265195519,358.976247,0.1,58.09
11016,Nominal,0.452574521,468.951223,0.1,58.09
11017,Nominal,0.381339520,430.465679,0.1,58.09
11018,Nominal,0.423925668,453.865821,0.1,58.09
11019,Nominal,0.357336432,416.697861,0.1,58.09
11020,Nominal,0.504839361,495.289620,0.1,58.09
11021,Nominal,0.357723564,416.923521,0.1,58.09
11022,Nominal,0.174603179,291.278679,0.1,58.09
11023,Nominal,0.222222224,328.606665,0.1,58.09
11024,Nominal,0.365466505,421.411529,0.1,58.09
11025,Nominal,0.221060783,327.746811,0.1,58.09
11026,Nominal,0.382500976,431.120721,0.1,58.09
11027,Nominal,0.326751828,398.466335,0.1,58.09
11028,Nominal,0.172280297,289.334637,0.1,58.09
11029,Nominal,0.315524578,391.560811,0.1,58.09
11030,Nominal,0.285714298,372.604941,0.1,58.09
11031,Nominal,0.263646930,357.926606,0.1,58.09
11032,Nominal,0.159117311,278.061805,0.1,58.09
11033,Nominal,0.195509091,308.223751,0.1,58.09
11034,Nominal,0.159504458,278.399875,0.1,58.09
11035,Nominal,0.222609371,328.892783,0.1,58.09
11036,Nominal,0.277584195,367.265378,0.1,58.09
11037,Nominal,0.284940004,372.099714,0.1,58.09
11038,Nominal,0.293844372,377.869041,0.1,58.09
11039,Nominal,0.279907078,368.798854,0.1,58.09
11040,Nominal,0.449477345,467.343843,0.1,58.09
11041,Nominal,0.244289592,344.536394,0.1,58.09
11042,Nominal,0.391018182,435.894208,0.1,58.09
11043,Nominal,0.425474256,454.694045,0.1,58.09
11044,Nominal,0.421215653,452.412789,0.1,58.09
11045,Nominal,0.258226871,354.228369,0.1,58.09
11046,Nominal,0.149051487,269.122978,0.1,58.09
11047,Nominal,0.215640724,323.703960,0.1,58.09
11048,Nominal,0.390243888,435.462416,0.1,58.09
11049,Nominal,0.188153312,302.369900,0.1,58.09
11050,Nominal,0.328687578,399.644894,0.1,58.09
11051,Nominal,0.303523034,384.041759,0.1,58.09
11052,Nominal,0.134339914,255.496618,0.1,58.09
11053,Nominal,0.271777004,363.403391,0.1,58.09
11054,Nominal,0.274099886,364.953094,0.1,58.09
11055,Nominal,0.249322489,348.067400,0.1,58.09
11056,Nominal,0.121951222,243.430898,0.1,58.09
11057,Nominal,0.184668988,299.557093,0.1,58.09
11058,Nominal,0.156794429,276.024693,0.1,58.09
11059,Nominal,0.178474635,294.490218,0.1,58.09
11060,Nominal,0.253193974,350.759390,0.1,58.09
11061,Nominal,0.319396049,393.955703,0.1,58.09
11062,Nominal,0.287650019,373.865014,0.1,58.09
11063,Nominal,0.260936886,356.082278,0.1,58.09
11064,Nominal,0.354239255,414.888088,0.1,58.09
11065,Nominal,0.379016638,429.152612,0.1,58.09
11066,Nominal,0.415408432,449.283301,0.1,58.09
11067,Nominal,0.419279903,451.372032,0.1,58.09
11068,Nominal,0.351529241,413.298045,0.1,58.09
11069,Nominal,0.332171887,401.757562,0.1,58.09
11070,Nominal,0.133178473,254.389767,0.1,58.09
11071,Nominal,0.212543547,321.370926,0.1,58.09
11072,Nominal,0.338753402,405.718168,0.1,58.09
11073,Nominal,0.183894694,298.928430,0.1,58.09
11074,Nominal,0.363530785,420.294028,0.1,58.09
11075,Nominal,0.196670532,309.137912,0.1,58.09
11076,Nominal,0.128145561,249.536687,0.1,58.09
11077,Nominal,0.249322489,348.067400,0.1,58.09
11078,Nominal,0.252032518,349.953960,0.1,58.09
11079,Nominal,0.213317841,321.955770,0.1,58.09
11080,Nominal,0.146728605,267.017679,0.1,58.09
11081,Nominal,0.162214473,280.754950,0.1,58.09
11082,Nominal,0.135501355,256.598694,0.1,58.09
11083,Nominal,0.172280297,289.334637,0.1,58.09
11084,Nominal,0.236546651,339.032259,0.1,58.09
11085,Nominal,0.286101431,372.857289,0.1,58.09
11086,Nominal,0.243515298,343.989944,0.1,58.09
11087,Nominal,0.257065415,353.430845,0.1,58.09
11088,Nominal,0.299651563,381.584650,0.1,58.09
11089,Nominal,0.428958565,456.552047,0.1,58.09
11090,Nominal,0.430120021,457.169714,0.1,58.09
11091,Nominal,0.142857149,263.471481,0.1,58.09
11092,Nominal,0.329849005,400.350349,0.1,58.09
11093,Nominal,0.438250095,461.470169,0.1,58.09
11094,Nominal,0.123886950,245.355277,0.1,58.09
11095,Nominal,0.171118855,288.357702,0.1,58.09
11096,Nominal,0.271002710,362.885353,0.1,58.09
11097,Nominal,0.154084399,273.628895,0.1,58.09
11098,Nominal,0.442508698,463.706868,0.1,58.09
11099,Nominal,0.239256680,340.968814,0.1,58.09
11100,Nominal,0.137824237,258.788767,0.1,58.09
11101,Nominal,0.202090591,313.368739,0.1,58.09
11102,Nominal,0.245838165,345.626693,0.1,58.09
11103,Nominal,0.204026327,314.865971,0.1,58.09
11104,Nominal,0.184668988,299.557093,0.1,58.09
11105,Nominal,0.136275649,257.330789,0.1,58.09
11106,Nominal,0.170344561,287.704569,0.1,58.09
11107,Nominal,0.156020135,275.342307,0.1,58.09
11108,Nominal,0.250096798,348.607469,0.1,58.09
11109,Nominal,0.307007343,386.239782,0.1,58.09
11110,Nominal,0.241192415,342.345360,0.1,58.09
11111,Nominal,0.274487019,365.210729,0.1,58.09
11112,Nominal,0.282617122,370.579898,0.1,58.09
11113,Nominal,0.384049565,431.992554,0.1,58.09
11114,Nominal,0.436701506,460.654128,0.1,58.09
11115,Nominal,0.296941549,379.855227,0.1,58.09
11116,Nominal,0.293457210,377.620023,0.1,58.09
11117,Nominal,0.440185845,462.488203,0.1,58.09
11118,Nominal,0.114982575,236.373420,0.1,58.09
11119,Nominal,0.147115752,267.369714,0.1,58.09
11120,Nominal,0.240418121,341.795407,0.1,58.09
11121,Nominal,0.146341458,266.665180,0.1,58.09
11122,Nominal,0.425861388,454.900857,0.1,58.09
11123,Nominal,0.252032518,349.953960,0.1,58.09
11124,Nominal,0.144405723,264.895649,0.1,58.09
11125,Nominal,0.191250488,304.848385,0.1,58.09
11126,Nominal,0.257452577,353.696893,0.1,58.09
11127,Nominal,0.175764620,292.245850,0.1,58.09
11128,Nominal,0.182346106,297.667122,0.1,58.09
11129,Nominal,0.075106464,191.038668,0.1,58.09
11130,Nominal,0.192799076,306.080102,0.1,58.09
11131,Nominal,0.098722413,219.023394,0.1,58.09
11132,Nominal,0.129694149,251.039935,0.1,58.09
11133,Nominal,0.185056135,299.870930,0.1,58.09
11134,Nominal,0.133178473,254.389767,0.1,58.09
11135,Nominal,0.145954311,266.312214,0.1,58.09
11136,Nominal,0.175764620,292.245850,0.1,58.09
11137,Nominal,0.350754946,412.842619,0.1,58.09
11138,Nominal,0.391405344,436.109953,0.1,58.09
11139,Nominal,0.155632988,275.000479,0.1,58.09
11140,Nominal,0.169183120,286.722079,0.1,58.09
11141,Nominal,0.381339520,430.465679,0.1,58.09
11142,Nominal,0.167247385,285.077072,0.1,58.09
11143,Nominal,0.111111112,232.360001,0.1,58.09
11144,Nominal,0.097560972,217.731208,0.1,58.09
11145,Nominal,0.078590788,195.419746,0.1,58.09
11146,Nominal,0.296941549,379.855227,0.1,58.09
11147,Nominal,0.162988767,281.424213,0.1,58.09
11148,Nominal,0.171506003,288.683715,0.1,58.09
11149,Nominal,0.146341458,266.665180,0.1,58.09
11150,Nominal,0.141308561,262.039559,0.1,58.09
11151,Nominal,0.086333722,204.820232,0.1,58.09
11152,Nominal,0.194734812,307.612812,0.1,58.09
11153,Nominal,0.033681765,127.932252,0.1,58.09
11154,Nominal,0.210607827,319.904151,0.1,58.09
11155,Nominal,0.058459155,168.542290,0.1,58.09
11156,Nominal,0.108788230,229.918320,0.1,58.09
11157,Nominal,0.177700356,293.850728,0.1,58.09
11158,Nominal,0.124274097,245.738346,0.1,58.09
11159,Nominal,0.149051487,269.122978,0.1,58.09
11160,Missing_Unintentional,0.003484321,41.147332,0.1,58.09
11161,Missing_Unintentional,0.030971738,122.677639,0.1,58.09
11162,Missing_Unintentional,0.008904375,65.778558,0.1,58.09
11163,Missing_Unintentional,0.007355788,59.785686,0.1,58.09
11164,Nominal,0.115756869,237.167955,0.1,58.09
11165,Nominal,0.192411929,305.772638,0.1,58.09
11166,Nominal,0.293844372,377.869041,0.1,58.09
11167,Nominal,0.091366626,210.705764,0.1,58.09
11168,Nominal,0.146341458,266.665180,0.1,58.09
11169,Nominal,0.234610915,337.642206,0.1,58.09
11170,Nominal,0.201703444,313.068433,0.1,58.09
11171,Nominal,0.042973287,144.504680,0.1,58.09
11172,Nominal,0.055361982,164.016840,0.1,58.09
11173,Nominal,0.032907471,126.453215,0.1,58.09
11174,Nominal,0.228803724,333.437290,0.1,58.09
11175,Nominal,0.127371266,248.781657,0.1,58.09
11176,Nominal,0.225319400,330.888685,0.1,58.09
11177,Nominal,0.069686413,184.016462,0.1,58.09
11178,Nominal,0.148664340,268.773240,0.1,58.09
11179,Nominal,0.079365082,196.380046,0.1,58.09
11180,Nominal,0.152922958,272.595679,0.1,58.09
11181,Nominal,0.242741004,343.442624,0.1,58.09
11182,Nominal,0.177700356,293.850728,0.1,58.09
11183,Nominal,0.245838165,345.626693,0.1,58.09
11184,Nominal,0.264421225,358.451811,0.1,58.09
11185,Nominal,0.253581107,351.027442,0.1,58.09
11186,Nominal,0.253581107,351.027442,0.1,58.09
11187,Nominal,0.247773901,346.984761,0.1,58.09
11188,Nominal,0.222609371,328.892783,0.1,58.09
11189,Nominal,0.308943093,387.455533,0.1,58.09
11190,Nominal,0.292295784,376.872022,0.1,58.09
11191,Nominal,0.335269064,403.626213,0.1,58.09
11192,Nominal,0.290747195,375.872359,0.1,58.09
11193,Nominal,0.329461873,400.115342,0.1,58.09
11194,Nominal,0.154084399,273.628895,0.1,58.09
11195,Nominal,0.264808357,358.714115,0.1,58.09
11196,Nominal,0.378629506,428.933385,0.1,58.09
11197,Nominal,0.246999606,346.442172,0.1,58.09
11198,Nominal,0.308943093,387.455533,0.1,58.09
11199,Nominal,0.252806813,350.491112,0.1,58.09
11200,Nominal,0.181958959,297.350959,0.1,58.09
11201,Nominal,0.234223768,337.363508,0.1,58.09
11202,Nominal,0.265969813,359.499919,0.1,58.09
11203,Nominal,0.191637635,305.156780,0.1,58.09
11204,Nominal,0.174216032,290.955574,0.1,58.09
11205,Nominal,0.207510650,317.543201,0.1,58.09
11206,Nominal,0.181571811,297.034460,0.1,58.09
11207,Nominal,0.227255136,332.306989,0.1,58.09
11208,Nominal,0.270615578,362.626066,0.1,58.09
11209,Nominal,0.289972901,375.371529,0.1,58.09
11210,Nominal,0.282229960,370.325979,0.1,58.09
11211,Nominal,0.257839710,353.962720,0.1,58.09
11212,Nominal,0.372822315,425.631314,0.1,58.09
11213,Nominal,0.337591946,405.022044,0.1,58.09
11214,Nominal,0.381726682,430.684142,0.1,58.09
11215,Nominal,0.331397593,401.289039,0.1,58.09
11216,Nominal,0.272938430,364.179057,0.1,58.09
11217,Nominal,0.327913284,399.173892,0.1,58.09
11218,Nominal,0.166085944,284.085496,0.1,58.09
11219,Nominal,0.236933798,339.309587,0.1,58.09
11220,Nominal,0.375919461,427.395581,0.1,58.09
11221,Nominal,0.238095239,340.140212,0.1,58.09
11222,Nominal,0.393341064,437.187028,0.1,58.09
11223,Nominal,0.305458754,385.264427,0.1,58.09
11224,Nominal,0.191250488,304.848385,0.1,58.09
11225,Nominal,0.279907078,368.798854,0.1,58.09
11226,Nominal,0.307781637,386.726538,0.1,58.09
11227,Nominal,0.252032518,349.953960,0.1,58.09
11228,Nominal,0.174216032,290.955574,0.1,58.09
11229,Nominal,0.240805268,342.070494,0.1,58.09
11230,Nominal,0.173441738,290.308285,0.1,58.09
11231,Nominal,0.226867989,332.023813,0.1,58.09
11232,Nominal,0.275648475,365.982584,0.1,58.09
11233,Nominal,0.336817652,404.557302,0.1,58.09
11234,Nominal,0.264808357,358.714115,0.1,58.09
11235,Nominal,0.300813019,382.323450,0.1,58.09
11236,Nominal,0.382888108,431.338836,0.1,58.09
11237,Nominal,0.231126592,335.125581,0.1,58.09
11238,Nominal,0.360046446,418.274980,0.1,58.09
11239,Nominal,0.409988374,446.342656,0.1,58.09
11240,Nominal,0.426248550,455.107592,0.1,58.09
11241,Nominal,0.384823859,432.427811,0.1,58.09
11242,Nominal,0.192411929,305.772638,0.1,58.09
11243,Nominal,0.209059238,318.725862,0.1,58.09
11244,Nominal,0.399148285,440.402481,0.1,58.09
11245,Nominal,0.197444826,309.745854,0.1,58.09
11246,Nominal,0.415021300,449.073901,0.1,58.09
11247,Nominal,0.314750284,391.080073,0.1,58.09
11248,Nominal,0.191250488,304.848385,0.1,58.09
11249,Nominal,0.295780092,379.111617,0.1,58.09
11250,Nominal,0.267131239,360.283988,0.1,58.09
11251,Nominal,0.247773901,346.984761,0.1,58.09
11252,Nominal,0.139372826,260.238577,0.1,58.09
11253,Nominal,0.195896238,308.528772,0.1,58.09
11254,Nominal,0.157955870,277.045122,0.1,58.09
11255,Nominal,0.197831973,310.049378,0.1,58.09
11256,Nominal,0.285327137,372.352403,0.1,58.09
11257,Nominal,0.315524578,391.560811,0.1,58.09
11258,Nominal,0.289972901,375.371529,0.1,58.09
11259,Nominal,0.297715843,380.350153,0.1,58.09
11260,Nominal,0.431281447,457.786531,0.1,58.09
11261,Nominal,0.329461873,400.115342,0.1,58.09
11262,Nominal,0.390243888,435.462416,0.1,58.09
11263,Nominal,0.392953932,436.971832,0.1,58.09
11264,Nominal,0.347657770,411.015871,0.1,58.09
11265,Nominal,0.404568344,443.382524,0.1,58.09
11266,Nominal,0.175377473,291.923816,0.1,58.09
11267,Nominal,0.201703444,313.068433,0.1,58.09
11268,Nominal,0.376693755,427.835515,0.1,58.09
11269,Nominal,0.212930694,321.663481,0.1,58.09
11270,Nominal,0.382888108,431.338836,0.1,58.09
11271,Nominal,0.259001166,354.759049,0.1,58.09
11272,Nominal,0.165311649,283.422518,0.1,58.09
11273,Nominal,0.253968269,351.295310,0.1,58.09
11274,Nominal,0.273712724,364.695258,0.1,58.09
11275,Nominal,0.239256680,340.968814,0.1,58.09
11276,Nominal,0.157568723,276.705397,0.1,58.09
11277,Nominal,0.210220680,319.609986,0.1,58.09
11278,Nominal,0.189701900,303.611671,0.1,58.09
11279,Nominal,0.192411929,305.772638,0.1,58.09
11280,Nominal,0.274099886,364.953094,0.1,58.09
11281,Nominal,0.323267519,396.336124,0.1,58.09
11282,Nominal,0.262098342,356.873877,0.1,58.09
11283,Nominal,0.275648475,365.982584,0.1,58.09
11284,Nominal,0.403019756,442.533131,0.1,58.09
11285,Nominal,0.417344183,450.328885,0.1,58.09
11286,Nominal,0.437862962,461.266302,0.1,58.09
11287,Nominal,0.360046446,418.274980,0.1,58.09
11288,Nominal,0.349980652,412.386691,0.1,58.09
11289,Nominal,0.371273726,424.746424,0.1,58.09
11290,Nominal,0.140534267,261.320655,0.1,58.09
11291,Nominal,0.190863341,304.539678,0.1,58.09
11292,Nominal,0.386759579,433.514035,0.1,58.09
11293,Nominal,0.193573371,306.694105,0.1,58.09
11294,Nominal,0.255129695,352.097651,0.1,58.09
11295,Nominal,0.251258224,349.415982,0.1,58.09
11296,Nominal,0.138598531,259.514684,0.1,58.09
11297,Nominal,0.203639179,314.567095,0.1,58.09
11298,Nominal,0.266744107,360.022828,0.1,58.09
11299,Nominal,0.192024782,305.464864,0.1,58.09
11300,Nominal,0.166860238,284.746931,0.1,58.09
11301,Nominal,0.145954311,266.312214,0.1,58.09
11302,Nominal,0.150600076,270.517408,0.1,58.09
11303,Nominal,0.153697252,273.284924,0.1,58.09
11304,Nominal,0.267905533,360.805762,0.1,58.09
11305,Nominal,0.322880358,396.098717,0.1,58.09
11306,Nominal,0.276422769,366.496245,0.1,58.09
11307,Nominal,0.274487019,365.210729,0.1,58.09
11308,Nominal,0.287262887,373.613347,0.1,58.09
11309,Nominal,0.327913284,399.173892,0.1,58.09
11310,Nominal,0.383662403,431.774752,0.1,58.09
11311,Nominal,0.336430520,404.324740,0.1,58.09
11312,Nominal,0.337591946,405.022044,0.1,58.09
11313,Nominal,0.433604330,459.017695,0.1,58.09
11314,Nominal,0.121564075,243.044192,0.1,58.09
11315,Nominal,0.147502899,267.721285,0.1,58.09
11316,Nominal,0.252419680,350.222649,0.1,58.09
11317,Nominal,0.194734812,307.612812,0.1,58.09
11318,Nominal,0.348044902,411.244650,0.1,58.09
11319,Nominal,0.253193974,350.759390,0.1,58.09
11320,Nominal,0.122725517,244.202473,0.1,58.09
11321,Nominal,0.203252032,314.267934,0.1,58.09
11322,Nominal,0.268679827,361.326782,0.1,58.09
11323,Nominal,0.195509091,308.223751,0.1,58.09
11324,Nominal,0.177700356,293.850728,0.1,58.09
11325,Nominal,0.117692605,239.142745,0.1,58.09
11326,Nominal,0.170731708,288.031321,0.1,58.09
11327,Nominal,0.138598531,259.514684,0.1,58.09
11328,Nominal,0.240805268,342.070494,0.1,58.09
11329,Nominal,0.247773901,346.984761,0.1,58.09
11330,Nominal,0.157568723,276.705397,0.1,58.09
11331,Nominal,0.289585739,375.120854,0.1,58.09
11332,Nominal,0.287650019,373.865014,0.1,58.09
11333,Nominal,0.412311256,447.605298,0.1,58.09
11334,Nominal,0.375919461,427.395581,0.1,58.09
11335,Nominal,0.288811445,374.619019,0.1,58.09
11336,Nominal,0.236933798,339.309587,0.1,58.09
11337,Nominal,0.354239255,414.888088,0.1,58.09
11338,Nominal,0.113821141,235.176591,0.1,58.09
11339,Nominal,0.189701900,303.611671,0.1,58.09
11340,Nominal,0.185443282,300.184439,0.1,58.09
11341,Nominal,0.114982575,236.373420,0.1,58.09
11342,Nominal,0.329461873,400.115342,0.1,58.09
11343,Nominal,0.260162592,355.553573,0.1,58.09
11344,Nominal,0.125048399,246.502706,0.1,58.09
11345,Nominal,0.176926062,293.209831,0.1,58.09
11346,Nominal,0.255903989,352.631537,0.1,58.09
11347,Nominal,0.172280297,289.334637,0.1,58.09
11348,Nominal,0.178474635,294.490218,0.1,58.09
11349,Nominal,0.071235001,186.049857,0.1,58.09
11350,Nominal,0.196283385,308.833492,0.1,58.09
11351,Nominal,0.102981031,223.697556,0.1,58.09
11352,Nominal,0.152535811,272.250402,0.1,58.09
11353,Nominal,0.250096798,348.607469,0.1,58.09
11354,Nominal,0.152148664,271.904687,0.1,58.09
11355,Nominal,0.189701900,303.611671,0.1,58.09
11356,Nominal,0.138985679,259.876883,0.1,58.09
11357,Nominal,0.257839710,353.962720,0.1,58.09
11358,Nominal,0.274487019,365.210729,0.1,58.09
11359,Nominal,0.148277193,268.423046,0.1,58.09
11360,Nominal,0.121176928,242.656870,0.1,58.09
11361,Nominal,0.389469624,435.030211,0.1,58.09
11362,Nominal,0.174603179,291.278679,0.1,58.09
11363,Nominal,0.097948119,218.162787,0.1,58.09
11364,Nominal,0.145180017,265.604876,0.1,58.09
11365,Nominal,0.065814942,178.831852,0.1,58.09
11366,Nominal,0.435927212,460.245565,0.1,58.09
11367,Nominal,0.138211384,259.151980,0.1,58.09
11368,Nominal,0.186604723,301.123007,0.1,58.09
11369,Nominal,0.094076656,213.807806,0.1,58.09
11370,Nominal,0.145954311,266.312214,0.1,58.09
11371,Nominal,0.106078200,227.036505,0.1,58.09
11372,Nominal,0.208672091,318.430609,0.1,58.09
11373,Missing_Unintentional,0.031746034,124.201648,0.1,58.09
11374,Nominal,0.226480842,331.740395,0.1,58.09
11375,Nominal,0.049554780,155.176302,0.1,58.09
11376,Nominal,0.119628340,241.101360,0.1,58.09
11377,Nominal,0.112659700,233.973633,0.1,58.09
11378,Nominal,0.056136277,165.159829,0.1,58.09
11379,Nominal,0.206349209,316.653306,0.1,58.09
11380,Missing_Unintentional,0.019744484,97.950242,0.1,58.09
11381,Nominal,0.043360434,145.154143,0.1,58.09
11382,Missing_Unintentional,0.016260162,88.888393,0.1,58.09
11383,Missing_Unintentional,0.016647309,89.940365,0.1,58.09
11384,Nominal,0.145567164,265.958780,0.1,58.09
11385,Nominal,0.258226871,354.228369,0.1,58.09
11386,Nominal,0.255903989,352.631537,0.1,58.09
11387,Nominal,0.062717773,174.573346,0.1,58.09
11388,Nominal,0.110723965,231.954839,0.1,58.09
11389,Nominal,0.328300416,399.409453,0.1,58.09
11390,Nominal,0.221835077,328.320297,0.1,58.09
11391,Nominal,0.054587688,162.865829,0.1,58.09
11392,Nominal,0.045296166,148.358811,0.1,58.09
11393,Missing_Unintentional,0.027874565,116.382229,0.1,58.09
11394,Nominal,0.228803724,333.437290,0.1,58.09
11395,Nominal,0.159117311,278.061805,0.1,58.09
11396,Nominal,0.236546651,339.032259,0.1,58.09
11397,Nominal,0.079365082,196.380046,0.1,58.09
11398,Nominal,0.161053032,279.748054,0.1,58.09
11399,Nominal,0.066976383,180.402881,0.1,58.09
11400,Nominal,0.168795973,286.393834,0.1,58.09
11401,Nominal,0.240030974,341.520098,0.1,58.09
11402,Nominal,0.188153312,302.369900,0.1,58.09
11403,Nominal,0.248935342,347.797056,0.1,58.09
11404,Nominal,0.226480842,331.740395,0.1,58.09
11405,Nominal,0.211382121,320.491671,0.1,58.09
11406,Nominal,0.204026327,314.865971,0.1,58.09
11407,Nominal,0.206349209,316.653306,0.1,58.09
11408,Nominal,0.235385209,338.198913,0.1,58.09
11409,Nominal,0.326364696,398.230216,0.1,58.09
11410,Nominal,0.208284944,318.135081,0.1,58.09
11411,Nominal,0.303523034,384.041759,0.1,58.09
11412,Nominal,0.311653107,389.151181,0.1,58.09
11413,Nominal,0.319783211,394.194401,0.1,58.09
11414,Nominal,0.171118855,288.357702,0.1,58.09
11415,Nominal,0.285327137,372.352403,0.1,58.09
11416,Nominal,0.439798683,462.284769,0.1,58.09
11417,Nominal,0.222609371,328.892783,0.1,58.09
11418,Nominal,0.407665491,445.076432,0.1,58.09
11419,Nominal,0.262485474,357.137340,0.1,58.09
11420,Nominal,0.175764620,292.245850,0.1,58.09
11421,Nominal,0.186604723,301.123007,0.1,58.09
11422,Nominal,0.271389842,363.144455,0.1,58.09
11423,Nominal,0.241579562,342.620005,0.1,58.09
11424,Nominal,0.187379017,301.747097,0.1,58.09
11425,Nominal,0.226867989,332.023813,0.1,58.09
11426,Nominal,0.181184664,296.717622,0.1,58.09
11427,Nominal,0.222996518,329.178653,0.1,58.09
11428,Nominal,0.257452577,353.696893,0.1,58.09
11429,Nominal,0.310104519,388.183141,0.1,58.09
11430,Nominal,0.262485474,357.137340,0.1,58.09
11431,Nominal,0.279132783,368.288405,0.1,58.09
11432,Nominal,0.426248550,455.107592,0.1,58.09
11433,Nominal,0.386759579,433.514035,0.1,58.09
11434,Nominal,0.371273726,424.746424,0.1,58.09
11435,Nominal,0.388308167,434.381064,0.1,58.09
11436,Nominal,0.466124654,475.919675,0.1,58.09
11437,Nominal,0.266356945,359.761458,0.1,58.09
11438,Nominal,0.183894694,298.928430,0.1,58.09
11439,Nominal,0.220286489,327.172319,0.1,58.09
11440,Nominal,0.480449080,483.177059,0.1,58.09
11441,Nominal,0.209059238,318.725862,0.1,58.09
11442,Nominal,0.339527667,406.181563,0.1,58.09
11443,Nominal,0.275261313,365.725474,0.1,58.09
11444,Nominal,0.183894694,298.928430,0.1,58.09
11445,Nominal,0.206736356,316.950215,0.1,58.09
11446,Nominal,0.262098342,356.873877,0.1,58.09
11447,Nominal,0.254742533,351.830393,0.1,58.09
11448,Nominal,0.168795973,286.393834,0.1,58.09
11449,Nominal,0.233062327,336.526030,0.1,58.09
11450,Nominal,0.173054591,289.984099,0.1,58.09
11451,Nominal,0.214479282,322.831048,0.1,58.09
11452,Nominal,0.278745651,368.032925,0.1,58.09
11453,Nominal,0.344173431,408.951018,0.1,58.09
11454,Nominal,0.299264431,381.338078,0.1,58.09
11455,Nominal,0.315911740,391.800969,0.1,58.09
11456,Nominal,0.446767330,465.932845,0.1,58.09
11457,Nominal,0.332559049,401.991627,0.1,58.09
11458,Nominal,0.337979108,405.254224,0.1,58.09
11459,Nominal,0.381726682,430.684142,0.1,58.09
11460,Nominal,0.438637257,461.673961,0.1,58.09
11461,Nominal,0.396825403,439.119128,0.1,58.09
11462,Nominal,0.183507547,298.613603,0.1,58.09
11463,Nominal,0.207510650,317.543201,0.1,58.09
11464,Nominal,0.418505609,450.955060,0.1,58.09
11465,Nominal,0.210994974,320.198046,0.1,58.09
11466,Nominal,0.373596579,426.073053,0.1,58.09
11467,Nominal,0.260936886,356.082278,0.1,58.09
11468,Nominal,0.179636076,295.446876,0.1,58.09
11469,Nominal,0.232675180,336.246406,0.1,58.09
11470,Nominal,0.286101431,372.857289,0.1,58.09
11471,Nominal,0.249709636,348.337534,0.1,58.09
11472,Nominal,0.157955870,277.045122,0.1,58.09
11473,Nominal,0.195896238,308.528772,0.1,58.09
11474,Nominal,0.171893150,289.009359,0.1,58.09
11475,Nominal,0.233449474,336.805421,0.1,58.09
11476,Nominal,0.291521490,376.372523,0.1,58.09
11477,Nominal,0.314363152,390.839492,0.1,58.09
11478,Nominal,0.296941549,379.855227,0.1,58.09
11479,Nominal,0.317073166,392.520522,0.1,58.09
11480,Nominal,0.382500976,431.120721,0.1,58.09
11481,Nominal,0.373596579,426.073053,0.1,58.09
11482,Nominal,0.384823859,432.427811,0.1,58.09
11483,Nominal,0.316298872,392.040960,0.1,58.09
11484,Nominal,0.387146741,433.730963,0.1,58.09
11485,Nominal,0.351916373,413.525560,0.1,58.09
11486,Nominal,0.180797517,296.400447,0.1,58.09
11487,Nominal,0.219899341,326.884695,0.1,58.09
11488,Nominal,0.375532329,427.175452,0.1,58.09
11489,Nominal,0.191637635,305.156780,0.1,58.09
11490,Nominal,0.217189312,324.864194,0.1,58.09
11491,Nominal,0.284940004,372.099714,0.1,58.09
11492,Nominal,0.203252032,314.267934,0.1,58.09
11493,Nominal,0.252032518,349.953960,0.1,58.09
11494,Nominal,0.261324048,356.346347,0.1,58.09
11495,Nominal,0.221835077,328.320297,0.1,58.09
11496,Nominal,0.159117311,278.061805,0.1,58.09
11497,Nominal,0.181571811,297.034460,0.1,58.09
11498,Nominal,0.182346106,297.667122,0.1,58.09
11499,Nominal,0.206736356,316.950215,0.1,58.09
11500,Nominal,0.278358489,367.777247,0.1,58.09
11501,Nominal,0.287262887,373.613347,0.1,58.09
11502,Nominal,0.265195519,358.976247,0.1,58.09
11503,Nominal,0.306233048,385.752413,0.1,58.09
11504,Nominal,0.293457210,377.620023,0.1,58.09
11505,Nominal,0.334494770,403.159862,0.1,58.09
11506,Nominal,0.390243888,435.462416,0.1,58.09
11507,Nominal,0.387533873,433.947766,0.1,58.09
11508,Nominal,0.332559049,401.991627,0.1,58.09
11509,Nominal,0.343012005,408.260424,0.1,58.09
11510,Nominal,0.185830429,300.497621,0.1,58.09
11511,Nominal,0.167634532,285.406832,0.1,58.09
11512,Nominal,0.316686034,392.280823,0.1,58.09
11513,Nominal,0.174990326,291.601426,0.1,58.09
11514,Nominal,0.430894315,457.581023,0.1,58.09
11515,Nominal,0.271002710,362.885353,0.1,58.09
11516,Nominal,0.144018590,264.540336,0.1,58.09
11517,Nominal,0.189701900,303.611671,0.1,58.09
11518,Nominal,0.257452577,353.696893,0.1,58.09
11519,Nominal,0.204026327,314.865971,0.1,58.09
11520,Nominal,0.184668988,299.557093,0.1,58.09
11521,Nominal,0.170344561,287.704569,0.1,58.09
11522,Nominal,0.206736356,316.950215,0.1,58.09
11523,Nominal,0.167247385,285.077072,0.1,58.09
11524,Nominal,0.240418121,341.795407,0.1,58.09
11525,Nominal,0.311653107,389.151181,0.1,58.09
11526,Nominal,0.255129695,352.097651,0.1,58.09
11527,Nominal,0.290360034,375.622018,0.1,58.09
11528,Nominal,0.203639179,314.567095,0.1,58.09
11529,Nominal,0.502129316,493.958441,0.1,58.09
11530,Nominal,0.389469624,435.030211,0.1,58.09
11531,Nominal,0.305845916,385.508507,0.1,58.09
11532,Nominal,0.401858300,441.895006,0.1,58.09
11533,Nominal,0.398761123,440.188840,0.1,58.09
11534,Nominal,0.153697252,273.284924,0.1,58.09
11535,Nominal,0.171893150,289.009359,0.1,58.09
11536,Nominal,0.292682916,377.121514,0.1,58.09
11537,Nominal,0.184668988,299.557093,0.1,58.09
11538,Nominal,0.498644978,492.241638,0.1,58.09
11539,Nominal,0.272164136,363.662124,0.1,58.09
11540,Nominal,0.140147120,260.960461,0.1,58.09
11541,Nominal,0.216027871,323.994408,0.1,58.09
11542,Nominal,0.279519945,368.543727,0.1,58.09
11543,Nominal,0.221835077,328.320297,0.1,58.09
11544,Nominal,0.188540459,302.680820,0.1,58.09
11545,Nominal,0.144018590,264.540336,0.1,58.09
11546,Nominal,0.178087488,294.170641,0.1,58.09
11547,Nominal,0.125048399,246.502706,0.1,58.09
11548,Nominal,0.173828885,290.632110,0.1,58.09
11549,Nominal,0.264808357,358.714115,0.1,58.09
11550,Nominal,0.202477738,313.668757,0.1,58.09
11551,Nominal,0.252032518,349.953960,0.1,58.09
11552,Nominal,0.212156400,321.078105,0.1,58.09
11553,Nominal,0.417344183,450.328885,0.1,58.09
11554,Nominal,0.447928756,466.538077,0.1,58.09
11555,Nominal,0.120789781,242.268929,0.1,58.09
11556,Nominal,0.220673636,327.459691,0.1,58.09
11557,Nominal,0.426248550,455.107592,0.1,58.09
11558,Nominal,0.127758414,249.159458,0.1,58.09
11559,Nominal,0.148277193,268.423046,0.1,58.09
11560,Nominal,0.227255136,332.306989,0.1,58.09
11561,Nominal,0.145954311,266.312214,0.1,58.09
11562,Nominal,0.346883476,410.557914,0.1,58.09
11563,Nominal,0.267518401,360.544980,0.1,58.09
11564,Nominal,0.129694149,251.039935,0.1,58.09
11565,Nominal,0.200154856,311.864318,0.1,58.09
11566,Nominal,0.214866430,323.122281,0.1,58.09
11567,Nominal,0.138985679,259.876883,0.1,58.09
11568,Nominal,0.193573371,306.694105,0.1,58.09
11569,Nominal,0.067750677,181.442677,0.1,58.09
11570,Nominal,0.207123503,317.246847,0.1,58.09
11571,Nominal,0.108788230,229.918320,0.1,58.09
11572,Nominal,0.159891605,278.737534,0.1,58.09
11573,Nominal,0.274874181,365.468202,0.1,58.09
11574,Nominal,0.160665900,279.411629,0.1,58.09
11575,Nominal,0.252419680,350.222649,0.1,58.09
11576,Nominal,0.144792870,265.250499,0.1,58.09
11577,Nominal,0.346883476,410.557914,0.1,58.09
11578,Nominal,0.382500976,431.120721,0.1,58.09
11579,Nominal,0.138985679,259.876883,0.1,58.09
11580,Nominal,0.174603179,291.278679,0.1,58.09
11581,Nominal,0.367402256,422.526091,0.1,58.09
11582,Nominal,0.132017031,253.278079,0.1,58.09
11583,Nominal,0.101819590,222.432526,0.1,58.09
11584,Nominal,0.143631443,264.184531,0.1,58.09
11585,Nominal,0.083623692,201.579931,0.1,58.09
11586,Nominal,0.356562138,416.246155,0.1,58.09
11587,Nominal,0.189314753,303.301705,0.1,58.09
11588,Nominal,0.192799076,306.080102,0.1,58.09
11589,Nominal,0.107626788,228.687703,0.1,58.09
11590,Nominal,0.212930694,321.663481,0.1,58.09
11591,Nominal,0.145567164,265.958780,0.1,58.09
11592,Nominal,0.210220680,319.609986,0.1,58.09
11593,Nominal,0.035230353,130.840177,0.1,58.09
11594,Nominal,0.221060783,327.746811,0.1,58.09
11595,Nominal,0.064653501,177.246899,0.1,58.09
11596,Nominal,0.062330622,174.033700,0.1,58.09
11597,Nominal,0.158730164,277.723324,0.1,58.09
11598,Nominal,0.078977935,195.900484,0.1,58.09
11599,Nominal,0.121564075,243.044192,0.1,58.09
11600,Missing_Unintentional,0.025938831,112.268475,0.1,58.09
11601,Nominal,0.090205185,209.362248,0.1,58.09
11602,Nominal,0.059620596,170.208318,0.1,58.09
11603,Missing_Unintentional,0.028648857,117.987574,0.1,58.09
11604,Nominal,0.087108016,205.736659,0.1,58.09
11605,Nominal,0.185056135,299.870930,0.1,58.09
11606,Nominal,0.240030974,341.520098,0.1,58.09
11607,Nominal,0.054974835,163.442347,0.1,58.09
11608,Nominal,0.091753773,211.151703,0.1,58.09
11609,Nominal,0.283004254,370.833623,0.1,58.09
11610,Nominal,0.210607827,319.904151,0.1,58.09
11611,Nominal,0.065814942,178.831852,0.1,58.09
11612,Nominal,0.051490515,158.178059,0.1,58.09
11613,Nominal,0.034456059,129.394384,0.1,58.09
11614,Nominal,0.219125047,326.308686,0.1,58.09
11615,Nominal,0.171118855,288.357702,0.1,58.09
11616,Nominal,0.219899341,326.884695,0.1,58.09
11617,Nominal,0.076655053,192.998092,0.1,58.09
11618,Nominal,0.168408826,286.065212,0.1,58.09
11619,Nominal,0.060782038,171.858197,0.1,58.09
11620,Nominal,0.163763061,282.091887,0.1,58.09
11621,Nominal,0.245451033,345.354449,0.1,58.09
11622,Nominal,0.192411929,305.772638,0.1,58.09
11623,Nominal,0.254355401,351.562953,0.1,58.09
11624,Nominal,0.162988767,281.424213,0.1,58.09
11625,Nominal,0.215253577,323.413252,0.1,58.09
11626,Nominal,0.172280297,289.334637,0.1,58.09
11627,Nominal,0.219899341,326.884695,0.1,58.09
11628,Nominal,0.322106063,395.623493,0.1,58.09
11629,Nominal,0.190476194,304.230657,0.1,58.09
11630,Nominal,0.265969813,359.499919,0.1,58.09
11631,Nominal,0.389082462,434.813931,0.1,58.09
11632,Nominal,0.333720475,402.692971,0.1,58.09
11633,Nominal,0.192411929,305.772638,0.1,58.09
11634,Nominal,0.199380562,311.260514,0.1,58.09
11635,Nominal,0.253968269,351.295310,0.1,58.09
11636,Nominal,0.409988374,446.342656,0.1,58.09
11637,Nominal,0.195896238,308.528772,0.1,58.09
11638,Nominal,0.283778548,371.340574,0.1,58.09
11639,Nominal,0.298102975,380.597365,0.1,58.09
11640,Nominal,0.173828885,290.632110,0.1,58.09
11641,Nominal,0.243515298,343.989944,0.1,58.09
11642,Nominal,0.312814564,389.875643,0.1,58.09
11643,Nominal,0.278745651,368.032925,0.1,58.09
11644,Nominal,0.194734812,307.612812,0.1,58.09
11645,Nominal,0.227642283,332.589925,0.1,58.09
11646,Nominal,0.202090591,313.368739,0.1,58.09
11647,Nominal,0.217963606,325.442760,0.1,58.09
11648,Nominal,0.272164136,363.662124,0.1,58.09
11649,Nominal,0.290360034,375.622018,0.1,58.09
11650,Missing_Intentional,0.000000000,0.000000,0.1,58.09
11651,Nominal,0.282229960,370.325979,0.1,58.09
11652,Nominal,0.370499432,424.303287,0.1,58.09
11653,Nominal,0.344947726,409.410772,0.1,58.09
11654,Nominal,0.294231504,378.117875,0.1,58.09
11655,Nominal,0.368950844,423.415621,0.1,58.09
11656,Nominal,0.424312800,454.073011,0.1,58.09
11657,Nominal,0.340689123,406.875703,0.1,58.09
11658,Nominal,0.205187768,315.760903,0.1,58.09
11659,Nominal,0.239643827,341.244567,0.1,58.09
11660,Nominal,0.422377080,453.036083,0.1,58.09
11661,Nominal,0.217963606,325.442760,0.1,58.09
11662,Nominal,0.345722020,409.870011,0.1,58.09
11663,Nominal,0.279907078,368.798854,0.1,58.09
11664,Nominal,0.180410370,296.082931,0.1,58.09
11665,Nominal,0.265969813,359.499919,0.1,58.09
11666,Nominal,0.263646930,357.926606,0.1,58.09
11667,Nominal,0.243515298,343.989944,0.1,58.09
11668,Nominal,0.193573371,306.694105,0.1,58.09
11669,Nominal,0.211769268,320.785028,0.1,58.09
11670,Nominal,0.194347665,307.306882,0.1,58.09
11671,Nominal,0.205187768,315.760903,0.1,58.09
11672,Nominal,0.268292695,361.066376,0.1,58.09
11673,Nominal,0.295005798,378.615072,0.1,58.09
11674,Nominal,0.272164136,363.662124,0.1,58.09
11675,Nominal,0.316298872,392.040960,0.1,58.09
11676,Nominal,0.406891197,444.653556,0.1,58.09
11677,Nominal,0.296941549,379.855227,0.1,58.09
11678,Nominal,0.247386754,346.713573,0.1,58.09
11679,Nominal,0.384436697,432.210229,0.1,58.09
11680,Nominal,0.449864507,467.545076,0.1,58.09
11681,Nominal,0.214866430,323.122281,0.1,58.09
11682,Nominal,0.202090591,313.368739,0.1,58.09
11683,Nominal,0.230739444,334.844788,0.1,58.09
11684,Nominal,0.469996125,477.892001,0.1,58.09
11685,Nominal,0.209446386,319.020842,0.1,58.09
11686,Nominal,0.418118477,450.746437,0.1,58.09
11687,Nominal,0.321331799,395.147715,0.1,58.09
11688,Nominal,0.198606268,310.655536,0.1,58.09
11689,Nominal,0.235772356,338.476923,0.1,58.09
11690,Nominal,0.292295784,376.872022,0.1,58.09
11691,Nominal,0.243902445,344.263278,0.1,58.09
11692,Nominal,0.188540459,302.680820,0.1,58.09
11693,Nominal,0.194734812,307.612812,0.1,58.09
11694,Nominal,0.199380562,311.260514,0.1,58.09
11695,Nominal,0.194734812,307.612812,0.1,58.09
11696,Nominal,0.248548195,347.526502,0.1,58.09
11697,Nominal,0.286101431,372.857289,0.1,58.09
11698,Nominal,0.224932253,330.604294,0.1,58.09
11699,Nominal,0.315911740,391.800969,0.1,58.09
11700,Nominal,0.379403800,429.371743,0.1,58.09
11701,Nominal,0.424699962,454.280122,0.1,58.09
11702,Nominal,0.379790932,429.590747,0.1,58.09
11703,Nominal,0.415795594,449.492619,0.1,58.09
11704,Nominal,0.396438241,438.904863,0.1,58.09
11705,Nominal,0.324428946,397.047458,0.1,58.09
11706,Nominal,0.171118855,288.357702,0.1,58.09
11707,Nominal,0.209059238,318.725862,0.1,58.09
11708,Nominal,0.123112656,244.587340,0.1,58.09
11709,Nominal,0.210220680,319.609986,0.1,58.09
11710,Nominal,0.281068534,369.563215,0.1,58.09
11711,Nominal,0.299651563,381.584650,0.1,58.09
11712,Nominal,0.185443282,300.184439,0.1,58.09
11713,Nominal,0.240418121,341.795407,0.1,58.09
11714,Nominal,0.284940004,372.099714,0.1,58.09
11715,Nominal,0.248935342,347.797056,0.1,58.09
11716,Nominal,0.177313209,293.530454,0.1,58.09
11717,Nominal,0.209833533,319.315550,0.1,58.09
11718,Nominal,0.200542003,312.165782,0.1,58.09
11719,Nominal,0.176151767,292.567530,0.1,58.09
11720,Nominal,0.231513739,335.406139,0.1,58.09
11721,Nominal,0.281455666,369.817638,0.1,58.09
11722,Nominal,0.201703444,313.068433,0.1,58.09
11723,Nominal,0.276809901,366.752795,0.1,58.09
11724,Nominal,0.435927212,460.245565,0.1,58.09
11725,Nominal,0.416569889,449.910946,0.1,58.09
11726,Nominal,0.378629506,428.933385,0.1,58.09
11727,Nominal,0.350367785,412.614709,0.1,58.09
11728,Nominal,0.375919461,427.395581,0.1,58.09
11729,Nominal,0.322880358,396.098717,0.1,58.09
11730,Nominal,0.162988767,281.424213,0.1,58.09
11731,Nominal,0.218350753,325.731658,0.1,58.09
11732,Nominal,0.308168799,386.969695,0.1,58.09
11733,Nominal,0.172667444,289.659550,0.1,58.09
11734,Nominal,0.397212535,439.333272,0.1,58.09
11735,Nominal,0.275261313,365.725474,0.1,58.09
11736,Nominal,0.151374370,271.211935,0.1,58.09
11737,Nominal,0.217189312,324.864194,0.1,58.09
11738,Nominal,0.288424313,374.367859,0.1,58.09
11739,Nominal,0.214479282,322.831048,0.1,58.09
11740,Nominal,0.183120400,298.298443,0.1,58.09
11741,Nominal,0.169570267,287.049949,0.1,58.09
11742,Nominal,0.179248929,295.128335,0.1,58.09
11743,Nominal,0.162214473,280.754950,0.1,58.09
11744,Nominal,0.186991870,301.435214,0.1,58.09
11745,Nominal,0.271002710,362.885353,0.1,58.09
11746,Nominal,0.180410370,296.082931,0.1,58.09
11747,Nominal,0.280294240,369.053823,0.1,58.09
11748,Nominal,0.288424313,374.367859,0.1,58.09
11749,Nominal,0.411149830,446.974431,0.1,58.09
11750,Nominal,0.435927212,460.245565,0.1,58.09
11751,Nominal,0.300813019,382.323450,0.1,58.09
11752,Nominal,0.303523034,384.041759,0.1,58.09
11753,Nominal,0.299651563,381.584650,0.1,58.09
11754,Nominal,0.169570267,287.049949,0.1,58.09
11755,Nominal,0.195121944,307.918427,0.1,58.09
11756,Nominal,0.273712724,364.695258,0.1,58.09
11757,Nominal,0.196670532,309.137912,0.1,58.09
11758,Nominal,0.368950844,423.415621,0.1,58.09
11759,Nominal,0.334107637,402.926493,0.1,58.09
11760,Nominal,0.143244296,263.828247,0.1,58.09
11761,Nominal,0.250871092,349.146693,0.1,58.09
11762,Nominal,0.282617122,370.579898,0.1,58.09
11763,Nominal,0.228029430,332.872619,0.1,58.09
11764,Nominal,0.222222224,328.606665,0.1,58.09
11765,Nominal,0.133565620,254.759251,0.1,58.09
11766,Missing_Intentional,0.000000000,0.000000,0.1,58.09
11767,Nominal,0.146728605,267.017679,0.1,58.09
11768,Nominal,0.176538914,292.888856,0.1,58.09
11769,Nominal,0.260936886,356.082278,0.1,58.09
11770,Nominal,0.195121944,307.918427,0.1,58.09
11771,Nominal,0.263259768,357.663704,0.1,58.09
11772,Nominal,0.227255136,332.306989,0.1,58.09
11773,Nominal,0.395663947,438.476035,0.1,58.09
11774,Nominal,0.362756491,419.846192,0.1,58.09
11775,Nominal,0.204413474,315.164564,0.1,58.09
11776,Nominal,0.215640724,323.703960,0.1,58.09
11777,Nominal,0.278745651,368.032925,0.1,58.09
11778,Nominal,0.154858693,274.315544,0.1,58.09
11779,Nominal,0.165311649,283.422518,0.1,58.09
11780,Nominal,0.230352297,334.563760,0.1,58.09
11781,Nominal,0.151761517,271.558532,0.1,58.09
11782,Nominal,0.377855211,428.494578,0.1,58.09
11783,Nominal,0.246225312,345.898733,0.1,58.09
11784,Nominal,0.137437090,258.425044,0.1,58.09
11785,Nominal,0.152148664,271.904687,0.1,58.09
11786,Nominal,0.263259768,357.663704,0.1,58.09
11787,Nominal,0.156020135,275.342307,0.1,58.09
11788,Nominal,0.208284944,318.135081,0.1,58.09
11789,Nominal,0.112659700,233.973633,0.1,58.09
11790,Nominal,0.173441738,290.308285,0.1,58.09
11791,Missing_Intentional,0.006581495,56.551599,0.1,58.09
11792,Nominal,0.158343017,277.384430,0.1,58.09
11793,Missing_Intentional,0.000000000,0.000000,0.1,58.09
11794,Nominal,0.195896238,308.528772,0.1,58.09
11795,Nominal,0.274874181,365.468202,0.1,58.09
11796,Nominal,0.138985679,259.876883,0.1,58.09
11797,Nominal,0.346883476,410.557914,0.1,58.09
11798,Nominal,0.363917917,420.517759,0.1,58.09
11799,Nominal,0.137824237,258.788767,0.1,58.09
11800,Nominal,0.192411929,305.772638,0.1,58.09
11801,Nominal,0.214092135,322.539553,0.1,58.09
11802,Nominal,0.133565620,254.759251,0.1,58.09
11803,Nominal,0.132017031,253.278079,0.1,58.09
11804,Nominal,0.189314753,303.301705,0.1,58.09
11805,Nominal,0.115369722,236.771021,0.1,58.09
11806,Nominal,0.388308167,434.381064,0.1,58.09
11807,Nominal,0.235772356,338.476923,0.1,58.09
11808,Nominal,0.149825782,269.821094,0.1,58.09
11809,Nominal,0.140921414,261.680354,0.1,58.09
11810,Nominal,0.270228416,362.366574,0.1,58.09
11811,Nominal,0.149051487,269.122978,0.1,58.09
11812,Nominal,0.211382121,320.491671,0.1,58.09
11813,Nominal,0.039876115,139.199937,0.1,58.09
11814,Nominal,0.222996518,329.178653,0.1,58.09
11815,Nominal,0.080139376,197.335673,0.1,58.09
11816,Nominal,0.081687957,199.233168,0.1,58.09
11817,Nominal,0.163763061,282.091887,0.1,58.09
11818,Nominal,0.087108016,205.736659,0.1,58.09
11819,Nominal,0.150987223,270.864894,0.1,58.09
11820,Missing_Unintentional,0.038327526,136.470260,0.1,58.09
11821,Nominal,0.106852494,227.863600,0.1,58.09
11822,Nominal,0.109175377,230.327064,0.1,58.09
11823,Missing_Unintentional,0.035230353,130.840177,0.1,58.09
11824,Nominal,0.088269457,207.103697,0.1,58.09
11825,Nominal,0.287262887,373.613347,0.1,58.09
11826,Nominal,0.291908622,376.622346,0.1,58.09
11827,Nominal,0.066589236,179.880729,0.1,58.09
11828,Nominal,0.129307002,250.664968,0.1,58.09
11829,Nominal,0.365079373,421.188273,0.1,58.09
11830,Nominal,0.190476194,304.230657,0.1,58.09
11831,Nominal,0.084785134,202.974966,0.1,58.09
11832,Nominal,0.049554780,155.176302,0.1,58.09
11833,Nominal,0.052264810,159.362931,0.1,58.09
11834,Nominal,0.278358489,367.777247,0.1,58.09
11835,Nominal,0.136275649,257.330789,0.1,58.09
11836,Nominal,0.220673636,327.459691,0.1,58.09
11837,Nominal,0.065040648,177.776787,0.1,58.09
11838,Nominal,0.122338369,243.816991,0.1,58.09
11839,Nominal,0.058846302,169.099457,0.1,58.09
11840,Nominal,0.200154856,311.864318,0.1,58.09
11841,Nominal,0.229190856,333.719256,0.1,58.09
11842,Nominal,0.226093695,331.456735,0.1,58.09
11843,Nominal,0.190863341,304.539678,0.1,58.09
11844,Nominal,0.169570267,287.049949,0.1,58.09
11845,Nominal,0.190089047,303.921322,0.1,58.09
11846,Nominal,0.185830429,300.497621,0.1,58.09
11847,Nominal,0.221835077,328.320297,0.1,58.09
11848,Nominal,0.298102975,380.597365,0.1,58.09
11849,Nominal,0.335269064,403.626213,0.1,58.09
11850,Nominal,0.245838165,345.626693,0.1,58.09
11851,Missing_Intentional,0.003097174,38.794076,0.1,58.09
11852,Missing_Unintentional,0.000000000,0.000000,0.1,58.09
11853,Missing_Unintentional,0.000000000,0.000000,0.1,58.09
11854,Missing_Unintentional,0.000000000,0.000000,0.1,58.09
11855,Missing_Unintentional,0.000000000,0.000000,0.1,58.09
11856,Nominal,0.413859844,448.445084,0.1,58.09
11857,Nominal,0.273712724,364.695258,0.1,58.09
11858,Nominal,0.249322489,348.067400,0.1,58.09
11859,Nominal,0.219512194,326.596817,0.1,58.09
11860,Nominal,0.360433608,418.499807,0.1,58.09
11861,Nominal,0.174603179,291.278679,0.1,58.09
11862,Nominal,0.334881932,403.393114,0.1,58.09
11863,Nominal,0.330236167,400.585237,0.1,58.09
11864,Nominal,0.208284944,318.135081,0.1,58.09
11865,Nominal,0.295392960,378.863436,0.1,58.09
11866,Nominal,0.255129695,352.097651,0.1,58.09
11867,Nominal,0.274874181,365.468202,0.1,58.09
11868,Nominal,0.209059238,318.725862,0.1,58.09
11869,Nominal,0.217963606,325.442760,0.1,58.09
11870,Nominal,0.221060783,327.746811,0.1,58.09
11871,Nominal,0.196283385,308.833492,0.1,58.09
11872,Nominal,0.217189312,324.864194,0.1,58.09
11873,Nominal,0.230739444,334.844788,0.1,58.09
11874,Nominal,0.202090591,313.368739,0.1,58.09
11875,Missing_Intentional,0.006968641,58.191114,0.1,58.09
11876,Nominal,0.369337976,423.637703,0.1,58.09
11877,Nominal,0.392566770,436.756513,0.1,58.09
11878,Missing_Intentional,0.000000000,0.000000,0.1,58.09
11879,Nominal,0.353464961,414.434410,0.1,58.09
11880,Missing_Unintentional,0.000000000,0.000000,0.1,58.09
11881,Missing_Unintentional,0.000000000,0.000000,0.1,58.09
11882,Missing_Unintentional,0.000000000,0.000000,0.1,58.09
11883,Missing_Unintentional,0.000000000,0.000000,0.1,58.09
11884,Nominal,0.420441359,451.996777,0.1,58.09
11885,Nominal,0.323654652,396.573371,0.1,58.09
11886,Nominal,0.216415018,324.284596,0.1,58.09
11887,Nominal,0.197444826,309.745854,0.1,58.09
11888,Nominal,0.377080917,428.055321,0.1,58.09
11889,Nominal,0.197444826,309.745854,0.1,58.09
11890,Nominal,0.329461873,400.115342,0.1,58.09
11891,Nominal,0.305071622,385.020211,0.1,58.09
11892,Nominal,0.222996518,329.178653,0.1,58.09
11893,Nominal,0.256678283,353.164617,0.1,58.09
11894,Nominal,0.240418121,341.795407,0.1,58.09
11895,Nominal,0.240418121,341.795407,0.1,58.09
11896,Nominal,0.205574915,316.058651,0.1,58.09
11897,Nominal,0.220673636,327.459691,0.1,58.09
11898,Nominal,0.191250488,304.848385,0.1,58.09
11899,Nominal,0.188540459,302.680820,0.1,58.09
11900,Nominal,0.256678283,353.164617,0.1,58.09
11901,Nominal,0.245063886,345.081979,0.1,58.09
11902,Nominal,0.219125047,326.308686,0.1,58.09
11903,Nominal,0.285714298,372.604941,0.1,58.09
11904,Nominal,0.256678283,353.164617,0.1,58.09
11905,Nominal,0.422764242,453.243668,0.1,58.09
11906,Nominal,0.410762668,446.763933,0.1,58.09
11907,Nominal,0.354626417,415.114750,0.1,58.09
11908,Missing_Unintentional,0.000000000,0.000000,0.1,58.09
11909,Missing_Unintentional,0.000000000,0.000000,0.1,58.09
11910,Missing_Unintentional,0.000000000,0.000000,0.1,58.09
11911,Missing_Unintentional,0.000000000,0.000000,0.1,58.09
11912,Nominal,0.356562138,416.246155,0.1,58.09
11913,Nominal,0.309330225,387.698215,0.1,58.09
11914,Nominal,0.210607827,319.904151,0.1,58.09
11915,Nominal,0.202090591,313.368739,0.1,58.09
11916,Nominal,0.308555931,387.212681,0.1,58.09
11917,Nominal,0.218350753,325.731658,0.1,58.09
11918,Nominal,0.282229960,370.325979,0.1,58.09
11919,Nominal,0.320170343,394.432937,0.1,58.09
11920,Nominal,0.219899341,326.884695,0.1,58.09
11921,Nominal,0.241579562,342.620005,0.1,58.09
11922,Nominal,0.257065415,353.430845,0.1,58.09
11923,Nominal,0.270228416,362.366574,0.1,58.09
11924,Nominal,0.216415018,324.284596,0.1,58.09
11925,Nominal,0.213317841,321.955770,0.1,58.09
11926,Nominal,0.214866430,323.122281,0.1,58.09
11927,Nominal,0.199380562,311.260514,0.1,58.09
11928,Nominal,0.204800621,315.462875,0.1,58.09
11929,Nominal,0.227255136,332.306989,0.1,58.09
11930,Nominal,0.215640724,323.703960,0.1,58.09
11931,Nominal,0.260549754,355.818034,0.1,58.09
11932,Nominal,0.345334888,409.640465,0.1,58.09
11933,Nominal,0.332946181,402.225538,0.1,58.09
11934,Nominal,0.334494770,403.159862,0.1,58.09
11935,Nominal,0.370112270,424.081536,0.1,58.09
11936,Missing_Unintentional,0.000000000,0.000000,0.1,58.09
11937,Missing_Unintentional,0.000000000,0.000000,0.1,58.09
11938,Missing_Unintentional,0.000000000,0.000000,0.1,58.09
11939,Missing_Unintentional,0.000000000,0.000000,0.1,58.09
11940,Nominal,0.342624843,408.029955,0.1,58.09
11941,Nominal,0.356174976,416.020110,0.1,58.09
11942,Nominal,0.188927606,302.991422,0.1,58.09
11943,Nominal,0.192799076,306.080102,0.1,58.09
11944,Nominal,0.234610915,337.642206,0.1,58.09
11945,Nominal,0.193186224,306.387257,0.1,58.09
11946,Nominal,0.261711180,356.610200,0.1,58.09
11947,Nominal,0.303910196,384.286615,0.1,58.09
11948,Nominal,0.188927606,302.991422,0.1,58.09
11949,Nominal,0.240418121,341.795407,0.1,58.09
11950,Nominal,0.272938430,364.179057,0.1,58.09
11951,Nominal,0.200929150,312.466956,0.1,58.09
11952,Nominal,0.183894694,298.928430,0.1,58.09
11953,Nominal,0.190476194,304.230657,0.1,58.09
11954,Nominal,0.178861782,294.809449,0.1,58.09
11955,Nominal,0.185443282,300.184439,0.1,58.09
11956,Nominal,0.199380562,311.260514,0.1,58.09
11957,Nominal,0.229578003,334.000994,0.1,58.09
11958,Nominal,0.199767709,311.562562,0.1,58.09
11959,Nominal,0.263259768,357.663704,0.1,58.09
11960,Nominal,0.225706547,331.172832,0.1,58.09
11961,Nominal,0.226093695,331.456735,0.1,58.09
11962,Nominal,0.311653107,389.151181,0.1,58.09
11963,Missing_Intentional,0.002322880,33.596655,0.1,58.09
11964,Missing_Unintentional,0.000000000,0.000000,0.1,58.09
11965,Missing_Unintentional,0.000000000,0.000000,0.1,58.09
11966,Missing_Unintentional,0.000000000,0.000000,0.1,58.09
11967,Missing_Unintentional,0.000000000,0.000000,0.1,58.09
11968,Nominal,0.247773901,346.984761,0.1,58.09
11969,Nominal,0.311653107,389.151181,0.1,58.09
11970,Nominal,0.174990326,291.601426,0.1,58.09
11971,Nominal,0.168795973,286.393834,0.1,58.09
11972,Nominal,0.312427402,389.634300,0.1,58.09
11973,Nominal,0.192799076,306.080102,0.1,58.09
11974,Nominal,0.373983741,426.293767,0.1,58.09
11975,Nominal,0.298102975,380.597365,0.1,58.09
11976,Nominal,0.188540459,302.680820,0.1,58.09
11977,Nominal,0.216802165,324.574525,0.1,58.09
11978,Nominal,0.249709636,348.337534,0.1,58.09
11979,Nominal,0.214092135,322.539553,0.1,58.09
11980,Nominal,0.198606268,310.655536,0.1,58.09
11981,Nominal,0.150212929,270.169475,0.1,58.09
11982,Nominal,0.168021679,285.736212,0.1,58.09
11983,Nominal,0.173054591,289.984099,0.1,58.09
11984,Missing_Intentional,0.005420054,51.319739,0.1,58.09
11985,Nominal,0.205962062,316.356118,0.1,58.09
11986,Nominal,0.176151767,292.567530,0.1,58.09
11987,Nominal,0.240030974,341.520098,0.1,58.09
11988,Nominal,0.260936886,356.082278,0.1,58.09
11989,Nominal,0.442508698,463.706868,0.1,58.09
11990,Nominal,0.328300416,399.409453,0.1,58.09
11991,Nominal,0.153697252,273.284924,0.1,58.09
11992,Missing_Unintentional,0.000000000,0.000000,0.1,58.09
11993,Missing_Unintentional,0.000000000,0.000000,0.1,58.09
11994,Missing_Unintentional,0.000000000,0.000000,0.1,58.09
11995,Missing_Unintentional,0.000000000,0.000000,0.1,58.09
11996,Nominal,0.320944637,394.909593,0.1,58.09
11997,Nominal,0.359659314,418.050049,0.1,58.09
11998,Nominal,0.177700356,293.850728,0.1,58.09
11999,Nominal,0.173441738,290.308285,0.1,58.09
12000,Nominal,0.249322489,348.067400,0.1,58.09
12001,Nominal,0.179248929,295.128335,0.1,58.09
12002,Nominal,0.352690667,413.980234,0.1,58.09
12003,Nominal,0.281455666,369.817638,0.1,58.09
12004,Nominal,0.164537355,282.757985,0.1,58.09
12005,Nominal,0.226093695,331.456735,0.1,58.09
12006,Nominal,0.224545106,330.319658,0.1,58.09
12007,Nominal,0.173828885,290.632110,0.1,58.09
12008,Nominal,0.206736356,316.950215,0.1,58.09
12009,Missing_Intentional,0.001161440,23.756423,0.1,58.09
12010,Nominal,0.158730164,277.723324,0.1,58.09
12011,Nominal,0.177700356,293.850728,0.1,58.09
12012,Nominal,0.185056135,299.870930,0.1,58.09
12013,Nominal,0.226480842,331.740395,0.1,58.09
12014,Nominal,0.221447930,328.033679,0.1,58.09
12015,Nominal,0.266744107,360.022828,0.1,58.09
12016,Nominal,0.275648475,365.982584,0.1,58.09
12017,Missing_Intentional,0.000000000,0.000000,0.1,58.09
12018,Nominal,0.417344183,450.328885,0.1,58.09
12019,Nominal,0.218737900,326.020299,0.1,58.09
12020,Missing_Unintentional,0.000000000,0.000000,0.1,58.09
12021,Missing_Unintentional,0.000000000,0.000000,0.1,58.09
12022,Missing_Unintentional,0.000000000,0.000000,0.1,58.09
12023,Missing_Unintentional,0.000000000,0.000000,0.1,58.09
12024,Nominal,0.265582651,359.238168,0.1,58.09
12025,Nominal,0.311653107,389.151181,0.1,58.09
12026,Nominal,0.177313209,293.530454,0.1,58.09
12027,Nominal,0.171506003,288.683715,0.1,58.09
12028,Nominal,0.107626788,228.687703,0.1,58.09
12029,Nominal,0.142857149,263.471481,0.1,58.09
12030,Nominal,0.360820740,418.724497,0.1,58.09
12031,Nominal,0.268679827,361.326782,0.1,58.09
12032,Nominal,0.148664340,268.773240,0.1,58.09
12033,Nominal,0.154084399,273.628895,0.1,58.09
12034,Nominal,0.214479282,322.831048,0.1,58.09
12035,Nominal,0.150987223,270.864894,0.1,58.09
12036,Missing_Intentional,0.022067364,103.551848,0.1,58.09
12037,Nominal,0.103368178,224.117646,0.1,58.09
12038,Nominal,0.170344561,287.704569,0.1,58.09
12039,Nominal,0.139372826,260.238577,0.1,58.09
12040,Missing_Intentional,0.003871467,43.373095,0.1,58.09
12041,Nominal,0.160665900,279.411629,0.1,58.09
12042,Nominal,0.127758414,249.159458,0.1,58.09
12043,Nominal,0.199767709,311.562562,0.1,58.09
12044,Missing_Intentional,0.001161440,23.756423,0.1,58.09
12045,Nominal,0.335656226,403.859196,0.1,58.09
12046,Nominal,0.345334888,409.640465,0.1,58.09
12047,Nominal,0.218350753,325.731658,0.1,58.09
12048,Missing_Unintentional,0.000000000,0.000000,0.1,58.09
12049,Missing_Unintentional,0.000000000,0.000000,0.1,58.09
12050,Missing_Unintentional,0.000000000,0.000000,0.1,58.09
12051,Missing_Unintentional,0.000000000,0.000000,0.1,58.09
12052,Nominal,0.160278752,279.074785,0.1,58.09
12053,Nominal,0.264808357,358.714115,0.1,58.09
12054,Nominal,0.152148664,271.904687,0.1,58.09
12055,Nominal,0.133565620,254.759251,0.1,58.09
12056,Nominal,0.138985679,259.876883,0.1,58.09
12057,Nominal,0.150212929,270.169475,0.1,58.09
12058,Nominal,0.368563682,423.193405,0.1,58.09
12059,Nominal,0.263259768,357.663704,0.1,58.09
12060,Nominal,0.160278752,279.074785,0.1,58.09
12061,Nominal,0.138211384,259.151980,0.1,58.09
12062,Nominal,0.216802165,324.574525,0.1,58.09
12063,Nominal,0.163375914,281.758248,0.1,58.09
12064,Nominal,0.194347665,307.306882,0.1,58.09
12065,Nominal,0.069686413,184.016462,0.1,58.09
12066,Nominal,0.104529619,225.373218,0.1,58.09
12067,Nominal,0.117305458,238.749094,0.1,58.09
12068,Nominal,0.120789781,242.268929,0.1,58.09
12069,Nominal,0.173441738,290.308285,0.1,58.09
12070,Nominal,0.120402634,241.880366,0.1,58.09
12071,Nominal,0.184281841,299.242927,0.1,58.09
12072,Missing_Unintentional,0.017808750,93.024928,0.1,58.09
12073,Missing_Unintentional,0.007355788,59.785686,0.1,58.09
12074,Missing_Unintentional,0.008904375,65.778558,0.1,58.09
12075,Missing_Unintentional,0.000000000,0.000000,0.1,58.09
12076,Nominal,0.126209840,247.644810,0.1,58.09
12077,Nominal,0.259775460,355.288936,0.1,58.09
12078,Nominal,0.371660858,424.967810,0.1,58.09
12079,Nominal,0.053813394,161.706626,0.1,58.09
12080,Missing_Unintentional,0.000000000,0.000000,0.1,58.09
12081,Missing_Unintentional,0.000000000,0.000000,0.1,58.09
12082,Missing_Unintentional,0.000000000,0.000000,0.1,58.09
12083,Missing_Unintentional,0.000000000,0.000000,0.1,58.09
12084,Nominal,0.130468443,251.788194,0.1,58.09
12085,Nominal,0.276809901,366.752795,0.1,58.09
12086,Nominal,0.121951222,243.430898,0.1,58.09
12087,Nominal,0.118466899,239.928110,0.1,58.09
12088,Nominal,0.046844754,150.873549,0.1,58.09
12089,Nominal,0.112659700,233.973633,0.1,58.09
12090,Nominal,0.288424313,374.367859,0.1,58.09
12091,Nominal,0.143244296,263.828247,0.1,58.09
12092,Nominal,0.179248929,295.128335,0.1,58.09
12093,Nominal,0.060394891,171.310003,0.1,58.09
12094,Nominal,0.088269457,207.103697,0.1,58.09
12095,Nominal,0.073170729,188.560757,0.1,58.09
12096,Nominal,0.222996518,329.178653,0.1,58.09
12097,Nominal,0.315137446,391.320525,0.1,58.09
12098,Nominal,0.172667444,289.659550,0.1,58.09
12099,Nominal,0.289585739,375.120854,0.1,58.09
12100,Nominal,0.212543547,321.370926,0.1,58.09
12101,Nominal,0.226867989,332.023813,0.1,58.09
12102,Nominal,0.210220680,319.609986,0.1,58.09
12103,Nominal,0.216027871,323.994408,0.1,58.09
12104,Nominal,0.387533873,433.947766,0.1,58.09
12105,Nominal,0.413859844,448.445084,0.1,58.09
12106,Nominal,0.311653107,389.151181,0.1,58.09
12107,Nominal,0.345334888,409.640465,0.1,58.09
12108,Nominal,0.356949270,416.472060,0.1,58.09
12109,Nominal,0.346496314,410.328736,0.1,58.09
12110,Nominal,0.217963606,325.442760,0.1,58.09
12111,Nominal,0.246225312,345.898733,0.1,58.09
12112,Nominal,0.359659314,418.050049,0.1,58.09
12113,Nominal,0.240418121,341.795407,0.1,58.09
12114,Nominal,0.342624843,408.029955,0.1,58.09
12115,Nominal,0.281455666,369.817638,0.1,58.09
12116,Nominal,0.216802165,324.574525,0.1,58.09
12117,Nominal,0.270615578,362.626066,0.1,58.09
12118,Nominal,0.249322489,348.067400,0.1,58.09
12119,Nominal,0.269454122,361.847051,0.1,58.09
12120,Nominal,0.205574915,316.058651,0.1,58.09
12121,Nominal,0.275648475,365.982584,0.1,58.09
12122,Nominal,0.221060783,327.746811,0.1,58.09
12123,Nominal,0.246225312,345.898733,0.1,58.09
12124,Nominal,0.234998062,337.920674,0.1,58.09
12125,Nominal,0.248161048,347.255737,0.1,58.09
12126,Nominal,0.223383665,329.464274,0.1,58.09
12127,Nominal,0.231126592,335.125581,0.1,58.09
12128,Nominal,0.300813019,382.323450,0.1,58.09
12129,Nominal,0.349593490,412.158529,0.1,58.09
12130,Nominal,0.334107637,402.926493,0.1,58.09
12131,Nominal,0.293070078,377.370861,0.1,58.09
12132,Nominal,0.417731315,450.537701,0.1,58.09
12133,Nominal,0.281842828,370.071906,0.1,58.09
12134,Nominal,0.208284944,318.135081,0.1,58.09
12135,Nominal,0.245838165,345.626693,0.1,58.09
12136,Nominal,0.329074711,399.880178,0.1,58.09
12137,Nominal,0.219512194,326.596817,0.1,58.09
12138,Nominal,0.380178094,429.809655,0.1,58.09
12139,Nominal,0.300813019,382.323450,0.1,58.09
12140,Nominal,0.226093695,331.456735,0.1,58.09
12141,Nominal,0.307781637,386.726538,0.1,58.09
12142,Nominal,0.296941549,379.855227,0.1,58.09
12143,Nominal,0.297715843,380.350153,0.1,58.09
12144,Nominal,0.200542003,312.165782,0.1,58.09
12145,Nominal,0.272164136,363.662124,0.1,58.09
12146,Nominal,0.211769268,320.785028,0.1,58.09
12147,Nominal,0.238482386,340.416637,0.1,58.09
12148,Nominal,0.254742533,351.830393,0.1,58.09
12149,Nominal,0.245063886,345.081979,0.1,58.09
12150,Nominal,0.257452577,353.696893,0.1,58.09
12151,Nominal,0.250096798,348.607469,0.1,58.09
12152,Nominal,0.346883476,410.557914,0.1,58.09
12153,Nominal,0.388695329,434.597560,0.1,58.09
12154,Nominal,0.340689123,406.875703,0.1,58.09
12155,Nominal,0.309717387,387.940763,0.1,58.09
12156,Nominal,0.263259768,357.663704,0.1,58.09
12157,Nominal,0.354239255,414.888088,0.1,58.09
12158,Nominal,0.214092135,322.539553,0.1,58.09
12159,Nominal,0.243515298,343.989944,0.1,58.09
12160,Nominal,0.352303535,413.752969,0.1,58.09
12161,Nominal,0.225706547,331.172832,0.1,58.09
12162,Nominal,0.358885020,417.599806,0.1,58.09
12163,Nominal,0.279132783,368.288405,0.1,58.09
12164,Nominal,0.236159503,338.754705,0.1,58.09
12165,Nominal,0.311653107,389.151181,0.1,58.09
12166,Nominal,0.296941549,379.855227,0.1,58.09
12167,Nominal,0.273325592,364.437259,0.1,58.09
12168,Nominal,0.226480842,331.740395,0.1,58.09
12169,Nominal,0.242353857,343.168637,0.1,58.09
12170,Nominal,0.205187768,315.760903,0.1,58.09
12171,Nominal,0.213317841,321.955770,0.1,58.09
12172,Nominal,0.245838165,345.626693,0.1,58.09
12173,Nominal,0.267905533,360.805762,0.1,58.09
12174,Nominal,0.269454122,361.847051,0.1,58.09
12175,Nominal,0.251645386,349.685085,0.1,58.09
12176,Nominal,0.310104519,388.183141,0.1,58.09
12177,Nominal,0.320557505,394.671346,0.1,58.09
12178,Nominal,0.281842828,370.071906,0.1,58.09
12179,Nominal,0.346109182,410.099446,0.1,58.09
12180,Nominal,0.376693755,427.835515,0.1,58.09
12181,Nominal,0.384049565,431.992554,0.1,58.09
12182,Nominal,0.191250488,304.848385,0.1,58.09
12183,Nominal,0.242741004,343.442624,0.1,58.09
12184,Nominal,0.355787843,415.793959,0.1,58.09
12185,Nominal,0.185056135,299.870930,0.1,58.09
12186,Nominal,0.396438241,438.904863,0.1,58.09
12187,Nominal,0.309330225,387.698215,0.1,58.09
12188,Nominal,0.235772356,338.476923,0.1,58.09
12189,Nominal,0.283391416,371.087195,0.1,58.09
12190,Nominal,0.233836621,337.084580,0.1,58.09
12191,Nominal,0.259001166,354.759049,0.1,58.09
12192,Nominal,0.235772356,338.476923,0.1,58.09
12193,Nominal,0.246999606,346.442172,0.1,58.09
12194,Nominal,0.222996518,329.178653,0.1,58.09
12195,Nominal,0.206349209,316.653306,0.1,58.09
12196,Nominal,0.244676739,344.809295,0.1,58.09
12197,Nominal,0.234223768,337.363508,0.1,58.09
12198,Nominal,0.244676739,344.809295,0.1,58.09
12199,Nominal,0.252419680,350.222649,0.1,58.09
12200,Nominal,0.386372447,433.297015,0.1,58.09
12201,Nominal,0.270615578,362.626066,0.1,58.09
12202,Nominal,0.309717387,387.940763,0.1,58.09
12203,Nominal,0.328687578,399.644894,0.1,58.09
12204,Nominal,0.394502521,437.832014,0.1,58.09
12205,Nominal,0.368563682,423.193405,0.1,58.09
12206,Nominal,0.185056135,299.870930,0.1,58.09
12207,Nominal,0.233062327,336.526030,0.1,58.09
12208,Nominal,0.311265975,388.909407,0.1,58.09
12209,Nominal,0.208672091,318.430609,0.1,58.09
12210,Nominal,0.370112270,424.081536,0.1,58.09
12211,Nominal,0.245063886,345.081979,0.1,58.09
12212,Nominal,0.221835077,328.320297,0.1,58.09
12213,Nominal,0.251258224,349.415982,0.1,58.09
12214,Nominal,0.235385209,338.198913,0.1,58.09
12215,Nominal,0.236159503,338.754705,0.1,58.09
12216,Nominal,0.179248929,295.128335,0.1,58.09
12217,Nominal,0.189701900,303.611671,0.1,58.09
12218,Nominal,0.196283385,308.833492,0.1,58.09
12219,Nominal,0.195509091,308.223751,0.1,58.09
12220,Nominal,0.217576459,325.153606,0.1,58.09
12221,Nominal,0.221447930,328.033679,0.1,58.09
12222,Nominal,0.240030974,341.520098,0.1,58.09
12223,Nominal,0.229965150,334.282496,0.1,58.09
12224,Nominal,0.289198607,374.870030,0.1,58.09
12225,Nominal,0.308555931,387.212681,0.1,58.09
12226,Nominal,0.271002710,362.885353,0.1,58.09
12227,Nominal,0.279519945,368.543727,0.1,58.09
12228,Nominal,0.391792476,436.325574,0.1,58.09
12229,Nominal,0.338753402,405.718168,0.1,58.09
12230,Nominal,0.192799076,306.080102,0.1,58.09
12231,Nominal,0.214866430,323.122281,0.1,58.09
12232,Nominal,0.355013549,415.341270,0.1,58.09
12233,Nominal,0.174603179,291.278679,0.1,58.09
12234,Nominal,0.332559049,401.991627,0.1,58.09
12235,Nominal,0.209059238,318.725862,0.1,58.09
12236,Nominal,0.163763061,282.091887,0.1,58.09
12237,Nominal,0.200542003,312.165782,0.1,58.09
12238,Nominal,0.214479282,322.831048,0.1,58.09
12239,Nominal,0.229578003,334.000994,0.1,58.09
12240,Nominal,0.203639179,314.567095,0.1,58.09
12241,Nominal,0.199380562,311.260514,0.1,58.09
12242,Nominal,0.188927606,302.991422,0.1,58.09
12243,Nominal,0.191250488,304.848385,0.1,58.09
12244,Nominal,0.211769268,320.785028,0.1,58.09
12245,Nominal,0.143244296,263.828247,0.1,58.09
12246,Nominal,0.161440179,280.084089,0.1,58.09
12247,Nominal,0.222222224,328.606665,0.1,58.09
12248,Nominal,0.313588858,390.357865,0.1,58.09
12249,Nominal,0.266356945,359.761458,0.1,58.09
12250,Nominal,0.282617122,370.579898,0.1,58.09
12251,Nominal,0.289972901,375.371529,0.1,58.09
12252,Nominal,0.341463417,407.337800,0.1,58.09
12253,Nominal,0.311653107,389.151181,0.1,58.09
12254,Nominal,0.193960518,307.000646,0.1,58.09
12255,Nominal,0.189701900,303.611671,0.1,58.09
12256,Nominal,0.315524578,391.560811,0.1,58.09
12257,Nominal,0.186604723,301.123007,0.1,58.09
12258,Nominal,0.347270608,410.786948,0.1,58.09
12259,Nominal,0.217576459,325.153606,0.1,58.09
12260,Nominal,0.202090591,313.368739,0.1,58.09
12261,Nominal,0.199380562,311.260514,0.1,58.09
12262,Nominal,0.226093695,331.456735,0.1,58.09
12263,Nominal,0.236546651,339.032259,0.1,58.09
12264,Nominal,0.207123503,317.246847,0.1,58.09
12265,Nominal,0.141695708,262.398272,0.1,58.09
12266,Nominal,0.185443282,300.184439,0.1,58.09
12267,Nominal,0.151374370,271.211935,0.1,58.09
12268,Nominal,0.200929150,312.466956,0.1,58.09
12269,Nominal,0.145954311,266.312214,0.1,58.09
12270,Nominal,0.176151767,292.567530,0.1,58.09
12271,Nominal,0.144792870,265.250499,0.1,58.09
12272,Nominal,0.255903989,352.631537,0.1,58.09
12273,Nominal,0.254742533,351.830393,0.1,58.09
12274,Nominal,0.267131239,360.283988,0.1,58.09
12275,Nominal,0.232288033,335.966551,0.1,58.09
12276,Nominal,0.242353857,343.168637,0.1,58.09
12277,Nominal,0.338366240,405.486253,0.1,58.09
12278,Nominal,0.178474635,294.490218,0.1,58.09
12279,Nominal,0.186217576,300.810476,0.1,58.09
12280,Nominal,0.186991870,301.435214,0.1,58.09
12281,Missing_Intentional,0.013937282,82.294663,0.1,58.09
12282,Nominal,0.331397593,401.289039,0.1,58.09
12283,Nominal,0.095625244,215.560360,0.1,58.09
12284,Nominal,0.164150208,282.425133,0.1,58.09
12285,Nominal,0.112659700,233.973633,0.1,58.09
12286,Missing_Intentional,0.003871467,43.373095,0.1,58.09
12287,Nominal,0.114208288,235.576212,0.1,58.09
12288,Nominal,0.228416577,333.155074,0.1,58.09
12289,Nominal,0.104916766,225.790191,0.1,58.09
12290,Nominal,0.200542003,312.165782,0.1,58.09
12291,Nominal,0.079752229,196.858439,0.1,58.09
12292,Nominal,0.121951222,243.430898,0.1,58.09
12293,Nominal,0.064653501,177.246899,0.1,58.09
12294,Nominal,0.087495163,206.193345,0.1,58.09
12295,Nominal,0.127758414,249.159458,0.1,58.09
12296,Nominal,0.051103368,157.582282,0.1,58.09
12297,Missing_Unintentional,0.015873017,87.823827,0.1,58.09
12298,Missing_Unintentional,0.025938831,112.268475,0.1,58.09
12299,Nominal,0.034456059,129.394384,0.1,58.09
12300,Nominal,0.157181576,276.365255,0.1,58.09
12301,Nominal,0.232675180,336.246406,0.1,58.09
12302,Nominal,0.231513739,335.406139,0.1,58.09
12303,Nominal,0.122725517,244.202473,0.1,58.09
12304,Nominal,0.186991870,301.435214,0.1,58.09
12305,Nominal,0.324428946,397.047458,0.1,58.09
12306,Nominal,0.219125047,326.308686,0.1,58.09
12307,Nominal,0.137824237,258.788767,0.1,58.09
12308,Nominal,0.103755325,224.536951,0.1,58.09
12309,Nominal,0.094463803,214.247289,0.1,58.09
12310,Nominal,0.260936886,356.082278,0.1,58.09
12311,Nominal,0.111111112,232.360001,0.1,58.09
12312,Nominal,0.221447930,328.033679,0.1,58.09
12313,Nominal,0.097948119,218.162787,0.1,58.09
12314,Nominal,0.110723965,231.954839,0.1,58.09
12315,Nominal,0.116531163,237.959838,0.1,58.09
12316,Nominal,0.180023223,295.765075,0.1,58.09
12317,Nominal,0.299264431,381.338078,0.1,58.09
12318,Nominal,0.136275649,257.330789,0.1,58.09
12319,Nominal,0.282617122,370.579898,0.1,58.09
12320,Nominal,0.243128151,343.716393,0.1,58.09
12321,Nominal,0.255516827,352.364685,0.1,58.09
12322,Nominal,0.251645386,349.685085,0.1,58.09
12323,Nominal,0.230352297,334.563760,0.1,58.09
12324,Nominal,0.321718931,395.385676,0.1,58.09
12325,Nominal,0.282229960,370.325979,0.1,58.09
12326,Nominal,0.345334888,409.640465,0.1,58.09
12327,Nominal,0.315137446,391.320525,0.1,58.09
12328,Nominal,0.205574915,316.058651,0.1,58.09
12329,Nominal,0.317847461,392.999498,0.1,58.09
12330,Nominal,0.200154856,311.864318,0.1,58.09
12331,Nominal,0.252032518,349.953960,0.1,58.09
12332,Nominal,0.354626417,415.114750,0.1,58.09
12333,Nominal,0.218737900,326.020299,0.1,58.09
12334,Nominal,0.363917917,420.517759,0.1,58.09
12335,Nominal,0.246612459,346.170559,0.1,58.09
12336,Nominal,0.198993415,310.958172,0.1,58.09
12337,Nominal,0.243128151,343.716393,0.1,58.09
12338,Nominal,0.250483930,348.877175,0.1,58.09
12339,Nominal,0.255129695,352.097651,0.1,58.09
12340,Nominal,0.185056135,299.870930,0.1,58.09
12341,Nominal,0.240030974,341.520098,0.1,58.09
12342,Nominal,0.134727061,255.864504,0.1,58.09
12343,Nominal,0.253193974,350.759390,0.1,58.09
12344,Nominal,0.273325592,364.437259,0.1,58.09
12345,Nominal,0.277584195,367.265378,0.1,58.09
12346,Nominal,0.289972901,375.371529,0.1,58.09
12347,Nominal,0.288037181,374.116531,0.1,58.09
12348,Nominal,0.364305079,420.741388,0.1,58.09
12349,Nominal,0.383662403,431.774752,0.1,58.09
12350,Nominal,0.361207902,418.949083,0.1,58.09
12351,Nominal,0.389082462,434.813931,0.1,58.09
12352,Nominal,0.207510650,317.543201,0.1,58.09
12353,Nominal,0.382500976,431.120721,0.1,58.09
12354,Nominal,0.192799076,306.080102,0.1,58.09
12355,Nominal,0.233836621,337.084580,0.1,58.09
12356,Nominal,0.399922580,440.829435,0.1,58.09
12357,Nominal,0.218737900,326.020299,0.1,58.09
12358,Nominal,0.352690667,413.980234,0.1,58.09
12359,Nominal,0.281455666,369.817638,0.1,58.09
12360,Nominal,0.218350753,325.731658,0.1,58.09
12361,Nominal,0.261711180,356.610200,0.1,58.09
12362,Nominal,0.255516827,352.364685,0.1,58.09
12363,Nominal,0.273325592,364.437259,0.1,58.09
12364,Nominal,0.200929150,312.466956,0.1,58.09
12365,Nominal,0.247773901,346.984761,0.1,58.09
12366,Nominal,0.177313209,293.530454,0.1,58.09
12367,Nominal,0.205962062,316.356118,0.1,58.09
12368,Nominal,0.319396049,393.955703,0.1,58.09
12369,Nominal,0.298877269,381.091328,0.1,58.09
12370,Nominal,0.297328681,380.102761,0.1,58.09
12371,Nominal,0.260162592,355.553573,0.1,58.09
12372,Nominal,0.434765786,459.632048,0.1,58.09
12373,Nominal,0.362369329,419.622086,0.1,58.09
12374,Nominal,0.338366240,405.486253,0.1,58.09
12375,Nominal,0.389469624,435.030211,0.1,58.09
12376,Nominal,0.422377080,453.036083,0.1,58.09
12377,Nominal,0.334494770,403.159862,0.1,58.09
12378,Nominal,0.202090591,313.368739,0.1,58.09
12379,Nominal,0.208284944,318.135081,0.1,58.09
12380,Nominal,0.377855211,428.494578,0.1,58.09
12381,Nominal,0.205187768,315.760903,0.1,58.09
12382,Nominal,0.372435153,425.410255,0.1,58.09
12383,Nominal,0.284940004,372.099714,0.1,58.09
12384,Nominal,0.214866430,323.122281,0.1,58.09
12385,Nominal,0.245838165,345.626693,0.1,58.09
12386,Nominal,0.238482386,340.416637,0.1,58.09
12387,Nominal,0.255516827,352.364685,0.1,58.09
12388,Nominal,0.213317841,321.955770,0.1,58.09
12389,Nominal,0.226480842,331.740395,0.1,58.09
12390,Nominal,0.201703444,313.068433,0.1,58.09
12391,Nominal,0.225319400,330.888685,0.1,58.09
12392,Nominal,0.265582651,359.238168,0.1,58.09
12393,Nominal,0.323654652,396.573371,0.1,58.09
12394,Nominal,0.299264431,381.338078,0.1,58.09
12395,Nominal,0.272164136,363.662124,0.1,58.09
12396,Nominal,0.351529241,413.298045,0.1,58.09
12397,Nominal,0.320944637,394.909593,0.1,58.09
12398,Nominal,0.353852123,414.661319,0.1,58.09
12399,Nominal,0.210607827,319.904151,0.1,58.09
12400,Nominal,0.402245462,442.107822,0.1,58.09
12401,Nominal,0.320170343,394.432937,0.1,58.09
12402,Nominal,0.204026327,314.865971,0.1,58.09
12403,Nominal,0.182733253,297.982950,0.1,58.09
12404,Nominal,0.414247006,448.654793,0.1,58.09
12405,Nominal,0.149051487,269.122978,0.1,58.09
12406,Nominal,0.348432064,411.473319,0.1,58.09
12407,Nominal,0.239256680,340.968814,0.1,58.09
12408,Nominal,0.186604723,301.123007,0.1,58.09
12409,Nominal,0.252032518,349.953960,0.1,58.09
12410,Nominal,0.245063886,345.081979,0.1,58.09
12411,Nominal,0.232675180,336.246406,0.1,58.09
12412,Nominal,0.196670532,309.137912,0.1,58.09
12413,Nominal,0.211382121,320.491671,0.1,58.09
12414,Nominal,0.196283385,308.833492,0.1,58.09
12415,Nominal,0.226867989,332.023813,0.1,58.09
12416,Nominal,0.257839710,353.962720,0.1,58.09
12417,Nominal,0.291908622,376.622346,0.1,58.09
12418,Nominal,0.270228416,362.366574,0.1,58.09
12419,Nominal,0.259388298,355.024081,0.1,58.09
12420,Nominal,0.373209447,425.852241,0.1,58.09
12421,Nominal,0.385210991,432.645267,0.1,58.09
12422,Nominal,0.410375535,446.553352,0.1,58.09
12423,Nominal,0.320557505,394.671346,0.1,58.09
12424,Nominal,0.423538536,453.658537,0.1,58.09
12425,Nominal,0.341850549,407.568643,0.1,58.09
12426,Nominal,0.185056135,299.870930,0.1,58.09
12427,Nominal,0.196283385,308.833492,0.1,58.09
12428,Nominal,0.346883476,410.557914,0.1,58.09
12429,Nominal,0.140534267,261.320655,0.1,58.09
12430,Nominal,0.342237711,407.799373,0.1,58.09
12431,Nominal,0.241966709,342.894431,0.1,58.09
12432,Nominal,0.178474635,294.490218,0.1,58.09
12433,Nominal,0.233449474,336.805421,0.1,58.09
12434,Nominal,0.225706547,331.172832,0.1,58.09
12435,Nominal,0.239643827,341.244567,0.1,58.09
12436,Nominal,0.195896238,308.528772,0.1,58.09
12437,Nominal,0.181571811,297.034460,0.1,58.09
12438,Nominal,0.183894694,298.928430,0.1,58.09
12439,Nominal,0.190476194,304.230657,0.1,58.09
12440,Nominal,0.288037181,374.116531,0.1,58.09
12441,Nominal,0.282229960,370.325979,0.1,58.09
12442,Nominal,0.288424313,374.367859,0.1,58.09
12443,Nominal,0.234610915,337.642206,0.1,58.09
12444,Nominal,0.334881932,403.393114,0.1,58.09
12445,Nominal,0.354626417,415.114750,0.1,58.09
12446,Nominal,0.372822315,425.631314,0.1,58.09
12447,Nominal,0.319396049,393.955703,0.1,58.09
12448,Nominal,0.423151374,453.451142,0.1,58.09
12449,Nominal,0.338753402,405.718168,0.1,58.09
12450,Nominal,0.183894694,298.928430,0.1,58.09
12451,Nominal,0.215253577,323.413252,0.1,58.09
12452,Nominal,0.322493225,395.861185,0.1,58.09
12453,Nominal,0.161053032,279.748054,0.1,58.09
12454,Nominal,0.346109182,410.099446,0.1,58.09
12455,Nominal,0.230352297,334.563760,0.1,58.09
12456,Nominal,0.214092135,322.539553,0.1,58.09
12457,Nominal,0.224157959,330.034776,0.1,58.09
12458,Nominal,0.219899341,326.884695,0.1,58.09
12459,Nominal,0.208284944,318.135081,0.1,58.09
12460,Nominal,0.154084399,273.628895,0.1,58.09
12461,Nominal,0.158730164,277.723324,0.1,58.09
12462,Nominal,0.146341458,266.665180,0.1,58.09
12463,Nominal,0.155245841,274.658225,0.1,58.09
12464,Nominal,0.182733253,297.982950,0.1,58.09
12465,Nominal,0.198219121,310.352605,0.1,58.09
12466,Nominal,0.192799076,306.080102,0.1,58.09
12467,Nominal,0.161053032,279.748054,0.1,58.09
12468,Nominal,0.282617122,370.579898,0.1,58.09
12469,Nominal,0.304684490,384.775841,0.1,58.09
12470,Nominal,0.288037181,374.116531,0.1,58.09
12471,Nominal,0.295780092,379.111617,0.1,58.09
12472,Nominal,0.276809901,366.752795,0.1,58.09
12473,Nominal,0.325590402,397.757539,0.1,58.09
12474,Nominal,0.205962062,316.356118,0.1,58.09
12475,Nominal,0.173054591,289.984099,0.1,58.09
12476,Nominal,0.241192415,342.345360,0.1,58.09
12477,Nominal,0.137824237,258.788767,0.1,58.09
12478,Nominal,0.345722020,409.870011,0.1,58.09
12479,Nominal,0.252806813,350.491112,0.1,58.09
12480,Nominal,0.187766165,302.058659,0.1,58.09
12481,Nominal,0.233836621,337.084580,0.1,58.09
12482,Nominal,0.217963606,325.442760,0.1,58.09
12483,Nominal,0.188927606,302.991422,0.1,58.09
12484,Nominal,0.189314753,303.301705,0.1,58.09
12485,Nominal,0.102981031,223.697556,0.1,58.09
12486,Nominal,0.209059238,318.725862,0.1,58.09
12487,Nominal,0.142857149,263.471481,0.1,58.09
12488,Missing_Intentional,0.010452962,71.269268,0.1,58.09
12489,Nominal,0.186991870,301.435214,0.1,58.09
12490,Nominal,0.195896238,308.528772,0.1,58.09
12491,Nominal,0.180797517,296.400447,0.1,58.09
12492,Nominal,0.221447930,328.033679,0.1,58.09
12493,Nominal,0.322880358,396.098717,0.1,58.09
12494,Nominal,0.274487019,365.210729,0.1,58.09
12495,Nominal,0.210607827,319.904151,0.1,58.09
12496,Nominal,0.214092135,322.539553,0.1,58.09
12497,Nominal,0.202477738,313.668757,0.1,58.09
12498,Nominal,0.197831973,310.049378,0.1,58.09
12499,Nominal,0.145954311,266.312214,0.1,58.09
12500,Nominal,0.209059238,318.725862,0.1,58.09
12501,Nominal,0.116918311,238.354792,0.1,58.09
12502,Nominal,0.257452577,353.696893,0.1,58.09
12503,Nominal,0.117692605,239.142745,0.1,58.09
12504,Nominal,0.188540459,302.680820,0.1,58.09
12505,Nominal,0.113046847,234.375305,0.1,58.09
12506,Nominal,0.120789781,242.268929,0.1,58.09
12507,Nominal,0.114595428,235.975149,0.1,58.09
12508,Nominal,0.209833533,319.315550,0.1,58.09
12509,Nominal,0.056523424,165.728367,0.1,58.09
12510,Nominal,0.248548195,347.526502,0.1,58.09
12511,Nominal,0.090592332,209.811043,0.1,58.09
12512,Nominal,0.067750677,181.442677,0.1,58.09
12513,Nominal,0.080526516,197.811746,0.1,58.09
12514,Nominal,0.081300810,198.760490,0.1,58.09
12515,Missing_Unintentional,0.032907471,126.453215,0.1,58.09
12516,Missing_Unintentional,0.000387147,13.715777,0.1,58.09
12517,Nominal,0.070847854,185.543597,0.1,58.09
12518,Missing_Unintentional,0.017808750,93.024928,0.1,58.09
12519,Nominal,0.028648857,117.987574,0.1,58.09
12520,Nominal,0.133952767,255.128201,0.1,58.09
12521,Nominal,0.186217576,300.810476,0.1,58.09
12522,Nominal,0.308555931,387.212681,0.1,58.09
12523,Nominal,0.106078200,227.036505,0.1,58.09
12524,Nominal,0.170344561,287.704569,0.1,58.09
12525,Nominal,0.334881932,403.393114,0.1,58.09
12526,Nominal,0.217963606,325.442760,0.1,58.09
12527,Nominal,0.075493611,191.530403,0.1,58.09
12528,Nominal,0.121951222,243.430898,0.1,58.09
12529,Nominal,0.063492067,175.647655,0.1,58.09
12530,Nominal,0.210994974,320.198046,0.1,58.09
12531,Nominal,0.126596987,248.024343,0.1,58.09
12532,Nominal,0.232675180,336.246406,0.1,58.09
12533,Nominal,0.100658149,221.160260,0.1,58.09
12534,Nominal,0.115369722,236.771021,0.1,58.09
12535,Nominal,0.113046847,234.375305,0.1,58.09
12536,Nominal,0.207510650,317.543201,0.1,58.09
12537,Nominal,0.278745651,368.032925,0.1,58.09
12538,Nominal,0.162601620,281.089781,0.1,58.09
12539,Nominal,0.250871092,349.146693,0.1,58.09
12540,Nominal,0.232675180,336.246406,0.1,58.09
12541,Nominal,0.222222224,328.606665,0.1,58.09
12542,Nominal,0.226480842,331.740395,0.1,58.09
12543,Nominal,0.245063886,345.081979,0.1,58.09
12544,Nominal,0.336817652,404.557302,0.1,58.09
12545,Nominal,0.344560593,409.180968,0.1,58.09
12546,Nominal,0.390631050,435.678374,0.1,58.09
12547,Nominal,0.349593490,412.158529,0.1,58.09
12548,Nominal,0.306233048,385.752413,0.1,58.09
12549,Nominal,0.210220680,319.609986,0.1,58.09
12550,Nominal,0.166085944,284.085496,0.1,58.09
12551,Nominal,0.252806813,350.491112,0.1,58.09
12552,Nominal,0.386759579,433.514035,0.1,58.09
12553,Nominal,0.222609371,328.892783,0.1,58.09
12554,Nominal,0.373209447,425.852241,0.1,58.09
12555,Nominal,0.249709636,348.337534,0.1,58.09
12556,Nominal,0.224157959,330.034776,0.1,58.09
12557,Nominal,0.272938430,364.179057,0.1,58.09
12558,Nominal,0.224545106,330.319658,0.1,58.09
12559,Nominal,0.269066989,361.587020,0.1,58.09
12560,Nominal,0.188927606,302.991422,0.1,58.09
12561,Nominal,0.243515298,343.989944,0.1,58.09
12562,Nominal,0.164924502,283.090447,0.1,58.09
12563,Nominal,0.229965150,334.282496,0.1,58.09
12564,Nominal,0.320170343,394.432937,0.1,58.09
12565,Nominal,0.249709636,348.337534,0.1,58.09
12566,Nominal,0.257452577,353.696893,0.1,58.09
12567,Nominal,0.261324048,356.346347,0.1,58.09
12568,Nominal,0.422377080,453.036083,0.1,58.09
12569,Nominal,0.275648475,365.982584,0.1,58.09
12570,Nominal,0.389082462,434.813931,0.1,58.09
12571,Nominal,0.396438241,438.904863,0.1,58.09
12572,Nominal,0.428184271,456.139810,0.1,58.09
12573,Nominal,0.438250095,461.470169,0.1,58.09
12574,Nominal,0.201703444,313.068433,0.1,58.09
12575,Nominal,0.215253577,323.413252,0.1,58.09
12576,Nominal,0.361595035,419.173532,0.1,58.09
12577,Nominal,0.217576459,325.153606,0.1,58.09
12578,Nominal,0.273325592,364.437259,0.1,58.09
12579,Nominal,0.257452577,353.696893,0.1,58.09
12580,Nominal,0.207510650,317.543201,0.1,58.09
12581,Nominal,0.269066989,361.587020,0.1,58.09
12582,Nominal,0.246225312,345.898733,0.1,58.09
12583,Nominal,0.268292695,361.066376,0.1,58.09
12584,Nominal,0.155632988,275.000479,0.1,58.09
12585,Nominal,0.223383665,329.464274,0.1,58.09
12586,Nominal,0.160278752,279.074785,0.1,58.09
12587,Nominal,0.226093695,331.456735,0.1,58.09
12588,Nominal,0.317460328,392.760092,0.1,58.09
12589,Nominal,0.265582651,359.238168,0.1,58.09
12590,Nominal,0.299651563,381.584650,0.1,58.09
12591,Nominal,0.318621755,393.477891,0.1,58.09
12592,Nominal,0.336043358,404.092026,0.1,58.09
12593,Nominal,0.386759579,433.514035,0.1,58.09
12594,Nominal,0.452961683,469.151766,0.1,58.09
12595,Nominal,0.393341064,437.187028,0.1,58.09
12596,Nominal,0.423538536,453.658537,0.1,58.09
12597,Nominal,0.389469624,435.030211,0.1,58.09
12598,Nominal,0.193573371,306.694105,0.1,58.09
12599,Nominal,0.205574915,316.058651,0.1,58.09
12600,Nominal,0.420441359,451.996777,0.1,58.09
12601,Nominal,0.190863341,304.539678,0.1,58.09
12602,Nominal,0.394889653,438.046787,0.1,58.09
12603,Nominal,0.262872636,357.400629,0.1,58.09
12604,Nominal,0.188927606,302.991422,0.1,58.09
12605,Nominal,0.267905533,360.805762,0.1,58.09
12606,Nominal,0.239643827,341.244567,0.1,58.09
12607,Nominal,0.288811445,374.619019,0.1,58.09
12608,Nominal,0.181571811,297.034460,0.1,58.09
12609,Nominal,0.209833533,319.315550,0.1,58.09
12610,Nominal,0.169183120,286.722079,0.1,58.09
12611,Nominal,0.173441738,290.308285,0.1,58.09
12612,Nominal,0.312040269,389.392825,0.1,58.09
12613,Nominal,0.295005798,378.615072,0.1,58.09
12614,Nominal,0.341076255,407.106808,0.1,58.09
12615,Nominal,0.282617122,370.579898,0.1,58.09
12616,Nominal,0.417731315,450.537701,0.1,58.09
12617,Nominal,0.327913284,399.173892,0.1,58.09
12618,Nominal,0.354239255,414.888088,0.1,58.09
12619,Missing_Intentional,0.000774293,19.397038,0.1,58.09
12620,Nominal,0.346883476,410.557914,0.1,58.09
12621,Nominal,0.416569889,449.910946,0.1,58.09
12622,Nominal,0.190863341,304.539678,0.1,58.09
12623,Nominal,0.177700356,293.850728,0.1,58.09
12624,Nominal,0.454897404,470.153152,0.1,58.09
12625,Nominal,0.163375914,281.758248,0.1,58.09
12626,Nominal,0.334881932,403.393114,0.1,58.09
12627,Nominal,0.253581107,351.027442,0.1,58.09
12628,Nominal,0.176538914,292.888856,0.1,58.09
12629,Nominal,0.221835077,328.320297,0.1,58.09
12630,Nominal,0.226093695,331.456735,0.1,58.09
12631,Nominal,0.224157959,330.034776,0.1,58.09
12632,Nominal,0.217189312,324.864194,0.1,58.09
12633,Nominal,0.217963606,325.442760,0.1,58.09
12634,Nominal,0.191637635,305.156780,0.1,58.09
12635,Nominal,0.191637635,305.156780,0.1,58.09
12636,Nominal,0.292682916,377.121514,0.1,58.09
12637,Nominal,0.296554387,379.607513,0.1,58.09
12638,Nominal,0.290747195,375.872359,0.1,58.09
12639,Missing_Intentional,0.003097174,38.794076,0.1,58.09
12640,Nominal,0.475416183,480.639659,0.1,58.09
12641,Nominal,0.286488593,373.109485,0.1,58.09
12642,Nominal,0.432055742,458.197287,0.1,58.09
12643,Nominal,0.432055742,458.197287,0.1,58.09
12644,Nominal,0.169957414,287.377446,0.1,58.09
12645,Nominal,0.303523034,384.041759,0.1,58.09
12646,Nominal,0.166860238,284.746931,0.1,58.09
12647,Nominal,0.188153312,302.369900,0.1,58.09
12648,Nominal,0.321718931,395.385676,0.1,58.09
12649,Nominal,0.165698797,283.754201,0.1,58.09
12650,Nominal,0.324041814,396.810495,0.1,58.09
12651,Nominal,0.227642283,332.589925,0.1,58.09
12652,Nominal,0.198993415,310.958172,0.1,58.09
12653,Nominal,0.218737900,326.020299,0.1,58.09
12654,Nominal,0.201316297,312.767839,0.1,58.09
12655,Nominal,0.212930694,321.663481,0.1,58.09
12656,Nominal,0.193186224,306.387257,0.1,58.09
12657,Nominal,0.174216032,290.955574,0.1,58.09
12658,Nominal,0.201316297,312.767839,0.1,58.09
12659,Nominal,0.194347665,307.306882,0.1,58.09
12660,Nominal,0.310878813,388.667463,0.1,58.09
12661,Nominal,0.269454122,361.847051,0.1,58.09
12662,Nominal,0.293457210,377.620023,0.1,58.09
12663,Nominal,0.277197063,367.009186,0.1,58.09
12664,Nominal,0.445218742,465.124634,0.1,58.09
12665,Nominal,0.303135902,383.796765,0.1,58.09
12666,Nominal,0.347657770,411.015871,0.1,58.09
12667,Nominal,0.385598153,432.862631,0.1,58.09
12668,Nominal,0.362756491,419.846192,0.1,58.09
12669,Nominal,0.290360034,375.622018,0.1,58.09
12670,Nominal,0.151374370,271.211935,0.1,58.09
12671,Nominal,0.163763061,282.091887,0.1,58.09
12672,Nominal,0.294618666,378.366565,0.1,58.09
12673,Nominal,0.138211384,259.151980,0.1,58.09
12674,Nominal,0.312427402,389.634300,0.1,58.09
12675,Nominal,0.241966709,342.894431,0.1,58.09
12676,Nominal,0.197057679,309.442032,0.1,58.09
12677,Nominal,0.245451033,345.354449,0.1,58.09
12678,Nominal,0.231126592,335.125581,0.1,58.09
12679,Nominal,0.238482386,340.416637,0.1,58.09
12680,Nominal,0.175764620,292.245850,0.1,58.09
12681,Nominal,0.151761517,271.558532,0.1,58.09
12682,Nominal,0.149438635,269.472262,0.1,58.09
12683,Nominal,0.170344561,287.704569,0.1,58.09
12684,Nominal,0.210607827,319.904151,0.1,58.09
12685,Nominal,0.243128151,343.716393,0.1,58.09
12686,Nominal,0.217576459,325.153606,0.1,58.09
12687,Nominal,0.215640724,323.703960,0.1,58.09
12688,Nominal,0.363530785,420.294028,0.1,58.09
12689,Nominal,0.343399137,408.490746,0.1,58.09
12690,Nominal,0.351916373,413.525560,0.1,58.09
12691,Nominal,0.322880358,396.098717,0.1,58.09
12692,Nominal,0.321331799,395.147715,0.1,58.09
12693,Nominal,0.285327137,372.352403,0.1,58.09
12694,Nominal,0.206736356,316.950215,0.1,58.09
12695,Nominal,0.174603179,291.278679,0.1,58.09
12696,Nominal,0.244289592,344.536394,0.1,58.09
12697,Nominal,0.133178473,254.389767,0.1,58.09
12698,Nominal,0.335269064,403.626213,0.1,58.09
12699,Nominal,0.128145561,249.536687,0.1,58.09
12700,Nominal,0.194734812,307.612812,0.1,58.09
12701,Nominal,0.114982575,236.373420,0.1,58.09
12702,Nominal,0.132404178,253.649183,0.1,58.09
12703,Nominal,0.129694149,251.039935,0.1,58.09
12704,Nominal,0.193186224,306.387257,0.1,58.09
12705,Nominal,0.113046847,234.375305,0.1,58.09
12706,Nominal,0.200542003,312.165782,0.1,58.09
12707,Nominal,0.112272553,233.571270,0.1,58.09
12708,Nominal,0.222222224,328.606665,0.1,58.09
12709,Missing_Intentional,0.004645761,47.512845,0.1,58.09
12710,Nominal,0.205962062,316.356118,0.1,58.09
12711,Nominal,0.225319400,330.888685,0.1,58.09
12712,Nominal,0.158343017,277.384430,0.1,58.09
12713,Nominal,0.343786299,408.720956,0.1,58.09
12714,Nominal,0.296554387,379.607513,0.1,58.09
12715,Nominal,0.207123503,317.246847,0.1,58.09
12716,Nominal,0.213317841,321.955770,0.1,58.09
12717,Nominal,0.361982197,419.397877,0.1,58.09
12718,Nominal,0.197057679,309.442032,0.1,58.09
12719,Nominal,0.133565620,254.759251,0.1,58.09
12720,Nominal,0.186217576,300.810476,0.1,58.09
12721,Nominal,0.090979479,210.258880,0.1,58.09
12722,Nominal,0.239256680,340.968814,0.1,58.09
12723,Nominal,0.128919855,250.289440,0.1,58.09
12724,Nominal,0.205187768,315.760903,0.1,58.09
12725,Nominal,0.113433994,234.776290,0.1,58.09
12726,Nominal,0.133952767,255.128201,0.1,58.09
12727,Nominal,0.136275649,257.330789,0.1,58.09
12728,Nominal,0.200929150,312.466956,0.1,58.09
12729,Nominal,0.051877663,158.771600,0.1,58.09
12730,Nominal,0.230352297,334.563760,0.1,58.09
12731,Nominal,0.092915215,212.483905,0.1,58.09
12732,Nominal,0.090592332,209.811043,0.1,58.09
12733,Nominal,0.097560972,217.731208,0.1,58.09
12734,Nominal,0.080913663,198.286686,0.1,58.09
12735,Nominal,0.084785134,202.974966,0.1,58.09
12736,Nominal,0.050329074,156.383919,0.1,58.09
12737,Nominal,0.077042200,193.484848,0.1,58.09
12738,Nominal,0.048780486,153.959214,0.1,58.09
12739,Nominal,0.055749130,164.589326,0.1,58.09
12740,Nominal,0.118466899,239.928110,0.1,58.09
12741,Nominal,0.257452577,353.696893,0.1,58.09
12742,Nominal,0.210607827,319.904151,0.1,58.09
12743,Nominal,0.114208288,235.576212,0.1,58.09
12744,Nominal,0.164924502,283.090447,0.1,58.09
12745,Nominal,0.194347665,307.306882,0.1,58.09
12746,Nominal,0.211769268,320.785028,0.1,58.09
12747,Nominal,0.077816494,194.454703,0.1,58.09
12748,Nominal,0.097560972,217.731208,0.1,58.09
12749,Nominal,0.061169185,172.404647,0.1,58.09
12750,Nominal,0.226867989,332.023813,0.1,58.09
12751,Missing_Unintentional,0.036778938,133.684857,0.1,58.09
12752,Nominal,0.226093695,331.456735,0.1,58.09
12753,Missing_Unintentional,0.024777390,109.726216,0.1,58.09
12754,Missing_Unintentional,0.030584592,121.908495,0.1,58.09
12755,Missing_Unintentional,0.038327526,136.470260,0.1,58.09
12756,Nominal,0.183120400,298.298443,0.1,58.09
12757,Nominal,0.235772356,338.476923,0.1,58.09
12758,Nominal,0.165698797,283.754201,0.1,58.09
12759,Nominal,0.246612459,346.170559,0.1,58.09
12760,Nominal,0.213317841,321.955770,0.1,58.09
12761,Nominal,0.183120400,298.298443,0.1,58.09
12762,Nominal,0.207510650,317.543201,0.1,58.09
12763,Nominal,0.200154856,311.864318,0.1,58.09
12764,Nominal,0.364692211,420.964881,0.1,58.09
12765,Nominal,0.240805268,342.070494,0.1,58.09
12766,Nominal,0.351916373,413.525560,0.1,58.09
12767,Nominal,0.412698418,447.815400,0.1,58.09
12768,Nominal,0.260549754,355.818034,0.1,58.09
12769,Nominal,0.308555931,387.212681,0.1,58.09
12770,Nominal,0.181958959,297.350959,0.1,58.09
12771,Nominal,0.246612459,346.170559,0.1,58.09
12772,Nominal,0.380952388,430.247121,0.1,58.09
12773,Nominal,0.241579562,342.620005,0.1,58.09
12774,Nominal,0.351529241,413.298045,0.1,58.09
12775,Nominal,0.267131239,360.283988,0.1,58.09
12776,Nominal,0.173054591,289.984099,0.1,58.09
12777,Nominal,0.291521490,376.372523,0.1,58.09
12778,Nominal,0.269454122,361.847051,0.1,58.09
12779,Nominal,0.312427402,389.634300,0.1,58.09
12780,Nominal,0.152148664,271.904687,0.1,58.09
12781,Nominal,0.233062327,336.526030,0.1,58.09
12782,Nominal,0.147115752,267.369714,0.1,58.09
12783,Nominal,0.219899341,326.884695,0.1,58.09
12784,Nominal,0.263259768,357.663704,0.1,58.09
12785,Nominal,0.259388298,355.024081,0.1,58.09
12786,Nominal,0.260549754,355.818034,0.1,58.09
12787,Nominal,0.259775460,355.288936,0.1,58.09
12788,Nominal,0.424699962,454.280122,0.1,58.09
12789,Nominal,0.370499432,424.303287,0.1,58.09
12790,Nominal,0.407278359,444.865052,0.1,58.09
12791,Nominal,0.430120021,457.169714,0.1,58.09
12792,Nominal,0.316298872,392.040960,0.1,58.09
12793,Nominal,0.382113814,430.902478,0.1,58.09
12794,Nominal,0.176538914,292.888856,0.1,58.09
12795,Nominal,0.242353857,343.168637,0.1,58.09
12796,Nominal,0.352690667,413.980234,0.1,58.09
12797,Nominal,0.200542003,312.165782,0.1,58.09
12798,Nominal,0.322880358,396.098717,0.1,58.09
12799,Nominal,0.283778548,371.340574,0.1,58.09
12800,Nominal,0.217576459,325.153606,0.1,58.09
12801,Nominal,0.282229960,370.325979,0.1,58.09
12802,Nominal,0.285714298,372.604941,0.1,58.09
12803,Nominal,0.308555931,387.212681,0.1,58.09
12804,Nominal,0.140921414,261.680354,0.1,58.09
12805,Nominal,0.222996518,329.178653,0.1,58.09
12806,Nominal,0.137049943,258.060808,0.1,58.09
12807,Nominal,0.215640724,323.703960,0.1,58.09
12808,Nominal,0.300425857,382.077336,0.1,58.09
12809,Nominal,0.265582651,359.238168,0.1,58.09
12810,Nominal,0.262098342,356.873877,0.1,58.09
12811,Nominal,0.268679827,361.326782,0.1,58.09
12812,Nominal,0.446380168,465.730916,0.1,58.09
12813,Nominal,0.323654652,396.573371,0.1,58.09
12814,Nominal,0.390631050,435.678374,0.1,58.09
12815,Nominal,0.359272152,417.824979,0.1,58.09
12816,Nominal,0.328687578,399.644894,0.1,58.09
12817,Nominal,0.318621755,393.477891,0.1,58.09
12818,Nominal,0.183120400,298.298443,0.1,58.09
12819,Nominal,0.205962062,316.356118,0.1,58.09
12820,Nominal,0.429345727,456.758034,0.1,58.09
12821,Nominal,0.221447930,328.033679,0.1,58.09
12822,Nominal,0.339914829,406.413081,0.1,58.09
12823,Nominal,0.298102975,380.597365,0.1,58.09
12824,Nominal,0.203639179,314.567095,0.1,58.09
12825,Nominal,0.256678283,353.164617,0.1,58.09
12826,Nominal,0.296167254,379.359655,0.1,58.09
12827,Nominal,0.289198607,374.870030,0.1,58.09
12828,Nominal,0.153697252,273.284924,0.1,58.09
12829,Nominal,0.221447930,328.033679,0.1,58.09
12830,Nominal,0.143631443,264.184531,0.1,58.09
12831,Nominal,0.213317841,321.955770,0.1,58.09
12832,Nominal,0.287650019,373.865014,0.1,58.09
12833,Nominal,0.256678283,353.164617,0.1,58.09
12834,Nominal,0.272164136,363.662124,0.1,58.09
12835,Nominal,0.258226871,354.228369,0.1,58.09
12836,Nominal,0.450638801,467.947266,0.1,58.09
12837,Nominal,0.271777004,363.403391,0.1,58.09
12838,Nominal,0.399148285,440.402481,0.1,58.09
12839,Nominal,0.402245462,442.107822,0.1,58.09
12840,Nominal,0.473093301,479.464019,0.1,58.09
12841,Nominal,0.338366240,405.486253,0.1,58.09
12842,Nominal,0.202090591,313.368739,0.1,58.09
12843,Nominal,0.182346106,297.667122,0.1,58.09
12844,Nominal,0.414247006,448.654793,0.1,58.09
12845,Nominal,0.194734812,307.612812,0.1,58.09
12846,Nominal,0.297328681,380.102761,0.1,58.09
12847,Nominal,0.260936886,356.082278,0.1,58.09
12848,Nominal,0.210220680,319.609986,0.1,58.09
12849,Nominal,0.267905533,360.805762,0.1,58.09
12850,Nominal,0.251645386,349.685085,0.1,58.09
12851,Nominal,0.292682916,377.121514,0.1,58.09
12852,Nominal,0.181958959,297.350959,0.1,58.09
12853,Nominal,0.185443282,300.184439,0.1,58.09
12854,Nominal,0.185443282,300.184439,0.1,58.09
12855,Nominal,0.212156400,321.078105,0.1,58.09
12856,Nominal,0.276809901,366.752795,0.1,58.09
12857,Nominal,0.269841284,362.106916,0.1,58.09
12858,Nominal,0.229965150,334.282496,0.1,58.09
12859,Nominal,0.259388298,355.024081,0.1,58.09
12860,Nominal,0.332171887,401.757562,0.1,58.09
12861,Nominal,0.293457210,377.620023,0.1,58.09
12862,Nominal,0.399148285,440.402481,0.1,58.09
12863,Nominal,0.454510272,469.953051,0.1,58.09
12864,Nominal,0.461478889,473.542041,0.1,58.09
12865,Nominal,0.373983741,426.293767,0.1,58.09
12866,Nominal,0.175377473,291.923816,0.1,58.09
12867,Nominal,0.161053032,279.748054,0.1,58.09
12868,Nominal,0.389856756,435.246367,0.1,58.09
12869,Nominal,0.157955870,277.045122,0.1,58.09
12870,Nominal,0.372048020,425.189099,0.1,58.09
12871,Nominal,0.241192415,342.345360,0.1,58.09
12872,Nominal,0.200929150,312.466956,0.1,58.09
12873,Nominal,0.252419680,350.222649,0.1,58.09
12874,Nominal,0.229190856,333.719256,0.1,58.09
12875,Nominal,0.272938430,364.179057,0.1,58.09
12876,Nominal,0.179248929,295.128335,0.1,58.09
12877,Nominal,0.157955870,277.045122,0.1,58.09
12878,Nominal,0.206349209,316.653306,0.1,58.09
12879,Nominal,0.172280297,289.334637,0.1,58.09
12880,Nominal,0.224157959,330.034776,0.1,58.09
12881,Nominal,0.240418121,341.795407,0.1,58.09
12882,Nominal,0.217963606,325.442760,0.1,58.09
12883,Nominal,0.228416577,333.155074,0.1,58.09
12884,Nominal,0.356562138,416.246155,0.1,58.09
12885,Nominal,0.378242344,428.714029,0.1,58.09
12886,Nominal,0.431281447,457.786531,0.1,58.09
12887,Nominal,0.342624843,408.029955,0.1,58.09
12888,Nominal,0.385598153,432.862631,0.1,58.09
12889,Nominal,0.398761123,440.188840,0.1,58.09
12890,Nominal,0.171893150,289.009359,0.1,58.09
12891,Nominal,0.131629884,252.906431,0.1,58.09
12892,Nominal,0.365853667,421.634684,0.1,58.09
12893,Nominal,0.120015487,241.491177,0.1,58.09
12894,Nominal,0.286875725,373.361491,0.1,58.09
12895,Nominal,0.237320945,339.586688,0.1,58.09
12896,Nominal,0.198219121,310.352605,0.1,58.09
12897,Nominal,0.233062327,336.526030,0.1,58.09
12898,Nominal,0.272551298,363.920692,0.1,58.09
12899,Nominal,0.296554387,379.607513,0.1,58.09
12900,Nominal,0.186991870,301.435214,0.1,58.09
12901,Nominal,0.146341458,266.665180,0.1,58.09
12902,Nominal,0.192411929,305.772638,0.1,58.09
12903,Nominal,0.156407282,275.683711,0.1,58.09
12904,Nominal,0.218350753,325.731658,0.1,58.09
12905,Nominal,0.242741004,343.442624,0.1,58.09
12906,Nominal,0.241966709,342.894431,0.1,58.09
12907,Nominal,0.244289592,344.536394,0.1,58.09
12908,Nominal,0.302361608,383.306289,0.1,58.09
12909,Nominal,0.296941549,379.855227,0.1,58.09
12910,Nominal,0.407665491,445.076432,0.1,58.09
12911,Nominal,0.298490137,380.844436,0.1,58.09
12912,Nominal,0.302748740,383.551596,0.1,58.09
12913,Nominal,0.382888108,431.338836,0.1,58.09
12914,Nominal,0.182346106,297.667122,0.1,58.09
12915,Nominal,0.123499803,244.971609,0.1,58.09
12916,Nominal,0.288811445,374.619019,0.1,58.09
12917,Nominal,0.133565620,254.759251,0.1,58.09
12918,Nominal,0.338366240,405.486253,0.1,58.09
12919,Nominal,0.169957414,287.377446,0.1,58.09
12920,Nominal,0.219899341,326.884695,0.1,58.09
12921,Nominal,0.166085944,284.085496,0.1,58.09
12922,Nominal,0.203639179,314.567095,0.1,58.09
12923,Nominal,0.183507547,298.613603,0.1,58.09
12924,Nominal,0.171506003,288.683715,0.1,58.09
12925,Nominal,0.097173832,217.298780,0.1,58.09
12926,Nominal,0.178087488,294.170641,0.1,58.09
12927,Nominal,0.120015487,241.491177,0.1,58.09
12928,Nominal,0.132017031,253.278079,0.1,58.09
12929,Nominal,0.125435546,246.883994,0.1,58.09
12930,Nominal,0.109562524,230.735084,0.1,58.09
12931,Nominal,0.133952767,255.128201,0.1,58.09
12932,Nominal,0.208672091,318.430609,0.1,58.09
12933,Nominal,0.308168799,386.969695,0.1,58.09
12934,Nominal,0.355787843,415.793959,0.1,58.09
12935,Nominal,0.205962062,316.356118,0.1,58.09
12936,Nominal,0.171118855,288.357702,0.1,58.09
12937,Nominal,0.216415018,324.284596,0.1,58.09
12938,Nominal,0.171118855,288.357702,0.1,58.09
12939,Nominal,0.122338369,243.816991,0.1,58.09
12940,Nominal,0.178474635,294.490218,0.1,58.09
12941,Nominal,0.096399538,216.431316,0.1,58.09
12942,Nominal,0.344560593,409.180968,0.1,58.09
12943,Nominal,0.168021679,285.736212,0.1,58.09
12944,Nominal,0.207510650,317.543201,0.1,58.09
12945,Nominal,0.173828885,290.632110,0.1,58.09
12946,Nominal,0.194734812,307.612812,0.1,58.09
12947,Nominal,0.196670532,309.137912,0.1,58.09
12948,Nominal,0.207123503,317.246847,0.1,58.09
12949,Nominal,0.044521872,147.085320,0.1,58.09
12950,Nominal,0.243128151,343.716393,0.1,58.09
12951,Nominal,0.043747582,145.800713,0.1,58.09
12952,Nominal,0.092140920,211.596703,0.1,58.09
12953,Nominal,0.124661244,246.120819,0.1,58.09
12954,Nominal,0.092915215,212.483905,0.1,58.09
12955,Nominal,0.104529619,225.373218,0.1,58.09
12956,Missing_Unintentional,0.009678668,68.578886,0.1,58.09
12957,Missing_Unintentional,0.008130081,62.853586,0.1,58.09
12958,Nominal,0.042586140,143.852284,0.1,58.09
12959,Missing_Unintentional,0.000000000,0.000000,0.1,58.09
12960,Nominal,0.062330622,174.033700,0.1,58.09
12961,Nominal,0.271002710,362.885353,0.1,58.09
12962,Nominal,0.221447930,328.033679,0.1,58.09
12963,Nominal,0.079752229,196.858439,0.1,58.09
12964,Nominal,0.183894694,298.928430,0.1,58.09
12965,Nominal,0.302361608,383.306289,0.1,58.09
12966,Nominal,0.231900886,335.686462,0.1,58.09
12967,Nominal,0.065427795,178.305100,0.1,58.09
12968,Nominal,0.088269457,207.103697,0.1,58.09
12969,Nominal,0.057684861,167.422394,0.1,58.09
12970,Nominal,0.251258224,349.415982,0.1,58.09
12971,Nominal,0.057297714,166.859628,0.1,58.09
12972,Nominal,0.229578003,334.000994,0.1,58.09
12973,Nominal,0.050716221,156.984244,0.1,58.09
12974,Nominal,0.086333722,204.820232,0.1,58.09
12975,Nominal,0.082075104,199.704727,0.1,58.09
12976,Nominal,0.168408826,286.065212,0.1,58.09
12977,Nominal,0.263259768,357.663704,0.1,58.09
12978,Nominal,0.181571811,297.034460,0.1,58.09
12979,Nominal,0.269841284,362.106916,0.1,58.09
12980,Nominal,0.198219121,310.352605,0.1,58.09
12981,Nominal,0.194734812,307.612812,0.1,58.09
12982,Nominal,0.170731708,288.031321,0.1,58.09
12983,Nominal,0.189314753,303.301705,0.1,58.09
12984,Nominal,0.134339914,255.496618,0.1,58.09
12985,Nominal,0.355013549,415.341270,0.1,58.09
12986,Nominal,0.274487019,365.210729,0.1,58.09
12987,Nominal,0.290747195,375.872359,0.1,58.09
12988,Nominal,0.352690667,413.980234,0.1,58.09
12989,Nominal,0.351916373,413.525560,0.1,58.09
12990,Nominal,0.173054591,289.984099,0.1,58.09
12991,Nominal,0.252806813,350.491112,0.1,58.09
12992,Nominal,0.425861388,454.900857,0.1,58.09
12993,Nominal,0.249709636,348.337534,0.1,58.09
12994,Nominal,0.325203240,397.520980,0.1,58.09
12995,Nominal,0.302748740,383.551596,0.1,58.09
12996,Nominal,0.196670532,309.137912,0.1,58.09
12997,Nominal,0.286875725,373.361491,0.1,58.09
12998,Nominal,0.261324048,356.346347,0.1,58.09
12999,Nominal,0.270615578,362.626066,0.1,58.09
13000,Nominal,0.154084399,273.628895,0.1,58.09
13001,Nominal,0.210607827,319.904151,0.1,58.09
13002,Nominal,0.147115752,267.369714,0.1,58.09
13003,Nominal,0.238482386,340.416637,0.1,58.09
13004,Nominal,0.251645386,349.685085,0.1,58.09
13005,Nominal,0.263259768,357.663704,0.1,58.09
13006,Nominal,0.267905533,360.805762,0.1,58.09
13007,Nominal,0.257065415,353.430845,0.1,58.09
13008,Nominal,0.389469624,435.030211,0.1,58.09
13009,Nominal,0.376306623,427.615613,0.1,58.09
13010,Nominal,0.396051109,438.690510,0.1,58.09
13011,Nominal,0.434765786,459.632048,0.1,58.09
13012,Nominal,0.426635683,455.314216,0.1,58.09
13013,Nominal,0.333720475,402.692971,0.1,58.09
13014,Nominal,0.193573371,306.694105,0.1,58.09
13015,Nominal,0.222609371,328.892783,0.1,58.09
13016,Nominal,0.214866430,323.122281,0.1,58.09
13017,Nominal,0.217189312,324.864194,0.1,58.09
13018,Nominal,0.329849005,400.350349,0.1,58.09
13019,Nominal,0.291134328,376.122514,0.1,58.09
13020,Nominal,0.191250488,304.848385,0.1,58.09
13021,Nominal,0.322880358,396.098717,0.1,58.09
13022,Nominal,0.300425857,382.077336,0.1,58.09
13023,Nominal,0.307394505,386.483246,0.1,58.09
13024,Nominal,0.152535811,272.250402,0.1,58.09
13025,Nominal,0.214479282,322.831048,0.1,58.09
13026,Nominal,0.154084399,273.628895,0.1,58.09
13027,Nominal,0.219512194,326.596817,0.1,58.09
13028,Nominal,0.256678283,353.164617,0.1,58.09
13029,Nominal,0.275648475,365.982584,0.1,58.09
13030,Nominal,0.236159503,338.754705,0.1,58.09
13031,Nominal,0.239643827,341.244567,0.1,58.09
13032,Nominal,0.440960109,462.894770,0.1,58.09
13033,Nominal,0.356949270,416.472060,0.1,58.09
13034,Nominal,0.403019756,442.533131,0.1,58.09
13035,Nominal,0.351916373,413.525560,0.1,58.09
13036,Nominal,0.364305079,420.741388,0.1,58.09
13037,Nominal,0.296941549,379.855227,0.1,58.09
13038,Nominal,0.202864885,313.968489,0.1,58.09
13039,Nominal,0.205962062,316.356118,0.1,58.09
13040,Nominal,0.442895859,463.909678,0.1,58.09
13041,Nominal,0.203639179,314.567095,0.1,58.09
13042,Nominal,0.348432064,411.473319,0.1,58.09
13043,Nominal,0.306233048,385.752413,0.1,58.09
13044,Nominal,0.209446386,319.020842,0.1,58.09
13045,Nominal,0.283778548,371.340574,0.1,58.09
13046,Nominal,0.250483930,348.877175,0.1,58.09
13047,Nominal,0.303523034,384.041759,0.1,58.09
13048,Nominal,0.165311649,283.422518,0.1,58.09
13049,Nominal,0.187766165,302.058659,0.1,58.09
13050,Nominal,0.173054591,289.984099,0.1,58.09
13051,Nominal,0.184668988,299.557093,0.1,58.09
13052,Nominal,0.266356945,359.761458,0.1,58.09
13053,Nominal,0.255903989,352.631537,0.1,58.09
13054,Nominal,0.271777004,363.403391,0.1,58.09
13055,Nominal,0.262098342,356.873877,0.1,58.09
13056,Nominal,0.485869139,485.894832,0.1,58.09
13057,Nominal,0.352690667,413.980234,0.1,58.09
13058,Nominal,0.387533873,433.947766,0.1,58.09
13059,Nominal,0.433217198,458.812738,0.1,58.09
13060,Nominal,0.490902066,488.404945,0.1,58.09
13061,Missing_Intentional,0.001161440,23.756423,0.1,58.09
13062,Nominal,0.194347665,307.306882,0.1,58.09
13063,Nominal,0.180797517,296.400447,0.1,58.09
13064,Nominal,0.405342638,443.806611,0.1,58.09
13065,Nominal,0.172280297,289.334637,0.1,58.09
13066,Nominal,0.355400711,415.567685,0.1,58.09
13067,Nominal,0.250096798,348.607469,0.1,58.09
13068,Nominal,0.210607827,319.904151,0.1,58.09
13069,Nominal,0.295780092,379.111617,0.1,58.09
13070,Nominal,0.277197063,367.009186,0.1,58.09
13071,Nominal,0.264034063,358.189295,0.1,58.09
13072,Nominal,0.184668988,299.557093,0.1,58.09
13073,Nominal,0.184281841,299.242927,0.1,58.09
13074,Nominal,0.190089047,303.921322,0.1,58.09
13075,Nominal,0.188153312,302.369900,0.1,58.09
13076,Nominal,0.280294240,369.053823,0.1,58.09
13077,Nominal,0.274487019,365.210729,0.1,58.09
13078,Nominal,0.266744107,360.022828,0.1,58.09
13079,Nominal,0.251258224,349.415982,0.1,58.09
13080,Nominal,0.390243888,435.462416,0.1,58.09
13081,Nominal,0.379403800,429.371743,0.1,58.09
13082,Nominal,0.353464961,414.434410,0.1,58.09
13083,Nominal,0.394889653,438.046787,0.1,58.09
13084,Nominal,0.455284566,470.353182,0.1,58.09
13085,Nominal,0.336817652,404.557302,0.1,58.09
13086,Nominal,0.211382121,320.491671,0.1,58.09
13087,Nominal,0.159117311,278.061805,0.1,58.09
13088,Nominal,0.356562138,416.246155,0.1,58.09
13089,Nominal,0.148664340,268.773240,0.1,58.09
13090,Nominal,0.346109182,410.099446,0.1,58.09
13091,Nominal,0.216802165,324.574525,0.1,58.09
13092,Nominal,0.207510650,317.543201,0.1,58.09
13093,Nominal,0.260549754,355.818034,0.1,58.09
13094,Nominal,0.239256680,340.968814,0.1,58.09
13095,Nominal,0.231126592,335.125581,0.1,58.09
13096,Nominal,0.212156400,321.078105,0.1,58.09
13097,Nominal,0.184668988,299.557093,0.1,58.09
13098,Nominal,0.173828885,290.632110,0.1,58.09
13099,Nominal,0.192024782,305.464864,0.1,58.09
13100,Nominal,0.223770812,329.749649,0.1,58.09
13101,Nominal,0.249322489,348.067400,0.1,58.09
13102,Nominal,0.227255136,332.306989,0.1,58.09
13103,Nominal,0.236933798,339.309587,0.1,58.09
13104,Nominal,0.329461873,400.115342,0.1,58.09
13105,Nominal,0.324041814,396.810495,0.1,58.09
13106,Nominal,0.374758035,426.734838,0.1,58.09
13107,Nominal,0.128532708,249.913347,0.1,58.09
13108,Nominal,0.345334888,409.640465,0.1,58.09
13109,Nominal,0.351916373,413.525560,0.1,58.09
13110,Nominal,0.159504458,278.399875,0.1,58.09
13111,Nominal,0.147115752,267.369714,0.1,58.09
13112,Nominal,0.331010461,401.054582,0.1,58.09
13113,Nominal,0.153697252,273.284924,0.1,58.09
13114,Nominal,0.390631050,435.678374,0.1,58.09
13115,Nominal,0.240418121,341.795407,0.1,58.09
13116,Nominal,0.176538914,292.888856,0.1,58.09
13117,Nominal,0.266356945,359.761458,0.1,58.09
13118,Nominal,0.236933798,339.309587,0.1,58.09
13119,Nominal,0.229578003,334.000994,0.1,58.09
13120,Nominal,0.215640724,323.703960,0.1,58.09
13121,Nominal,0.154084399,273.628895,0.1,58.09
13122,Nominal,0.205187768,315.760903,0.1,58.09
13123,Nominal,0.166085944,284.085496,0.1,58.09
13124,Nominal,0.249322489,348.067400,0.1,58.09
13125,Nominal,0.279907078,368.798854,0.1,58.09
13126,Nominal,0.251258224,349.415982,0.1,58.09
13127,Nominal,0.245838165,345.626693,0.1,58.09
13128,Nominal,0.275648475,365.982584,0.1,58.09
13129,Nominal,0.336430520,404.324740,0.1,58.09
13130,Nominal,0.331397593,401.289039,0.1,58.09
13131,Nominal,0.342237711,407.799373,0.1,58.09
13132,Nominal,0.292682916,377.121514,0.1,58.09
13133,Nominal,0.403794050,442.958031,0.1,58.09
13134,Nominal,0.210220680,319.609986,0.1,58.09
13135,Nominal,0.134339914,255.496618,0.1,58.09
13136,Nominal,0.260549754,355.818034,0.1,58.09
13137,Nominal,0.145954311,266.312214,0.1,58.09
13138,Nominal,0.359272152,417.824979,0.1,58.09
13139,Nominal,0.252419680,350.222649,0.1,58.09
13140,Nominal,0.211382121,320.491671,0.1,58.09
13141,Nominal,0.189701900,303.611671,0.1,58.09
13142,Nominal,0.240030974,341.520098,0.1,58.09
13143,Nominal,0.199380562,311.260514,0.1,58.09
13144,Nominal,0.194734812,307.612812,0.1,58.09
13145,Nominal,0.104916766,225.790191,0.1,58.09
13146,Nominal,0.204413474,315.164564,0.1,58.09
13147,Nominal,0.114982575,236.373420,0.1,58.09
13148,Nominal,0.120015487,241.491177,0.1,58.09
13149,Nominal,0.175377473,291.923816,0.1,58.09
13150,Nominal,0.159504458,278.399875,0.1,58.09
13151,Nominal,0.143244296,263.828247,0.1,58.09
13152,Nominal,0.217576459,325.153606,0.1,58.09
13153,Nominal,0.250483930,348.877175,0.1,58.09
13154,Nominal,0.302361608,383.306289,0.1,58.09
13155,Nominal,0.234610915,337.642206,0.1,58.09
13156,Nominal,0.183507547,298.613603,0.1,58.09
13157,Nominal,0.330236167,400.585237,0.1,58.09
13158,Nominal,0.223770812,329.749649,0.1,58.09
13159,Nominal,0.136662796,257.696057,0.1,58.09
13160,Nominal,0.172280297,289.334637,0.1,58.09
13161,Nominal,0.105691060,226.621834,0.1,58.09
13162,Nominal,0.317073166,392.520522,0.1,58.09
13163,Nominal,0.210607827,319.904151,0.1,58.09
13164,Nominal,0.212156400,321.078105,0.1,58.09
13165,Nominal,0.188153312,302.369900,0.1,58.09
13166,Nominal,0.111885406,233.168213,0.1,58.09
13167,Nominal,0.105691060,226.621834,0.1,58.09
13168,Nominal,0.213317841,321.955770,0.1,58.09
13169,Nominal,0.034068912,128.665395,0.1,58.09
13170,Nominal,0.225319400,330.888685,0.1,58.09
13171,Nominal,0.070073560,184.526912,0.1,58.09
13172,Nominal,0.109175377,230.327064,0.1,58.09
13173,Nominal,0.166085944,284.085496,0.1,58.09
13174,Nominal,0.104916766,225.790191,0.1,58.09
13175,Nominal,0.136275649,257.330789,0.1,58.09
13176,Missing_Unintentional,0.000000000,0.000000,0.1,58.09
13177,Missing_Unintentional,0.011614402,75.124405,0.1,58.09
13178,Missing_Unintentional,0.008130081,62.853586,0.1,58.09
13179,Missing_Unintentional,0.013937282,82.294663,0.1,58.09
13180,Nominal,0.127758414,249.159458,0.1,58.09
13181,Nominal,0.238869533,340.692837,0.1,58.09
13182,Nominal,0.289585739,375.120854,0.1,58.09
13183,Nominal,0.118079752,239.535749,0.1,58.09
13184,Nominal,0.113046847,234.375305,0.1,58.09
13185,Nominal,0.306233048,385.752413,0.1,58.09
13186,Nominal,0.220673636,327.459691,0.1,58.09
13187,Nominal,0.080526516,197.811746,0.1,58.09
13188,Nominal,0.055749130,164.589326,0.1,58.09
13189,Nominal,0.046844754,150.873549,0.1,58.09
13190,Nominal,0.238869533,340.692837,0.1,58.09
13191,Nominal,0.108013935,229.098643,0.1,58.09
13192,Nominal,0.278358489,367.777247,0.1,58.09
13193,Nominal,0.076655053,192.998092,0.1,58.09
13194,Nominal,0.123499803,244.971609,0.1,58.09
13195,Nominal,0.084785134,202.974966,0.1,58.09
13196,Nominal,0.160665900,279.411629,0.1,58.09
13197,Nominal,0.214866430,323.122281,0.1,58.09
13198,Nominal,0.155245841,274.658225,0.1,58.09
13199,Nominal,0.249322489,348.067400,0.1,58.09
13200,Nominal,0.248161048,347.255737,0.1,58.09
13201,Nominal,0.210607827,319.904151,0.1,58.09
13202,Nominal,0.242353857,343.168637,0.1,58.09
13203,Nominal,0.171893150,289.009359,0.1,58.09
13204,Nominal,0.219125047,326.308686,0.1,58.09
13205,Nominal,0.310878813,388.667463,0.1,58.09
13206,Nominal,0.320944637,394.909593,0.1,58.09
13207,Nominal,0.339527667,406.181563,0.1,58.09
13208,Nominal,0.320944637,394.909593,0.1,58.09
13209,Nominal,0.120789781,242.268929,0.1,58.09
13210,Nominal,0.152922958,272.595679,0.1,58.09
13211,Nominal,0.265969813,359.499919,0.1,58.09
13212,Nominal,0.307781637,386.726538,0.1,58.09
13213,Nominal,0.245838165,345.626693,0.1,58.09
13214,Nominal,0.190089047,303.921322,0.1,58.09
13215,Nominal,0.255903989,352.631537,0.1,58.09
13216,Nominal,0.187379017,301.747097,0.1,58.09
13217,Nominal,0.258614004,354.493798,0.1,58.09
13218,Nominal,0.231126592,335.125581,0.1,58.09
13219,Nominal,0.209446386,319.020842,0.1,58.09
13220,Nominal,0.178861782,294.809449,0.1,58.09
13221,Nominal,0.200929150,312.466956,0.1,58.09
13222,Nominal,0.193186224,306.387257,0.1,58.09
13223,Nominal,0.231900886,335.686462,0.1,58.09
13224,Nominal,0.265582651,359.238168,0.1,58.09
13225,Nominal,0.290360034,375.622018,0.1,58.09
13226,Nominal,0.274874181,365.468202,0.1,58.09
13227,Nominal,0.250096798,348.607469,0.1,58.09
13228,Nominal,0.386759579,433.514035,0.1,58.09
13229,Nominal,0.330236167,400.585237,0.1,58.09
13230,Nominal,0.405729771,444.018495,0.1,58.09
13231,Nominal,0.394889653,438.046787,0.1,58.09
13232,Missing_Intentional,0.002322880,33.596655,0.1,58.09
13233,Nominal,0.279132783,368.288405,0.1,58.09
13234,Nominal,0.186604723,301.123007,0.1,58.09
13235,Nominal,0.216415018,324.284596,0.1,58.09
13236,Nominal,0.212156400,321.078105,0.1,58.09
13237,Nominal,0.216415018,324.284596,0.1,58.09
13238,Nominal,0.339527667,406.181563,0.1,58.09
13239,Nominal,0.301974446,383.060807,0.1,58.09
13240,Nominal,0.204026327,314.865971,0.1,58.09
13241,Nominal,0.293457210,377.620023,0.1,58.09
13242,Nominal,0.270615578,362.626066,0.1,58.09
13243,Nominal,0.269066989,361.587020,0.1,58.09
13244,Nominal,0.176926062,293.209831,0.1,58.09
13245,Nominal,0.218737900,326.020299,0.1,58.09
13246,Nominal,0.203252032,314.267934,0.1,58.09
13247,Nominal,0.188927606,302.991422,0.1,58.09
13248,Nominal,0.230739444,334.844788,0.1,58.09
13249,Nominal,0.301200151,382.569387,0.1,58.09
13250,Nominal,0.281842828,370.071906,0.1,58.09
13251,Nominal,0.277971357,367.521412,0.1,58.09
13252,Nominal,0.350754946,412.842619,0.1,58.09
13253,Nominal,0.288424313,374.367859,0.1,58.09
13254,Nominal,0.389082462,434.813931,0.1,58.09
13255,Nominal,0.430507153,457.375407,0.1,58.09
13256,Nominal,0.428958565,456.552047,0.1,58.09
13257,Nominal,0.337204814,404.789749,0.1,58.09
13258,Nominal,0.198993415,310.958172,0.1,58.09
13259,Nominal,0.219512194,326.596817,0.1,58.09
13260,Nominal,0.402245462,442.107822,0.1,58.09
13261,Nominal,0.192024782,305.464864,0.1,58.09
13262,Nominal,0.408052653,445.287727,0.1,58.09
13263,Nominal,0.258226871,354.228369,0.1,58.09
13264,Nominal,0.205962062,316.356118,0.1,58.09
13265,Nominal,0.295005798,378.615072,0.1,58.09
13266,Nominal,0.287650019,373.865014,0.1,58.09
13267,Nominal,0.279132783,368.288405,0.1,58.09
13268,Nominal,0.159891605,278.737534,0.1,58.09
13269,Nominal,0.199380562,311.260514,0.1,58.09
13270,Nominal,0.212543547,321.370926,0.1,58.09
13271,Nominal,0.195896238,308.528772,0.1,58.09
13272,Nominal,0.273325592,364.437259,0.1,58.09
13273,Nominal,0.314363152,390.839492,0.1,58.09
13274,Nominal,0.265195519,358.976247,0.1,58.09
13275,Nominal,0.281842828,370.071906,0.1,58.09
13276,Nominal,0.393341064,437.187028,0.1,58.09
13277,Nominal,0.327138990,398.702333,0.1,58.09
13278,Nominal,0.362369329,419.622086,0.1,58.09
13279,Nominal,0.353464961,414.434410,0.1,58.09
13280,Nominal,0.432055742,458.197287,0.1,58.09
13281,Nominal,0.421989948,452.828419,0.1,58.09
13282,Nominal,0.195896238,308.528772,0.1,58.09
13283,Nominal,0.178861782,294.809449,0.1,58.09
13284,Nominal,0.432055742,458.197287,0.1,58.09
13285,Nominal,0.147502899,267.721285,0.1,58.09
13286,Nominal,0.387533873,433.947766,0.1,58.09
13287,Nominal,0.276422769,366.496245,0.1,58.09
13288,Nominal,0.199380562,311.260514,0.1,58.09
13289,Nominal,0.249709636,348.337534,0.1,58.09
13290,Nominal,0.262485474,357.137340,0.1,58.09
13291,Nominal,0.230739444,334.844788,0.1,58.09
13292,Nominal,0.206349209,316.653306,0.1,58.09
13293,Nominal,0.173054591,289.984099,0.1,58.09
13294,Nominal,0.209059238,318.725862,0.1,58.09
13295,Nominal,0.199380562,311.260514,0.1,58.09
13296,Nominal,0.285714298,372.604941,0.1,58.09
13297,Nominal,0.277584195,367.265378,0.1,58.09
13298,Nominal,0.276422769,366.496245,0.1,58.09
13299,Nominal,0.287650019,373.865014,0.1,58.09
13300,Nominal,0.308168799,386.969695,0.1,58.09
13301,Nominal,0.344173431,408.951018,0.1,58.09
13302,Nominal,0.412311256,447.605298,0.1,58.09
13303,Nominal,0.407278359,444.865052,0.1,58.09
13304,Nominal,0.343786299,408.720956,0.1,58.09
13305,Nominal,0.355400711,415.567685,0.1,58.09
13306,Nominal,0.230352297,334.563760,0.1,58.09
13307,Nominal,0.138211384,259.151980,0.1,58.09
13308,Nominal,0.319396049,393.955703,0.1,58.09
13309,Nominal,0.115756869,237.167955,0.1,58.09
13310,Nominal,0.378629506,428.933385,0.1,58.09
13311,Nominal,0.254355401,351.562953,0.1,58.09
13312,Nominal,0.152922958,272.595679,0.1,58.09
13313,Nominal,0.245838165,345.626693,0.1,58.09
13314,Nominal,0.258614004,354.493798,0.1,58.09
13315,Nominal,0.200929150,312.466956,0.1,58.09
13316,Nominal,0.209833533,319.315550,0.1,58.09
13317,Nominal,0.147115752,267.369714,0.1,58.09
13318,Nominal,0.210220680,319.609986,0.1,58.09
13319,Nominal,0.187379017,301.747097,0.1,58.09
13320,Nominal,0.256291121,352.898167,0.1,58.09
13321,Nominal,0.277971357,367.521412,0.1,58.09
13322,Nominal,0.258614004,354.493798,0.1,58.09
13323,Nominal,0.244676739,344.809295,0.1,58.09
13324,Nominal,0.338366240,405.486253,0.1,58.09
13325,Nominal,0.415408432,449.283301,0.1,58.09
13326,Nominal,0.366627961,422.080623,0.1,58.09
13327,Nominal,0.356949270,416.472060,0.1,58.09
13328,Nominal,0.328300416,399.409453,0.1,58.09
13329,Nominal,0.419667065,451.580382,0.1,58.09
13330,Nominal,0.186604723,301.123007,0.1,58.09
13331,Nominal,0.135888502,256.965002,0.1,58.09
13332,Nominal,0.281068534,369.563215,0.1,58.09
13333,Nominal,0.108788230,229.918320,0.1,58.09
13334,Nominal,0.413859844,448.445084,0.1,58.09
13335,Nominal,0.257452577,353.696893,0.1,58.09
13336,Nominal,0.186991870,301.435214,0.1,58.09
13337,Nominal,0.217576459,325.153606,0.1,58.09
13338,Nominal,0.240805268,342.070494,0.1,58.09
13339,Nominal,0.207897797,317.839279,0.1,58.09
13340,Nominal,0.198993415,310.958172,0.1,58.09
13341,Nominal,0.140921414,261.680354,0.1,58.09
13342,Nominal,0.205574915,316.058651,0.1,58.09
13343,Nominal,0.140147120,260.960461,0.1,58.09
13344,Nominal,0.257839710,353.962720,0.1,58.09
13345,Missing_Intentional,0.013937282,82.294663,0.1,58.09
13346,Nominal,0.180023223,295.765075,0.1,58.09
13347,Nominal,0.257452577,353.696893,0.1,58.09
13348,Nominal,0.283391416,371.087195,0.1,58.09
13349,Nominal,0.301974446,383.060807,0.1,58.09
13350,Nominal,0.264808357,358.714115,0.1,58.09
13351,Nominal,0.340689123,406.875703,0.1,58.09
13352,Nominal,0.277584195,367.265378,0.1,58.09
13353,Nominal,0.322493225,395.861185,0.1,58.09
13354,Nominal,0.198993415,310.958172,0.1,58.09
13355,Nominal,0.144018590,264.540336,0.1,58.09
13356,Nominal,0.154084399,273.628895,0.1,58.09
13357,Nominal,0.117305458,238.749094,0.1,58.09
13358,Nominal,0.336817652,404.557302,0.1,58.09
13359,Nominal,0.253968269,351.295310,0.1,58.09
13360,Nominal,0.212156400,321.078105,0.1,58.09
13361,Nominal,0.185830429,300.497621,0.1,58.09
13362,Nominal,0.254742533,351.830393,0.1,58.09
13363,Nominal,0.171118855,288.357702,0.1,58.09
13364,Nominal,0.191250488,304.848385,0.1,58.09
13365,Nominal,0.094463803,214.247289,0.1,58.09
13366,Nominal,0.180797517,296.400447,0.1,58.09
13367,Nominal,0.102593884,223.276676,0.1,58.09
13368,Nominal,0.162601620,281.089781,0.1,58.09
13369,Nominal,0.243128151,343.716393,0.1,58.09
13370,Nominal,0.166085944,284.085496,0.1,58.09
13371,Nominal,0.197444826,309.745854,0.1,58.09
13372,Nominal,0.284552842,371.846833,0.1,58.09
13373,Nominal,0.264421225,358.451811,0.1,58.09
13374,Nominal,0.314363152,390.839492,0.1,58.09
13375,Nominal,0.191250488,304.848385,0.1,58.09
13376,Nominal,0.187379017,301.747097,0.1,58.09
13377,Nominal,0.361595035,419.173532,0.1,58.09
13378,Nominal,0.220286489,327.172319,0.1,58.09
13379,Nominal,0.114595428,235.975149,0.1,58.09
13380,Nominal,0.192024782,305.464864,0.1,58.09
13381,Nominal,0.088269457,207.103697,0.1,58.09
13382,Nominal,0.337591946,405.022044,0.1,58.09
13383,Nominal,0.115756869,237.167955,0.1,58.09
13384,Nominal,0.228029430,332.872619,0.1,58.09
13385,Nominal,0.113433994,234.776290,0.1,58.09
13386,Nominal,0.139759973,260.599769,0.1,58.09
13387,Nominal,0.097560972,217.731208,0.1,58.09
13388,Nominal,0.220286489,327.172319,0.1,58.09
13389,Missing_Unintentional,0.036004648,132.270168,0.1,58.09
13390,Nominal,0.256678283,353.164617,0.1,58.09
13391,Nominal,0.055361982,164.016840,0.1,58.09
13392,Nominal,0.120402634,241.880366,0.1,58.09
13393,Nominal,0.106465347,227.450429,0.1,58.09
13394,Nominal,0.087495163,206.193345,0.1,58.09
13395,Nominal,0.159117311,278.061805,0.1,58.09
13396,Missing_Unintentional,0.005032907,49.452937,0.1,58.09
13397,Nominal,0.033294618,127.194883,0.1,58.09
13398,Missing_Unintentional,0.018583043,95.025690,0.1,58.09
13399,Missing_Unintentional,0.017808750,93.024928,0.1,58.09
13400,Nominal,0.082849398,200.644520,0.1,58.09
13401,Nominal,0.245838165,345.626693,0.1,58.09
13402,Nominal,0.234998062,337.920674,0.1,58.09
13403,Nominal,0.068137825,181.960346,0.1,58.09
13404,Nominal,0.166860238,284.746931,0.1,58.09
13405,Nominal,0.363143623,420.070161,0.1,58.09
13406,Nominal,0.253581107,351.027442,0.1,58.09
13407,Nominal,0.078203641,194.937822,0.1,58.09
13408,Nominal,0.080913663,198.286686,0.1,58.09
13409,Missing_Unintentional,0.033294618,127.194883,0.1,58.09
13410,Nominal,0.278358489,367.777247,0.1,58.09
13411,Nominal,0.147890046,268.072395,0.1,58.09
13412,Nominal,0.278358489,367.777247,0.1,58.09
13413,Nominal,0.081300810,198.760490,0.1,58.09
13414,Nominal,0.127371266,248.781657,0.1,58.09
13415,Nominal,0.078203641,194.937822,0.1,58.09
13416,Nominal,0.165311649,283.422518,0.1,58.09
13417,Nominal,0.259775460,355.288936,0.1,58.09
13418,Nominal,0.183120400,298.298443,0.1,58.09
13419,Nominal,0.262098342,356.873877,0.1,58.09
13420,Nominal,0.240418121,341.795407,0.1,58.09
13421,Nominal,0.214092135,322.539553,0.1,58.09
13422,Nominal,0.240418121,341.795407,0.1,58.09
13423,Nominal,0.216415018,324.284596,0.1,58.09
13424,Nominal,0.227255136,332.306989,0.1,58.09
13425,Nominal,0.212156400,321.078105,0.1,58.09
13426,Nominal,0.168021679,285.736212,0.1,58.09
13427,Nominal,0.259775460,355.288936,0.1,58.09
13428,Nominal,0.307781637,386.726538,0.1,58.09
13429,Nominal,0.391792476,436.325574,0.1,58.09
13430,Nominal,0.173054591,289.984099,0.1,58.09
13431,Nominal,0.261711180,356.610200,0.1,58.09
13432,Nominal,0.424699962,454.280122,0.1,58.09
13433,Nominal,0.222996518,329.178653,0.1,58.09
13434,Nominal,0.336430520,404.324740,0.1,58.09
13435,Nominal,0.228416577,333.155074,0.1,58.09
13436,Nominal,0.171506003,288.683715,0.1,58.09
13437,Nominal,0.193960518,307.000646,0.1,58.09
13438,Nominal,0.226480842,331.740395,0.1,58.09
13439,Nominal,0.255903989,352.631537,0.1,58.09
13440,Nominal,0.187766165,302.058659,0.1,58.09
13441,Nominal,0.235385209,338.198913,0.1,58.09
13442,Nominal,0.153697252,273.284924,0.1,58.09
13443,Nominal,0.218350753,325.731658,0.1,58.09
13444,Nominal,0.260549754,355.818034,0.1,58.09
13445,Nominal,0.291908622,376.622346,0.1,58.09
13446,Nominal,0.269454122,361.847051,0.1,58.09
13447,Nominal,0.264034063,358.189295,0.1,58.09
13448,Nominal,0.377468050,428.274997,0.1,58.09
13449,Nominal,0.247386754,346.713573,0.1,58.09
13450,Nominal,0.351916373,413.525560,0.1,58.09
13451,Nominal,0.398373991,439.975112,0.1,58.09
13452,Missing_Intentional,0.003097174,38.794076,0.1,58.09
13453,Nominal,0.358497858,417.374494,0.1,58.09
13454,Nominal,0.222609371,328.892783,0.1,58.09
13455,Nominal,0.211382121,320.491671,0.1,58.09
13456,Nominal,0.419667065,451.580382,0.1,58.09
13457,Nominal,0.209833533,319.315550,0.1,58.09
13458,Nominal,0.441347271,463.097936,0.1,58.09
13459,Nominal,0.286488593,373.109485,0.1,58.09
13460,Nominal,0.189701900,303.611671,0.1,58.09
13461,Nominal,0.230352297,334.563760,0.1,58.09
13462,Nominal,0.275648475,365.982584,0.1,58.09
13463,Nominal,0.228803724,333.437290,0.1,58.09
13464,Nominal,0.185830429,300.497621,0.1,58.09
13465,Nominal,0.218737900,326.020299,0.1,58.09
13466,Nominal,0.202477738,313.668757,0.1,58.09
13467,Nominal,0.195121944,307.918427,0.1,58.09
13468,Nominal,0.279907078,368.798854,0.1,58.09
13469,Nominal,0.322880358,396.098717,0.1,58.09
13470,Nominal,0.281455666,369.817638,0.1,58.09
13471,Nominal,0.305071622,385.020211,0.1,58.09
13472,Nominal,0.362369329,419.622086,0.1,58.09
13473,Nominal,0.326364696,398.230216,0.1,58.09
13474,Nominal,0.410375535,446.553352,0.1,58.09
13475,Nominal,0.435927212,460.245565,0.1,58.09
13476,Nominal,0.456833154,471.152424,0.1,58.09
13477,Nominal,0.441347271,463.097936,0.1,58.09
13478,Nominal,0.209059238,318.725862,0.1,58.09
13479,Nominal,0.197831973,310.049378,0.1,58.09
13480,Nominal,0.418118477,450.746437,0.1,58.09
13481,Nominal,0.184668988,299.557093,0.1,58.09
13482,Nominal,0.353077829,414.207393,0.1,58.09
13483,Nominal,0.262872636,357.400629,0.1,58.09
13484,Nominal,0.207123503,317.246847,0.1,58.09
13485,Nominal,0.251258224,349.415982,0.1,58.09
13486,Nominal,0.272164136,363.662124,0.1,58.09
13487,Nominal,0.220286489,327.172319,0.1,58.09
13488,Nominal,0.182733253,297.982950,0.1,58.09
13489,Nominal,0.178474635,294.490218,0.1,58.09
13490,Nominal,0.186604723,301.123007,0.1,58.09
13491,Nominal,0.202864885,313.968489,0.1,58.09
13492,Nominal,0.288037181,374.116531,0.1,58.09
13493,Nominal,0.341076255,407.106808,0.1,58.09
13494,Nominal,0.296167254,379.359655,0.1,58.09
13495,Nominal,0.293457210,377.620023,0.1,58.09
13496,Nominal,0.415021300,449.073901,0.1,58.09
13497,Nominal,0.300425857,382.077336,0.1,58.09
13498,Nominal,0.421215653,452.412789,0.1,58.09
13499,Nominal,0.279132783,368.288405,0.1,58.09
13500,Nominal,0.368563682,423.193405,0.1,58.09
13501,Nominal,0.353077829,414.207393,0.1,58.09
13502,Nominal,0.210607827,319.904151,0.1,58.09
13503,Nominal,0.193573371,306.694105,0.1,58.09
13504,Nominal,0.399922580,440.829435,0.1,58.09
13505,Nominal,0.158730164,277.723324,0.1,58.09
13506,Nominal,0.361982197,419.397877,0.1,58.09
13507,Nominal,0.258226871,354.228369,0.1,58.09
13508,Nominal,0.200929150,312.466956,0.1,58.09
13509,Nominal,0.242741004,343.442624,0.1,58.09
13510,Nominal,0.266744107,360.022828,0.1,58.09
13511,Nominal,0.237320945,339.586688,0.1,58.09
13512,Nominal,0.205962062,316.356118,0.1,58.09
13513,Nominal,0.183120400,298.298443,0.1,58.09
13514,Nominal,0.231900886,335.686462,0.1,58.09
13515,Nominal,0.201316297,312.767839,0.1,58.09
13516,Nominal,0.280294240,369.053823,0.1,58.09
13517,Nominal,0.291134328,376.122514,0.1,58.09
13518,Nominal,0.269454122,361.847051,0.1,58.09
13519,Nominal,0.274099886,364.953094,0.1,58.09
13520,Nominal,0.383662403,431.774752,0.1,58.09
13521,Nominal,0.385598153,432.862631,0.1,58.09
13522,Nominal,0.409214079,445.920981,0.1,58.09
13523,Nominal,0.353464961,414.434410,0.1,58.09
13524,Nominal,0.442121565,463.503985,0.1,58.09
13525,Nominal,0.363530785,420.294028,0.1,58.09
13526,Nominal,0.179636076,295.446876,0.1,58.09
13527,Nominal,0.162988767,281.424213,0.1,58.09
13528,Nominal,0.391792476,436.325574,0.1,58.09
13529,Nominal,0.150987223,270.864894,0.1,58.09
13530,Nominal,0.330236167,400.585237,0.1,58.09
13531,Nominal,0.252806813,350.491112,0.1,58.09
13532,Nominal,0.215640724,323.703960,0.1,58.09
13533,Nominal,0.207897797,317.839279,0.1,58.09
13534,Nominal,0.247773901,346.984761,0.1,58.09
13535,Nominal,0.184281841,299.242927,0.1,58.09
13536,Nominal,0.199380562,311.260514,0.1,58.09
13537,Nominal,0.159504458,278.399875,0.1,58.09
13538,Nominal,0.206349209,316.653306,0.1,58.09
13539,Nominal,0.190863341,304.539678,0.1,58.09
13540,Nominal,0.271777004,363.403391,0.1,58.09
13541,Nominal,0.286875725,373.361491,0.1,58.09
13542,Nominal,0.255903989,352.631537,0.1,58.09
13543,Nominal,0.297328681,380.102761,0.1,58.09
13544,Nominal,0.286875725,373.361491,0.1,58.09
13545,Nominal,0.312814564,389.875643,0.1,58.09
13546,Nominal,0.356949270,416.472060,0.1,58.09
13547,Nominal,0.278358489,367.777247,0.1,58.09
13548,Nominal,0.397212535,439.333272,0.1,58.09
13549,Nominal,0.409601241,446.131876,0.1,58.09
13550,Nominal,0.224545106,330.319658,0.1,58.09
13551,Nominal,0.148277193,268.423046,0.1,58.09
13552,Nominal,0.360820740,418.724497,0.1,58.09
13553,Nominal,0.156794429,276.024693,0.1,58.09
13554,Nominal,0.427022845,455.520763,0.1,58.09
13555,Nominal,0.239256680,340.968814,0.1,58.09
13556,Nominal,0.166473091,284.416406,0.1,58.09
13557,Nominal,0.207897797,317.839279,0.1,58.09
13558,Nominal,0.246225312,345.898733,0.1,58.09
13559,Nominal,0.229965150,334.282496,0.1,58.09
13560,Nominal,0.221447930,328.033679,0.1,58.09
13561,Nominal,0.142470002,263.114231,0.1,58.09
13562,Nominal,0.194347665,307.306882,0.1,58.09
13563,Nominal,0.159117311,278.061805,0.1,58.09
13564,Nominal,0.165698797,283.754201,0.1,58.09
13565,Nominal,0.243902445,344.263278,0.1,58.09
13566,Nominal,0.197831973,310.049378,0.1,58.09
13567,Nominal,0.238095239,340.140212,0.1,58.09
13568,Nominal,0.259388298,355.024081,0.1,58.09
13569,Nominal,0.385985285,433.079869,0.1,58.09
13570,Nominal,0.351529241,413.298045,0.1,58.09
13571,Nominal,0.286875725,373.361491,0.1,58.09
13572,Nominal,0.327913284,399.173892,0.1,58.09
13573,Nominal,0.338753402,405.718168,0.1,58.09
13574,Nominal,0.186604723,301.123007,0.1,58.09
13575,Nominal,0.125822693,247.264695,0.1,58.09
13576,Nominal,0.231513739,335.406139,0.1,58.09
13577,Nominal,0.128919855,250.289440,0.1,58.09
13578,Nominal,0.361982197,419.397877,0.1,58.09
13579,Nominal,0.271389842,363.144455,0.1,58.09
13580,Nominal,0.206349209,316.653306,0.1,58.09
13581,Nominal,0.190863341,304.539678,0.1,58.09
13582,Nominal,0.229578003,334.000994,0.1,58.09
13583,Nominal,0.177700356,293.850728,0.1,58.09
13584,Nominal,0.192411929,305.772638,0.1,58.09
13585,Nominal,0.104916766,225.790191,0.1,58.09
13586,Nominal,0.210220680,319.609986,0.1,58.09
13587,Nominal,0.127371266,248.781657,0.1,58.09
13588,Nominal,0.171118855,288.357702,0.1,58.09
13589,Nominal,0.251645386,349.685085,0.1,58.09
13590,Nominal,0.168795973,286.393834,0.1,58.09
13591,Nominal,0.235772356,338.476923,0.1,58.09
13592,Nominal,0.229578003,334.000994,0.1,58.09
13593,Nominal,0.268292695,361.066376,0.1,58.09
13594,Nominal,0.300813019,382.323450,0.1,58.09
13595,Nominal,0.233836621,337.084580,0.1,58.09
13596,Nominal,0.221835077,328.320297,0.1,58.09
13597,Nominal,0.310491681,388.425387,0.1,58.09
13598,Nominal,0.199767709,311.562562,0.1,58.09
13599,Nominal,0.100271001,220.734541,0.1,58.09
13600,Nominal,0.162988767,281.424213,0.1,58.09
13601,Nominal,0.065040648,177.776787,0.1,58.09
13602,Nominal,0.338366240,405.486253,0.1,58.09
13603,Nominal,0.166473091,284.416406,0.1,58.09
13604,Nominal,0.228803724,333.437290,0.1,58.09
13605,Nominal,0.116531163,237.959838,0.1,58.09
13606,Nominal,0.169570267,287.049949,0.1,58.09
13607,Nominal,0.131242737,252.534235,0.1,58.09
13608,Nominal,0.222996518,329.178653,0.1,58.09
13609,Missing_Unintentional,0.034068912,128.665395,0.1,58.09
13610,Nominal,0.273712724,364.695258,0.1,58.09
13611,Nominal,0.073945023,189.555809,0.1,58.09
13612,Nominal,0.073557876,189.058938,0.1,58.09
13613,Nominal,0.123499803,244.971609,0.1,58.09
13614,Nominal,0.077816494,194.454703,0.1,58.09
13615,Nominal,0.112659700,233.973633,0.1,58.09
13616,Missing_Unintentional,0.031358887,123.441997,0.1,58.09
13617,Nominal,0.084010839,202.046013,0.1,58.09
13618,Nominal,0.040263258,139.874027,0.1,58.09
13619,Missing_Unintentional,0.034456059,129.394384,0.1,58.09
13620,Nominal,0.046844754,150.873549,0.1,58.09
13621,Nominal,0.229190856,333.719256,0.1,58.09
13622,Nominal,0.266744107,360.022828,0.1,58.09
13623,Nominal,0.060394891,171.310003,0.1,58.09
13624,Nominal,0.092140920,211.596703,0.1,58.09
13625,Nominal,0.293070078,377.370861,0.1,58.09
13626,Nominal,0.236933798,339.309587,0.1,58.09
13627,Nominal,0.054200541,162.287262,0.1,58.09
13628,Nominal,0.051103368,157.582282,0.1,58.09
13629,Missing_Unintentional,0.030197445,121.134465,0.1,58.09
13630,Nominal,0.206736356,316.950215,0.1,58.09
13631,Nominal,0.164150208,282.425133,0.1,58.09
13632,Nominal,0.281068534,369.563215,0.1,58.09
13633,Nominal,0.075880758,192.020879,0.1,58.09
13634,Nominal,0.159891605,278.737534,0.1,58.09
13635,Nominal,0.099109560,219.452431,0.1,58.09
13636,Nominal,0.199380562,311.260514,0.1,58.09
13637,Nominal,0.212543547,321.370926,0.1,58.09
13638,Missing_Intentional,0.000774293,19.397038,0.1,58.09
13639,Nominal,0.243128151,343.716393,0.1,58.09
13640,Nominal,0.176538914,292.888856,0.1,58.09
13641,Nominal,0.191250488,304.848385,0.1,58.09
13642,Nominal,0.204413474,315.164564,0.1,58.09
13643,Nominal,0.193573371,306.694105,0.1,58.09
13644,Nominal,0.132017031,253.278079,0.1,58.09
13645,Nominal,0.261324048,356.346347,0.1,58.09
13646,Nominal,0.325590402,397.757539,0.1,58.09
13647,Nominal,0.352303535,413.752969,0.1,58.09
13648,Nominal,0.322106063,395.623493,0.1,58.09
13649,Nominal,0.224157959,330.034776,0.1,58.09
13650,Nominal,0.182733253,297.982950,0.1,58.09
13651,Nominal,0.252806813,350.491112,0.1,58.09
13652,Nominal,0.342624843,408.029955,0.1,58.09
13653,Nominal,0.216415018,324.284596,0.1,58.09
13654,Nominal,0.316686034,392.280823,0.1,58.09
13655,Nominal,0.268292695,361.066376,0.1,58.09
13656,Nominal,0.210607827,319.904151,0.1,58.09
13657,Nominal,0.260162592,355.553573,0.1,58.09
13658,Nominal,0.253193974,350.759390,0.1,58.09
13659,Nominal,0.241966709,342.894431,0.1,58.09
13660,Nominal,0.214479282,322.831048,0.1,58.09
13661,Nominal,0.250483930,348.877175,0.1,58.09
13662,Nominal,0.198219121,310.352605,0.1,58.09
13663,Missing_Intentional,0.000000000,0.000000,0.1,58.09
13664,Nominal,0.257839710,353.962720,0.1,58.09
13665,Missing_Intentional,0.000000000,0.000000,0.1,58.09
13666,Nominal,0.251258224,349.415982,0.1,58.09
13667,Nominal,0.287650019,373.865014,0.1,58.09
13668,Nominal,0.356562138,416.246155,0.1,58.09
13669,Nominal,0.281068534,369.563215,0.1,58.09
13670,Nominal,0.326751828,398.466335,0.1,58.09
13671,Nominal,0.391405344,436.109953,0.1,58.09
13672,Nominal,0.358110726,417.149077,0.1,58.09
13673,Nominal,0.301200151,382.569387,0.1,58.09
13674,Nominal,0.204800621,315.462875,0.1,58.09
13675,Nominal,0.232675180,336.246406,0.1,58.09
13676,Nominal,0.346496314,410.328736,0.1,58.09
13677,Nominal,0.227642283,332.589925,0.1,58.09
13678,Nominal,0.379790932,429.590747,0.1,58.09
13679,Nominal,0.273712724,364.695258,0.1,58.09
13680,Nominal,0.209833533,319.315550,0.1,58.09
13681,Nominal,0.256291121,352.898167,0.1,58.09
13682,Nominal,0.246612459,346.170559,0.1,58.09
13683,Nominal,0.228803724,333.437290,0.1,58.09
13684,Nominal,0.173441738,290.308285,0.1,58.09
13685,Nominal,0.186604723,301.123007,0.1,58.09
13686,Nominal,0.191637635,305.156780,0.1,58.09
13687,Nominal,0.202090591,313.368739,0.1,58.09
13688,Nominal,0.307781637,386.726538,0.1,58.09
13689,Nominal,0.301587313,382.815185,0.1,58.09
13690,Nominal,0.281455666,369.817638,0.1,58.09
13691,Nominal,0.320170343,394.432937,0.1,58.09
13692,Nominal,0.324428946,397.047458,0.1,58.09
13693,Nominal,0.324816108,397.284299,0.1,58.09
13694,Nominal,0.338753402,405.718168,0.1,58.09
13695,Nominal,0.326751828,398.466335,0.1,58.09
13696,Nominal,0.334881932,403.393114,0.1,58.09
13697,Nominal,0.383275270,431.556857,0.1,58.09
13698,Nominal,0.218350753,325.731658,0.1,58.09
13699,Nominal,0.215640724,323.703960,0.1,58.09
13700,Nominal,0.380565226,430.028435,0.1,58.09
13701,Nominal,0.203639179,314.567095,0.1,58.09
13702,Nominal,0.346496314,410.328736,0.1,58.09
13703,Nominal,0.276035607,366.239495,0.1,58.09
13704,Nominal,0.211769268,320.785028,0.1,58.09
13705,Nominal,0.256291121,352.898167,0.1,58.09
13706,Nominal,0.263646930,357.926606,0.1,58.09
13707,Nominal,0.267131239,360.283988,0.1,58.09
13708,Nominal,0.174603179,291.278679,0.1,58.09
13709,Nominal,0.199380562,311.260514,0.1,58.09
13710,Nominal,0.184281841,299.242927,0.1,58.09
13711,Nominal,0.193573371,306.694105,0.1,58.09
13712,Nominal,0.288424313,374.367859,0.1,58.09
13713,Nominal,0.291521490,376.372523,0.1,58.09
13714,Nominal,0.264421225,358.451811,0.1,58.09
13715,Nominal,0.315524578,391.560811,0.1,58.09
13716,Nominal,0.289972901,375.371529,0.1,58.09
13717,Nominal,0.425861388,454.900857,0.1,58.09
13718,Nominal,0.306620210,385.996184,0.1,58.09
13719,Nominal,0.405342638,443.806611,0.1,58.09
13720,Nominal,0.404955477,443.594610,0.1,58.09
13721,Nominal,0.416569889,449.910946,0.1,58.09
13722,Nominal,0.223770812,329.749649,0.1,58.09
13723,Nominal,0.204026327,314.865971,0.1,58.09
13724,Nominal,0.407278359,444.865052,0.1,58.09
13725,Nominal,0.176151767,292.567530,0.1,58.09
13726,Nominal,0.388308167,434.381064,0.1,58.09
13727,Nominal,0.273712724,364.695258,0.1,58.09
13728,Nominal,0.209446386,319.020842,0.1,58.09
13729,Nominal,0.259001166,354.759049,0.1,58.09
13730,Nominal,0.300813019,382.323450,0.1,58.09
13731,Nominal,0.233836621,337.084580,0.1,58.09
13732,Nominal,0.200542003,312.165782,0.1,58.09
13733,Nominal,0.189314753,303.301705,0.1,58.09
13734,Nominal,0.202864885,313.968489,0.1,58.09
13735,Nominal,0.161053032,279.748054,0.1,58.09
13736,Nominal,0.280681372,369.308597,0.1,58.09
13737,Nominal,0.273325592,364.437259,0.1,58.09
13738,Nominal,0.231126592,335.125581,0.1,58.09
13739,Nominal,0.284940004,372.099714,0.1,58.09
13740,Nominal,0.347270608,410.786948,0.1,58.09
13741,Nominal,0.432442904,458.402534,0.1,58.09
13742,Nominal,0.369725138,423.859686,0.1,58.09
13743,Nominal,0.419667065,451.580382,0.1,58.09
13744,Nominal,0.399535418,440.616001,0.1,58.09
13745,Nominal,0.333720475,402.692971,0.1,58.09
13746,Nominal,0.185443282,300.184439,0.1,58.09
13747,Nominal,0.201703444,313.068433,0.1,58.09
13748,Nominal,0.381339520,430.465679,0.1,58.09
13749,Nominal,0.163763061,282.091887,0.1,58.09
13750,Nominal,0.372435153,425.410255,0.1,58.09
13751,Nominal,0.245838165,345.626693,0.1,58.09
13752,Nominal,0.193186224,306.387257,0.1,58.09
13753,Nominal,0.223770812,329.749649,0.1,58.09
13754,Nominal,0.262485474,357.137340,0.1,58.09
13755,Nominal,0.206736356,316.950215,0.1,58.09
13756,Nominal,0.223383665,329.464274,0.1,58.09
13757,Nominal,0.167634532,285.406832,0.1,58.09
13758,Nominal,0.217576459,325.153606,0.1,58.09
13759,Nominal,0.164537355,282.757985,0.1,58.09
13760,Nominal,0.212156400,321.078105,0.1,58.09
13761,Nominal,0.265969813,359.499919,0.1,58.09
13762,Nominal,0.206736356,316.950215,0.1,58.09
13763,Nominal,0.248548195,347.526502,0.1,58.09
13764,Nominal,0.324041814,396.810495,0.1,58.09
13765,Nominal,0.424312800,454.073011,0.1,58.09
13766,Nominal,0.415021300,449.073901,0.1,58.09
13767,Nominal,0.368950844,423.415621,0.1,58.09
13768,Nominal,0.351142079,413.070386,0.1,58.09
13769,Nominal,0.363530785,420.294028,0.1,58.09
13770,Nominal,0.164924502,283.090447,0.1,58.09
13771,Nominal,0.174990326,291.601426,0.1,58.09
13772,Nominal,0.265969813,359.499919,0.1,58.09
13773,Nominal,0.156020135,275.342307,0.1,58.09
13774,Nominal,0.355400711,415.567685,0.1,58.09
13775,Nominal,0.304297328,384.531296,0.1,58.09
13776,Nominal,0.186991870,301.435214,0.1,58.09
13777,Nominal,0.248935342,347.797056,0.1,58.09
13778,Nominal,0.281068534,369.563215,0.1,58.09
13779,Nominal,0.235385209,338.198913,0.1,58.09
13780,Nominal,0.219125047,326.308686,0.1,58.09
13781,Nominal,0.140534267,261.320655,0.1,58.09
13782,Nominal,0.226093695,331.456735,0.1,58.09
13783,Nominal,0.150600076,270.517408,0.1,58.09
13784,Nominal,0.195121944,307.918427,0.1,58.09
13785,Nominal,0.260936886,356.082278,0.1,58.09
13786,Nominal,0.197057679,309.442032,0.1,58.09
13787,Nominal,0.244289592,344.536394,0.1,58.09
13788,Nominal,0.262098342,356.873877,0.1,58.09
13789,Nominal,0.335656226,403.859196,0.1,58.09
13790,Nominal,0.312427402,389.634300,0.1,58.09
13791,Nominal,0.255516827,352.364685,0.1,58.09
13792,Nominal,0.254742533,351.830393,0.1,58.09
13793,Nominal,0.268679827,361.326782,0.1,58.09
13794,Nominal,0.210994974,320.198046,0.1,58.09
13795,Nominal,0.145567164,265.958780,0.1,58.09
13796,Nominal,0.248548195,347.526502,0.1,58.09
13797,Nominal,0.108013935,229.098643,0.1,58.09
13798,Nominal,0.321331799,395.147715,0.1,58.09
13799,Nominal,0.209833533,319.315550,0.1,58.09
13800,Nominal,0.198993415,310.958172,0.1,58.09
13801,Nominal,0.159891605,278.737534,0.1,58.09
13802,Nominal,0.231513739,335.406139,0.1,58.09
13803,Nominal,0.149438635,269.472262,0.1,58.09
13804,Nominal,0.195896238,308.528772,0.1,58.09
13805,Nominal,0.109949671,231.142384,0.1,58.09
13806,Nominal,0.197831973,310.049378,0.1,58.09
13807,Nominal,0.147890046,268.072395,0.1,58.09
13808,Nominal,0.153310105,272.940519,0.1,58.09
13809,Nominal,0.265969813,359.499919,0.1,58.09
13810,Nominal,0.177700356,293.850728,0.1,58.09
13811,Nominal,0.263259768,357.663704,0.1,58.09
13812,Nominal,0.200154856,311.864318,0.1,58.09
13813,Nominal,0.256678283,353.164617,0.1,58.09
13814,Nominal,0.342624843,408.029955,0.1,58.09
13815,Nominal,0.193960518,307.000646,0.1,58.09
13816,Nominal,0.197444826,309.745854,0.1,58.09
13817,Nominal,0.325590402,397.757539,0.1,58.09
13818,Nominal,0.202090591,313.368739,0.1,58.09
13819,Nominal,0.093689509,213.367419,0.1,58.09
13820,Nominal,0.198219121,310.352605,0.1,58.09
13821,Nominal,0.099883854,220.308001,0.1,58.09
13822,Nominal,0.371273726,424.746424,0.1,58.09
13823,Nominal,0.246225312,345.898733,0.1,58.09
13824,Nominal,0.219512194,326.596817,0.1,58.09
13825,Nominal,0.161440179,280.084089,0.1,58.09
13826,Nominal,0.230352297,334.563760,0.1,58.09
13827,Nominal,0.153310105,272.940519,0.1,58.09
13828,Nominal,0.229190856,333.719256,0.1,58.09
13829,Nominal,0.061169185,172.404647,0.1,58.09
13830,Nominal,0.246612459,346.170559,0.1,58.09
13831,Nominal,0.111111112,232.360001,0.1,58.09
13832,Nominal,0.082462251,200.175175,0.1,58.09
13833,Nominal,0.156407282,275.683711,0.1,58.09
13834,Nominal,0.086720869,205.278957,0.1,58.09
13835,Nominal,0.145954311,266.312214,0.1,58.09
13836,Nominal,0.047619049,152.115328,0.1,58.09
13837,Nominal,0.103755325,224.536951,0.1,58.09
13838,Nominal,0.094850950,214.685872,0.1,58.09
13839,Nominal,0.048393343,153.347053,0.1,58.09
13840,Nominal,0.086720869,205.278957,0.1,58.09
13841,Nominal,0.279519945,368.543727,0.1,58.09
13842,Nominal,0.212543547,321.370926,0.1,58.09
13843,Nominal,0.101045296,221.585160,0.1,58.09
13844,Nominal,0.166860238,284.746931,0.1,58.09
13845,Nominal,0.313201696,390.116819,0.1,58.09
13846,Nominal,0.218350753,325.731658,0.1,58.09
13847,Nominal,0.078203641,194.937822,0.1,58.09
13848,Nominal,0.067363530,180.923526,0.1,58.09
13849,Nominal,0.060394891,171.310003,0.1,58.09
13850,Nominal,0.253193974,350.759390,0.1,58.09
13851,Nominal,0.100271001,220.734541,0.1,58.09
13852,Nominal,0.230352297,334.563760,0.1,58.09
13853,Nominal,0.057684861,167.422394,0.1,58.09
13854,Nominal,0.106852494,227.863600,0.1,58.09
13855,Nominal,0.062717773,174.573346,0.1,58.09
13856,Nominal,0.209833533,319.315550,0.1,58.09
13857,Missing_Intentional,0.006968641,58.191114,0.1,58.09
13858,Nominal,0.215640724,323.703960,0.1,58.09
13859,Nominal,0.206349209,316.653306,0.1,58.09
13860,Nominal,0.173054591,289.984099,0.1,58.09
13861,Nominal,0.183120400,298.298443,0.1,58.09
13862,Nominal,0.184668988,299.557093,0.1,58.09
13863,Nominal,0.215640724,323.703960,0.1,58.09
13864,Nominal,0.248548195,347.526502,0.1,58.09
13865,Missing_Intentional,0.002322880,33.596655,0.1,58.09
13866,Nominal,0.259388298,355.024081,0.1,58.09
13867,Nominal,0.327913284,399.173892,0.1,58.09
13868,Missing_Unintentional,0.000000000,0.000000,0.1,58.09
13869,Missing_Unintentional,0.000000000,0.000000,0.1,58.09
13870,Missing_Unintentional,0.000000000,0.000000,0.1,58.09
13871,Missing_Unintentional,0.000000000,0.000000,0.1,58.09
13872,Nominal,0.356562138,416.246155,0.1,58.09
13873,Nominal,0.335656226,403.859196,0.1,58.09
13874,Nominal,0.230352297,334.563760,0.1,58.09
13875,Nominal,0.241966709,342.894431,0.1,58.09
13876,Nominal,0.373983741,426.293767,0.1,58.09
13877,Nominal,0.194347665,307.306882,0.1,58.09
13878,Nominal,0.321331799,395.147715,0.1,58.09
13879,Nominal,0.243515298,343.989944,0.1,58.09
13880,Nominal,0.205187768,315.760903,0.1,58.09
13881,Nominal,0.283778548,371.340574,0.1,58.09
13882,Nominal,0.230352297,334.563760,0.1,58.09
13883,Nominal,0.270228416,362.366574,0.1,58.09
13884,Missing_Intentional,0.002322880,33.596655,0.1,58.09
13885,Nominal,0.229578003,334.000994,0.1,58.09
13886,Nominal,0.245838165,345.626693,0.1,58.09
13887,Nominal,0.194734812,307.612812,0.1,58.09
13888,Missing_Intentional,0.000387147,13.715777,0.1,58.09
13889,Nominal,0.232288033,335.966551,0.1,58.09
13890,Nominal,0.228416577,333.155074,0.1,58.09
13891,Nominal,0.261711180,356.610200,0.1,58.09
13892,Missing_Intentional,0.000000000,0.000000,0.1,58.09
13893,Nominal,0.364692211,420.964881,0.1,58.09
13894,Nominal,0.350754946,412.842619,0.1,58.09
13895,Nominal,0.344560593,409.180968,0.1,58.09
13896,Missing_Unintentional,0.000000000,0.000000,0.1,58.09
13897,Missing_Unintentional,0.000000000,0.000000,0.1,58.09
13898,Missing_Unintentional,0.000000000,0.000000,0.1,58.09
13899,Missing_Unintentional,0.000000000,0.000000,0.1,58.09
13900,Nominal,0.412311256,447.605298,0.1,58.09
13901,Nominal,0.317460328,392.760092,0.1,58.09
13902,Nominal,0.198219121,310.352605,0.1,58.09
13903,Nominal,0.202477738,313.668757,0.1,58.09
13904,Nominal,0.302361608,383.306289,0.1,58.09
13905,Nominal,0.203252032,314.267934,0.1,58.09
13906,Nominal,0.341076255,407.106808,0.1,58.09
13907,Nominal,0.276035607,366.239495,0.1,58.09
13908,Nominal,0.230352297,334.563760,0.1,58.09
13909,Nominal,0.234610915,337.642206,0.1,58.09
13910,Nominal,0.230739444,334.844788,0.1,58.09
13911,Nominal,0.260162592,355.553573,0.1,58.09
13912,Nominal,0.209446386,319.020842,0.1,58.09
13913,Nominal,0.198993415,310.958172,0.1,58.09
13914,Nominal,0.222222224,328.606665,0.1,58.09
13915,Nominal,0.206349209,316.653306,0.1,58.09
13916,Nominal,0.271389842,363.144455,0.1,58.09
13917,Nominal,0.249322489,348.067400,0.1,58.09
13918,Nominal,0.226867989,332.023813,0.1,58.09
13919,Nominal,0.304684490,384.775841,0.1,58.09
13920,Nominal,0.332171887,401.757562,0.1,58.09
13921,Nominal,0.190863341,304.539678,0.1,58.09
13922,Nominal,0.422377080,453.036083,0.1,58.09
13923,Nominal,0.311653107,389.151181,0.1,58.09
13924,Missing_Unintentional,0.000000000,0.000000,0.1,58.09
13925,Missing_Unintentional,0.000000000,0.000000,0.1,58.09
13926,Missing_Unintentional,0.000000000,0.000000,0.1,58.09
13927,Missing_Unintentional,0.000000000,0.000000,0.1,58.09
13928,Nominal,0.383662403,431.774752,0.1,58.09
13929,Nominal,0.329849005,400.350349,0.1,58.09
13930,Nominal,0.193960518,307.000646,0.1,58.09
13931,Nominal,0.206349209,316.653306,0.1,58.09
13932,Nominal,0.281455666,369.817638,0.1,58.09
13933,Nominal,0.193573371,306.694105,0.1,58.09
13934,Nominal,0.347270608,410.786948,0.1,58.09
13935,Nominal,0.283004254,370.833623,0.1,58.09
13936,Nominal,0.216027871,323.994408,0.1,58.09
13937,Nominal,0.271389842,363.144455,0.1,58.09
13938,Nominal,0.259001166,354.759049,0.1,58.09
13939,Nominal,0.257839710,353.962720,0.1,58.09
13940,Nominal,0.212930694,321.663481,0.1,58.09
13941,Nominal,0.188540459,302.680820,0.1,58.09
13942,Nominal,0.206736356,316.950215,0.1,58.09
13943,Nominal,0.187379017,301.747097,0.1,58.09
13944,Nominal,0.191250488,304.848385,0.1,58.09
13945,Nominal,0.245838165,345.626693,0.1,58.09
13946,Nominal,0.201316297,312.767839,0.1,58.09
13947,Nominal,0.280294240,369.053823,0.1,58.09
13948,Nominal,0.320944637,394.909593,0.1,58.09
13949,Nominal,0.351916373,413.525560,0.1,58.09
13950,Nominal,0.352690667,413.980234,0.1,58.09
13951,Nominal,0.296554387,379.607513,0.1,58.09
13952,Missing_Unintentional,0.000000000,0.000000,0.1,58.09
13953,Missing_Unintentional,0.000000000,0.000000,0.1,58.09
13954,Missing_Unintentional,0.000000000,0.000000,0.1,58.09
13955,Missing_Unintentional,0.000000000,0.000000,0.1,58.09
13956,Nominal,0.257452577,353.696893,0.1,58.09
13957,Nominal,0.233836621,337.084580,0.1,58.09
13958,Nominal,0.199380562,311.260514,0.1,58.09
13959,Nominal,0.202477738,313.668757,0.1,58.09
13960,Nominal,0.250096798,348.607469,0.1,58.09
13961,Nominal,0.197831973,310.049378,0.1,58.09
13962,Nominal,0.255903989,352.631537,0.1,58.09
13963,Nominal,0.313588858,390.357865,0.1,58.09
13964,Nominal,0.218350753,325.731658,0.1,58.09
13965,Nominal,0.259001166,354.759049,0.1,58.09
13966,Nominal,0.221835077,328.320297,0.1,58.09
13967,Nominal,0.241192415,342.345360,0.1,58.09
13968,Nominal,0.204026327,314.865971,0.1,58.09
13969,Nominal,0.154858693,274.315544,0.1,58.09
13970,Nominal,0.185056135,299.870930,0.1,58.09
13971,Nominal,0.162601620,281.089781,0.1,58.09
13972,Nominal,0.214479282,322.831048,0.1,58.09
13973,Nominal,0.244289592,344.536394,0.1,58.09
13974,Nominal,0.178474635,294.490218,0.1,58.09
13975,Nominal,0.280681372,369.308597,0.1,58.09
13976,Nominal,0.367015094,422.303407,0.1,58.09
13977,Nominal,0.389856756,435.246367,0.1,58.09
13978,Nominal,0.351529241,413.298045,0.1,58.09
13979,Nominal,0.259775460,355.288936,0.1,58.09
13980,Missing_Unintentional,0.000000000,0.000000,0.1,58.09
13981,Missing_Unintentional,0.000000000,0.000000,0.1,58.09
13982,Missing_Unintentional,0.000000000,0.000000,0.1,58.09
13983,Missing_Unintentional,0.000000000,0.000000,0.1,58.09
13984,Nominal,0.280294240,369.053823,0.1,58.09
13985,Nominal,0.243515298,343.989944,0.1,58.09
13986,Nominal,0.207897797,317.839279,0.1,58.09
13987,Nominal,0.180797517,296.400447,0.1,58.09
13988,Nominal,0.291908622,376.622346,0.1,58.09
13989,Nominal,0.163763061,282.091887,0.1,58.09
13990,Nominal,0.361207902,418.949083,0.1,58.09
13991,Nominal,0.287650019,373.865014,0.1,58.09
13992,Nominal,0.214092135,322.539553,0.1,58.09
13993,Nominal,0.213704988,322.247794,0.1,58.09
13994,Nominal,0.211769268,320.785028,0.1,58.09
13995,Nominal,0.214866430,323.122281,0.1,58.09
13996,Nominal,0.210994974,320.198046,0.1,58.09
13997,Nominal,0.140147120,260.960461,0.1,58.09
13998,Nominal,0.181184664,296.717622,0.1,58.09
13999,Nominal,0.157568723,276.705397,0.1,58.09
14000,Nominal,0.169183120,286.722079,0.1,58.09
14001,Nominal,0.216802165,324.574525,0.1,58.09
14002,Nominal,0.179636076,295.446876,0.1,58.09
14003,Nominal,0.252419680,350.222649,0.1,58.09
14004,Nominal,0.283004254,370.833623,0.1,58.09
14005,Nominal,0.321718931,395.385676,0.1,58.09
14006,Nominal,0.226480842,331.740395,0.1,58.09
14007,Nominal,0.209833533,319.315550,0.1,58.09
14008,Missing_Unintentional,0.000000000,0.000000,0.1,58.09
14009,Missing_Unintentional,0.000000000,0.000000,0.1,58.09
14010,Missing_Unintentional,0.000000000,0.000000,0.1,58.09
14011,Missing_Unintentional,0.000000000,0.000000,0.1,58.09
14012,Nominal,0.298490137,380.844436,0.1,58.09
14013,Nominal,0.354239255,414.888088,0.1,58.09
14014,Nominal,0.181184664,296.717622,0.1,58.09
14015,Nominal,0.161827326,280.419720,0.1,58.09
14016,Nominal,0.281842828,370.071906,0.1,58.09
14017,Nominal,0.143631443,264.184531,0.1,58.09
14018,Nominal,0.276809901,366.752795,0.1,58.09
14019,Nominal,0.302748740,383.551596,0.1,58.09
14020,Nominal,0.186217576,300.810476,0.1,58.09
14021,Nominal,0.222609371,328.892783,0.1,58.09
14022,Nominal,0.219512194,326.596817,0.1,58.09
14023,Nominal,0.204413474,315.164564,0.1,58.09
14024,Nominal,0.207897797,317.839279,0.1,58.09
14025,Nominal,0.133178473,254.389767,0.1,58.09
14026,Nominal,0.161827326,280.419720,0.1,58.09
14027,Nominal,0.149051487,269.122978,0.1,58.09
14028,Nominal,0.206736356,316.950215,0.1,58.09
14029,Nominal,0.234998062,337.920674,0.1,58.09
14030,Nominal,0.215640724,323.703960,0.1,58.09
14031,Nominal,0.250871092,349.146693,0.1,58.09
14032,Nominal,0.297715843,380.350153,0.1,58.09
14033,Nominal,0.320170343,394.432937,0.1,58.09
14034,Nominal,0.344560593,409.180968,0.1,58.09
14035,Nominal,0.269066989,361.587020,0.1,58.09
14036,Missing_Unintentional,0.000000000,0.000000,0.1,58.09
14037,Missing_Unintentional,0.000000000,0.000000,0.1,58.09
14038,Missing_Unintentional,0.000000000,0.000000,0.1,58.09
14039,Missing_Unintentional,0.000000000,0.000000,0.1,58.09
14040,Nominal,0.284940004,372.099714,0.1,58.09
14041,Nominal,0.345334888,409.640465,0.1,58.09
14042,Nominal,0.156020135,275.342307,0.1,58.09
14043,Nominal,0.121176928,242.656870,0.1,58.09
14044,Nominal,0.168795973,286.393834,0.1,58.09
14045,Nominal,0.137437090,258.425044,0.1,58.09
14046,Nominal,0.349206358,411.930258,0.1,58.09
14047,Nominal,0.238482386,340.416637,0.1,58.09
14048,Nominal,0.203252032,314.267934,0.1,58.09
14049,Nominal,0.153697252,273.284924,0.1,58.09
14050,Nominal,0.207123503,317.246847,0.1,58.09
14051,Nominal,0.162988767,281.424213,0.1,58.09
14052,Nominal,0.207123503,317.246847,0.1,58.09
14053,Nominal,0.123499803,244.971609,0.1,58.09
14054,Nominal,0.159891605,278.737534,0.1,58.09
14055,Nominal,0.125822693,247.264695,0.1,58.09
14056,Nominal,0.127758414,249.159458,0.1,58.09
14057,Nominal,0.145567164,265.958780,0.1,58.09
14058,Nominal,0.112659700,233.973633,0.1,58.09
14059,Nominal,0.162214473,280.754950,0.1,58.09
14060,Nominal,0.232288033,335.966551,0.1,58.09
14061,Nominal,0.298102975,380.597365,0.1,58.09
14062,Nominal,0.367402256,422.526091,0.1,58.09
14063,Nominal,0.190476194,304.230657,0.1,58.09
14064,Missing_Unintentional,0.000000000,0.000000,0.1,58.09
14065,Missing_Unintentional,0.000000000,0.000000,0.1,58.09
14066,Missing_Unintentional,0.000000000,0.000000,0.1,58.09
14067,Missing_Unintentional,0.000000000,0.000000,0.1,58.09
14068,Nominal,0.197444826,309.745854,0.1,58.09
14069,Nominal,0.308943093,387.455533,0.1,58.09
14070,Nominal,0.169183120,286.722079,0.1,58.09
14071,Nominal,0.120015487,241.491177,0.1,58.09
14072,Nominal,0.185056135,299.870930,0.1,58.09
14073,Nominal,0.114595428,235.975149,0.1,58.09
14074,Nominal,0.198219121,310.352605,0.1,58.09
14075,Nominal,0.264034063,358.189295,0.1,58.09
14076,Nominal,0.219512194,326.596817,0.1,58.09
14077,Nominal,0.161053032,279.748054,0.1,58.09
14078,Nominal,0.212930694,321.663481,0.1,58.09
14079,Nominal,0.154858693,274.315544,0.1,58.09
14080,Nominal,0.215640724,323.703960,0.1,58.09
14081,Nominal,0.101819590,222.432526,0.1,58.09
14082,Nominal,0.113433994,234.776290,0.1,58.09
14083,Nominal,0.101045296,221.585160,0.1,58.09
14084,Nominal,0.114595428,235.975149,0.1,58.09
14085,Nominal,0.142082855,262.756495,0.1,58.09
14086,Nominal,0.118079752,239.535749,0.1,58.09
14087,Nominal,0.167634532,285.406832,0.1,58.09
14088,Missing_Unintentional,0.009291521,67.193310,0.1,58.09
14089,Missing_Unintentional,0.005420054,51.319739,0.1,58.09
14090,Nominal,0.047231901,151.495711,0.1,58.09
14091,Missing_Unintentional,0.000000000,0.000000,0.1,58.09
14092,Nominal,0.111885406,233.168213,0.1,58.09
14093,Nominal,0.280294240,369.053823,0.1,58.09
14094,Nominal,0.354239255,414.888088,0.1,58.09
14095,Nominal,0.127371266,248.781657,0.1,58.09
14096,Missing_Unintentional,0.000000000,0.000000,0.1,58.09
14097,Missing_Unintentional,0.000000000,0.000000,0.1,58.09
14098,Missing_Unintentional,0.000000000,0.000000,0.1,58.09
14099,Missing_Unintentional,0.000000000,0.000000,0.1,58.09
14100,Nominal,0.149438635,269.472262,0.1,58.09
14101,Nominal,0.305458754,385.264427,0.1,58.09
14102,Nominal,0.146728605,267.017679,0.1,58.09
14103,Nominal,0.080913663,198.286686,0.1,58.09
14104,Missing_Unintentional,0.030971738,122.677639,0.1,58.09
14105,Nominal,0.087108016,205.736659,0.1,58.09
14106,Nominal,0.295005798,378.615072,0.1,58.09
14107,Nominal,0.146341458,266.665180,0.1,58.09
14108,Nominal,0.207123503,317.246847,0.1,58.09
14109,Nominal,0.068524972,182.476547,0.1,58.09
14110,Nominal,0.090979479,210.258880,0.1,58.09
14111,Nominal,0.084010839,202.046013,0.1,58.09
14112,Nominal,0.170731708,288.031321,0.1,58.09
14113,Nominal,0.242353857,343.168637,0.1,58.09
14114,Nominal,0.176151767,292.567530,0.1,58.09
14115,Nominal,0.240418121,341.795407,0.1,58.09
14116,Nominal,0.206736356,316.950215,0.1,58.09
14117,Nominal,0.214866430,323.122281,0.1,58.09
14118,Nominal,0.227642283,332.589925,0.1,58.09
14119,Missing_Intentional,0.000000000,0.000000,0.1,58.09
14120,Nominal,0.290747195,375.872359,0.1,58.09
14121,Nominal,0.373209447,425.852241,0.1,58.09
14122,Nominal,0.250096798,348.607469,0.1,58.09
14123,Nominal,0.245838165,345.626693,0.1,58.09
14124,Nominal,0.248935342,347.797056,0.1,58.09
14125,Nominal,0.322106063,395.623493,0.1,58.09
14126,Nominal,0.198606268,310.655536,0.1,58.09
14127,Nominal,0.222996518,329.178653,0.1,58.09
14128,Nominal,0.326364696,398.230216,0.1,58.09
14129,Nominal,0.259001166,354.759049,0.1,58.09
14130,Nominal,0.325590402,397.757539,0.1,58.09
14131,Nominal,0.262485474,357.137340,0.1,58.09
14132,Nominal,0.193186224,306.387257,0.1,58.09
14133,Nominal,0.254742533,351.830393,0.1,58.09
14134,Nominal,0.213704988,322.247794,0.1,58.09
14135,Nominal,0.259001166,354.759049,0.1,58.09
14136,Nominal,0.201703444,313.068433,0.1,58.09
14137,Nominal,0.239643827,341.244567,0.1,58.09
14138,Nominal,0.188153312,302.369900,0.1,58.09
14139,Nominal,0.208284944,318.135081,0.1,58.09
14140,Nominal,0.217963606,325.442760,0.1,58.09
14141,Nominal,0.256291121,352.898167,0.1,58.09
14142,Nominal,0.251258224,349.415982,0.1,58.09
14143,Nominal,0.219512194,326.596817,0.1,58.09
14144,Nominal,0.284940004,372.099714,0.1,58.09
14145,Nominal,0.365853667,421.634684,0.1,58.09
14146,Nominal,0.325977534,397.993938,0.1,58.09
14147,Nominal,0.315137446,391.320525,0.1,58.09
14148,Nominal,0.339527667,406.181563,0.1,58.09
14149,Nominal,0.368563682,423.193405,0.1,58.09
14150,Nominal,0.191637635,305.156780,0.1,58.09
14151,Nominal,0.248935342,347.797056,0.1,58.09
14152,Nominal,0.379790932,429.590747,0.1,58.09
14153,Nominal,0.229965150,334.282496,0.1,58.09
14154,Nominal,0.399148285,440.402481,0.1,58.09
14155,Nominal,0.288037181,374.116531,0.1,58.09
14156,Nominal,0.206349209,316.653306,0.1,58.09
14157,Nominal,0.267131239,360.283988,0.1,58.09
14158,Nominal,0.240805268,342.070494,0.1,58.09
14159,Nominal,0.298102975,380.597365,0.1,58.09
14160,Nominal,0.235385209,338.198913,0.1,58.09
14161,Nominal,0.216802165,324.574525,0.1,58.09
14162,Nominal,0.212543547,321.370926,0.1,58.09
14163,Nominal,0.212930694,321.663481,0.1,58.09
14164,Nominal,0.260936886,356.082278,0.1,58.09
14165,Nominal,0.262098342,356.873877,0.1,58.09
14166,Nominal,0.253581107,351.027442,0.1,58.09
14167,Nominal,0.233449474,336.805421,0.1,58.09
14168,Nominal,0.318234622,393.238776,0.1,58.09
14169,Nominal,0.344560593,409.180968,0.1,58.09
14170,Nominal,0.353077829,414.207393,0.1,58.09
14171,Nominal,0.330236167,400.585237,0.1,58.09
14172,Nominal,0.397212535,439.333272,0.1,58.09
14173,Nominal,0.393341064,437.187028,0.1,58.09
14174,Nominal,0.185443282,300.184439,0.1,58.09
14175,Nominal,0.253968269,351.295310,0.1,58.09
14176,Nominal,0.361982197,419.397877,0.1,58.09
14177,Nominal,0.201316297,312.767839,0.1,58.09
14178,Nominal,0.379790932,429.590747,0.1,58.09
14179,Nominal,0.283391416,371.087195,0.1,58.09
14180,Nominal,0.234223768,337.363508,0.1,58.09
14181,Nominal,0.308168799,386.969695,0.1,58.09
14182,Nominal,0.289198607,374.870030,0.1,58.09
14183,Nominal,0.291134328,376.122514,0.1,58.09
14184,Nominal,0.213317841,321.955770,0.1,58.09
14185,Nominal,0.209446386,319.020842,0.1,58.09
14186,Nominal,0.224157959,330.034776,0.1,58.09
14187,Nominal,0.238869533,340.692837,0.1,58.09
14188,Nominal,0.223383665,329.464274,0.1,58.09
14189,Nominal,0.260162592,355.553573,0.1,58.09
14190,Nominal,0.255903989,352.631537,0.1,58.09
14191,Nominal,0.241966709,342.894431,0.1,58.09
14192,Nominal,0.373983741,426.293767,0.1,58.09
14193,Nominal,0.340301961,406.644449,0.1,58.09
14194,Nominal,0.302748740,383.551596,0.1,58.09
14195,Nominal,0.336430520,404.324740,0.1,58.09
14196,Nominal,0.409601241,446.131876,0.1,58.09
14197,Nominal,0.337591946,405.022044,0.1,58.09
14198,Nominal,0.208672091,318.430609,0.1,58.09
14199,Nominal,0.246612459,346.170559,0.1,58.09
14200,Nominal,0.382113814,430.902478,0.1,58.09
14201,Nominal,0.185830429,300.497621,0.1,58.09
14202,Nominal,0.357723564,416.923521,0.1,58.09
14203,Nominal,0.243128151,343.716393,0.1,58.09
14204,Nominal,0.222996518,329.178653,0.1,58.09
14205,Nominal,0.266356945,359.761458,0.1,58.09
14206,Nominal,0.271777004,363.403391,0.1,58.09
14207,Nominal,0.279907078,368.798854,0.1,58.09
14208,Nominal,0.235385209,338.198913,0.1,58.09
14209,Nominal,0.207897797,317.839279,0.1,58.09
14210,Missing_Intentional,0.003871467,43.373095,0.1,58.09
14211,Nominal,0.175377473,291.923816,0.1,58.09
14212,Nominal,0.263259768,357.663704,0.1,58.09
14213,Nominal,0.235385209,338.198913,0.1,58.09
14214,Nominal,0.249709636,348.337534,0.1,58.09
14215,Nominal,0.236159503,338.754705,0.1,58.09
14216,Nominal,0.336430520,404.324740,0.1,58.09
14217,Nominal,0.294231504,378.117875,0.1,58.09
14218,Nominal,0.210220680,319.609986,0.1,58.09
14219,Nominal,0.358110726,417.149077,0.1,58.09
14220,Nominal,0.451413095,468.349110,0.1,58.09
14221,Nominal,0.292295784,376.872022,0.1,58.09
14222,Nominal,0.207123503,317.246847,0.1,58.09
14223,Nominal,0.220286489,327.172319,0.1,58.09
14224,Nominal,0.378242344,428.714029,0.1,58.09
14225,Nominal,0.170344561,287.704569,0.1,58.09
14226,Nominal,0.364692211,420.964881,0.1,58.09
14227,Nominal,0.241579562,342.620005,0.1,58.09
14228,Nominal,0.213704988,322.247794,0.1,58.09
14229,Nominal,0.230739444,334.844788,0.1,58.09
14230,Nominal,0.219512194,326.596817,0.1,58.09
14231,Nominal,0.239256680,340.968814,0.1,58.09
14232,Nominal,0.214479282,322.831048,0.1,58.09
14233,Nominal,0.204026327,314.865971,0.1,58.09
14234,Nominal,0.190089047,303.921322,0.1,58.09
14235,Nominal,0.169957414,287.377446,0.1,58.09
14236,Nominal,0.242353857,343.168637,0.1,58.09
14237,Nominal,0.259388298,355.024081,0.1,58.09
14238,Nominal,0.202477738,313.668757,0.1,58.09
14239,Nominal,0.237320945,339.586688,0.1,58.09
14240,Nominal,0.366627961,422.080623,0.1,58.09
14241,Nominal,0.243902445,344.263278,0.1,58.09
14242,Nominal,0.259001166,354.759049,0.1,58.09
14243,Nominal,0.346109182,410.099446,0.1,58.09
14244,Nominal,0.415021300,449.073901,0.1,58.09
14245,Nominal,0.222996518,329.178653,0.1,58.09
14246,Nominal,0.197831973,310.049378,0.1,58.09
14247,Nominal,0.194347665,307.306882,0.1,58.09
14248,Nominal,0.384823859,432.427811,0.1,58.09
14249,Nominal,0.172667444,289.659550,0.1,58.09
14250,Nominal,0.346883476,410.557914,0.1,58.09
14251,Nominal,0.198219121,310.352605,0.1,58.09
14252,Nominal,0.229578003,334.000994,0.1,58.09
14253,Nominal,0.192411929,305.772638,0.1,58.09
14254,Nominal,0.216802165,324.574525,0.1,58.09
14255,Nominal,0.206349209,316.653306,0.1,58.09
14256,Nominal,0.153310105,272.940519,0.1,58.09
14257,Nominal,0.143631443,264.184531,0.1,58.09
14258,Nominal,0.195509091,308.223751,0.1,58.09
14259,Nominal,0.146728605,267.017679,0.1,58.09
14260,Nominal,0.241192415,342.345360,0.1,58.09
14261,Nominal,0.161827326,280.419720,0.1,58.09
14262,Nominal,0.206736356,316.950215,0.1,58.09
14263,Nominal,0.234610915,337.642206,0.1,58.09
14264,Nominal,0.322880358,396.098717,0.1,58.09
14265,Nominal,0.236546651,339.032259,0.1,58.09
14266,Nominal,0.227255136,332.306989,0.1,58.09
14267,Nominal,0.319396049,393.955703,0.1,58.09
14268,Nominal,0.334107637,402.926493,0.1,58.09
14269,Nominal,0.269841284,362.106916,0.1,58.09
14270,Nominal,0.230352297,334.563760,0.1,58.09
14271,Nominal,0.176926062,293.209831,0.1,58.09
14272,Nominal,0.265582651,359.238168,0.1,58.09
14273,Nominal,0.125435546,246.883994,0.1,58.09
14274,Nominal,0.293844372,377.869041,0.1,58.09
14275,Nominal,0.210994974,320.198046,0.1,58.09
14276,Nominal,0.180023223,295.765075,0.1,58.09
14277,Nominal,0.205187768,315.760903,0.1,58.09
14278,Nominal,0.210607827,319.904151,0.1,58.09
14279,Nominal,0.197444826,309.745854,0.1,58.09
14280,Nominal,0.220286489,327.172319,0.1,58.09
14281,Nominal,0.147115752,267.369714,0.1,58.09
14282,Nominal,0.198606268,310.655536,0.1,58.09
14283,Nominal,0.131242737,252.534235,0.1,58.09
14284,Nominal,0.124274097,245.738346,0.1,58.09
14285,Nominal,0.114208288,235.576212,0.1,58.09
14286,Nominal,0.120789781,242.268929,0.1,58.09
14287,Nominal,0.107626788,228.687703,0.1,58.09
14288,Nominal,0.285714298,372.604941,0.1,58.09
14289,Nominal,0.223383665,329.464274,0.1,58.09
14290,Nominal,0.260162592,355.553573,0.1,58.09
14291,Nominal,0.211769268,320.785028,0.1,58.09
14292,Nominal,0.100271001,220.734541,0.1,58.09
14293,Nominal,0.247386754,346.713573,0.1,58.09
14294,Nominal,0.203252032,314.267934,0.1,58.09
14295,Nominal,0.128145561,249.536687,0.1,58.09
14296,Missing_Intentional,0.006968641,58.191114,0.1,58.09
14297,Missing_Intentional,0.013162989,79.976038,0.1,58.09
14298,Nominal,0.281455666,369.817638,0.1,58.09
14299,Nominal,0.093689509,213.367419,0.1,58.09
14300,Nominal,0.216027871,323.994408,0.1,58.09
14301,Nominal,0.081300810,198.760490,0.1,58.09
14302,Nominal,0.087108016,205.736659,0.1,58.09
14303,Nominal,0.092528068,212.040768,0.1,58.09
14304,Nominal,0.190089047,303.921322,0.1,58.09
14305,Nominal,0.117692605,239.142745,0.1,58.09
14306,Nominal,0.198606268,310.655536,0.1,58.09
14307,Nominal,0.128532708,249.913347,0.1,58.09
14308,Nominal,0.120015487,241.491177,0.1,58.09
14309,Nominal,0.081687957,199.233168,0.1,58.09
14310,Nominal,0.091366626,210.705764,0.1,58.09
14311,Nominal,0.118079752,239.535749,0.1,58.09
14312,Missing_Unintentional,0.006581495,56.551599,0.1,58.09
14313,Missing_Unintentional,0.023615951,107.123644,0.1,58.09
14314,Missing_Unintentional,0.022454510,104.456245,0.1,58.09
14315,Missing_Unintentional,0.010065814,69.937014,0.1,58.09
14316,Nominal,0.186604723,301.123007,0.1,58.09
14317,Nominal,0.228029430,332.872619,0.1,58.09
14318,Nominal,0.255129695,352.097651,0.1,58.09
14319,Nominal,0.152535811,272.250402,0.1,58.09
14320,Nominal,0.219512194,326.596817,0.1,58.09
14321,Nominal,0.240805268,342.070494,0.1,58.09
14322,Nominal,0.214479282,322.831048,0.1,58.09
14323,Nominal,0.123499803,244.971609,0.1,58.09
14324,Nominal,0.136275649,257.330789,0.1,58.09
14325,Nominal,0.098722413,219.023394,0.1,58.09
14326,Nominal,0.234610915,337.642206,0.1,58.09
14327,Nominal,0.089043744,208.010055,0.1,58.09
14328,Nominal,0.216802165,324.574525,0.1,58.09
14329,Nominal,0.097560972,217.731208,0.1,58.09
14330,Nominal,0.082075104,199.704727,0.1,58.09
14331,Nominal,0.104142472,224.955473,0.1,58.09
14332,Nominal,0.182733253,297.982950,0.1,58.09
14333,Nominal,0.194734812,307.612812,0.1,58.09
14334,Nominal,0.150212929,270.169475,0.1,58.09
14335,Nominal,0.222996518,329.178653,0.1,58.09
14336,Nominal,0.222996518,329.178653,0.1,58.09
14337,Nominal,0.235385209,338.198913,0.1,58.09
14338,Nominal,0.243128151,343.716393,0.1,58.09
14339,Nominal,0.219125047,326.308686,0.1,58.09
14340,Nominal,0.343786299,408.720956,0.1,58.09
14341,Nominal,0.374758035,426.734838,0.1,58.09
14342,Nominal,0.356562138,416.246155,0.1,58.09
14343,Nominal,0.331010461,401.054582,0.1,58.09
14344,Nominal,0.332171887,401.757562,0.1,58.09
14345,Nominal,0.300425857,382.077336,0.1,58.09
14346,Nominal,0.178861782,294.809449,0.1,58.09
14347,Nominal,0.236933798,339.309587,0.1,58.09
14348,Nominal,0.365079373,421.188273,0.1,58.09
14349,Nominal,0.222609371,328.892783,0.1,58.09
14350,Nominal,0.404955477,443.594610,0.1,58.09
14351,Nominal,0.219125047,326.308686,0.1,58.09
14352,Nominal,0.181958959,297.350959,0.1,58.09
14353,Nominal,0.261711180,356.610200,0.1,58.09
14354,Nominal,0.205574915,316.058651,0.1,58.09
14355,Nominal,0.270615578,362.626066,0.1,58.09
14356,Nominal,0.192024782,305.464864,0.1,58.09
14357,Nominal,0.201703444,313.068433,0.1,58.09
14358,Nominal,0.189701900,303.611671,0.1,58.09
14359,Nominal,0.203252032,314.267934,0.1,58.09
14360,Nominal,0.246225312,345.898733,0.1,58.09
14361,Nominal,0.264421225,358.451811,0.1,58.09
14362,Nominal,0.249322489,348.067400,0.1,58.09
14363,Nominal,0.255516827,352.364685,0.1,58.09
14364,Nominal,0.373596579,426.073053,0.1,58.09
14365,Nominal,0.356174976,416.020110,0.1,58.09
14366,Nominal,0.382113814,430.902478,0.1,58.09
14367,Nominal,0.342237711,407.799373,0.1,58.09
14368,Nominal,0.331010461,401.054582,0.1,58.09
14369,Nominal,0.338753402,405.718168,0.1,58.09
14370,Nominal,0.191637635,305.156780,0.1,58.09
14371,Nominal,0.217576459,325.153606,0.1,58.09
14372,Nominal,0.324041814,396.810495,0.1,58.09
14373,Nominal,0.181958959,297.350959,0.1,58.09
14374,Nominal,0.353852123,414.661319,0.1,58.09
14375,Nominal,0.245838165,345.626693,0.1,58.09
14376,Nominal,0.178474635,294.490218,0.1,58.09
14377,Nominal,0.289972901,375.371529,0.1,58.09
14378,Nominal,0.221060783,327.746811,0.1,58.09
14379,Nominal,0.253581107,351.027442,0.1,58.09
14380,Nominal,0.208284944,318.135081,0.1,58.09
14381,Nominal,0.221447930,328.033679,0.1,58.09
14382,Nominal,0.204413474,315.164564,0.1,58.09
14383,Nominal,0.205574915,316.058651,0.1,58.09
14384,Nominal,0.288424313,374.367859,0.1,58.09
14385,Nominal,0.280294240,369.053823,0.1,58.09
14386,Nominal,0.305458754,385.264427,0.1,58.09
14387,Nominal,0.265969813,359.499919,0.1,58.09
14388,Nominal,0.355013549,415.341270,0.1,58.09
14389,Nominal,0.392953932,436.971832,0.1,58.09
14390,Nominal,0.428184271,456.139810,0.1,58.09
14391,Nominal,0.344173431,408.951018,0.1,58.09
14392,Nominal,0.357336432,416.697861,0.1,58.09
14393,Nominal,0.337204814,404.789749,0.1,58.09
14394,Nominal,0.171506003,288.683715,0.1,58.09
14395,Nominal,0.217189312,324.864194,0.1,58.09
14396,Nominal,0.390243888,435.462416,0.1,58.09
14397,Nominal,0.154471546,273.972435,0.1,58.09
14398,Nominal,0.385598153,432.862631,0.1,58.09
14399,Nominal,0.260549754,355.818034,0.1,58.09
14400,Nominal,0.188153312,302.369900,0.1,58.09
14401,Nominal,0.291908622,376.622346,0.1,58.09
14402,Nominal,0.235385209,338.198913,0.1,58.09
14403,Nominal,0.236933798,339.309587,0.1,58.09
14404,Nominal,0.207897797,317.839279,0.1,58.09
14405,Nominal,0.195896238,308.528772,0.1,58.09
14406,Nominal,0.205574915,316.058651,0.1,58.09
14407,Nominal,0.180797517,296.400447,0.1,58.09
14408,Nominal,0.301974446,383.060807,0.1,58.09
14409,Nominal,0.295005798,378.615072,0.1,58.09
14410,Nominal,0.315911740,391.800969,0.1,58.09
14411,Nominal,0.274487019,365.210729,0.1,58.09
14412,Nominal,0.331784755,401.523378,0.1,58.09
14413,Nominal,0.345334888,409.640465,0.1,58.09
14414,Nominal,0.326364696,398.230216,0.1,58.09
14415,Nominal,0.313975990,390.598743,0.1,58.09
14416,Nominal,0.427797139,455.933560,0.1,58.09
14417,Nominal,0.320170343,394.432937,0.1,58.09
14418,Nominal,0.210607827,319.904151,0.1,58.09
14419,Nominal,0.172280297,289.334637,0.1,58.09
14420,Nominal,0.306233048,385.752413,0.1,58.09
14421,Nominal,0.164924502,283.090447,0.1,58.09
14422,Nominal,0.302748740,383.551596,0.1,58.09
14423,Nominal,0.241192415,342.345360,0.1,58.09
14424,Nominal,0.175377473,291.923816,0.1,58.09
14425,Nominal,0.250096798,348.607469,0.1,58.09
14426,Nominal,0.227642283,332.589925,0.1,58.09
14427,Nominal,0.245451033,345.354449,0.1,58.09
14428,Nominal,0.223383665,329.464274,0.1,58.09
14429,Nominal,0.171118855,288.357702,0.1,58.09
14430,Nominal,0.204800621,315.462875,0.1,58.09
14431,Nominal,0.167247385,285.077072,0.1,58.09
14432,Nominal,0.279132783,368.288405,0.1,58.09
14433,Nominal,0.266356945,359.761458,0.1,58.09
14434,Nominal,0.274487019,365.210729,0.1,58.09
14435,Nominal,0.247386754,346.713573,0.1,58.09
14436,Nominal,0.365079373,421.188273,0.1,58.09
14437,Nominal,0.341850549,407.568643,0.1,58.09
14438,Nominal,0.375532329,427.175452,0.1,58.09
14439,Nominal,0.349206358,411.930258,0.1,58.09
14440,Nominal,0.387921035,434.164478,0.1,58.09
14441,Nominal,0.332946181,402.225538,0.1,58.09
14442,Nominal,0.199767709,311.562562,0.1,58.09
14443,Nominal,0.192411929,305.772638,0.1,58.09
14444,Nominal,0.399922580,440.829435,0.1,58.09
14445,Nominal,0.137437090,258.425044,0.1,58.09
14446,Nominal,0.355013549,415.341270,0.1,58.09
14447,Nominal,0.223383665,329.464274,0.1,58.09
14448,Nominal,0.228029430,332.872619,0.1,58.09
14449,Nominal,0.234998062,337.920674,0.1,58.09
14450,Nominal,0.202090591,313.368739,0.1,58.09
14451,Nominal,0.245451033,345.354449,0.1,58.09
14452,Nominal,0.225319400,330.888685,0.1,58.09
14453,Nominal,0.138598531,259.514684,0.1,58.09
14454,Nominal,0.224932253,330.604294,0.1,58.09
14455,Nominal,0.167634532,285.406832,0.1,58.09
14456,Nominal,0.260162592,355.553573,0.1,58.09
14457,Nominal,0.271002710,362.885353,0.1,58.09
14458,Nominal,0.278358489,367.777247,0.1,58.09
14459,Nominal,0.243515298,343.989944,0.1,58.09
14460,Nominal,0.288037181,374.116531,0.1,58.09
14461,Nominal,0.307007343,386.239782,0.1,58.09
14462,Nominal,0.324816108,397.284299,0.1,58.09
14463,Nominal,0.358885020,417.599806,0.1,58.09
14464,Nominal,0.388695329,434.597560,0.1,58.09
14465,Nominal,0.334494770,403.159862,0.1,58.09
14466,Nominal,0.202864885,313.968489,0.1,58.09
14467,Nominal,0.148277193,268.423046,0.1,58.09
14468,Nominal,0.355787843,415.793959,0.1,58.09
14469,Nominal,0.124274097,245.738346,0.1,58.09
14470,Nominal,0.315137446,391.320525,0.1,58.09
14471,Nominal,0.226093695,331.456735,0.1,58.09
14472,Nominal,0.198606268,310.655536,0.1,58.09
14473,Nominal,0.207897797,317.839279,0.1,58.09
14474,Nominal,0.230739444,334.844788,0.1,58.09
14475,Nominal,0.197444826,309.745854,0.1,58.09
14476,Nominal,0.177700356,293.850728,0.1,58.09
14477,Nominal,0.120402634,241.880366,0.1,58.09
14478,Nominal,0.201703444,313.068433,0.1,58.09
14479,Nominal,0.098335266,218.593514,0.1,58.09
14480,Nominal,0.162214473,280.754950,0.1,58.09
14481,Nominal,0.162214473,280.754950,0.1,58.09
14482,Nominal,0.206349209,316.653306,0.1,58.09
14483,Nominal,0.154084399,273.628895,0.1,58.09
14484,Nominal,0.300425857,382.077336,0.1,58.09
14485,Nominal,0.285327137,372.352403,0.1,58.09
14486,Nominal,0.293844372,377.869041,0.1,58.09
14487,Nominal,0.133178473,254.389767,0.1,58.09
14488,Nominal,0.203639179,314.567095,0.1,58.09
14489,Nominal,0.312040269,389.392825,0.1,58.09
14490,Nominal,0.201703444,313.068433,0.1,58.09
14491,Nominal,0.117305458,238.749094,0.1,58.09
14492,Nominal,0.288424313,374.367859,0.1,58.09
14493,Nominal,0.099109560,219.452431,0.1,58.09
14494,Nominal,0.271389842,363.144455,0.1,58.09
14495,Nominal,0.228029430,332.872619,0.1,58.09
14496,Nominal,0.218350753,325.731658,0.1,58.09
14497,Nominal,0.207897797,317.839279,0.1,58.09
14498,Nominal,0.228029430,332.872619,0.1,58.09
14499,Nominal,0.230739444,334.844788,0.1,58.09
14500,Nominal,0.194734812,307.612812,0.1,58.09
14501,Nominal,0.124274097,245.738346,0.1,58.09
14502,Nominal,0.198219121,310.352605,0.1,58.09
14503,Nominal,0.100658149,221.160260,0.1,58.09
14504,Nominal,0.169570267,287.049949,0.1,58.09
14505,Nominal,0.187766165,302.058659,0.1,58.09
14506,Nominal,0.181958959,297.350959,0.1,58.09
14507,Nominal,0.125822693,247.264695,0.1,58.09
14508,Nominal,0.249322489,348.067400,0.1,58.09
14509,Nominal,0.296554387,379.607513,0.1,58.09
14510,Nominal,0.267905533,360.805762,0.1,58.09
14511,Nominal,0.225706547,331.172832,0.1,58.09
14512,Nominal,0.278358489,367.777247,0.1,58.09
14513,Nominal,0.226093695,331.456735,0.1,58.09
14514,Nominal,0.204800621,315.462875,0.1,58.09
14515,Nominal,0.093302362,212.926120,0.1,58.09
14516,Nominal,0.157181576,276.365255,0.1,58.09
14517,Nominal,0.061169185,172.404647,0.1,58.09
14518,Nominal,0.208672091,318.430609,0.1,58.09
14519,Nominal,0.103368178,224.117646,0.1,58.09
14520,Nominal,0.222996518,329.178653,0.1,58.09
14521,Nominal,0.101819590,222.432526,0.1,58.09
14522,Nominal,0.101819590,222.432526,0.1,58.09
14523,Nominal,0.097560972,217.731208,0.1,58.09
14524,Nominal,0.211382121,320.491671,0.1,58.09
14525,Nominal,0.054974835,163.442347,0.1,58.09
14526,Nominal,0.209833533,319.315550,0.1,58.09
14527,Nominal,0.091366626,210.705764,0.1,58.09
14528,Nominal,0.046457607,150.248810,0.1,58.09
14529,Missing_Unintentional,0.029423151,119.571372,0.1,58.09
14530,Nominal,0.062330622,174.033700,0.1,58.09
14531,Missing_Unintentional,0.025164537,110.580130,0.1,58.09
14532,Missing_Unintentional,0.008904375,65.778558,0.1,58.09
14533,Missing_Unintentional,0.020905923,100.789966,0.1,58.09
14534,Missing_Unintentional,0.026713124,113.931800,0.1,58.09
14535,Missing_Unintentional,0.015873017,87.823827,0.1,58.09
14536,Nominal,0.160278752,279.074785,0.1,58.09
14537,Nominal,0.259388298,355.024081,0.1,58.09
14538,Nominal,0.293844372,377.869041,0.1,58.09
14539,Nominal,0.155632988,275.000479,0.1,58.09
14540,Nominal,0.159504458,278.399875,0.1,58.09
14541,Nominal,0.262872636,357.400629,0.1,58.09
14542,Nominal,0.227255136,332.306989,0.1,58.09
14543,Nominal,0.098335266,218.593514,0.1,58.09
14544,Nominal,0.131629884,252.906431,0.1,58.09
14545,Nominal,0.058846302,169.099457,0.1,58.09
14546,Nominal,0.197057679,309.442032,0.1,58.09
14547,Nominal,0.108013935,229.098643,0.1,58.09
14548,Nominal,0.213704988,322.247794,0.1,58.09
14549,Nominal,0.101819590,222.432526,0.1,58.09
14550,Nominal,0.120789781,242.268929,0.1,58.09
14551,Nominal,0.092140920,211.596703,0.1,58.09
14552,Nominal,0.178087488,294.170641,0.1,58.09
14553,Nominal,0.241966709,342.894431,0.1,58.09
14554,Nominal,0.188927606,302.991422,0.1,58.09
14555,Nominal,0.234998062,337.920674,0.1,58.09
14556,Nominal,0.203252032,314.267934,0.1,58.09
14557,Nominal,0.178861782,294.809449,0.1,58.09
14558,Nominal,0.194347665,307.306882,0.1,58.09
14559,Nominal,0.178087488,294.170641,0.1,58.09
14560,Nominal,0.298102975,380.597365,0.1,58.09
14561,Nominal,0.409601241,446.131876,0.1,58.09
14562,Nominal,0.273712724,364.695258,0.1,58.09
14563,Nominal,0.370112270,424.081536,0.1,58.09
14564,Nominal,0.293457210,377.620023,0.1,58.09
14565,Nominal,0.303910196,384.286615,0.1,58.09
14566,Nominal,0.180410370,296.082931,0.1,58.09
14567,Nominal,0.230739444,334.844788,0.1,58.09
14568,Nominal,0.379016638,429.152612,0.1,58.09
14569,Nominal,0.245838165,345.626693,0.1,58.09
14570,Nominal,0.371273726,424.746424,0.1,58.09
14571,Nominal,0.238869533,340.692837,0.1,58.09
14572,Nominal,0.190863341,304.539678,0.1,58.09
14573,Nominal,0.271002710,362.885353,0.1,58.09
14574,Nominal,0.246612459,346.170559,0.1,58.09
14575,Nominal,0.271777004,363.403391,0.1,58.09
14576,Missing_Intentional,0.002710027,36.288536,0.1,58.09
14577,Nominal,0.224932253,330.604294,0.1,58.09
14578,Nominal,0.204026327,314.865971,0.1,58.09
14579,Nominal,0.181571811,297.034460,0.1,58.09
14580,Nominal,0.273325592,364.437259,0.1,58.09
14581,Nominal,0.248548195,347.526502,0.1,58.09
14582,Nominal,0.255129695,352.097651,0.1,58.09
14583,Nominal,0.243128151,343.716393,0.1,58.09
14584,Nominal,0.445605874,465.326811,0.1,58.09
14585,Nominal,0.410762668,446.763933,0.1,58.09
14586,Nominal,0.375145167,426.955193,0.1,58.09
14587,Nominal,0.454123110,469.752850,0.1,58.09
14588,Nominal,0.368176550,422.971090,0.1,58.09
14589,Nominal,0.344560593,409.180968,0.1,58.09
14590,Nominal,0.190089047,303.921322,0.1,58.09
14591,Nominal,0.212930694,321.663481,0.1,58.09
14592,Nominal,0.373209447,425.852241,0.1,58.09
14593,Nominal,0.195121944,307.918427,0.1,58.09
14594,Nominal,0.298877269,381.091328,0.1,58.09
14595,Nominal,0.256291121,352.898167,0.1,58.09
14596,Nominal,0.201703444,313.068433,0.1,58.09
14597,Nominal,0.256678283,353.164617,0.1,58.09
14598,Nominal,0.245451033,345.354449,0.1,58.09
14599,Nominal,0.248935342,347.797056,0.1,58.09
14600,Nominal,0.207123503,317.246847,0.1,58.09
14601,Nominal,0.180410370,296.082931,0.1,58.09
14602,Nominal,0.204413474,315.164564,0.1,58.09
14603,Nominal,0.163375914,281.758248,0.1,58.09
14604,Nominal,0.316298872,392.040960,0.1,58.09
14605,Nominal,0.272164136,363.662124,0.1,58.09
14606,Nominal,0.275261313,365.725474,0.1,58.09
14607,Nominal,0.316686034,392.280823,0.1,58.09
14608,Nominal,0.362756491,419.846192,0.1,58.09
14609,Nominal,0.342237711,407.799373,0.1,58.09
14610,Nominal,0.413859844,448.445084,0.1,58.09
14611,Nominal,0.361595035,419.173532,0.1,58.09
14612,Nominal,0.414247006,448.654793,0.1,58.09
14613,Nominal,0.301587313,382.815185,0.1,58.09
14614,Nominal,0.198993415,310.958172,0.1,58.09
14615,Nominal,0.200929150,312.466956,0.1,58.09
14616,Nominal,0.368950844,423.415621,0.1,58.09
14617,Nominal,0.135501355,256.598694,0.1,58.09
14618,Nominal,0.315137446,391.320525,0.1,58.09
14619,Nominal,0.254355401,351.562953,0.1,58.09
14620,Nominal,0.180023223,295.765075,0.1,58.09
14621,Nominal,0.268292695,361.066376,0.1,58.09
14622,Nominal,0.263646930,357.926606,0.1,58.09
14623,Nominal,0.246999606,346.442172,0.1,58.09
14624,Nominal,0.214866430,323.122281,0.1,58.09
14625,Missing_Intentional,0.002322880,33.596655,0.1,58.09
14626,Nominal,0.210994974,320.198046,0.1,58.09
14627,Nominal,0.188927606,302.991422,0.1,58.09
14628,Nominal,0.292682916,377.121514,0.1,58.09
14629,Nominal,0.265582651,359.238168,0.1,58.09
14630,Nominal,0.290360034,375.622018,0.1,58.09
14631,Nominal,0.295780092,379.111617,0.1,58.09
14632,Nominal,0.358885020,417.599806,0.1,58.09
14633,Nominal,0.322880358,396.098717,0.1,58.09
14634,Nominal,0.267905533,360.805762,0.1,58.09
14635,Nominal,0.390243888,435.462416,0.1,58.09
14636,Nominal,0.361982197,419.397877,0.1,58.09
14637,Missing_Intentional,0.000000000,0.000000,0.1,58.09
14638,Nominal,0.190089047,303.921322,0.1,58.09
14639,Nominal,0.131242737,252.534235,0.1,58.09
14640,Nominal,0.262485474,357.137340,0.1,58.09
14641,Nominal,0.119628340,241.101360,0.1,58.09
14642,Nominal,0.316298872,392.040960,0.1,58.09
14643,Nominal,0.214479282,322.831048,0.1,58.09
14644,Nominal,0.189314753,303.301705,0.1,58.09
14645,Nominal,0.227255136,332.306989,0.1,58.09
14646,Nominal,0.234610915,337.642206,0.1,58.09
14647,Nominal,0.249709636,348.337534,0.1,58.09
14648,Nominal,0.220673636,327.459691,0.1,58.09
14649,Nominal,0.151374370,271.211935,0.1,58.09
14650,Nominal,0.217963606,325.442760,0.1,58.09
14651,Nominal,0.152535811,272.250402,0.1,58.09
14652,Nominal,0.278358489,367.777247,0.1,58.09
14653,Nominal,0.248161048,347.255737,0.1,58.09
14654,Nominal,0.284940004,372.099714,0.1,58.09
14655,Nominal,0.269841284,362.106916,0.1,58.09
14656,Nominal,0.451413095,468.349110,0.1,58.09
14657,Nominal,0.293457210,377.620023,0.1,58.09
14658,Nominal,0.389082462,434.813931,0.1,58.09
14659,Nominal,0.463801771,474.732347,0.1,58.09
14660,Nominal,0.362756491,419.846192,0.1,58.09
14661,Nominal,0.365466505,421.411529,0.1,58.09
14662,Nominal,0.175377473,291.923816,0.1,58.09
14663,Nominal,0.157181576,276.365255,0.1,58.09
14664,Nominal,0.259775460,355.288936,0.1,58.09
14665,Nominal,0.110723965,231.954839,0.1,58.09
14666,Nominal,0.269841284,362.106916,0.1,58.09
14667,Nominal,0.217576459,325.153606,0.1,58.09
14668,Nominal,0.215253577,323.413252,0.1,58.09
14669,Nominal,0.237320945,339.586688,0.1,58.09
14670,Nominal,0.197444826,309.745854,0.1,58.09
14671,Nominal,0.215253577,323.413252,0.1,58.09
14672,Nominal,0.210607827,319.904151,0.1,58.09
14673,Nominal,0.130855590,252.161490,0.1,58.09
14674,Nominal,0.218350753,325.731658,0.1,58.09
14675,Nominal,0.149438635,269.472262,0.1,58.09
14676,Nominal,0.272938430,364.179057,0.1,58.09
14677,Nominal,0.282229960,370.325979,0.1,58.09
14678,Nominal,0.280294240,369.053823,0.1,58.09
14679,Nominal,0.299264431,381.338078,0.1,58.09
14680,Nominal,0.385210991,432.645267,0.1,58.09
14681,Nominal,0.318621755,393.477891,0.1,58.09
14682,Nominal,0.331784755,401.523378,0.1,58.09
14683,Nominal,0.438637257,461.673961,0.1,58.09
14684,Nominal,0.369337976,423.637703,0.1,58.09
14685,Nominal,0.269454122,361.847051,0.1,58.09
14686,Nominal,0.205962062,316.356118,0.1,58.09
14687,Nominal,0.126984134,248.403296,0.1,58.09
14688,Nominal,0.314363152,390.839492,0.1,58.09
14689,Nominal,0.128919855,250.289440,0.1,58.09
14690,Nominal,0.328300416,399.409453,0.1,58.09
14691,Nominal,0.222996518,329.178653,0.1,58.09
14692,Nominal,0.188927606,302.991422,0.1,58.09
14693,Nominal,0.228029430,332.872619,0.1,58.09
14694,Nominal,0.216415018,324.284596,0.1,58.09
14695,Nominal,0.256291121,352.898167,0.1,58.09
14696,Nominal,0.198993415,310.958172,0.1,58.09
14697,Nominal,0.090979479,210.258880,0.1,58.09
14698,Nominal,0.197444826,309.745854,0.1,58.09
14699,Nominal,0.102206737,222.855001,0.1,58.09
14700,Nominal,0.193573371,306.694105,0.1,58.09
14701,Nominal,0.208672091,318.430609,0.1,58.09
14702,Nominal,0.209059238,318.725862,0.1,58.09
14703,Nominal,0.197444826,309.745854,0.1,58.09
14704,Nominal,0.365466505,421.411529,0.1,58.09
14705,Nominal,0.272164136,363.662124,0.1,58.09
14706,Nominal,0.255516827,352.364685,0.1,58.09
14707,Nominal,0.351142079,413.070386,0.1,58.09
14708,Nominal,0.319396049,393.955703,0.1,58.09
14709,Nominal,0.287650019,373.865014,0.1,58.09
14710,Nominal,0.214479282,322.831048,0.1,58.09
14711,Nominal,0.128919855,250.289440,0.1,58.09
14712,Nominal,0.304684490,384.775841,0.1,58.09
14713,Nominal,0.090592332,209.811043,0.1,58.09
14714,Nominal,0.279132783,368.288405,0.1,58.09
14715,Nominal,0.113433994,234.776290,0.1,58.09
14716,Nominal,0.214479282,322.831048,0.1,58.09
14717,Nominal,0.112659700,233.973633,0.1,58.09
14718,Nominal,0.127371266,248.781657,0.1,58.09
14719,Nominal,0.108013935,229.098643,0.1,58.09
14720,Nominal,0.209833533,319.315550,0.1,58.09
14721,Nominal,0.109949671,231.142384,0.1,58.09
14722,Nominal,0.224157959,330.034776,0.1,58.09
14723,Nominal,0.104529619,225.373218,0.1,58.09
14724,Nominal,0.180797517,296.400447,0.1,58.09
14725,Nominal,0.195509091,308.223751,0.1,58.09
14726,Nominal,0.209446386,319.020842,0.1,58.09
14727,Nominal,0.152922958,272.595679,0.1,58.09
14728,Nominal,0.243515298,343.989944,0.1,58.09
14729,Nominal,0.341463417,407.337800,0.1,58.09
14730,Nominal,0.259001166,354.759049,0.1,58.09
14731,Nominal,0.249709636,348.337534,0.1,58.09
14732,Nominal,0.264034063,358.189295,0.1,58.09
14733,Nominal,0.289198607,374.870030,0.1,58.09
14734,Nominal,0.226480842,331.740395,0.1,58.09
14735,Nominal,0.127371266,248.781657,0.1,58.09
14736,Nominal,0.204026327,314.865971,0.1,58.09
14737,Nominal,0.085172281,203.437852,0.1,58.09
14738,Nominal,0.271002710,362.885353,0.1,58.09
14739,Nominal,0.130081296,251.414343,0.1,58.09
14740,Nominal,0.212543547,321.370926,0.1,58.09
14741,Nominal,0.112272553,233.571270,0.1,58.09
14742,Nominal,0.114595428,235.975149,0.1,58.09
14743,Nominal,0.124274097,245.738346,0.1,58.09
14744,Nominal,0.217189312,324.864194,0.1,58.09
14745,Nominal,0.044134729,146.444428,0.1,58.09
14746,Nominal,0.225706547,331.172832,0.1,58.09
14747,Nominal,0.084397987,202.511022,0.1,58.09
14748,Nominal,0.079365082,196.380046,0.1,58.09
14749,Nominal,0.077042200,193.484848,0.1,58.09
14750,Nominal,0.076655053,192.998092,0.1,58.09
14751,Nominal,0.065814942,178.831852,0.1,58.09
14752,Nominal,0.023615951,107.123644,0.1,58.09
14753,Nominal,0.058459155,168.542290,0.1,58.09
14754,Missing_Unintentional,0.039101820,137.841856,0.1,58.09
14755,Nominal,0.036778938,133.684857,0.1,58.09
14756,Nominal,0.186604723,301.123007,0.1,58.09
14757,Nominal,0.197444826,309.745854,0.1,58.09
14758,Nominal,0.213704988,322.247794,0.1,58.09
14759,Nominal,0.144405723,264.895649,0.1,58.09
14760,Nominal,0.154471546,273.972435,0.1,58.09
14761,Nominal,0.213704988,322.247794,0.1,58.09
14762,Nominal,0.226867989,332.023813,0.1,58.09
14763,Nominal,0.070847854,185.543597,0.1,58.09
14764,Nominal,0.096786685,216.865481,0.1,58.09
14765,Missing_Unintentional,0.029036004,118.782113,0.1,58.09
14766,Nominal,0.171118855,288.357702,0.1,58.09
14767,Missing_Unintentional,0.027487418,115.571192,0.1,58.09
14768,Nominal,0.260936886,356.082278,0.1,58.09
14769,Missing_Unintentional,0.027487418,115.571192,0.1,58.09
14770,Missing_Unintentional,0.034068912,128.665395,0.1,58.09
14771,Missing_Unintentional,0.031358887,123.441997,0.1,58.09
14772,Nominal,0.164537355,282.757985,0.1,58.09
14773,Nominal,0.216802165,324.574525,0.1,58.09
14774,Nominal,0.191637635,305.156780,0.1,58.09
14775,Nominal,0.245451033,345.354449,0.1,58.09
14776,Nominal,0.211769268,320.785028,0.1,58.09
14777,Nominal,0.181184664,296.717622,0.1,58.09
14778,Nominal,0.209059238,318.725862,0.1,58.09
14779,Nominal,0.147115752,267.369714,0.1,58.09
14780,Nominal,0.310491681,388.425387,0.1,58.09
14781,Nominal,0.396825403,439.119128,0.1,58.09
14782,Nominal,0.372822315,425.631314,0.1,58.09
14783,Nominal,0.386372447,433.297015,0.1,58.09
14784,Nominal,0.244676739,344.809295,0.1,58.09
14785,Nominal,0.273712724,364.695258,0.1,58.09
14786,Nominal,0.176538914,292.888856,0.1,58.09
14787,Nominal,0.258226871,354.228369,0.1,58.09
14788,Nominal,0.374370873,426.514351,0.1,58.09
14789,Nominal,0.238482386,340.416637,0.1,58.09
14790,Nominal,0.324428946,397.047458,0.1,58.09
14791,Nominal,0.248935342,347.797056,0.1,58.09
14792,Nominal,0.197444826,309.745854,0.1,58.09
14793,Nominal,0.285327137,372.352403,0.1,58.09
14794,Nominal,0.256678283,353.164617,0.1,58.09
14795,Nominal,0.295005798,378.615072,0.1,58.09
14796,Nominal,0.186991870,301.435214,0.1,58.09
14797,Nominal,0.189701900,303.611671,0.1,58.09
14798,Nominal,0.187379017,301.747097,0.1,58.09
14799,Nominal,0.195121944,307.918427,0.1,58.09
14800,Nominal,0.271389842,363.144455,0.1,58.09
14801,Nominal,0.236546651,339.032259,0.1,58.09
14802,Nominal,0.250096798,348.607469,0.1,58.09
14803,Nominal,0.228803724,333.437290,0.1,58.09
14804,Nominal,0.384049565,431.992554,0.1,58.09
14805,Nominal,0.341850549,407.568643,0.1,58.09
14806,Nominal,0.352303535,413.752969,0.1,58.09
14807,Nominal,0.344560593,409.180968,0.1,58.09
14808,Nominal,0.340301961,406.644449,0.1,58.09
14809,Nominal,0.338753402,405.718168,0.1,58.09
14810,Nominal,0.199767709,311.562562,0.1,58.09
14811,Nominal,0.206349209,316.653306,0.1,58.09
14812,Nominal,0.355400711,415.567685,0.1,58.09
14813,Nominal,0.212543547,321.370926,0.1,58.09
14814,Nominal,0.362369329,419.622086,0.1,58.09
14815,Nominal,0.273325592,364.437259,0.1,58.09
14816,Nominal,0.197444826,309.745854,0.1,58.09
14817,Nominal,0.255516827,352.364685,0.1,58.09
14818,Nominal,0.281842828,370.071906,0.1,58.09
14819,Nominal,0.299651563,381.584650,0.1,58.09
14820,Nominal,0.178087488,294.170641,0.1,58.09
14821,Nominal,0.197444826,309.745854,0.1,58.09
14822,Nominal,0.198219121,310.352605,0.1,58.09
14823,Nominal,0.160665900,279.411629,0.1,58.09
14824,Nominal,0.284165710,371.593799,0.1,58.09
14825,Nominal,0.251258224,349.415982,0.1,58.09
14826,Nominal,0.247386754,346.713573,0.1,58.09
14827,Nominal,0.281068534,369.563215,0.1,58.09
14828,Nominal,0.377080917,428.055321,0.1,58.09
14829,Nominal,0.310104519,388.183141,0.1,58.09
14830,Nominal,0.359272152,417.824979,0.1,58.09
14831,Nominal,0.357336432,416.697861,0.1,58.09
14832,Nominal,0.419667065,451.580382,0.1,58.09
14833,Nominal,0.373596579,426.073053,0.1,58.09
14834,Nominal,0.207897797,317.839279,0.1,58.09
14835,Nominal,0.180023223,295.765075,0.1,58.09
14836,Nominal,0.404955477,443.594610,0.1,58.09
14837,Nominal,0.141308561,262.039559,0.1,58.09
14838,Nominal,0.303523034,384.041759,0.1,58.09
14839,Nominal,0.252419680,350.222649,0.1,58.09
14840,Nominal,0.197444826,309.745854,0.1,58.09
14841,Nominal,0.255516827,352.364685,0.1,58.09
14842,Nominal,0.253193974,350.759390,0.1,58.09
14843,Nominal,0.304297328,384.531296,0.1,58.09
14844,Nominal,0.194734812,307.612812,0.1,58.09
14845,Nominal,0.147115752,267.369714,0.1,58.09
14846,Nominal,0.217963606,325.442760,0.1,58.09
14847,Nominal,0.144405723,264.895649,0.1,58.09
14848,Nominal,0.255129695,352.097651,0.1,58.09
14849,Nominal,0.230352297,334.563760,0.1,58.09
14850,Nominal,0.265195519,358.976247,0.1,58.09
14851,Nominal,0.254355401,351.562953,0.1,58.09
14852,Nominal,0.363530785,420.294028,0.1,58.09
14853,Nominal,0.327526122,398.938173,0.1,58.09
14854,Nominal,0.206736356,316.950215,0.1,58.09
14855,Nominal,0.445218742,465.124634,0.1,58.09
14856,Nominal,0.382113814,430.902478,0.1,58.09
14857,Nominal,0.326751828,398.466335,0.1,58.09
14858,Nominal,0.202864885,313.968489,0.1,58.09
14859,Nominal,0.136662796,257.696057,0.1,58.09
14860,Nominal,0.410762668,446.763933,0.1,58.09
14861,Nominal,0.132404178,253.649183,0.1,58.09
14862,Nominal,0.360820740,418.724497,0.1,58.09
14863,Nominal,0.226480842,331.740395,0.1,58.09
14864,Nominal,0.209059238,318.725862,0.1,58.09
14865,Nominal,0.241966709,342.894431,0.1,58.09
14866,Nominal,0.262098342,356.873877,0.1,58.09
14867,Nominal,0.279132783,368.288405,0.1,58.09
14868,Nominal,0.223383665,329.464274,0.1,58.09
14869,Nominal,0.161827326,280.419720,0.1,58.09
14870,Nominal,0.203252032,314.267934,0.1,58.09
14871,Nominal,0.117305458,238.749094,0.1,58.09
14872,Nominal,0.283778548,371.340574,0.1,58.09
14873,Nominal,0.245451033,345.354449,0.1,58.09
14874,Nominal,0.241966709,342.894431,0.1,58.09
14875,Nominal,0.233449474,336.805421,0.1,58.09
14876,Nominal,0.366627961,422.080623,0.1,58.09
14877,Nominal,0.335656226,403.859196,0.1,58.09
14878,Nominal,0.353077829,414.207393,0.1,58.09
14879,Nominal,0.411149830,446.974431,0.1,58.09
14880,Nominal,0.427409977,455.727200,0.1,58.09
14881,Nominal,0.297328681,380.102761,0.1,58.09
14882,Nominal,0.186604723,301.123007,0.1,58.09
14883,Nominal,0.118079752,239.535749,0.1,58.09
14884,Nominal,0.428184271,456.139810,0.1,58.09
14885,Nominal,0.093302362,212.926120,0.1,58.09
14886,Nominal,0.354626417,415.114750,0.1,58.09
14887,Nominal,0.223383665,329.464274,0.1,58.09
14888,Nominal,0.226480842,331.740395,0.1,58.09
14889,Nominal,0.242353857,343.168637,0.1,58.09
14890,Nominal,0.226480842,331.740395,0.1,58.09
14891,Nominal,0.262098342,356.873877,0.1,58.09
14892,Nominal,0.219512194,326.596817,0.1,58.09
14893,Nominal,0.125435546,246.883994,0.1,58.09
14894,Nominal,0.199767709,311.562562,0.1,58.09
14895,Nominal,0.148664340,268.773240,0.1,58.09
14896,Nominal,0.231900886,335.686462,0.1,58.09
14897,Nominal,0.219125047,326.308686,0.1,58.09
14898,Nominal,0.233449474,336.805421,0.1,58.09
14899,Nominal,0.228803724,333.437290,0.1,58.09
14900,Nominal,0.413859844,448.445084,0.1,58.09
14901,Nominal,0.307394505,386.483246,0.1,58.09
14902,Nominal,0.287262887,373.613347,0.1,58.09
14903,Nominal,0.408826947,445.710001,0.1,58.09
14904,Nominal,0.340689123,406.875703,0.1,58.09
14905,Nominal,0.374758035,426.734838,0.1,58.09
14906,Nominal,0.184281841,299.242927,0.1,58.09
14907,Nominal,0.116918311,238.354792,0.1,58.09
14908,Nominal,0.337204814,404.789749,0.1,58.09
14909,Nominal,0.114982575,236.373420,0.1,58.09
14910,Nominal,0.415795594,449.492619,0.1,58.09
14911,Nominal,0.212930694,321.663481,0.1,58.09
14912,Nominal,0.207510650,317.543201,0.1,58.09
14913,Nominal,0.235772356,338.476923,0.1,58.09
14914,Nominal,0.267905533,360.805762,0.1,58.09
14915,Nominal,0.286875725,373.361491,0.1,58.09
14916,Nominal,0.219512194,326.596817,0.1,58.09
14917,Nominal,0.099496707,219.880632,0.1,58.09
14918,Nominal,0.224932253,330.604294,0.1,58.09
14919,Nominal,0.109949671,231.142384,0.1,58.09
14920,Nominal,0.214479282,322.831048,0.1,58.09
14921,Nominal,0.231513739,335.406139,0.1,58.09
14922,Nominal,0.219899341,326.884695,0.1,58.09
14923,Nominal,0.229190856,333.719256,0.1,58.09
14924,Nominal,0.338366240,405.486253,0.1,58.09
14925,Nominal,0.387146741,433.730963,0.1,58.09
14926,Nominal,0.302748740,383.551596,0.1,58.09
14927,Nominal,0.193186224,306.387257,0.1,58.09
14928,Nominal,0.331010461,401.054582,0.1,58.09
14929,Nominal,0.203252032,314.267934,0.1,58.09
14930,Nominal,0.221060783,327.746811,0.1,58.09
14931,Nominal,0.128919855,250.289440,0.1,58.09
14932,Nominal,0.241966709,342.894431,0.1,58.09
14933,Nominal,0.135888502,256.965002,0.1,58.09
14934,Nominal,0.323267519,396.336124,0.1,58.09
14935,Nominal,0.143244296,263.828247,0.1,58.09
14936,Nominal,0.241966709,342.894431,0.1,58.09
14937,Nominal,0.140534267,261.320655,0.1,58.09
14938,Nominal,0.146728605,267.017679,0.1,58.09
14939,Nominal,0.191250488,304.848385,0.1,58.09
14940,Nominal,0.208672091,318.430609,0.1,58.09
14941,Nominal,0.100658149,221.160260,0.1,58.09
14942,Nominal,0.222996518,329.178653,0.1,58.09
14943,Nominal,0.078977935,195.900484,0.1,58.09
14944,Nominal,0.148664340,268.773240,0.1,58.09
14945,Nominal,0.120789781,242.268929,0.1,58.09
14946,Nominal,0.111885406,233.168213,0.1,58.09
14947,Nominal,0.180023223,295.765075,0.1,58.09
14948,Nominal,0.152535811,272.250402,0.1,58.09
14949,Nominal,0.265969813,359.499919,0.1,58.09
14950,Nominal,0.324041814,396.810495,0.1,58.09
14951,Nominal,0.282229960,370.325979,0.1,58.09
14952,Nominal,0.207510650,317.543201,0.1,58.09
14953,Nominal,0.247386754,346.713573,0.1,58.09
14954,Nominal,0.247386754,346.713573,0.1,58.09
14955,Nominal,0.116531163,237.959838,0.1,58.09
14956,Nominal,0.166860238,284.746931,0.1,58.09
14957,Nominal,0.113046847,234.375305,0.1,58.09
14958,Nominal,0.188540459,302.680820,0.1,58.09
14959,Nominal,0.165311649,283.422518,0.1,58.09
14960,Nominal,0.233836621,337.084580,0.1,58.09
14961,Nominal,0.170344561,287.704569,0.1,58.09
14962,Nominal,0.179636076,295.446876,0.1,58.09
14963,Nominal,0.191637635,305.156780,0.1,58.09
14964,Nominal,0.242741004,343.442624,0.1,58.09
14965,Nominal,0.056523424,165.728367,0.1,58.09
14966,Nominal,0.223383665,329.464274,0.1,58.09
14967,Nominal,0.080913663,198.286686,0.1,58.09
14968,Nominal,0.099883854,220.308001,0.1,58.09
14969,Nominal,0.123499803,244.971609,0.1,58.09
14970,Nominal,0.100271001,220.734541,0.1,58.09
14971,Nominal,0.101045296,221.585160,0.1,58.09
14972,Nominal,0.044909019,147.723438,0.1,58.09
14973,Missing_Unintentional,0.007355788,59.785686,0.1,58.09
14974,Nominal,0.068137825,181.960346,0.1,58.09
14975,Missing_Unintentional,0.000000000,0.000000,0.1,58.09
14976,Nominal,0.124661244,246.120819,0.1,58.09
14977,Nominal,0.169957414,287.377446,0.1,58.09
14978,Nominal,0.225706547,331.172832,0.1,58.09
14979,Nominal,0.181571811,297.034460,0.1,58.09
14980,Nominal,0.185830429,300.497621,0.1,58.09
14981,Nominal,0.226867989,332.023813,0.1,58.09
14982,Nominal,0.231513739,335.406139,0.1,58.09
14983,Nominal,0.068137825,181.960346,0.1,58.09
14984,Nominal,0.112272553,233.571270,0.1,58.09
14985,Nominal,0.037553232,135.084738,0.1,58.09
14986,Nominal,0.217189312,324.864194,0.1,58.09
14987,Missing_Unintentional,0.038714673,137.157772,0.1,58.09
14988,Nominal,0.260936886,356.082278,0.1,58.09
14989,Nominal,0.044134729,146.444428,0.1,58.09
14990,Nominal,0.070073560,184.526912,0.1,58.09
14991,Nominal,0.089043744,208.010055,0.1,58.09
14992,Nominal,0.179248929,295.128335,0.1,58.09
14993,Nominal,0.204413474,315.164564,0.1,58.09
14994,Nominal,0.200154856,311.864318,0.1,58.09
14995,Nominal,0.238095239,340.140212,0.1,58.09
14996,Nominal,0.198219121,310.352605,0.1,58.09
14997,Nominal,0.164537355,282.757985,0.1,58.09
14998,Nominal,0.176926062,293.209831,0.1,58.09
14999,Nominal,0.152148664,271.904687,0.1,58.09
15000,Nominal,0.271002710,362.885353,0.1,58.09
15001,Nominal,0.240030974,341.520098,0.1,58.09
15002,Nominal,0.267905533,360.805762,0.1,58.09
15003,Nominal,0.288037181,374.116531,0.1,58.09
15004,Nominal,0.129307002,250.664968,0.1,58.09
15005,Nominal,0.238869533,340.692837,0.1,58.09
15006,Nominal,0.162601620,281.089781,0.1,58.09
15007,Nominal,0.233449474,336.805421,0.1,58.09
15008,Nominal,0.328687578,399.644894,0.1,58.09
15009,Nominal,0.236546651,339.032259,0.1,58.09
15010,Nominal,0.310878813,388.667463,0.1,58.09
15011,Nominal,0.264808357,358.714115,0.1,58.09
15012,Nominal,0.184668988,299.557093,0.1,58.09
15013,Nominal,0.274874181,365.468202,0.1,58.09
15014,Nominal,0.246612459,346.170559,0.1,58.09
15015,Nominal,0.280681372,369.308597,0.1,58.09
15016,Nominal,0.212156400,321.078105,0.1,58.09
15017,Nominal,0.165698797,283.754201,0.1,58.09
15018,Nominal,0.190476194,304.230657,0.1,58.09
15019,Nominal,0.184281841,299.242927,0.1,58.09
15020,Nominal,0.217189312,324.864194,0.1,58.09
15021,Nominal,0.234223768,337.363508,0.1,58.09
15022,Nominal,0.236546651,339.032259,0.1,58.09
15023,Nominal,0.202864885,313.968489,0.1,58.09
15024,Nominal,0.408439785,445.498906,0.1,58.09
15025,Nominal,0.320170343,394.432937,0.1,58.09
15026,Nominal,0.436701506,460.654128,0.1,58.09
15027,Nominal,0.347657770,411.015871,0.1,58.09
15028,Nominal,0.353464961,414.434410,0.1,58.09
15029,Nominal,0.385210991,432.645267,0.1,58.09
15030,Nominal,0.200154856,311.864318,0.1,58.09
15031,Nominal,0.213704988,322.247794,0.1,58.09
15032,Nominal,0.367015094,422.303407,0.1,58.09
15033,Nominal,0.191637635,305.156780,0.1,58.09
15034,Nominal,0.297715843,380.350153,0.1,58.09
15035,Nominal,0.307007343,386.239782,0.1,58.09
15036,Nominal,0.209059238,318.725862,0.1,58.09
15037,Nominal,0.301200151,382.569387,0.1,58.09
15038,Nominal,0.332559049,401.991627,0.1,58.09
15039,Nominal,0.322106063,395.623493,0.1,58.09
15040,Nominal,0.172280297,289.334637,0.1,58.09
15041,Nominal,0.115756869,237.167955,0.1,58.09
15042,Nominal,0.220286489,327.172319,0.1,58.09
15043,Nominal,0.147115752,267.369714,0.1,58.09
15044,Nominal,0.253968269,351.295310,0.1,58.09
15045,Nominal,0.258614004,354.493798,0.1,58.09
15046,Nominal,0.250483930,348.877175,0.1,58.09
15047,Nominal,0.257452577,353.696893,0.1,58.09
15048,Nominal,0.373209447,425.852241,0.1,58.09
15049,Nominal,0.364305079,420.741388,0.1,58.09
15050,Nominal,0.329849005,400.350349,0.1,58.09
15051,Nominal,0.356562138,416.246155,0.1,58.09
15052,Nominal,0.393728226,437.402134,0.1,58.09
15053,Nominal,0.296167254,379.359655,0.1,58.09
15054,Nominal,0.208284944,318.135081,0.1,58.09
15055,Nominal,0.192411929,305.772638,0.1,58.09
15056,Nominal,0.433604330,459.017695,0.1,58.09
15057,Nominal,0.128919855,250.289440,0.1,58.09
15058,Nominal,0.328687578,399.644894,0.1,58.09
15059,Nominal,0.273325592,364.437259,0.1,58.09
15060,Nominal,0.199380562,311.260514,0.1,58.09
15061,Nominal,0.284165710,371.593799,0.1,58.09
15062,Nominal,0.296941549,379.855227,0.1,58.09
15063,Nominal,0.303135902,383.796765,0.1,58.09
15064,Nominal,0.199767709,311.562562,0.1,58.09
15065,Nominal,0.122725517,244.202473,0.1,58.09
15066,Nominal,0.208284944,318.135081,0.1,58.09
15067,Nominal,0.128919855,250.289440,0.1,58.09
15068,Nominal,0.256678283,353.164617,0.1,58.09
15069,Nominal,0.253581107,351.027442,0.1,58.09
15070,Nominal,0.258226871,354.228369,0.1,58.09
15071,Nominal,0.219899341,326.884695,0.1,58.09
15072,Nominal,0.417731315,450.537701,0.1,58.09
15073,Nominal,0.333720475,402.692971,0.1,58.09
15074,Nominal,0.230739444,334.844788,0.1,58.09
15075,Nominal,0.415408432,449.283301,0.1,58.09
15076,Nominal,0.378629506,428.933385,0.1,58.09
15077,Nominal,0.394115359,437.617119,0.1,58.09
15078,Nominal,0.199380562,311.260514,0.1,58.09
15079,Nominal,0.116918311,238.354792,0.1,58.09
15080,Nominal,0.356562138,416.246155,0.1,58.09
15081,Nominal,0.113821141,235.176591,0.1,58.09
15082,Nominal,0.402632594,442.320520,0.1,58.09
15083,Nominal,0.291521490,376.372523,0.1,58.09
15084,Nominal,0.210994974,320.198046,0.1,58.09
15085,Nominal,0.267518401,360.544980,0.1,58.09
15086,Nominal,0.269066989,361.587020,0.1,58.09
15087,Nominal,0.286875725,373.361491,0.1,58.09
15088,Nominal,0.205962062,316.356118,0.1,58.09
15089,Nominal,0.114208288,235.576212,0.1,58.09
15090,Nominal,0.214479282,322.831048,0.1,58.09
15091,Nominal,0.120015487,241.491177,0.1,58.09
15092,Nominal,0.260936886,356.082278,0.1,58.09
15093,Nominal,0.233449474,336.805421,0.1,58.09
15094,Nominal,0.270615578,362.626066,0.1,58.09
15095,Nominal,0.214866430,323.122281,0.1,58.09
15096,Nominal,0.398373991,439.975112,0.1,58.09
15097,Nominal,0.370499432,424.303287,0.1,58.09
15098,Nominal,0.374370873,426.514351,0.1,58.09
15099,Nominal,0.382500976,431.120721,0.1,58.09
15100,Nominal,0.370886564,424.524904,0.1,58.09
15101,Nominal,0.345334888,409.640465,0.1,58.09
15102,Nominal,0.219125047,326.308686,0.1,58.09
15103,Nominal,0.108788230,229.918320,0.1,58.09
15104,Nominal,0.400696874,441.255975,0.1,58.09
15105,Nominal,0.089818038,208.912490,0.1,58.09
15106,Nominal,0.393728226,437.402134,0.1,58.09
15107,Nominal,0.234998062,337.920674,0.1,58.09
15108,Nominal,0.197444826,309.745854,0.1,58.09
15109,Nominal,0.264034063,358.189295,0.1,58.09
15110,Nominal,0.239256680,340.968814,0.1,58.09
15111,Nominal,0.228803724,333.437290,0.1,58.09
15112,Nominal,0.226480842,331.740395,0.1,58.09
15113,Nominal,0.122338369,243.816991,0.1,58.09
15114,Nominal,0.243902445,344.263278,0.1,58.09
15115,Nominal,0.156407282,275.683711,0.1,58.09
15116,Nominal,0.197444826,309.745854,0.1,58.09
15117,Nominal,0.206349209,316.653306,0.1,58.09
15118,Nominal,0.224157959,330.034776,0.1,58.09
15119,Nominal,0.209446386,319.020842,0.1,58.09
15120,Nominal,0.310104519,388.183141,0.1,58.09
15121,Nominal,0.310491681,388.425387,0.1,58.09
15122,Nominal,0.161440179,280.084089,0.1,58.09
15123,Nominal,0.327138990,398.702333,0.1,58.09
15124,Nominal,0.334494770,403.159862,0.1,58.09
15125,Nominal,0.305071622,385.020211,0.1,58.09
15126,Nominal,0.178087488,294.170641,0.1,58.09
15127,Nominal,0.094463803,214.247289,0.1,58.09
15128,Nominal,0.398373991,439.975112,0.1,58.09
15129,Nominal,0.135888502,256.965002,0.1,58.09
15130,Nominal,0.284940004,372.099714,0.1,58.09
15131,Nominal,0.281455666,369.817638,0.1,58.09
15132,Nominal,0.183894694,298.928430,0.1,58.09
15133,Nominal,0.263646930,357.926606,0.1,58.09
15134,Nominal,0.196670532,309.137912,0.1,58.09
15135,Nominal,0.225706547,331.172832,0.1,58.09
15136,Nominal,0.230739444,334.844788,0.1,58.09
15137,Nominal,0.123112656,244.587340,0.1,58.09
15138,Nominal,0.221060783,327.746811,0.1,58.09
15139,Nominal,0.139372826,260.238577,0.1,58.09
15140,Nominal,0.233062327,336.526030,0.1,58.09
15141,Nominal,0.232675180,336.246406,0.1,58.09
15142,Nominal,0.257839710,353.962720,0.1,58.09
15143,Nominal,0.207123503,317.246847,0.1,58.09
15144,Nominal,0.271777004,363.403391,0.1,58.09
15145,Nominal,0.335656226,403.859196,0.1,58.09
15146,Nominal,0.278358489,367.777247,0.1,58.09
15147,Nominal,0.315137446,391.320525,0.1,58.09
15148,Nominal,0.372048020,425.189099,0.1,58.09
15149,Nominal,0.239256680,340.968814,0.1,58.09
15150,Nominal,0.210994974,320.198046,0.1,58.09
15151,Nominal,0.114208288,235.576212,0.1,58.09
15152,Nominal,0.320557505,394.671346,0.1,58.09
15153,Nominal,0.127758414,249.159458,0.1,58.09
15154,Nominal,0.332171887,401.757562,0.1,58.09
15155,Nominal,0.214866430,323.122281,0.1,58.09
15156,Nominal,0.229190856,333.719256,0.1,58.09
15157,Nominal,0.202090591,313.368739,0.1,58.09
15158,Nominal,0.212930694,321.663481,0.1,58.09
15159,Nominal,0.205574915,316.058651,0.1,58.09
15160,Nominal,0.205962062,316.356118,0.1,58.09
15161,Nominal,0.100658149,221.160260,0.1,58.09
15162,Nominal,0.231126592,335.125581,0.1,58.09
15163,Nominal,0.099496707,219.880632,0.1,58.09
15164,Nominal,0.113433994,234.776290,0.1,58.09
15165,Nominal,0.152922958,272.595679,0.1,58.09
15166,Nominal,0.134727061,255.864504,0.1,58.09
15167,Nominal,0.121176928,242.656870,0.1,58.09
15168,Nominal,0.249709636,348.337534,0.1,58.09
15169,Nominal,0.310104519,388.183141,0.1,58.09
15170,Nominal,0.261711180,356.610200,0.1,58.09
15171,Nominal,0.265582651,359.238168,0.1,58.09
15172,Nominal,0.286101431,372.857289,0.1,58.09
15173,Nominal,0.334881932,403.393114,0.1,58.09
15174,Nominal,0.257065415,353.430845,0.1,58.09
15175,Nominal,0.113433994,234.776290,0.1,58.09
15176,Nominal,0.154858693,274.315544,0.1,58.09
15177,Nominal,0.089043744,208.010055,0.1,58.09
15178,Nominal,0.244289592,344.536394,0.1,58.09
15179,Nominal,0.221447930,328.033679,0.1,58.09
15180,Nominal,0.228029430,332.872619,0.1,58.09
15181,Nominal,0.189701900,303.611671,0.1,58.09
15182,Nominal,0.113433994,234.776290,0.1,58.09
15183,Nominal,0.096012391,215.996277,0.1,58.09
15184,Nominal,0.233062327,336.526030,0.1,58.09
15185,Nominal,0.037166085,134.386620,0.1,58.09
15186,Nominal,0.274487019,365.210729,0.1,58.09
15187,Nominal,0.059620596,170.208318,0.1,58.09
15188,Nominal,0.101819590,222.432526,0.1,58.09
15189,Nominal,0.157181576,276.365255,0.1,58.09
15190,Nominal,0.129307002,250.664968,0.1,58.09
15191,Nominal,0.133565620,254.759251,0.1,58.09
15192,Missing_Unintentional,0.000000000,0.000000,0.1,58.09
15193,Missing_Unintentional,0.009678668,68.578886,0.1,58.09
15194,Missing_Unintentional,0.007355788,59.785686,0.1,58.09
15195,Missing_Unintentional,0.003097174,38.794076,0.1,58.09
15196,Nominal,0.180023223,295.765075,0.1,58.09
15197,Nominal,0.185830429,300.497621,0.1,58.09
15198,Nominal,0.279519945,368.543727,0.1,58.09
15199,Nominal,0.166860238,284.746931,0.1,58.09
15200,Nominal,0.127371266,248.781657,0.1,58.09
15201,Nominal,0.226093695,331.456735,0.1,58.09
15202,Nominal,0.248935342,347.797056,0.1,58.09
15203,Nominal,0.092140920,211.596703,0.1,58.09
15204,Nominal,0.078977935,195.900484,0.1,58.09
15205,Nominal,0.034456059,129.394384,0.1,58.09
15206,Nominal,0.199767709,311.562562,0.1,58.09
15207,Nominal,0.101045296,221.585160,0.1,58.09
15208,Nominal,0.263259768,357.663704,0.1,58.09
15209,Nominal,0.090979479,210.258880,0.1,58.09
15210,Nominal,0.117305458,238.749094,0.1,58.09
15211,Nominal,0.085172281,203.437852,0.1,58.09
15212,Nominal,0.180023223,295.765075,0.1,58.09
15213,Nominal,0.198993415,310.958172,0.1,58.09
15214,Nominal,0.195896238,308.528772,0.1,58.09
15215,Nominal,0.231513739,335.406139,0.1,58.09
15216,Nominal,0.193960518,307.000646,0.1,58.09
15217,Nominal,0.203639179,314.567095,0.1,58.09
15218,Nominal,0.211382121,320.491671,0.1,58.09
15219,Nominal,0.149438635,269.472262,0.1,58.09
15220,Nominal,0.276809901,366.752795,0.1,58.09
15221,Nominal,0.320557505,394.671346,0.1,58.09
15222,Nominal,0.323654652,396.573371,0.1,58.09
15223,Nominal,0.305845916,385.508507,0.1,58.09
15224,Nominal,0.301587313,382.815185,0.1,58.09
15225,Nominal,0.272164136,363.662124,0.1,58.09
15226,Nominal,0.147115752,267.369714,0.1,58.09
15227,Nominal,0.253193974,350.759390,0.1,58.09
15228,Nominal,0.326364696,398.230216,0.1,58.09
15229,Nominal,0.241966709,342.894431,0.1,58.09
15230,Nominal,0.316298872,392.040960,0.1,58.09
15231,Nominal,0.252032518,349.953960,0.1,58.09
15232,Nominal,0.183894694,298.928430,0.1,58.09
15233,Nominal,0.269454122,361.847051,0.1,58.09
15234,Nominal,0.197057679,309.442032,0.1,58.09
15235,Nominal,0.257452577,353.696893,0.1,58.09
15236,Nominal,0.179636076,295.446876,0.1,58.09
15237,Nominal,0.149438635,269.472262,0.1,58.09
15238,Nominal,0.192024782,305.464864,0.1,58.09
15239,Nominal,0.168408826,286.065212,0.1,58.09
15240,Nominal,0.241966709,342.894431,0.1,58.09
15241,Nominal,0.264808357,358.714115,0.1,58.09
15242,Nominal,0.269841284,362.106916,0.1,58.09
15243,Nominal,0.253193974,350.759390,0.1,58.09
15244,Nominal,0.283778548,371.340574,0.1,58.09
15245,Nominal,0.349980652,412.386691,0.1,58.09
15246,Nominal,0.416182727,449.701823,0.1,58.09
15247,Nominal,0.387921035,434.164478,0.1,58.09
15248,Nominal,0.283391416,371.087195,0.1,58.09
15249,Nominal,0.310491681,388.425387,0.1,58.09
15250,Nominal,0.202090591,313.368739,0.1,58.09
15251,Nominal,0.220286489,327.172319,0.1,58.09
15252,Nominal,0.382500976,431.120721,0.1,58.09
15253,Nominal,0.156407282,275.683711,0.1,58.09
15254,Nominal,0.312814564,389.875643,0.1,58.09
15255,Nominal,0.315137446,391.320525,0.1,58.09
15256,Nominal,0.221060783,327.746811,0.1,58.09
15257,Nominal,0.309330225,387.698215,0.1,58.09
15258,Nominal,0.280681372,369.308597,0.1,58.09
15259,Nominal,0.291908622,376.622346,0.1,58.09
15260,Nominal,0.202477738,313.668757,0.1,58.09
15261,Nominal,0.147890046,268.072395,0.1,58.09
15262,Nominal,0.230739444,334.844788,0.1,58.09
15263,Nominal,0.132017031,253.278079,0.1,58.09
15264,Nominal,0.242353857,343.168637,0.1,58.09
15265,Nominal,0.274487019,365.210729,0.1,58.09
15266,Nominal,0.257452577,353.696893,0.1,58.09
15267,Nominal,0.239643827,341.244567,0.1,58.09
15268,Nominal,0.332946181,402.225538,0.1,58.09
15269,Nominal,0.361207902,418.949083,0.1,58.09
15270,Nominal,0.374758035,426.734838,0.1,58.09
15271,Nominal,0.405729771,444.018495,0.1,58.09
15272,Nominal,0.350754946,412.842619,0.1,58.09
15273,Nominal,0.326751828,398.466335,0.1,58.09
15274,Nominal,0.220286489,327.172319,0.1,58.09
15275,Nominal,0.161440179,280.084089,0.1,58.09
15276,Nominal,0.310878813,388.667463,0.1,58.09
15277,Nominal,0.132791325,254.019745,0.1,58.09
15278,Nominal,0.331010461,401.054582,0.1,58.09
15279,Nominal,0.305458754,385.264427,0.1,58.09
15280,Nominal,0.206736356,316.950215,0.1,58.09
15281,Nominal,0.265582651,359.238168,0.1,58.09
15282,Nominal,0.258226871,354.228369,0.1,58.09
15283,Nominal,0.304684490,384.775841,0.1,58.09
15284,Nominal,0.214866430,323.122281,0.1,58.09
15285,Nominal,0.112272553,233.571270,0.1,58.09
15286,Nominal,0.212543547,321.370926,0.1,58.09
15287,Nominal,0.139372826,260.238577,0.1,58.09
15288,Nominal,0.271002710,362.885353,0.1,58.09
15289,Nominal,0.265582651,359.238168,0.1,58.09
15290,Nominal,0.274487019,365.210729,0.1,58.09
15291,Nominal,0.266744107,360.022828,0.1,58.09
15292,Nominal,0.394115359,437.617119,0.1,58.09
15293,Nominal,0.305458754,385.264427,0.1,58.09
15294,Nominal,0.236933798,339.309587,0.1,58.09
15295,Nominal,0.347657770,411.015871,0.1,58.09
15296,Nominal,0.434765786,459.632048,0.1,58.09
15297,Nominal,0.412311256,447.605298,0.1,58.09
15298,Nominal,0.198606268,310.655536,0.1,58.09
15299,Nominal,0.116918311,238.354792,0.1,58.09
15300,Nominal,0.443670154,464.315017,0.1,58.09
15301,Nominal,0.113046847,234.375305,0.1,58.09
15302,Nominal,0.384823859,432.427811,0.1,58.09
15303,Nominal,0.275261313,365.725474,0.1,58.09
15304,Nominal,0.221060783,327.746811,0.1,58.09
15305,Nominal,0.264034063,358.189295,0.1,58.09
15306,Nominal,0.246612459,346.170559,0.1,58.09
15307,Nominal,0.261711180,356.610200,0.1,58.09
15308,Nominal,0.229965150,334.282496,0.1,58.09
15309,Nominal,0.125435546,246.883994,0.1,58.09
15310,Nominal,0.222609371,328.892783,0.1,58.09
15311,Nominal,0.147115752,267.369714,0.1,58.09
15312,Nominal,0.272938430,364.179057,0.1,58.09
15313,Nominal,0.242353857,343.168637,0.1,58.09
15314,Nominal,0.269841284,362.106916,0.1,58.09
15315,Nominal,0.254355401,351.562953,0.1,58.09
15316,Nominal,0.375919461,427.395581,0.1,58.09
15317,Nominal,0.351916373,413.525560,0.1,58.09
15318,Nominal,0.370112270,424.081536,0.1,58.09
15319,Nominal,0.452574521,468.951223,0.1,58.09
15320,Nominal,0.444057286,464.517545,0.1,58.09
15321,Nominal,0.392953932,436.971832,0.1,58.09
15322,Nominal,0.199767709,311.562562,0.1,58.09
15323,Nominal,0.119628340,241.101360,0.1,58.09
15324,Nominal,0.391405344,436.109953,0.1,58.09
15325,Nominal,0.123112656,244.587340,0.1,58.09
15326,Nominal,0.413085550,448.025388,0.1,58.09
15327,Nominal,0.246612459,346.170559,0.1,58.09
15328,Nominal,0.195121944,307.918427,0.1,58.09
15329,Nominal,0.239643827,341.244567,0.1,58.09
15330,Nominal,0.240418121,341.795407,0.1,58.09
15331,Nominal,0.236546651,339.032259,0.1,58.09
15332,Nominal,0.222609371,328.892783,0.1,58.09
15333,Nominal,0.120789781,242.268929,0.1,58.09
15334,Nominal,0.216415018,324.284596,0.1,58.09
15335,Nominal,0.142470002,263.114231,0.1,58.09
15336,Nominal,0.243128151,343.716393,0.1,58.09
15337,Nominal,0.263646930,357.926606,0.1,58.09
15338,Nominal,0.248935342,347.797056,0.1,58.09
15339,Nominal,0.226093695,331.456735,0.1,58.09
15340,Nominal,0.383662403,431.774752,0.1,58.09
15341,Nominal,0.346109182,410.099446,0.1,58.09
15342,Nominal,0.353464961,414.434410,0.1,58.09
15343,Nominal,0.357723564,416.923521,0.1,58.09
15344,Nominal,0.348819196,411.701843,0.1,58.09
15345,Nominal,0.398761123,440.188840,0.1,58.09
15346,Nominal,0.216802165,324.574525,0.1,58.09
15347,Nominal,0.121564075,243.044192,0.1,58.09
15348,Nominal,0.250096798,348.607469,0.1,58.09
15349,Nominal,0.169957414,287.377446,0.1,58.09
15350,Nominal,0.295392960,378.863436,0.1,58.09
15351,Nominal,0.214479282,322.831048,0.1,58.09
15352,Nominal,0.173441738,290.308285,0.1,58.09
15353,Nominal,0.215640724,323.703960,0.1,58.09
15354,Nominal,0.221447930,328.033679,0.1,58.09
15355,Nominal,0.217576459,325.153606,0.1,58.09
15356,Nominal,0.217963606,325.442760,0.1,58.09
15357,Nominal,0.119241193,240.710912,0.1,58.09
15358,Nominal,0.216415018,324.284596,0.1,58.09
15359,Nominal,0.128919855,250.289440,0.1,58.09
15360,Nominal,0.248548195,347.526502,0.1,58.09
15361,Nominal,0.215253577,323.413252,0.1,58.09
15362,Nominal,0.210994974,320.198046,0.1,58.09
15363,Nominal,0.233449474,336.805421,0.1,58.09
15364,Nominal,0.324041814,396.810495,0.1,58.09
15365,Nominal,0.389856756,435.246367,0.1,58.09
15366,Nominal,0.323267519,396.336124,0.1,58.09
15367,Nominal,0.363530785,420.294028,0.1,58.09
15368,Nominal,0.234610915,337.642206,0.1,58.09
15369,Nominal,0.367402256,422.526091,0.1,58.09
15370,Nominal,0.226093695,331.456735,0.1,58.09
15371,Nominal,0.153697252,273.284924,0.1,58.09
15372,Nominal,0.255129695,352.097651,0.1,58.09
15373,Nominal,0.132404178,253.649183,0.1,58.09
15374,Nominal,0.297328681,380.102761,0.1,58.09
15375,Nominal,0.244676739,344.809295,0.1,58.09
15376,Nominal,0.219125047,326.308686,0.1,58.09
15377,Nominal,0.196283385,308.833492,0.1,58.09
15378,Nominal,0.217189312,324.864194,0.1,58.09
15379,Nominal,0.185056135,299.870930,0.1,58.09
15380,Nominal,0.199767709,311.562562,0.1,58.09
15381,Nominal,0.082075104,199.704727,0.1,58.09
15382,Nominal,0.174603179,291.278679,0.1,58.09
15383,Nominal,0.095238097,215.123560,0.1,58.09
15384,Nominal,0.144792870,265.250499,0.1,58.09
15385,Nominal,0.208672091,318.430609,0.1,58.09
15386,Missing_Intentional,0.009678668,68.578886,0.1,58.09
15387,Nominal,0.175764620,292.245850,0.1,58.09
15388,Nominal,0.235772356,338.476923,0.1,58.09
15389,Nominal,0.278358489,367.777247,0.1,58.09
15390,Nominal,0.293457210,377.620023,0.1,58.09
15391,Nominal,0.197444826,309.745854,0.1,58.09
15392,Nominal,0.190863341,304.539678,0.1,58.09
15393,Nominal,0.245063886,345.081979,0.1,58.09
15394,Nominal,0.247773901,346.984761,0.1,58.09
15395,Nominal,0.119628340,241.101360,0.1,58.09
15396,Nominal,0.149825782,269.821094,0.1,58.09
15397,Nominal,0.091753773,211.151703,0.1,58.09
15398,Nominal,0.213317841,321.955770,0.1,58.09
15399,Nominal,0.136662796,257.696057,0.1,58.09
15400,Nominal,0.250096798,348.607469,0.1,58.09
15401,Nominal,0.111111112,232.360001,0.1,58.09
15402,Nominal,0.128919855,250.289440,0.1,58.09
15403,Nominal,0.102593884,223.276676,0.1,58.09
15404,Nominal,0.240030974,341.520098,0.1,58.09
15405,Missing_Unintentional,0.033294618,127.194883,0.1,58.09
15406,Nominal,0.255516827,352.364685,0.1,58.09
15407,Nominal,0.065040648,177.776787,0.1,58.09
15408,Nominal,0.136275649,257.330789,0.1,58.09
15409,Nominal,0.124661244,246.120819,0.1,58.09
15410,Nominal,0.147115752,267.369714,0.1,58.09
15411,Nominal,0.151761517,271.558532,0.1,58.09
15412,Missing_Unintentional,0.003484321,41.147332,0.1,58.09
15413,Missing_Unintentional,0.023615951,107.123644,0.1,58.09
15414,Missing_Unintentional,0.009678668,68.578886,0.1,58.09
15415,Missing_Unintentional,0.022454510,104.456245,0.1,58.09
15416,Nominal,0.158730164,277.723324,0.1,58.09
15417,Nominal,0.110336818,231.548968,0.1,58.09
15418,Nominal,0.232288033,335.966551,0.1,58.09
15419,Nominal,0.147502899,267.721285,0.1,58.09
15420,Nominal,0.201316297,312.767839,0.1,58.09
15421,Nominal,0.275261313,365.725474,0.1,58.09
15422,Nominal,0.236933798,339.309587,0.1,58.09
15423,Nominal,0.059620596,170.208318,0.1,58.09
15424,Nominal,0.097560972,217.731208,0.1,58.09
15425,Missing_Unintentional,0.030971738,122.677639,0.1,58.09
15426,Nominal,0.214866430,323.122281,0.1,58.09
15427,Nominal,0.120789781,242.268929,0.1,58.09
15428,Nominal,0.255903989,352.631537,0.1,58.09
15429,Nominal,0.089043744,208.010055,0.1,58.09
15430,Nominal,0.140534267,261.320655,0.1,58.09
15431,Nominal,0.081300810,198.760490,0.1,58.09
15432,Nominal,0.181184664,296.717622,0.1,58.09
15433,Nominal,0.198219121,310.352605,0.1,58.09
15434,Nominal,0.194347665,307.306882,0.1,58.09
15435,Nominal,0.237320945,339.586688,0.1,58.09
15436,Nominal,0.236159503,338.754705,0.1,58.09
15437,Nominal,0.181184664,296.717622,0.1,58.09
15438,Nominal,0.198993415,310.958172,0.1,58.09
15439,Nominal,0.169957414,287.377446,0.1,58.09
15440,Nominal,0.208284944,318.135081,0.1,58.09
15441,Nominal,0.165311649,283.422518,0.1,58.09
15442,Nominal,0.250483930,348.877175,0.1,58.09
15443,Nominal,0.312814564,389.875643,0.1,58.09
15444,Nominal,0.186604723,301.123007,0.1,58.09
15445,Nominal,0.202477738,313.668757,0.1,58.09
15446,Nominal,0.142857149,263.471481,0.1,58.09
15447,Nominal,0.252032518,349.953960,0.1,58.09
15448,Nominal,0.382888108,431.338836,0.1,58.09
15449,Nominal,0.219512194,326.596817,0.1,58.09
15450,Nominal,0.342237711,407.799373,0.1,58.09
15451,Nominal,0.194347665,307.306882,0.1,58.09
15452,Nominal,0.173054591,289.984099,0.1,58.09
15453,Nominal,0.217189312,324.864194,0.1,58.09
15454,Nominal,0.238869533,340.692837,0.1,58.09
15455,Nominal,0.217189312,324.864194,0.1,58.09
15456,Nominal,0.182346106,297.667122,0.1,58.09
15457,Nominal,0.151761517,271.558532,0.1,58.09
15458,Nominal,0.224545106,330.319658,0.1,58.09
15459,Nominal,0.149051487,269.122978,0.1,58.09
15460,Nominal,0.276809901,366.752795,0.1,58.09
15461,Nominal,0.270228416,362.366574,0.1,58.09
15462,Nominal,0.282229960,370.325979,0.1,58.09
15463,Nominal,0.241579562,342.620005,0.1,58.09
15464,Nominal,0.348044902,411.244650,0.1,58.09
15465,Nominal,0.319783211,394.194401,0.1,58.09
15466,Nominal,0.339527667,406.181563,0.1,58.09
15467,Nominal,0.362756491,419.846192,0.1,58.09
15468,Nominal,0.422377080,453.036083,0.1,58.09
15469,Nominal,0.309717387,387.940763,0.1,58.09
15470,Nominal,0.212156400,321.078105,0.1,58.09
15471,Nominal,0.212543547,321.370926,0.1,58.09
15472,Nominal,0.445218742,465.124634,0.1,58.09
15473,Nominal,0.157955870,277.045122,0.1,58.09
15474,Nominal,0.336817652,404.557302,0.1,58.09
15475,Nominal,0.274099886,364.953094,0.1,58.09
15476,Nominal,0.216415018,324.284596,0.1,58.09
15477,Nominal,0.273712724,364.695258,0.1,58.09
15478,Nominal,0.259001166,354.759049,0.1,58.09
15479,Nominal,0.222609371,328.892783,0.1,58.09
15480,Nominal,0.229965150,334.282496,0.1,58.09
15481,Nominal,0.145180017,265.604876,0.1,58.09
15482,Nominal,0.229578003,334.000994,0.1,58.09
15483,Nominal,0.154858693,274.315544,0.1,58.09
15484,Nominal,0.290360034,375.622018,0.1,58.09
15485,Nominal,0.306233048,385.752413,0.1,58.09
15486,Nominal,0.305071622,385.020211,0.1,58.09
15487,Nominal,0.269454122,361.847051,0.1,58.09
15488,Nominal,0.403019756,442.533131,0.1,58.09
15489,Nominal,0.335656226,403.859196,0.1,58.09
15490,Nominal,0.386759579,433.514035,0.1,58.09
15491,Nominal,0.415795594,449.492619,0.1,58.09
15492,Nominal,0.405342638,443.806611,0.1,58.09
15493,Nominal,0.440960109,462.894770,0.1,58.09
15494,Nominal,0.217963606,325.442760,0.1,58.09
15495,Nominal,0.125048399,246.502706,0.1,58.09
15496,Nominal,0.347657770,411.015871,0.1,58.09
15497,Nominal,0.128532708,249.913347,0.1,58.09
15498,Nominal,0.373983741,426.293767,0.1,58.09
15499,Nominal,0.255129695,352.097651,0.1,58.09
15500,Nominal,0.190089047,303.921322,0.1,58.09
15501,Nominal,0.292682916,377.121514,0.1,58.09
15502,Nominal,0.246999606,346.442172,0.1,58.09
15503,Nominal,0.231126592,335.125581,0.1,58.09
15504,Nominal,0.227642283,332.589925,0.1,58.09
15505,Nominal,0.149438635,269.472262,0.1,58.09
15506,Nominal,0.248161048,347.255737,0.1,58.09
15507,Nominal,0.162988767,281.424213,0.1,58.09
15508,Nominal,0.306233048,385.752413,0.1,58.09
15509,Nominal,0.313975990,390.598743,0.1,58.09
15510,Nominal,0.296167254,379.359655,0.1,58.09
15511,Nominal,0.285714298,372.604941,0.1,58.09
15512,Nominal,0.404568344,443.382524,0.1,58.09
15513,Nominal,0.311265975,388.909407,0.1,58.09
15514,Nominal,0.427022845,455.520763,0.1,58.09
15515,Nominal,0.411149830,446.974431,0.1,58.09
15516,Nominal,0.390631050,435.678374,0.1,58.09
15517,Nominal,0.438250095,461.470169,0.1,58.09
15518,Nominal,0.218350753,325.731658,0.1,58.09
15519,Nominal,0.112659700,233.973633,0.1,58.09
15520,Nominal,0.432830036,458.607674,0.1,58.09
15521,Nominal,0.119241193,240.710912,0.1,58.09
15522,Nominal,0.310491681,388.425387,0.1,58.09
15523,Nominal,0.262098342,356.873877,0.1,58.09
15524,Nominal,0.251645386,349.685085,0.1,58.09
15525,Nominal,0.251645386,349.685085,0.1,58.09
15526,Nominal,0.243128151,343.716393,0.1,58.09
15527,Nominal,0.237320945,339.586688,0.1,58.09
15528,Nominal,0.225706547,331.172832,0.1,58.09
15529,Nominal,0.161440179,280.084089,0.1,58.09
15530,Nominal,0.226093695,331.456735,0.1,58.09
15531,Nominal,0.173441738,290.308285,0.1,58.09
15532,Nominal,0.281842828,370.071906,0.1,58.09
15533,Nominal,0.317847461,392.999498,0.1,58.09
15534,Nominal,0.292295784,376.872022,0.1,58.09
15535,Nominal,0.245451033,345.354449,0.1,58.09
15536,Nominal,0.358497858,417.374494,0.1,58.09
15537,Nominal,0.356562138,416.246155,0.1,58.09
15538,Nominal,0.365466505,421.411529,0.1,58.09
15539,Nominal,0.342237711,407.799373,0.1,58.09
15540,Nominal,0.407665491,445.076432,0.1,58.09
15541,Nominal,0.330236167,400.585237,0.1,58.09
15542,Nominal,0.227255136,332.306989,0.1,58.09
15543,Nominal,0.125822693,247.264695,0.1,58.09
15544,Nominal,0.379790932,429.590747,0.1,58.09
15545,Nominal,0.141695708,262.398272,0.1,58.09
15546,Nominal,0.327913284,399.173892,0.1,58.09
15547,Nominal,0.242741004,343.442624,0.1,58.09
15548,Nominal,0.213704988,322.247794,0.1,58.09
15549,Nominal,0.212930694,321.663481,0.1,58.09
15550,Nominal,0.265969813,359.499919,0.1,58.09
15551,Nominal,0.201703444,313.068433,0.1,58.09
15552,Nominal,0.225706547,331.172832,0.1,58.09
15553,Nominal,0.147890046,268.072395,0.1,58.09
15554,Nominal,0.221447930,328.033679,0.1,58.09
15555,Nominal,0.151374370,271.211935,0.1,58.09
15556,Nominal,0.267905533,360.805762,0.1,58.09
15557,Nominal,0.279519945,368.543727,0.1,58.09
15558,Nominal,0.278358489,367.777247,0.1,58.09
15559,Nominal,0.247773901,346.984761,0.1,58.09
15560,Nominal,0.295780092,379.111617,0.1,58.09
15561,Nominal,0.286101431,372.857289,0.1,58.09
15562,Nominal,0.219899341,326.884695,0.1,58.09
15563,Nominal,0.312040269,389.392825,0.1,58.09
15564,Nominal,0.365466505,421.411529,0.1,58.09
15565,Nominal,0.305845916,385.508507,0.1,58.09
15566,Nominal,0.224545106,330.319658,0.1,58.09
15567,Nominal,0.144792870,265.250499,0.1,58.09
15568,Nominal,0.459543169,472.547837,0.1,58.09
15569,Nominal,0.158730164,277.723324,0.1,58.09
15570,Nominal,0.236159503,338.754705,0.1,58.09
15571,Nominal,0.217963606,325.442760,0.1,58.09
15572,Nominal,0.188540459,302.680820,0.1,58.09
15573,Nominal,0.216027871,323.994408,0.1,58.09
15574,Nominal,0.243902445,344.263278,0.1,58.09
15575,Nominal,0.208284944,318.135081,0.1,58.09
15576,Nominal,0.221060783,327.746811,0.1,58.09
15577,Nominal,0.116918311,238.354792,0.1,58.09
15578,Nominal,0.217189312,324.864194,0.1,58.09
15579,Nominal,0.153697252,273.284924,0.1,58.09
15580,Nominal,0.190089047,303.921322,0.1,58.09
15581,Nominal,0.231900886,335.686462,0.1,58.09
15582,Nominal,0.209446386,319.020842,0.1,58.09
15583,Nominal,0.213704988,322.247794,0.1,58.09
15584,Nominal,0.245838165,345.626693,0.1,58.09
15585,Nominal,0.381726682,430.684142,0.1,58.09
15586,Nominal,0.283778548,371.340574,0.1,58.09
15587,Nominal,0.219899341,326.884695,0.1,58.09
15588,Nominal,0.342237711,407.799373,0.1,58.09
15589,Nominal,0.392179638,436.541105,0.1,58.09
15590,Nominal,0.207897797,317.839279,0.1,58.09
15591,Nominal,0.166473091,284.416406,0.1,58.09
15592,Nominal,0.355400711,415.567685,0.1,58.09
15593,Nominal,0.141695708,262.398272,0.1,58.09
15594,Nominal,0.306233048,385.752413,0.1,58.09
15595,Nominal,0.238869533,340.692837,0.1,58.09
15596,Nominal,0.219512194,326.596817,0.1,58.09
15597,Nominal,0.212930694,321.663481,0.1,58.09
15598,Nominal,0.250096798,348.607469,0.1,58.09
15599,Nominal,0.248548195,347.526502,0.1,58.09
15600,Nominal,0.185443282,300.184439,0.1,58.09
15601,Nominal,0.067363530,180.923526,0.1,58.09
15602,Nominal,0.188540459,302.680820,0.1,58.09
15603,Nominal,0.100271001,220.734541,0.1,58.09
15604,Nominal,0.171118855,288.357702,0.1,58.09
15605,Nominal,0.248548195,347.526502,0.1,58.09
15606,Nominal,0.181571811,297.034460,0.1,58.09
15607,Nominal,0.212156400,321.078105,0.1,58.09
15608,Nominal,0.252032518,349.953960,0.1,58.09
15609,Nominal,0.236933798,339.309587,0.1,58.09
15610,Nominal,0.312814564,389.875643,0.1,58.09
15611,Nominal,0.203252032,314.267934,0.1,58.09
15612,Nominal,0.291134328,376.122514,0.1,58.09
15613,Nominal,0.371273726,424.746424,0.1,58.09
15614,Nominal,0.230352297,334.563760,0.1,58.09
15615,Nominal,0.124661244,246.120819,0.1,58.09
15616,Nominal,0.164924502,283.090447,0.1,58.09
15617,Nominal,0.097173832,217.298780,0.1,58.09
15618,Nominal,0.342237711,407.799373,0.1,58.09
15619,Nominal,0.152535811,272.250402,0.1,58.09
15620,Nominal,0.251258224,349.415982,0.1,58.09
15621,Nominal,0.107626788,228.687703,0.1,58.09
15622,Nominal,0.166473091,284.416406,0.1,58.09
15623,Nominal,0.118466899,239.928110,0.1,58.09
15624,Nominal,0.227642283,332.589925,0.1,58.09
15625,Missing_Unintentional,0.032520324,125.707171,0.1,58.09
15626,Nominal,0.243515298,343.989944,0.1,58.09
15627,Nominal,0.051877663,158.771600,0.1,58.09
15628,Nominal,0.068137825,181.960346,0.1,58.09
15629,Missing_Intentional,0.025164537,110.580130,0.1,58.09
15630,Nominal,0.090979479,210.258880,0.1,58.09
15631,Nominal,0.103368178,224.117646,0.1,58.09
15632,Missing_Unintentional,0.027874565,116.382229,0.1,58.09
15633,Nominal,0.073170729,188.560757,0.1,58.09
15634,Nominal,0.048006196,152.732432,0.1,58.09
15635,Nominal,0.040650405,140.544890,0.1,58.09
15636,Nominal,0.148277193,268.423046,0.1,58.09
15637,Nominal,0.166473091,284.416406,0.1,58.09
15638,Nominal,0.274487019,365.210729,0.1,58.09
15639,Nominal,0.141308561,262.039559,0.1,58.09
15640,Nominal,0.145180017,265.604876,0.1,58.09
15641,Nominal,0.214866430,323.122281,0.1,58.09
15642,Nominal,0.233449474,336.805421,0.1,58.09
15643,Nominal,0.068912119,182.991292,0.1,58.09
15644,Nominal,0.092140920,211.596703,0.1,58.09
15645,Missing_Unintentional,0.042586140,143.852284,0.1,58.09
15646,Nominal,0.138985679,259.876883,0.1,58.09
15647,Nominal,0.159504458,278.399875,0.1,58.09
15648,Nominal,0.274099886,364.953094,0.1,58.09
15649,Nominal,0.091366626,210.705764,0.1,58.09
15650,Nominal,0.153697252,273.284924,0.1,58.09
15651,Nominal,0.096399538,216.431316,0.1,58.09
15652,Nominal,0.195509091,308.223751,0.1,58.09
15653,Nominal,0.159117311,278.061805,0.1,58.09
15654,Nominal,0.219512194,326.596817,0.1,58.09
15655,Nominal,0.213317841,321.955770,0.1,58.09
15656,Nominal,0.214479282,322.831048,0.1,58.09
15657,Nominal,0.181958959,297.350959,0.1,58.09
15658,Nominal,0.186604723,301.123007,0.1,58.09
15659,Nominal,0.170731708,288.031321,0.1,58.09
15660,Nominal,0.116918311,238.354792,0.1,58.09
15661,Nominal,0.353077829,414.207393,0.1,58.09
15662,Nominal,0.257065415,353.430845,0.1,58.09
15663,Nominal,0.395276815,438.261472,0.1,58.09
15664,Nominal,0.317847461,392.999498,0.1,58.09
15665,Nominal,0.263646930,357.926606,0.1,58.09
15666,Nominal,0.174603179,291.278679,0.1,58.09
15667,Nominal,0.243902445,344.263278,0.1,58.09
15668,Nominal,0.333333343,402.459332,0.1,58.09
15669,Nominal,0.193960518,307.000646,0.1,58.09
15670,Nominal,0.301200151,382.569387,0.1,58.09
15671,Nominal,0.259388298,355.024081,0.1,58.09
15672,Nominal,0.204800621,315.462875,0.1,58.09
15673,Nominal,0.265969813,359.499919,0.1,58.09
15674,Nominal,0.221447930,328.033679,0.1,58.09
15675,Nominal,0.255516827,352.364685,0.1,58.09
15676,Nominal,0.193186224,306.387257,0.1,58.09
15677,Nominal,0.131242737,252.534235,0.1,58.09
15678,Nominal,0.203252032,314.267934,0.1,58.09
15679,Nominal,0.162988767,281.424213,0.1,58.09
15680,Nominal,0.278358489,367.777247,0.1,58.09
15681,Nominal,0.243128151,343.716393,0.1,58.09
15682,Nominal,0.241966709,342.894431,0.1,58.09
15683,Nominal,0.239643827,341.244567,0.1,58.09
15684,Nominal,0.318234622,393.238776,0.1,58.09
15685,Nominal,0.238095239,340.140212,0.1,58.09
15686,Nominal,0.271389842,363.144455,0.1,58.09
15687,Nominal,0.408439785,445.498906,0.1,58.09
15688,Nominal,0.355400711,415.567685,0.1,58.09
15689,Nominal,0.154858693,274.315544,0.1,58.09
15690,Nominal,0.205962062,316.356118,0.1,58.09
15691,Nominal,0.190089047,303.921322,0.1,58.09
15692,Nominal,0.347270608,410.786948,0.1,58.09
15693,Nominal,0.172667444,289.659550,0.1,58.09
15694,Nominal,0.380178094,429.809655,0.1,58.09
15695,Nominal,0.260549754,355.818034,0.1,58.09
15696,Nominal,0.233062327,336.526030,0.1,58.09
15697,Nominal,0.236546651,339.032259,0.1,58.09
15698,Nominal,0.234223768,337.363508,0.1,58.09
15699,Nominal,0.262098342,356.873877,0.1,58.09
15700,Nominal,0.220673636,327.459691,0.1,58.09
15701,Nominal,0.150987223,270.864894,0.1,58.09
15702,Nominal,0.216415018,324.284596,0.1,58.09
15703,Nominal,0.157568723,276.705397,0.1,58.09
15704,Nominal,0.302361608,383.306289,0.1,58.09
15705,Nominal,0.300425857,382.077336,0.1,58.09
15706,Nominal,0.276809901,366.752795,0.1,58.09
15707,Nominal,0.269066989,361.587020,0.1,58.09
15708,Nominal,0.289972901,375.371529,0.1,58.09
15709,Nominal,0.318234622,393.238776,0.1,58.09
15710,Nominal,0.349593490,412.158529,0.1,58.09
15711,Nominal,0.341850549,407.568643,0.1,58.09
15712,Missing_Intentional,0.000000000,0.000000,0.1,58.09
15713,Nominal,0.387533873,433.947766,0.1,58.09
15714,Nominal,0.246225312,345.898733,0.1,58.09
15715,Nominal,0.138211384,259.151980,0.1,58.09
15716,Nominal,0.387146741,433.730963,0.1,58.09
15717,Nominal,0.132404178,253.649183,0.1,58.09
15718,Nominal,0.335269064,403.626213,0.1,58.09
15719,Nominal,0.259388298,355.024081,0.1,58.09
15720,Nominal,0.216027871,323.994408,0.1,58.09
15721,Nominal,0.242353857,343.168637,0.1,58.09
15722,Nominal,0.234998062,337.920674,0.1,58.09
15723,Nominal,0.246999606,346.442172,0.1,58.09
15724,Nominal,0.224545106,330.319658,0.1,58.09
15725,Nominal,0.180410370,296.082931,0.1,58.09
15726,Nominal,0.229965150,334.282496,0.1,58.09
15727,Nominal,0.184668988,299.557093,0.1,58.09
15728,Nominal,0.292295784,376.872022,0.1,58.09
15729,Nominal,0.294231504,378.117875,0.1,58.09
15730,Nominal,0.270228416,362.366574,0.1,58.09
15731,Nominal,0.304684490,384.775841,0.1,58.09
15732,Nominal,0.343012005,408.260424,0.1,58.09
15733,Nominal,0.332559049,401.991627,0.1,58.09
15734,Nominal,0.301974446,383.060807,0.1,58.09
15735,Nominal,0.356949270,416.472060,0.1,58.09
15736,Nominal,0.450638801,467.947266,0.1,58.09
15737,Nominal,0.343012005,408.260424,0.1,58.09
15738,Nominal,0.245838165,345.626693,0.1,58.09
15739,Nominal,0.135114208,256.231862,0.1,58.09
15740,Nominal,0.409988374,446.342656,0.1,58.09
15741,Nominal,0.142857149,263.471481,0.1,58.09
15742,Nominal,0.408826947,445.710001,0.1,58.09
15743,Nominal,0.272551298,363.920692,0.1,58.09
15744,Nominal,0.198993415,310.958172,0.1,58.09
15745,Nominal,0.227255136,332.306989,0.1,58.09
15746,Nominal,0.233449474,336.805421,0.1,58.09
15747,Nominal,0.220673636,327.459691,0.1,58.09
15748,Nominal,0.237708092,339.863562,0.1,58.09
15749,Nominal,0.186217576,300.810476,0.1,58.09
15750,Nominal,0.228416577,333.155074,0.1,58.09
15751,Nominal,0.183120400,298.298443,0.1,58.09
15752,Nominal,0.271002710,362.885353,0.1,58.09
15753,Nominal,0.304297328,384.531296,0.1,58.09
15754,Nominal,0.243128151,343.716393,0.1,58.09
15755,Nominal,0.288037181,374.116531,0.1,58.09
15756,Nominal,0.413859844,448.445084,0.1,58.09
15757,Nominal,0.373983741,426.293767,0.1,58.09
15758,Nominal,0.338366240,405.486253,0.1,58.09
15759,Nominal,0.257065415,353.430845,0.1,58.09
15760,Nominal,0.460704595,473.144607,0.1,58.09
15761,Nominal,0.355400711,415.567685,0.1,58.09
15762,Nominal,0.224545106,330.319658,0.1,58.09
15763,Nominal,0.136275649,257.330789,0.1,58.09
15764,Nominal,0.323267519,396.336124,0.1,58.09
15765,Nominal,0.190089047,303.921322,0.1,58.09
15766,Nominal,0.372435153,425.410255,0.1,58.09
15767,Nominal,0.236159503,338.754705,0.1,58.09
15768,Nominal,0.216415018,324.284596,0.1,58.09
15769,Nominal,0.214479282,322.831048,0.1,58.09
15770,Nominal,0.225319400,330.888685,0.1,58.09
15771,Nominal,0.200542003,312.165782,0.1,58.09
15772,Nominal,0.234223768,337.363508,0.1,58.09
15773,Nominal,0.165311649,283.422518,0.1,58.09
15774,Nominal,0.230739444,334.844788,0.1,58.09
15775,Nominal,0.181958959,297.350959,0.1,58.09
15776,Nominal,0.240805268,342.070494,0.1,58.09
15777,Nominal,0.263259768,357.663704,0.1,58.09
15778,Nominal,0.211382121,320.491671,0.1,58.09
15779,Nominal,0.272551298,363.920692,0.1,58.09
15780,Nominal,0.387921035,434.164478,0.1,58.09
15781,Nominal,0.352303535,413.752969,0.1,58.09
15782,Nominal,0.334494770,403.159862,0.1,58.09
15783,Nominal,0.370499432,424.303287,0.1,58.09
15784,Nominal,0.369725138,423.859686,0.1,58.09
15785,Nominal,0.318234622,393.238776,0.1,58.09
15786,Nominal,0.229578003,334.000994,0.1,58.09
15787,Nominal,0.173054591,289.984099,0.1,58.09
15788,Nominal,0.338753402,405.718168,0.1,58.09
15789,Nominal,0.168795973,286.393834,0.1,58.09
15790,Nominal,0.390243888,435.462416,0.1,58.09
15791,Nominal,0.279132783,368.288405,0.1,58.09
15792,Nominal,0.229965150,334.282496,0.1,58.09
15793,Nominal,0.241192415,342.345360,0.1,58.09
15794,Nominal,0.236933798,339.309587,0.1,58.09
15795,Nominal,0.263259768,357.663704,0.1,58.09
15796,Nominal,0.216415018,324.284596,0.1,58.09
15797,Nominal,0.128919855,250.289440,0.1,58.09
15798,Nominal,0.215640724,323.703960,0.1,58.09
15799,Nominal,0.142082855,262.756495,0.1,58.09
15800,Nominal,0.205187768,315.760903,0.1,58.09
15801,Nominal,0.246612459,346.170559,0.1,58.09
15802,Nominal,0.205574915,316.058651,0.1,58.09
15803,Nominal,0.225319400,330.888685,0.1,58.09
15804,Nominal,0.262872636,357.400629,0.1,58.09
15805,Nominal,0.290360034,375.622018,0.1,58.09
15806,Nominal,0.298877269,381.091328,0.1,58.09
15807,Nominal,0.273325592,364.437259,0.1,58.09
15808,Nominal,0.300425857,382.077336,0.1,58.09
15809,Nominal,0.317460328,392.760092,0.1,58.09
15810,Nominal,0.236546651,339.032259,0.1,58.09
15811,Nominal,0.162988767,281.424213,0.1,58.09
15812,Nominal,0.274487019,365.210729,0.1,58.09
15813,Nominal,0.156794429,276.024693,0.1,58.09
15814,Nominal,0.315911740,391.800969,0.1,58.09
15815,Nominal,0.190476194,304.230657,0.1,58.09
15816,Nominal,0.235385209,338.198913,0.1,58.09
15817,Nominal,0.171893150,289.009359,0.1,58.09
15818,Nominal,0.228803724,333.437290,0.1,58.09
15819,Nominal,0.165311649,283.422518,0.1,58.09
15820,Nominal,0.196283385,308.833492,0.1,58.09
15821,Nominal,0.099109560,219.452431,0.1,58.09
15822,Nominal,0.178474635,294.490218,0.1,58.09
15823,Nominal,0.126984134,248.403296,0.1,58.09
15824,Nominal,0.171118855,288.357702,0.1,58.09
15825,Nominal,0.221835077,328.320297,0.1,58.09
15826,Nominal,0.182346106,297.667122,0.1,58.09
15827,Nominal,0.238095239,340.140212,0.1,58.09
15828,Nominal,0.199380562,311.260514,0.1,58.09
15829,Nominal,0.256291121,352.898167,0.1,58.09
15830,Nominal,0.228416577,333.155074,0.1,58.09
15831,Nominal,0.155632988,275.000479,0.1,58.09
15832,Nominal,0.214866430,323.122281,0.1,58.09
15833,Nominal,0.272164136,363.662124,0.1,58.09
15834,Nominal,0.220673636,327.459691,0.1,58.09
15835,Nominal,0.130855590,252.161490,0.1,58.09
15836,Nominal,0.191250488,304.848385,0.1,58.09
15837,Nominal,0.131242737,252.534235,0.1,58.09
15838,Nominal,0.221447930,328.033679,0.1,58.09
15839,Nominal,0.240805268,342.070494,0.1,58.09
15840,Nominal,0.227642283,332.589925,0.1,58.09
15841,Nominal,0.141308561,262.039559,0.1,58.09
15842,Nominal,0.216027871,323.994408,0.1,58.09
15843,Nominal,0.147502899,267.721285,0.1,58.09
15844,Nominal,0.198993415,310.958172,0.1,58.09
15845,Nominal,0.041424699,141.877100,0.1,58.09
15846,Nominal,0.209446386,319.020842,0.1,58.09
15847,Nominal,0.077429347,193.970382,0.1,58.09
15848,Nominal,0.071622148,186.554742,0.1,58.09
15849,Nominal,0.144405723,264.895649,0.1,58.09
15850,Nominal,0.089430891,208.461761,0.1,58.09
15851,Nominal,0.130855590,252.161490,0.1,58.09
15852,Nominal,0.037940379,135.779266,0.1,58.09
15853,Nominal,0.096786685,216.865481,0.1,58.09
15854,Nominal,0.075106464,191.038668,0.1,58.09
15855,Nominal,0.047231901,151.495711,0.1,58.09
15856,Nominal,0.114208288,235.576212,0.1,58.09
15857,Nominal,0.152922958,272.595679,0.1,58.09
15858,Nominal,0.260549754,355.818034,0.1,58.09
15859,Nominal,0.083236545,201.112769,0.1,58.09
15860,Nominal,0.225319400,330.888685,0.1,58.09
15861,Nominal,0.321718931,395.385676,0.1,58.09
15862,Nominal,0.219125047,326.308686,0.1,58.09
15863,Nominal,0.092140920,211.596703,0.1,58.09
15864,Nominal,0.078590788,195.419746,0.1,58.09
15865,Nominal,0.059620596,170.208318,0.1,58.09
15866,Nominal,0.293844372,377.869041,0.1,58.09
15867,Nominal,0.099109560,219.452431,0.1,58.09
15868,Nominal,0.251258224,349.415982,0.1,58.09
15869,Nominal,0.063492067,175.647655,0.1,58.09
15870,Nominal,0.102981031,223.697556,0.1,58.09
15871,Nominal,0.058846302,169.099457,0.1,58.09
15872,Nominal,0.219512194,326.596817,0.1,58.09
15873,Nominal,0.162601620,281.089781,0.1,58.09
15874,Nominal,0.250483930,348.877175,0.1,58.09
15875,Nominal,0.196283385,308.833492,0.1,58.09
15876,Nominal,0.200929150,312.466956,0.1,58.09
15877,Nominal,0.188540459,302.680820,0.1,58.09
15878,Nominal,0.188927606,302.991422,0.1,58.09
15879,Nominal,0.193960518,307.000646,0.1,58.09
15880,Nominal,0.272551298,363.920692,0.1,58.09
15881,Nominal,0.285327137,372.352403,0.1,58.09
15882,Nominal,0.302748740,383.551596,0.1,58.09
15883,Nominal,0.325977534,397.993938,0.1,58.09
15884,Missing_Unintentional,0.000000000,0.000000,0.1,58.09
15885,Missing_Unintentional,0.000000000,0.000000,0.1,58.09
15886,Missing_Unintentional,0.000000000,0.000000,0.1,58.09
15887,Missing_Unintentional,0.000000000,0.000000,0.1,58.09
15888,Nominal,0.315137446,391.320525,0.1,58.09
15889,Nominal,0.294231504,378.117875,0.1,58.09
15890,Nominal,0.217189312,324.864194,0.1,58.09
15891,Nominal,0.220286489,327.172319,0.1,58.09
15892,Nominal,0.363530785,420.294028,0.1,58.09
15893,Nominal,0.182733253,297.982950,0.1,58.09
15894,Nominal,0.288811445,374.619019,0.1,58.09
15895,Nominal,0.263646930,357.926606,0.1,58.09
15896,Nominal,0.225319400,330.888685,0.1,58.09
15897,Nominal,0.234223768,337.363508,0.1,58.09
15898,Nominal,0.207123503,317.246847,0.1,58.09
15899,Nominal,0.246999606,346.442172,0.1,58.09
15900,Nominal,0.218350753,325.731658,0.1,58.09
15901,Nominal,0.209446386,319.020842,0.1,58.09
15902,Nominal,0.244676739,344.809295,0.1,58.09
15903,Nominal,0.154471546,273.972435,0.1,58.09
15904,Nominal,0.237320945,339.586688,0.1,58.09
15905,Nominal,0.219125047,326.308686,0.1,58.09
15906,Nominal,0.249322489,348.067400,0.1,58.09
15907,Nominal,0.253581107,351.027442,0.1,58.09
15908,Nominal,0.320944637,394.909593,0.1,58.09
15909,Nominal,0.342237711,407.799373,0.1,58.09
15910,Nominal,0.267518401,360.544980,0.1,58.09
15911,Nominal,0.337979108,405.254224,0.1,58.09
15912,Missing_Unintentional,0.000000000,0.000000,0.1,58.09
15913,Missing_Unintentional,0.000000000,0.000000,0.1,58.09
15914,Missing_Unintentional,0.000000000,0.000000,0.1,58.09
15915,Missing_Unintentional,0.000000000,0.000000,0.1,58.09
15916,Nominal,0.427797139,455.933560,0.1,58.09
15917,Nominal,0.395663947,438.476035,0.1,58.09
15918,Nominal,0.232288033,335.966551,0.1,58.09
15919,Nominal,0.193573371,306.694105,0.1,58.09
15920,Nominal,0.351529241,413.298045,0.1,58.09
15921,Nominal,0.180410370,296.082931,0.1,58.09
15922,Nominal,0.351916373,413.525560,0.1,58.09
15923,Nominal,0.257839710,353.962720,0.1,58.09
15924,Nominal,0.228416577,333.155074,0.1,58.09
15925,Nominal,0.235772356,338.476923,0.1,58.09
15926,Nominal,0.209833533,319.315550,0.1,58.09
15927,Nominal,0.230352297,334.563760,0.1,58.09
15928,Nominal,0.221060783,327.746811,0.1,58.09
15929,Nominal,0.214092135,322.539553,0.1,58.09
15930,Nominal,0.218350753,325.731658,0.1,58.09
15931,Nominal,0.152535811,272.250402,0.1,58.09
15932,Nominal,0.281842828,370.071906,0.1,58.09
15933,Nominal,0.277584195,367.265378,0.1,58.09
15934,Nominal,0.233836621,337.084580,0.1,58.09
15935,Nominal,0.282229960,370.325979,0.1,58.09
15936,Nominal,0.343399137,408.490746,0.1,58.09
15937,Nominal,0.398373991,439.975112,0.1,58.09
15938,Nominal,0.404568344,443.382524,0.1,58.09
15939,Missing_Intentional,0.000000000,0.000000,0.1,58.09
15940,Missing_Unintentional,0.000000000,0.000000,0.1,58.09
15941,Missing_Unintentional,0.000000000,0.000000,0.1,58.09
15942,Missing_Unintentional,0.000000000,0.000000,0.1,58.09
15943,Missing_Unintentional,0.000000000,0.000000,0.1,58.09
15944,Nominal,0.386759579,433.514035,0.1,58.09
15945,Nominal,0.198219121,310.352605,0.1,58.09
15946,Nominal,0.246999606,346.442172,0.1,58.09
15947,Nominal,0.175764620,292.245850,0.1,58.09
15948,Nominal,0.334107637,402.926493,0.1,58.09
15949,Nominal,0.176151767,292.567530,0.1,58.09
15950,Nominal,0.296941549,379.855227,0.1,58.09
15951,Nominal,0.260549754,355.818034,0.1,58.09
15952,Nominal,0.251258224,349.415982,0.1,58.09
15953,Nominal,0.234610915,337.642206,0.1,58.09
15954,Nominal,0.222609371,328.892783,0.1,58.09
15955,Nominal,0.223770812,329.749649,0.1,58.09
15956,Nominal,0.222609371,328.892783,0.1,58.09
15957,Nominal,0.209059238,318.725862,0.1,58.09
15958,Nominal,0.201703444,313.068433,0.1,58.09
15959,Nominal,0.181958959,297.350959,0.1,58.09
15960,Nominal,0.238095239,340.140212,0.1,58.09
15961,Nominal,0.223383665,329.464274,0.1,58.09
15962,Nominal,0.209059238,318.725862,0.1,58.09
15963,Nominal,0.293070078,377.370861,0.1,58.09
15964,Nominal,0.334494770,403.159862,0.1,58.09
15965,Nominal,0.375532329,427.175452,0.1,58.09
15966,Nominal,0.371660858,424.967810,0.1,58.09
15967,Nominal,0.312427402,389.634300,0.1,58.09
15968,Missing_Unintentional,0.000000000,0.000000,0.1,58.09
15969,Missing_Unintentional,0.000000000,0.000000,0.1,58.09
15970,Missing_Unintentional,0.000000000,0.000000,0.1,58.09
15971,Missing_Unintentional,0.000000000,0.000000,0.1,58.09
15972,Nominal,0.340301961,406.644449,0.1,58.09
15973,Nominal,0.344173431,408.951018,0.1,58.09
15974,Nominal,0.249322489,348.067400,0.1,58.09
15975,Nominal,0.158343017,277.384430,0.1,58.09
15976,Nominal,0.312040269,389.392825,0.1,58.09
15977,Nominal,0.158730164,277.723324,0.1,58.09
15978,Nominal,0.277971357,367.521412,0.1,58.09
15979,Nominal,0.221835077,328.320297,0.1,58.09
15980,Nominal,0.255516827,352.364685,0.1,58.09
15981,Nominal,0.248548195,347.526502,0.1,58.09
15982,Nominal,0.237320945,339.586688,0.1,58.09
15983,Nominal,0.235385209,338.198913,0.1,58.09
15984,Nominal,0.243902445,344.263278,0.1,58.09
15985,Nominal,0.211382121,320.491671,0.1,58.09
15986,Nominal,0.201703444,313.068433,0.1,58.09
15987,Nominal,0.187379017,301.747097,0.1,58.09
15988,Nominal,0.239643827,341.244567,0.1,58.09
15989,Nominal,0.223770812,329.749649,0.1,58.09
15990,Nominal,0.200542003,312.165782,0.1,58.09
15991,Nominal,0.251645386,349.685085,0.1,58.09
15992,Nominal,0.124661244,246.120819,0.1,58.09
15993,Nominal,0.290747195,375.872359,0.1,58.09
15994,Nominal,0.306233048,385.752413,0.1,58.09
15995,Nominal,0.293457210,377.620023,0.1,58.09
15996,Missing_Unintentional,0.000000000,0.000000,0.1,58.09
15997,Missing_Unintentional,0.000000000,0.000000,0.1,58.09
15998,Missing_Unintentional,0.000000000,0.000000,0.1,58.09
15999,Missing_Unintentional,0.000000000,0.000000,0.1,58.09
16000,Nominal,0.309330225,387.698215,0.1,58.09
16001,Nominal,0.252806813,350.491112,0.1,58.09
16002,Nominal,0.224157959,330.034776,0.1,58.09
16003,Nominal,0.185830429,300.497621,0.1,58.09
16004,Nominal,0.243515298,343.989944,0.1,58.09
16005,Nominal,0.175377473,291.923816,0.1,58.09
16006,Nominal,0.280294240,369.053823,0.1,58.09
16007,Nominal,0.256291121,352.898167,0.1,58.09
16008,Nominal,0.246612459,346.170559,0.1,58.09
16009,Nominal,0.200542003,312.165782,0.1,58.09
16010,Nominal,0.194347665,307.306882,0.1,58.09
16011,Nominal,0.198606268,310.655536,0.1,58.09
16012,Nominal,0.233062327,336.526030,0.1,58.09
16013,Nominal,0.164924502,283.090447,0.1,58.09
16014,Nominal,0.199380562,311.260514,0.1,58.09
16015,Nominal,0.144405723,264.895649,0.1,58.09
16016,Nominal,0.176538914,292.888856,0.1,58.09
16017,Nominal,0.201316297,312.767839,0.1,58.09
16018,Nominal,0.178474635,294.490218,0.1,58.09
16019,Nominal,0.241579562,342.620005,0.1,58.09
16020,Nominal,0.305458754,385.264427,0.1,58.09
16021,Nominal,0.228029430,332.872619,0.1,58.09
16022,Nominal,0.309330225,387.698215,0.1,58.09
16023,Nominal,0.281068534,369.563215,0.1,58.09
16024,Missing_Unintentional,0.000000000,0.000000,0.1,58.09
16025,Missing_Unintentional,0.000000000,0.000000,0.1,58.09
16026,Missing_Unintentional,0.000000000,0.000000,0.1,58.09
16027,Missing_Unintentional,0.000000000,0.000000,0.1,58.09
16028,Nominal,0.290747195,375.872359,0.1,58.09
16029,Nominal,0.248161048,347.255737,0.1,58.09
16030,Nominal,0.196670532,309.137912,0.1,58.09
16031,Nominal,0.171118855,288.357702,0.1,58.09
16032,Nominal,0.326751828,398.466335,0.1,58.09
16033,Nominal,0.169957414,287.377446,0.1,58.09
16034,Nominal,0.322880358,396.098717,0.1,58.09
16035,Nominal,0.256291121,352.898167,0.1,58.09
16036,Nominal,0.236546651,339.032259,0.1,58.09
16037,Nominal,0.235772356,338.476923,0.1,58.09
16038,Nominal,0.228029430,332.872619,0.1,58.09
16039,Nominal,0.208672091,318.430609,0.1,58.09
16040,Nominal,0.219125047,326.308686,0.1,58.09
16041,Nominal,0.142082855,262.756495,0.1,58.09
16042,Nominal,0.171506003,288.683715,0.1,58.09
16043,Nominal,0.144792870,265.250499,0.1,58.09
16044,Nominal,0.198606268,310.655536,0.1,58.09
16045,Nominal,0.219125047,326.308686,0.1,58.09
16046,Nominal,0.194347665,307.306882,0.1,58.09
16047,Nominal,0.247773901,346.984761,0.1,58.09
16048,Nominal,0.250096798,348.607469,0.1,58.09
16049,Nominal,0.363917917,420.517759,0.1,58.09
16050,Nominal,0.219512194,326.596817,0.1,58.09
16051,Nominal,0.182346106,297.667122,0.1,58.09
16052,Missing_Unintentional,0.000000000,0.000000,0.1,58.09
16053,Missing_Unintentional,0.000000000,0.000000,0.1,58.09
16054,Missing_Unintentional,0.000000000,0.000000,0.1,58.09
16055,Missing_Unintentional,0.000000000,0.000000,0.1,58.09
16056,Nominal,0.320944637,394.909593,0.1,58.09
16057,Nominal,0.317847461,392.999498,0.1,58.09
16058,Nominal,0.212156400,321.078105,0.1,58.09
16059,Nominal,0.168795973,286.393834,0.1,58.09
16060,Nominal,0.264034063,358.189295,0.1,58.09
16061,Nominal,0.165311649,283.422518,0.1,58.09
16062,Nominal,0.299264431,381.338078,0.1,58.09
16063,Nominal,0.245838165,345.626693,0.1,58.09
16064,Nominal,0.236933798,339.309587,0.1,58.09
16065,Nominal,0.169183120,286.722079,0.1,58.09
16066,Nominal,0.196670532,309.137912,0.1,58.09
16067,Nominal,0.180023223,295.765075,0.1,58.09
16068,Nominal,0.206349209,316.653306,0.1,58.09
16069,Nominal,0.126984134,248.403296,0.1,58.09
16070,Nominal,0.142857149,263.471481,0.1,58.09
16071,Nominal,0.140534267,261.320655,0.1,58.09
16072,Nominal,0.168408826,286.065212,0.1,58.09
16073,Nominal,0.130468443,251.788194,0.1,58.09
16074,Nominal,0.114982575,236.373420,0.1,58.09
16075,Nominal,0.212156400,321.078105,0.1,58.09
16076,Nominal,0.217189312,324.864194,0.1,58.09
16077,Nominal,0.312040269,389.392825,0.1,58.09
16078,Nominal,0.319783211,394.194401,0.1,58.09
16079,Nominal,0.210220680,319.609986,0.1,58.09
16080,Missing_Unintentional,0.000000000,0.000000,0.1,58.09
16081,Missing_Unintentional,0.000000000,0.000000,0.1,58.09
16082,Missing_Unintentional,0.000000000,0.000000,0.1,58.09
16083,Missing_Unintentional,0.000000000,0.000000,0.1,58.09
16084,Nominal,0.258614004,354.493798,0.1,58.09
16085,Nominal,0.315524578,391.560811,0.1,58.09
16086,Nominal,0.197831973,310.049378,0.1,58.09
16087,Nominal,0.145180017,265.604876,0.1,58.09
16088,Nominal,0.156407282,275.683711,0.1,58.09
16089,Nominal,0.130468443,251.788194,0.1,58.09
16090,Nominal,0.328687578,399.644894,0.1,58.09
16091,Nominal,0.247386754,346.713573,0.1,58.09
16092,Nominal,0.214479282,322.831048,0.1,58.09
16093,Nominal,0.176538914,292.888856,0.1,58.09
16094,Nominal,0.189701900,303.611671,0.1,58.09
16095,Nominal,0.148277193,268.423046,0.1,58.09
16096,Nominal,0.204026327,314.865971,0.1,58.09
16097,Nominal,0.075880758,192.020879,0.1,58.09
16098,Nominal,0.123112656,244.587340,0.1,58.09
16099,Nominal,0.109949671,231.142384,0.1,58.09
16100,Nominal,0.108013935,229.098643,0.1,58.09
16101,Nominal,0.127371266,248.781657,0.1,58.09
16102,Nominal,0.101819590,222.432526,0.1,58.09
16103,Nominal,0.135501355,256.598694,0.1,58.09
16104,Nominal,0.049167633,154.568956,0.1,58.09
16105,Missing_Unintentional,0.000000000,0.000000,0.1,58.09
16106,Nominal,0.083236545,201.112769,0.1,58.09
16107,Missing_Unintentional,0.000000000,0.000000,0.1,58.09
16108,Nominal,0.151374370,271.211935,0.1,58.09
16109,Nominal,0.260549754,355.818034,0.1,58.09
16110,Nominal,0.296554387,379.607513,0.1,58.09
16111,Nominal,0.145954311,266.312214,0.1,58.09
16112,Missing_Unintentional,0.000000000,0.000000,0.1,58.09
16113,Missing_Unintentional,0.000000000,0.000000,0.1,58.09
16114,Missing_Unintentional,0.000000000,0.000000,0.1,58.09
16115,Missing_Unintentional,0.000000000,0.000000,0.1,58.09
16116,Nominal,0.180410370,296.082931,0.1,58.09
16117,Nominal,0.271389842,363.144455,0.1,58.09
16118,Nominal,0.151374370,271.211935,0.1,58.09
16119,Nominal,0.117692605,239.142745,0.1,58.09
16120,Nominal,0.112272553,233.571270,0.1,58.09
16121,Nominal,0.103755325,224.536951,0.1,58.09
16122,Nominal,0.279519945,368.543727,0.1,58.09
16123,Nominal,0.116144016,237.564226,0.1,58.09
16124,Nominal,0.202864885,313.968489,0.1,58.09
16125,Nominal,0.078203641,194.937822,0.1,58.09
16126,Nominal,0.089043744,208.010055,0.1,58.09
16127,Nominal,0.082462251,200.175175,0.1,58.09
16128,Nominal,0.177700356,293.850728,0.1,58.09
16129,Nominal,0.230739444,334.844788,0.1,58.09
16130,Nominal,0.190089047,303.921322,0.1,58.09
16131,Nominal,0.229190856,333.719256,0.1,58.09
16132,Nominal,0.999225736,696.810086,0.1,58.09
16133,Nominal,0.933410764,673.471194,0.1,58.09
16134,Nominal,0.967479646,685.651675,0.1,58.09
16135,Nominal,0.988772750,693.155809,0.1,58.09
16136,Nominal,0.192799076,306.080102,0.1,58.09
16137,Nominal,0.208284944,318.135081,0.1,58.09
16138,Nominal,0.276809901,366.752795,0.1,58.09
16139,Nominal,0.188540459,302.680820,0.1,58.09
16140,Nominal,0.324816108,397.284299,0.1,58.09
16141,Nominal,0.265969813,359.499919,0.1,58.09
16142,Nominal,0.337591946,405.022044,0.1,58.09
16143,Nominal,0.302361608,383.306289,0.1,58.09
16144,Nominal,0.317847461,392.999498,0.1,58.09
16145,Nominal,0.379403800,429.371743,0.1,58.09
16146,Nominal,0.087882310,206.649022,0.1,58.09
16147,Nominal,0.311653107,389.151181,0.1,58.09
16148,Nominal,0.344560593,409.180968,0.1,58.09
16149,Nominal,0.313588858,390.357865,0.1,58.09
16150,Nominal,0.440572977,462.691531,0.1,58.09
16151,Nominal,0.237708092,339.863562,0.1,58.09
16152,Nominal,0.100271001,220.734541,0.1,58.09
16153,Nominal,0.283778548,371.340574,0.1,58.09
16154,Nominal,0.275648475,365.982584,0.1,58.09
16155,Nominal,0.232675180,336.246406,0.1,58.09
16156,Nominal,0.209059238,318.725862,0.1,58.09
16157,Nominal,0.237708092,339.863562,0.1,58.09
16158,Nominal,0.198993415,310.958172,0.1,58.09
16159,Nominal,0.219512194,326.596817,0.1,58.09
16160,Nominal,0.994967103,695.323621,0.1,58.09
16161,Nominal,0.921409190,669.127520,0.1,58.09
16162,Nominal,0.951993823,680.142147,0.1,58.09
16163,Nominal,0.977545500,689.209274,0.1,58.09
16164,Nominal,0.221835077,328.320297,0.1,58.09
16165,Nominal,0.239256680,340.968814,0.1,58.09
16166,Nominal,0.340689123,406.875703,0.1,58.09
16167,Nominal,0.277197063,367.009186,0.1,58.09
16168,Nominal,0.295780092,379.111617,0.1,58.09
16169,Nominal,0.363917917,420.517759,0.1,58.09
16170,Nominal,0.359272152,417.824979,0.1,58.09
16171,Nominal,0.358885020,417.599806,0.1,58.09
16172,Nominal,0.431668609,457.991963,0.1,58.09
16173,Nominal,0.360820740,418.724497,0.1,58.09
16174,Nominal,0.105691060,226.621834,0.1,58.09
16175,Nominal,0.348432064,411.473319,0.1,58.09
16176,Nominal,0.335269064,403.626213,0.1,58.09
16177,Nominal,0.320557505,394.671346,0.1,58.09
16178,Nominal,0.430507153,457.375407,0.1,58.09
16179,Nominal,0.250096798,348.607469,0.1,58.09
16180,Nominal,0.118466899,239.928110,0.1,58.09
16181,Nominal,0.335656226,403.859196,0.1,58.09
16182,Nominal,0.349980652,412.386691,0.1,58.09
16183,Nominal,0.264034063,358.189295,0.1,58.09
16184,Nominal,0.225319400,330.888685,0.1,58.09
16185,Nominal,0.236933798,339.309587,0.1,58.09
16186,Nominal,0.205962062,316.356118,0.1,58.09
16187,Nominal,0.225319400,330.888685,0.1,58.09
16188,Nominal,0.991095603,693.969522,0.1,58.09
16189,Nominal,0.902051866,662.061566,0.1,58.09
16190,Nominal,0.945799470,677.925790,0.1,58.09
16191,Nominal,0.944638014,677.509410,0.1,58.09
16192,Nominal,0.234223768,337.363508,0.1,58.09
16193,Nominal,0.243128151,343.716393,0.1,58.09
16194,Nominal,0.357336432,416.697861,0.1,58.09
16195,Nominal,0.305845916,385.508507,0.1,58.09
16196,Nominal,0.359272152,417.824979,0.1,58.09
16197,Nominal,0.291134328,376.122514,0.1,58.09
16198,Nominal,0.376693755,427.835515,0.1,58.09
16199,Nominal,0.404181182,443.170320,0.1,58.09
16200,Nominal,0.461478889,473.542041,0.1,58.09
16201,Nominal,0.334107637,402.926493,0.1,58.09
16202,Nominal,0.137049943,258.060808,0.1,58.09
16203,Nominal,0.341076255,407.106808,0.1,58.09
16204,Nominal,0.379403800,429.371743,0.1,58.09
16205,Nominal,0.295780092,379.111617,0.1,58.09
16206,Nominal,0.465737522,475.722000,0.1,58.09
16207,Nominal,0.315911740,391.800969,0.1,58.09
16208,Nominal,0.203252032,314.267934,0.1,58.09
16209,Nominal,0.322493225,395.861185,0.1,58.09
16210,Nominal,0.390243888,435.462416,0.1,58.09
16211,Nominal,0.263259768,357.663704,0.1,58.09
16212,Nominal,0.215640724,323.703960,0.1,58.09
16213,Nominal,0.217963606,325.442760,0.1,58.09
16214,Nominal,0.176926062,293.209831,0.1,58.09
16215,Nominal,0.213317841,321.955770,0.1,58.09
16216,Nominal,0.972899735,687.569597,0.1,58.09
16217,Nominal,0.863337219,647.698445,0.1,58.09
16218,Nominal,0.894308925,659.213974,0.1,58.09
16219,Nominal,0.926054955,670.812277,0.1,58.09
16220,Nominal,0.228029430,332.872619,0.1,58.09
16221,Nominal,0.275648475,365.982584,0.1,58.09
16222,Nominal,0.339140534,405.949932,0.1,58.09
16223,Nominal,0.363530785,420.294028,0.1,58.09
16224,Nominal,0.344560593,409.180968,0.1,58.09
16225,Nominal,0.327913284,399.173892,0.1,58.09
16226,Nominal,0.394502521,437.832014,0.1,58.09
16227,Nominal,0.428571433,456.345983,0.1,58.09
16228,Nominal,0.490127772,488.019615,0.1,58.09
16229,Nominal,0.400309712,441.042748,0.1,58.09
16230,Nominal,0.198219121,310.352605,0.1,58.09
16231,Nominal,0.326751828,398.466335,0.1,58.09
16232,Nominal,0.386372447,433.297015,0.1,58.09
16233,Nominal,0.277971357,367.521412,0.1,58.09
16234,Nominal,0.439798683,462.284769,0.1,58.09
16235,Nominal,0.282229960,370.325979,0.1,58.09
16236,Nominal,0.216027871,323.994408,0.1,58.09
16237,Nominal,0.321718931,395.385676,0.1,58.09
16238,Nominal,0.352690667,413.980234,0.1,58.09
16239,Nominal,0.261324048,356.346347,0.1,58.09
16240,Nominal,0.193186224,306.387257,0.1,58.09
16241,Nominal,0.204800621,315.462875,0.1,58.09
16242,Nominal,0.174603179,291.278679,0.1,58.09
16243,Nominal,0.173054591,289.984099,0.1,58.09
16244,Nominal,0.931862175,672.912297,0.1,58.09
16245,Nominal,0.813008130,628.535869,0.1,58.09
16246,Nominal,0.853271365,643.911540,0.1,58.09
16247,Nominal,0.874951601,652.040599,0.1,58.09
16248,Nominal,0.265969813,359.499919,0.1,58.09
16249,Nominal,0.267518401,360.544980,0.1,58.09
16250,Nominal,0.350367785,412.614709,0.1,58.09
16251,Nominal,0.382113814,430.902478,0.1,58.09
16252,Nominal,0.358497858,417.374494,0.1,58.09
16253,Nominal,0.207510650,317.543201,0.1,58.09
16254,Nominal,0.296554387,379.607513,0.1,58.09
16255,Nominal,0.393728226,437.402134,0.1,58.09
16256,Nominal,0.520712376,503.015737,0.1,58.09
16257,Nominal,0.312040269,389.392825,0.1,58.09
16258,Nominal,0.231900886,335.686462,0.1,58.09
16259,Nominal,0.278358489,367.777247,0.1,58.09
16260,Nominal,0.423151374,453.451142,0.1,58.09
16261,Nominal,0.269066989,361.587020,0.1,58.09
16262,Nominal,0.386759579,433.514035,0.1,58.09
16263,Nominal,0.215640724,323.703960,0.1,58.09
16264,Nominal,0.206349209,316.653306,0.1,58.09
16265,Nominal,0.299264431,381.338078,0.1,58.09
16266,Nominal,0.325203240,397.520980,0.1,58.09
16267,Nominal,0.254742533,351.830393,0.1,58.09
16268,Nominal,0.204026327,314.865971,0.1,58.09
16269,Nominal,0.209446386,319.020842,0.1,58.09
16270,Nominal,0.197444826,309.745854,0.1,58.09
16271,Nominal,0.157181576,276.365255,0.1,58.09
16272,Nominal,0.806039512,625.836356,0.1,58.09
16273,Nominal,0.765001953,609.696770,0.1,58.09
16274,Nominal,0.753000379,604.895314,0.1,58.09
16275,Nominal,0.805265188,625.535678,0.1,58.09
16276,Nominal,0.225319400,330.888685,0.1,58.09
16277,Nominal,0.257839710,353.962720,0.1,58.09
16278,Nominal,0.337591946,405.022044,0.1,58.09
16279,Nominal,0.302361608,383.306289,0.1,58.09
16280,Nominal,0.350754946,412.842619,0.1,58.09
16281,Nominal,0.257839710,353.962720,0.1,58.09
16282,Nominal,0.318234622,393.238776,0.1,58.09
16283,Nominal,0.331010461,401.054582,0.1,58.09
16284,Nominal,0.484707713,485.313741,0.1,58.09
16285,Nominal,0.269841284,362.106916,0.1,58.09
16286,Nominal,0.216027871,323.994408,0.1,58.09
16287,Nominal,0.264421225,358.451811,0.1,58.09
16288,Nominal,0.401084006,441.469083,0.1,58.09
16289,Nominal,0.220286489,327.172319,0.1,58.09
16290,Nominal,0.355013549,415.341270,0.1,58.09
16291,Nominal,0.236933798,339.309587,0.1,58.09
16292,Nominal,0.233449474,336.805421,0.1,58.09
16293,Nominal,0.235385209,338.198913,0.1,58.09
16294,Nominal,0.232288033,335.966551,0.1,58.09
16295,Nominal,0.208672091,318.430609,0.1,58.09
16296,Nominal,0.190089047,303.921322,0.1,58.09
16297,Nominal,0.195509091,308.223751,0.1,58.09
16298,Nominal,0.187379017,301.747097,0.1,58.09
16299,Nominal,0.199380562,311.260514,0.1,58.09
16300,Nominal,0.748354614,603.026424,0.1,58.09
16301,Nominal,0.722028673,592.324702,0.1,58.09
16302,Nominal,0.648470759,561.342367,0.1,58.09
16303,Nominal,0.710027099,587.381257,0.1,58.09
16304,Nominal,0.229578003,334.000994,0.1,58.09
16305,Nominal,0.248548195,347.526502,0.1,58.09
16306,Nominal,0.323267519,396.336124,0.1,58.09
16307,Nominal,0.307007343,386.239782,0.1,58.09
16308,Nominal,0.391792476,436.325574,0.1,58.09
16309,Nominal,0.265195519,358.976247,0.1,58.09
16310,Nominal,0.231513739,335.406139,0.1,58.09
16311,Nominal,0.325203240,397.520980,0.1,58.09
16312,Nominal,0.381339520,430.465679,0.1,58.09
16313,Nominal,0.295392960,378.863436,0.1,58.09
16314,Nominal,0.248935342,347.797056,0.1,58.09
16315,Nominal,0.269454122,361.847051,0.1,58.09
16316,Nominal,0.331010461,401.054582,0.1,58.09
16317,Nominal,0.183507547,298.613603,0.1,58.09
16318,Nominal,0.368563682,423.193405,0.1,58.09
16319,Nominal,0.228803724,333.437290,0.1,58.09
16320,Nominal,0.234610915,337.642206,0.1,58.09
16321,Nominal,0.220286489,327.172319,0.1,58.09
16322,Nominal,0.236159503,338.754705,0.1,58.09
16323,Nominal,0.235772356,338.476923,0.1,58.09
16324,Nominal,0.153697252,273.284924,0.1,58.09
16325,Nominal,0.182346106,297.667122,0.1,58.09
16326,Nominal,0.206736356,316.950215,0.1,58.09
16327,Nominal,0.146341458,266.665180,0.1,58.09
16328,Nominal,0.620209038,548.973863,0.1,58.09
16329,Nominal,0.626016259,551.537986,0.1,58.09
16330,Nominal,0.521486640,503.389573,0.1,58.09
16331,Nominal,0.634533465,555.277260,0.1,58.09
16332,Nominal,0.114982575,236.373420,0.1,58.09
16333,Nominal,0.163375914,281.758248,0.1,58.09
16334,Nominal,0.162214473,280.754950,0.1,58.09
16335,Nominal,0.174603179,291.278679,0.1,58.09
16336,Nominal,0.313588858,390.357865,0.1,58.09
16337,Nominal,0.265969813,359.499919,0.1,58.09
16338,Nominal,0.267131239,360.283988,0.1,58.09
16339,Nominal,0.342237711,407.799373,0.1,58.09
16340,Nominal,0.343012005,408.260424,0.1,58.09
16341,Nominal,0.319783211,394.194401,0.1,58.09
16342,Nominal,0.221835077,328.320297,0.1,58.09
16343,Nominal,0.190863341,304.539678,0.1,58.09
16344,Nominal,0.265582651,359.238168,0.1,58.09
16345,Nominal,0.147502899,267.721285,0.1,58.09
16346,Nominal,0.275648475,365.982584,0.1,58.09
16347,Nominal,0.097173832,217.298780,0.1,58.09
16348,Nominal,0.159117311,278.061805,0.1,58.09
16349,Nominal,0.108788230,229.918320,0.1,58.09
16350,Nominal,0.113821141,235.176591,0.1,58.09
16351,Nominal,0.096399538,216.431316,0.1,58.09
16352,Nominal,0.197831973,310.049378,0.1,58.09
16353,Nominal,0.096399538,216.431316,0.1,58.09
16354,Nominal,0.224157959,330.034776,0.1,58.09
16355,Nominal,0.114982575,236.373420,0.1,58.09
16356,Nominal,0.480449080,483.177059,0.1,58.09
16357,Nominal,0.522260964,503.763161,0.1,58.09
16358,Nominal,0.422764242,453.243668,0.1,58.09
16359,Nominal,0.468060404,476.906865,0.1,58.09
16360,Nominal,0.115369722,236.771021,0.1,58.09
16361,Nominal,0.161827326,280.419720,0.1,58.09
16362,Nominal,0.138211384,259.151980,0.1,58.09
16363,Nominal,0.147890046,268.072395,0.1,58.09
16364,Missing_Unintentional,0.008517228,64.332697,0.1,58.09
16365,Missing_Unintentional,0.025938831,112.268475,0.1,58.09
16366,Missing_Unintentional,0.022454510,104.456245,0.1,58.09
16367,Missing_Unintentional,0.003484321,41.147332,0.1,58.09
16368,Nominal,0.193186224,306.387257,0.1,58.09
16369,Nominal,0.246225312,345.898733,0.1,58.09
16370,Nominal,0.242353857,343.168637,0.1,58.09
16371,Nominal,0.161827326,280.419720,0.1,58.09
16372,Nominal,0.219125047,326.308686,0.1,58.09
16373,Nominal,0.263646930,357.926606,0.1,58.09
16374,Nominal,0.195121944,307.918427,0.1,58.09
16375,Nominal,0.147502899,267.721285,0.1,58.09
16376,Nominal,0.127371266,248.781657,0.1,58.09
16377,Nominal,0.082462251,200.175175,0.1,58.09
16378,Nominal,0.255129695,352.097651,0.1,58.09
16379,Nominal,0.093302362,212.926120,0.1,58.09
16380,Nominal,0.192411929,305.772638,0.1,58.09
16381,Nominal,0.084785134,202.974966,0.1,58.09
16382,Nominal,0.111885406,233.168213,0.1,58.09
16383,Nominal,0.095238097,215.123560,0.1,58.09
16384,Nominal,0.154858693,274.315544,0.1,58.09
16385,Nominal,0.199767709,311.562562,0.1,58.09
16386,Nominal,0.138985679,259.876883,0.1,58.09
16387,Nominal,0.217189312,324.864194,0.1,58.09
16388,Nominal,0.991869926,694.240561,0.1,58.09
16389,Nominal,0.982191265,690.845060,0.1,58.09
16390,Nominal,1.000000000,697.080000,0.1,58.09
16391,Nominal,0.993031383,694.646912,0.1,58.09
16392,Nominal,0.212930694,321.663481,0.1,58.09
16393,Nominal,0.182346106,297.667122,0.1,58.09
16394,Nominal,0.312040269,389.392825,0.1,58.09
16395,Nominal,0.245451033,345.354449,0.1,58.09
16396,Nominal,0.269841284,362.106916,0.1,58.09
16397,Nominal,0.393728226,437.402134,0.1,58.09
16398,Nominal,0.467673242,476.709585,0.1,58.09
16399,Nominal,0.394889653,438.046787,0.1,58.09
16400,Nominal,0.290747195,375.872359,0.1,58.09
16401,Nominal,0.296554387,379.607513,0.1,58.09
16402,Nominal,0.102981031,223.697556,0.1,58.09
16403,Nominal,0.303910196,384.286615,0.1,58.09
16404,Nominal,0.293457210,377.620023,0.1,58.09
16405,Nominal,0.320944637,394.909593,0.1,58.09
16406,Nominal,0.452187389,468.750610,0.1,58.09
16407,Nominal,0.193573371,306.694105,0.1,58.09
16408,Nominal,0.075493611,191.530403,0.1,58.09
16409,Nominal,0.321718931,395.385676,0.1,58.09
16410,Nominal,0.283004254,370.833623,0.1,58.09
16411,Nominal,0.240805268,342.070494,0.1,58.09
16412,Nominal,0.167634532,285.406832,0.1,58.09
16413,Nominal,0.221060783,327.746811,0.1,58.09
16414,Nominal,0.161053032,279.748054,0.1,58.09
16415,Nominal,0.238482386,340.416637,0.1,58.09
16416,Nominal,0.997677147,696.269922,0.1,58.09
16417,Nominal,0.997289956,696.134800,0.1,58.09
16418,Nominal,0.993805647,694.917666,0.1,58.09
16419,Nominal,0.987611294,692.748583,0.1,58.09
16420,Nominal,0.238095239,340.140212,0.1,58.09
16421,Nominal,0.249709636,348.337534,0.1,58.09
16422,Nominal,0.422377080,453.036083,0.1,58.09
16423,Nominal,0.350367785,412.614709,0.1,58.09
16424,Nominal,0.303135902,383.796765,0.1,58.09
16425,Nominal,0.303135902,383.796765,0.1,58.09
16426,Nominal,0.531165302,508.039490,0.1,58.09
16427,Nominal,0.391792476,436.325574,0.1,58.09
16428,Nominal,0.463414639,474.534177,0.1,58.09
16429,Nominal,0.359272152,417.824979,0.1,58.09
16430,Nominal,0.081300810,198.760490,0.1,58.09
16431,Nominal,0.321331799,395.147715,0.1,58.09
16432,Nominal,0.340689123,406.875703,0.1,58.09
16433,Nominal,0.319008917,393.716879,0.1,58.09
16434,Nominal,0.465737522,475.722000,0.1,58.09
16435,Nominal,0.229965150,334.282496,0.1,58.09
16436,Nominal,0.091753773,211.151703,0.1,58.09
16437,Nominal,0.395663947,438.476035,0.1,58.09
16438,Nominal,0.409988374,446.342656,0.1,58.09
16439,Nominal,0.274099886,364.953094,0.1,58.09
16440,Nominal,0.191250488,304.848385,0.1,58.09
16441,Nominal,0.208284944,318.135081,0.1,58.09
16442,Nominal,0.186604723,301.123007,0.1,58.09
16443,Nominal,0.210220680,319.609986,0.1,58.09
16444,Nominal,0.998451412,696.540046,0.1,58.09
16445,Nominal,0.991869926,694.240561,0.1,58.09
16446,Nominal,0.998064280,696.404997,0.1,58.09
16447,Nominal,0.998064280,696.404997,0.1,58.09
16448,Nominal,0.283004254,370.833623,0.1,58.09
16449,Nominal,0.269454122,361.847051,0.1,58.09
16450,Nominal,0.465737522,475.722000,0.1,58.09
16451,Nominal,0.396051109,438.690510,0.1,58.09
16452,Nominal,0.430894315,457.581023,0.1,58.09
16453,Nominal,0.343786299,408.720956,0.1,58.09
16454,Nominal,0.546651185,515.392114,0.1,58.09
16455,Nominal,0.530778170,507.854317,0.1,58.09
16456,Nominal,0.531165302,508.039490,0.1,58.09
16457,Nominal,0.428958565,456.552047,0.1,58.09
16458,Nominal,0.094850950,214.685872,0.1,58.09
16459,Nominal,0.308555931,387.212681,0.1,58.09
16460,Nominal,0.372822315,425.631314,0.1,58.09
16461,Nominal,0.317847461,392.999498,0.1,58.09
16462,Nominal,0.418892771,451.163602,0.1,58.09
16463,Nominal,0.246612459,346.170559,0.1,58.09
16464,Nominal,0.139372826,260.238577,0.1,58.09
16465,Nominal,0.400309712,441.042748,0.1,58.09
16466,Nominal,0.408826947,445.710001,0.1,58.09
16467,Nominal,0.236159503,338.754705,0.1,58.09
16468,Nominal,0.191637635,305.156780,0.1,58.09
16469,Nominal,0.180410370,296.082931,0.1,58.09
16470,Nominal,0.181184664,296.717622,0.1,58.09
16471,Nominal,0.211769268,320.785028,0.1,58.09
16472,Nominal,0.995354235,695.458880,0.1,58.09
16473,Nominal,0.968641102,686.063112,0.1,58.09
16474,Nominal,0.970964015,686.885249,0.1,58.09
16475,Nominal,0.980642676,690.300229,0.1,58.09
16476,Nominal,0.296167254,379.359655,0.1,58.09
16477,Nominal,0.286101431,372.857289,0.1,58.09
16478,Nominal,0.425861388,454.900857,0.1,58.09
16479,Nominal,0.415795594,449.492619,0.1,58.09
16480,Nominal,0.401084006,441.469083,0.1,58.09
16481,Nominal,0.360820740,418.724497,0.1,58.09
16482,Nominal,0.491676331,488.789956,0.1,58.09
16483,Nominal,0.493612081,489.751204,0.1,58.09
16484,Nominal,0.529229581,507.112923,0.1,58.09
16485,Nominal,0.392566770,436.756513,0.1,58.09
16486,Nominal,0.109949671,231.142384,0.1,58.09
16487,Nominal,0.286101431,372.857289,0.1,58.09
16488,Nominal,0.374370873,426.514351,0.1,58.09
16489,Nominal,0.278745651,368.032925,0.1,58.09
16490,Nominal,0.457220286,471.352015,0.1,58.09
16491,Nominal,0.232288033,335.966551,0.1,58.09
16492,Nominal,0.222609371,328.892783,0.1,58.09
16493,Nominal,0.381339520,430.465679,0.1,58.09
16494,Nominal,0.403406888,442.745624,0.1,58.09
16495,Nominal,0.241579562,342.620005,0.1,58.09
16496,Nominal,0.154858693,274.315544,0.1,58.09
16497,Nominal,0.181571811,297.034460,0.1,58.09
16498,Nominal,0.166860238,284.746931,0.1,58.09
16499,Nominal,0.164150208,282.425133,0.1,58.09
16500,Nominal,0.972899735,687.569597,0.1,58.09
16501,Nominal,0.950832367,679.727125,0.1,58.09
16502,Nominal,0.926054955,670.812277,0.1,58.09
16503,Nominal,0.960898161,683.315549,0.1,58.09
16504,Nominal,0.251258224,349.415982,0.1,58.09
16505,Nominal,0.288424313,374.367859,0.1,58.09
16506,Nominal,0.411924124,447.395113,0.1,58.09
16507,Nominal,0.379016638,429.152612,0.1,58.09
16508,Nominal,0.336430520,404.324740,0.1,58.09
16509,Nominal,0.301587313,382.815185,0.1,58.09
16510,Nominal,0.432830036,458.607674,0.1,58.09
16511,Nominal,0.489353478,487.633981,0.1,58.09
16512,Nominal,0.583817244,532.624429,0.1,58.09
16513,Nominal,0.319783211,394.194401,0.1,58.09
16514,Nominal,0.196670532,309.137912,0.1,58.09
16515,Nominal,0.255516827,352.364685,0.1,58.09
16516,Nominal,0.463801771,474.732347,0.1,58.09
16517,Nominal,0.254355401,351.562953,0.1,58.09
16518,Nominal,0.426635683,455.314216,0.1,58.09
16519,Nominal,0.212543547,321.370926,0.1,58.09
16520,Nominal,0.217189312,324.864194,0.1,58.09
16521,Nominal,0.336817652,404.557302,0.1,58.09
16522,Nominal,0.352303535,413.752969,0.1,58.09
16523,Nominal,0.244676739,344.809295,0.1,58.09
16524,Nominal,0.166860238,284.746931,0.1,58.09
16525,Nominal,0.190863341,304.539678,0.1,58.09
16526,Nominal,0.187766165,302.058659,0.1,58.09
16527,Nominal,0.122338369,243.816991,0.1,58.09
16528,Nominal,0.919473469,668.424291,0.1,58.09
16529,Nominal,0.900116146,661.350823,0.1,58.09
16530,Nominal,0.830429733,635.234487,0.1,58.09
16531,Nominal,0.919473469,668.424291,0.1,58.09
16532,Nominal,0.282229960,370.325979,0.1,58.09
16533,Nominal,0.281455666,369.817638,0.1,58.09
16534,Nominal,0.372435153,425.410255,0.1,58.09
16535,Nominal,0.343399137,408.490746,0.1,58.09
16536,Nominal,0.350754946,412.842619,0.1,58.09
16537,Nominal,0.287650019,373.865014,0.1,58.09
16538,Nominal,0.368563682,423.193405,0.1,58.09
16539,Nominal,0.451025933,468.148223,0.1,58.09
16540,Nominal,0.510646522,498.130130,0.1,58.09
16541,Nominal,0.332946181,402.225538,0.1,58.09
16542,Nominal,0.210220680,319.609986,0.1,58.09
16543,Nominal,0.228416577,333.155074,0.1,58.09
16544,Nominal,0.435540080,460.041156,0.1,58.09
16545,Nominal,0.218350753,325.731658,0.1,58.09
16546,Nominal,0.339527667,406.181563,0.1,58.09
16547,Nominal,0.235772356,338.476923,0.1,58.09
16548,Nominal,0.228803724,333.437290,0.1,58.09
16549,Nominal,0.267131239,360.283988,0.1,58.09
16550,Nominal,0.257452577,353.696893,0.1,58.09
16551,Nominal,0.212930694,321.663481,0.1,58.09
16552,Nominal,0.200154856,311.864318,0.1,58.09
16553,Nominal,0.162214473,280.754950,0.1,58.09
16554,Nominal,0.175764620,292.245850,0.1,58.09
16555,Nominal,0.125822693,247.264695,0.1,58.09
16556,Nominal,0.804878056,625.385296,0.1,58.09
16557,Nominal,0.814556718,629.134190,0.1,58.09
16558,Nominal,0.740998864,600.055463,0.1,58.09
16559,Nominal,0.807588100,626.437255,0.1,58.09
16560,Nominal,0.148277193,268.423046,0.1,58.09
16561,Nominal,0.197831973,310.049378,0.1,58.09
16562,Nominal,0.231126592,335.125581,0.1,58.09
16563,Nominal,0.233449474,336.805421,0.1,58.09
16564,Nominal,0.365853667,421.634684,0.1,58.09
16565,Nominal,0.331010461,401.054582,0.1,58.09
16566,Nominal,0.267518401,360.544980,0.1,58.09
16567,Nominal,0.384436697,432.210229,0.1,58.09
16568,Nominal,0.481610537,483.760732,0.1,58.09
16569,Nominal,0.307394505,386.483246,0.1,58.09
16570,Nominal,0.214092135,322.539553,0.1,58.09
16571,Nominal,0.193573371,306.694105,0.1,58.09
16572,Nominal,0.365853667,421.634684,0.1,58.09
16573,Nominal,0.154084399,273.628895,0.1,58.09
16574,Nominal,0.327138990,398.702333,0.1,58.09
16575,Nominal,0.235772356,338.476923,0.1,58.09
16576,Nominal,0.224157959,330.034776,0.1,58.09
16577,Nominal,0.251258224,349.415982,0.1,58.09
16578,Nominal,0.260549754,355.818034,0.1,58.09
16579,Nominal,0.240418121,341.795407,0.1,58.09
16580,Nominal,0.202477738,313.668757,0.1,58.09
16581,Nominal,0.126984134,248.403296,0.1,58.09
16582,Nominal,0.202090591,313.368739,0.1,58.09
16583,Nominal,0.141308561,262.039559,0.1,58.09
16584,Nominal,0.714672863,589.299766,0.1,58.09
16585,Nominal,0.735578775,597.856861,0.1,58.09
16586,Nominal,0.610530376,544.673519,0.1,58.09
16587,Nominal,0.733643055,597.069694,0.1,58.09
16588,Nominal,0.156407282,275.683711,0.1,58.09
16589,Nominal,0.183894694,298.928430,0.1,58.09
16590,Nominal,0.226480842,331.740395,0.1,58.09
16591,Nominal,0.201703444,313.068433,0.1,58.09
16592,Nominal,0.307781637,386.726538,0.1,58.09
16593,Nominal,0.267131239,360.283988,0.1,58.09
16594,Nominal,0.384049565,431.992554,0.1,58.09
16595,Nominal,0.322106063,395.623493,0.1,58.09
16596,Nominal,0.327526122,398.938173,0.1,58.09
16597,Nominal,0.278358489,367.777247,0.1,58.09
16598,Nominal,0.209833533,319.315550,0.1,58.09
16599,Nominal,0.159117311,278.061805,0.1,58.09
16600,Nominal,0.217963606,325.442760,0.1,58.09
16601,Nominal,0.108401082,229.508847,0.1,58.09
16602,Nominal,0.247773901,346.984761,0.1,58.09
16603,Nominal,0.108788230,229.918320,0.1,58.09
16604,Nominal,0.211382121,320.491671,0.1,58.09
16605,Nominal,0.130081296,251.414343,0.1,58.09
16606,Nominal,0.123886950,245.355277,0.1,58.09
16607,Nominal,0.107626788,228.687703,0.1,58.09
16608,Nominal,0.238482386,340.416637,0.1,58.09
16609,Nominal,0.056523424,165.728367,0.1,58.09
16610,Nominal,0.217189312,324.864194,0.1,58.09
16611,Nominal,0.116531163,237.959838,0.1,58.09
16612,Nominal,0.560975611,522.101105,0.1,58.09
16613,Expected_Missing_But_Material_Present,0.406891197,444.653556,0.1,58.09
16614,Nominal,0.372048020,425.189099,0.1,58.09
16615,Nominal,0.489740610,487.826829,0.1,58.09
16616,Missing_Unintentional,0.030971738,122.677639,0.1,58.09
16617,Nominal,0.079752229,196.858439,0.1,58.09
16618,Nominal,0.047231901,151.495711,0.1,58.09
16619,Nominal,0.061943475,173.492380,0.1,58.09
16620,Missing_Unintentional,0.006968641,58.191114,0.1,58.09
16621,Missing_Unintentional,0.032133177,124.956673,0.1,58.09
16622,Missing_Unintentional,0.014324429,83.429814,0.1,58.09
16623,Nominal,0.023228804,106.241953,0.1,58.09
16624,Nominal,0.106078200,227.036505,0.1,58.09
16625,Nominal,0.241579562,342.620005,0.1,58.09
16626,Nominal,0.277584195,367.265378,0.1,58.09
16627,Nominal,0.111111112,232.360001,0.1,58.09
16628,Nominal,0.176151767,292.567530,0.1,58.09
16629,Nominal,0.189701900,303.611671,0.1,58.09
16630,Nominal,0.224157959,330.034776,0.1,58.09
16631,Nominal,0.105303913,226.206395,0.1,58.09
16632,Nominal,0.133565620,254.759251,0.1,58.09
16633,Nominal,0.075880758,192.020879,0.1,58.09
16634,Nominal,0.191250488,304.848385,0.1,58.09
16635,Nominal,0.115369722,236.771021,0.1,58.09
16636,Nominal,0.227255136,332.306989,0.1,58.09
16637,Nominal,0.104142472,224.955473,0.1,58.09
16638,Nominal,0.136275649,257.330789,0.1,58.09
16639,Nominal,0.111498259,232.764458,0.1,58.09
16640,Nominal,0.139372826,260.238577,0.1,58.09
16641,Nominal,0.229190856,333.719256,0.1,58.09
16642,Nominal,0.140534267,261.320655,0.1,58.09
16643,Nominal,0.228803724,333.437290,0.1,58.09
16644,Nominal,0.999225736,696.810086,0.1,58.09
16645,Nominal,0.993418515,694.782302,0.1,58.09
16646,Nominal,0.999612868,696.945056,0.1,58.09
16647,Nominal,1.000000000,697.080000,0.1,58.09
16648,Nominal,0.222609371,328.892783,0.1,58.09
16649,Nominal,0.170731708,288.031321,0.1,58.09
16650,Nominal,0.291521490,376.372523,0.1,58.09
16651,Nominal,0.235772356,338.476923,0.1,58.09
16652,Nominal,0.232288033,335.966551,0.1,58.09
16653,Nominal,0.389469624,435.030211,0.1,58.09
16654,Nominal,0.340689123,406.875703,0.1,58.09
16655,Nominal,0.465737522,475.722000,0.1,58.09
16656,Nominal,0.274874181,365.468202,0.1,58.09
16657,Nominal,0.308555931,387.212681,0.1,58.09
16658,Nominal,0.107626788,228.687703,0.1,58.09
16659,Nominal,0.302748740,383.551596,0.1,58.09
16660,Nominal,0.259001166,354.759049,0.1,58.09
16661,Nominal,0.278745651,368.032925,0.1,58.09
16662,Nominal,0.532326758,508.594631,0.1,58.09
16663,Nominal,0.195509091,308.223751,0.1,58.09
16664,Nominal,0.072396435,187.560427,0.1,58.09
16665,Nominal,0.411536962,447.184813,0.1,58.09
16666,Nominal,0.406891197,444.653556,0.1,58.09
16667,Nominal,0.252032518,349.953960,0.1,58.09
16668,Nominal,0.155632988,275.000479,0.1,58.09
16669,Nominal,0.227255136,332.306989,0.1,58.09
16670,Nominal,0.144405723,264.895649,0.1,58.09
16671,Nominal,0.216802165,324.574525,0.1,58.09
16672,Nominal,1.000000000,697.080000,0.1,58.09
16673,Nominal,0.994579971,695.188336,0.1,58.09
16674,Nominal,0.996902823,695.999673,0.1,58.09
16675,Nominal,0.994579971,695.188336,0.1,58.09
16676,Nominal,0.254355401,351.562953,0.1,58.09
16677,Nominal,0.226093695,331.456735,0.1,58.09
16678,Nominal,0.419667065,451.580382,0.1,58.09
16679,Nominal,0.387921035,434.164478,0.1,58.09
16680,Nominal,0.409601241,446.131876,0.1,58.09
16681,Nominal,0.403019756,442.533131,0.1,58.09
16682,Nominal,0.502516448,494.148821,0.1,58.09
16683,Nominal,0.557104170,520.296408,0.1,58.09
16684,Nominal,0.426635683,455.314216,0.1,58.09
16685,Nominal,0.373983741,426.293767,0.1,58.09
16686,Nominal,0.108401082,229.508847,0.1,58.09
16687,Nominal,0.289585739,375.120854,0.1,58.09
16688,Nominal,0.372435153,425.410255,0.1,58.09
16689,Nominal,0.279132783,368.288405,0.1,58.09
16690,Nominal,0.464188933,474.930448,0.1,58.09
16691,Nominal,0.237320945,339.586688,0.1,58.09
16692,Nominal,0.082462251,200.175175,0.1,58.09
16693,Nominal,0.469996125,477.892001,0.1,58.09
16694,Nominal,0.455284566,470.353182,0.1,58.09
16695,Nominal,0.241192415,342.345360,0.1,58.09
16696,Nominal,0.181958959,297.350959,0.1,58.09
16697,Nominal,0.205187768,315.760903,0.1,58.09
16698,Nominal,0.151761517,271.558532,0.1,58.09
16699,Nominal,0.215253577,323.413252,0.1,58.09
16700,Nominal,0.990708470,693.833973,0.1,58.09
16701,Nominal,0.969802558,686.474304,0.1,58.09
16702,Nominal,0.873790145,651.607679,0.1,58.09
16703,Nominal,0.975996912,688.663149,0.1,58.09
16704,Nominal,0.302748740,383.551596,0.1,58.09
16705,Nominal,0.289585739,375.120854,0.1,58.09
16706,Nominal,0.488579184,487.248042,0.1,58.09
16707,Nominal,0.463801771,474.732347,0.1,58.09
16708,Nominal,0.330623299,400.819969,0.1,58.09
16709,Nominal,0.352690667,413.980234,0.1,58.09
16710,Nominal,0.533875346,509.333868,0.1,58.09
16711,Nominal,0.537746787,511.177270,0.1,58.09
16712,Nominal,0.496322095,491.093773,0.1,58.09
16713,Nominal,0.375919461,427.395581,0.1,58.09
16714,Nominal,0.081300810,198.760490,0.1,58.09
16715,Nominal,0.318621755,393.477891,0.1,58.09
16716,Nominal,0.387921035,434.164478,0.1,58.09
16717,Nominal,0.287650019,373.865014,0.1,58.09
16718,Nominal,0.511420846,498.507660,0.1,58.09
16719,Nominal,0.258614004,354.493798,0.1,58.09
16720,Nominal,0.113046847,234.375305,0.1,58.09
16721,Nominal,0.478513360,482.202721,0.1,58.09
16722,Nominal,0.429345727,456.758034,0.1,58.09
16723,Nominal,0.222222224,328.606665,0.1,58.09
16724,Nominal,0.179248929,295.128335,0.1,58.09
16725,Nominal,0.189314753,303.301705,0.1,58.09
16726,Nominal,0.202090591,313.368739,0.1,58.09
16727,Nominal,0.185443282,300.184439,0.1,58.09
16728,Nominal,0.968253970,685.926001,0.1,58.09
16729,Nominal,0.896631837,660.069553,0.1,58.09
16730,Nominal,0.956639588,681.799686,0.1,58.09
16731,Nominal,0.909020543,664.613979,0.1,58.09
16732,Nominal,0.314750284,391.080073,0.1,58.09
16733,Nominal,0.273712724,364.695258,0.1,58.09
16734,Nominal,0.451025933,468.148223,0.1,58.09
16735,Nominal,0.498644978,492.241638,0.1,58.09
16736,Nominal,0.441734403,463.300997,0.1,58.09
16737,Nominal,0.270615578,362.626066,0.1,58.09
16738,Nominal,0.514905155,500.202943,0.1,58.09
16739,Nominal,0.600464582,540.164851,0.1,58.09
16740,Nominal,0.637630641,556.630773,0.1,58.09
16741,Nominal,0.363530785,420.294028,0.1,58.09
16742,Nominal,0.118079752,239.535749,0.1,58.09
16743,Nominal,0.320557505,394.671346,0.1,58.09
16744,Nominal,0.324428946,397.047458,0.1,58.09
16745,Nominal,0.278358489,367.777247,0.1,58.09
16746,Nominal,0.528842449,506.927412,0.1,58.09
16747,Nominal,0.262098342,356.873877,0.1,58.09
16748,Nominal,0.129694149,251.039935,0.1,58.09
16749,Nominal,0.427022845,455.520763,0.1,58.09
16750,Nominal,0.434378624,459.427350,0.1,58.09
16751,Nominal,0.252419680,350.222649,0.1,58.09
16752,Nominal,0.192411929,305.772638,0.1,58.09
16753,Nominal,0.134727061,255.864504,0.1,58.09
16754,Nominal,0.184281841,299.242927,0.1,58.09
16755,Nominal,0.184668988,299.557093,0.1,58.09
16756,Nominal,0.855594277,644.787424,0.1,58.09
16757,Nominal,0.980642676,690.300229,0.1,58.09
16758,Nominal,0.948509514,678.896341,0.1,58.09
16759,Nominal,0.827719688,634.197120,0.1,58.09
16760,Nominal,0.250483930,348.877175,0.1,58.09
16761,Nominal,0.268679827,361.326782,0.1,58.09
16762,Nominal,0.392566770,436.756513,0.1,58.09
16763,Nominal,0.421602786,452.620644,0.1,58.09
16764,Nominal,0.444444448,464.720002,0.1,58.09
16765,Nominal,0.346496314,410.328736,0.1,58.09
16766,Nominal,0.463414639,474.534177,0.1,58.09
16767,Nominal,0.594657362,537.546480,0.1,58.09
16768,Nominal,0.629887700,553.240782,0.1,58.09
16769,Nominal,0.355787843,415.793959,0.1,58.09
16770,Nominal,0.160665900,279.411629,0.1,58.09
16771,Nominal,0.262098342,356.873877,0.1,58.09
16772,Nominal,0.411149830,446.974431,0.1,58.09
16773,Nominal,0.235385209,338.198913,0.1,58.09
16774,Nominal,0.368176550,422.971090,0.1,58.09
16775,Nominal,0.199767709,311.562562,0.1,58.09
16776,Nominal,0.203252032,314.267934,0.1,58.09
16777,Nominal,0.319783211,394.194401,0.1,58.09
16778,Nominal,0.326751828,398.466335,0.1,58.09
16779,Nominal,0.222222224,328.606665,0.1,58.09
16780,Nominal,0.159504458,278.399875,0.1,58.09
16781,Nominal,0.124274097,245.738346,0.1,58.09
16782,Nominal,0.145180017,265.604876,0.1,58.09
16783,Nominal,0.120789781,242.268929,0.1,58.09
16784,Nominal,0.857142866,645.370678,0.1,58.09
16785,Nominal,0.949283779,679.173375,0.1,58.09
16786,Nominal,0.888114572,656.927013,0.1,58.09
16787,Nominal,0.941927969,676.536869,0.1,58.09
16788,Nominal,0.307781637,386.726538,0.1,58.09
16789,Nominal,0.291908622,376.622346,0.1,58.09
16790,Nominal,0.377468050,428.274997,0.1,58.09
16791,Nominal,0.364692211,420.964881,0.1,58.09
16792,Nominal,0.415021300,449.073901,0.1,58.09
16793,Nominal,0.304297328,384.531296,0.1,58.09
16794,Nominal,0.367789388,422.748640,0.1,58.09
16795,Nominal,0.575300038,528.724973,0.1,58.09
16796,Nominal,0.441347271,463.097936,0.1,58.09
16797,Nominal,0.369337976,423.637703,0.1,58.09
16798,Nominal,0.191250488,304.848385,0.1,58.09
16799,Nominal,0.247773901,346.984761,0.1,58.09
16800,Nominal,0.368176550,422.971090,0.1,58.09
16801,Nominal,0.217576459,325.153606,0.1,58.09
16802,Nominal,0.369337976,423.637703,0.1,58.09
16803,Nominal,0.245063886,345.081979,0.1,58.09
16804,Nominal,0.200542003,312.165782,0.1,58.09
16805,Nominal,0.314750284,391.080073,0.1,58.09
16806,Nominal,0.301974446,383.060807,0.1,58.09
16807,Nominal,0.235772356,338.476923,0.1,58.09
16808,Nominal,0.175764620,292.245850,0.1,58.09
16809,Nominal,0.125822693,247.264695,0.1,58.09
16810,Nominal,0.170344561,287.704569,0.1,58.09
16811,Nominal,0.134339914,255.496618,0.1,58.09
16812,Nominal,0.876500189,652.617371,0.1,58.09
16813,Nominal,0.895857513,659.784476,0.1,58.09
16814,Nominal,0.772744894,612.774515,0.1,58.09
16815,Nominal,0.897406101,660.354484,0.1,58.09
16816,Nominal,0.216027871,323.994408,0.1,58.09
16817,Nominal,0.231126592,335.125581,0.1,58.09
16818,Nominal,0.252032518,349.953960,0.1,58.09
16819,Nominal,0.249322489,348.067400,0.1,58.09
16820,Missing_Intentional,0.015098723,85.655001,0.1,58.09
16821,Nominal,0.322493225,395.861185,0.1,58.09
16822,Nominal,0.320944637,394.909593,0.1,58.09
16823,Nominal,0.471544713,478.678655,0.1,58.09
16824,Nominal,0.381339520,430.465679,0.1,58.09
16825,Nominal,0.261324048,356.346347,0.1,58.09
16826,Nominal,0.209446386,319.020842,0.1,58.09
16827,Nominal,0.199767709,311.562562,0.1,58.09
16828,Nominal,0.370112270,424.081536,0.1,58.09
16829,Nominal,0.180410370,296.082931,0.1,58.09
16830,Nominal,0.320557505,394.671346,0.1,58.09
16831,Nominal,0.126209840,247.644810,0.1,58.09
16832,Nominal,0.218737900,326.020299,0.1,58.09
16833,Nominal,0.194734812,307.612812,0.1,58.09
16834,Nominal,0.166085944,284.085496,0.1,58.09
16835,Nominal,0.119628340,241.101360,0.1,58.09
16836,Nominal,0.205574915,316.058651,0.1,58.09
16837,Nominal,0.128532708,249.913347,0.1,58.09
16838,Nominal,0.224157959,330.034776,0.1,58.09
16839,Nominal,0.126984134,248.403296,0.1,58.09
16840,Nominal,0.757259011,606.603410,0.1,58.09
16841,Nominal,0.780487776,615.836854,0.1,58.09
16842,Nominal,0.682152510,575.735970,0.1,58.09
16843,Nominal,0.751064658,604.117318,0.1,58.09
16844,Nominal,0.201316297,312.767839,0.1,58.09
16845,Nominal,0.200542003,312.165782,0.1,58.09
16846,Nominal,0.239643827,341.244567,0.1,58.09
16847,Nominal,0.220673636,327.459691,0.1,58.09
16848,Nominal,0.310104519,388.183141,0.1,58.09
16849,Nominal,0.297328681,380.102761,0.1,58.09
16850,Nominal,0.318621755,393.477891,0.1,58.09
16851,Nominal,0.420441359,451.996777,0.1,58.09
16852,Nominal,0.350754946,412.842619,0.1,58.09
16853,Nominal,0.234223768,337.363508,0.1,58.09
16854,Nominal,0.216027871,323.994408,0.1,58.09
16855,Nominal,0.156794429,276.024693,0.1,58.09
16856,Nominal,0.295780092,379.111617,0.1,58.09
16857,Nominal,0.125822693,247.264695,0.1,58.09
16858,Nominal,0.218350753,325.731658,0.1,58.09
16859,Nominal,0.110723965,231.954839,0.1,58.09
16860,Nominal,0.229578003,334.000994,0.1,58.09
16861,Nominal,0.144792870,265.250499,0.1,58.09
16862,Nominal,0.186604723,301.123007,0.1,58.09
16863,Nominal,0.127371266,248.781657,0.1,58.09
16864,Nominal,0.241192415,342.345360,0.1,58.09
16865,Nominal,0.070460707,185.035953,0.1,58.09
16866,Nominal,0.236546651,339.032259,0.1,58.09
16867,Nominal,0.088656604,207.557375,0.1,58.09
16868,Nominal,0.622144818,549.829917,0.1,58.09
16869,Nominal,0.658536613,565.682294,0.1,58.09
16870,Nominal,0.411536962,447.184813,0.1,58.09
16871,Nominal,0.453735977,469.552580,0.1,58.09
16872,Nominal,0.059233449,169.654793,0.1,58.09
16873,Nominal,0.083623692,201.579931,0.1,58.09
16874,Nominal,0.089430891,208.461761,0.1,58.09
16875,Nominal,0.090205185,209.362248,0.1,58.09
16876,Missing_Unintentional,0.016260162,88.888393,0.1,58.09
16877,Nominal,0.057297714,166.859628,0.1,58.09
16878,Nominal,0.040650405,140.544890,0.1,58.09
16879,Missing_Unintentional,0.004258614,45.490087,0.1,58.09
16880,Nominal,0.168795973,286.393834,0.1,58.09
16881,Nominal,0.237708092,339.863562,0.1,58.09
16882,Nominal,0.228803724,333.437290,0.1,58.09
16883,Nominal,0.172667444,289.659550,0.1,58.09
16884,Nominal,0.270615578,362.626066,0.1,58.09
16885,Nominal,0.279907078,368.798854,0.1,58.09
16886,Nominal,0.234998062,337.920674,0.1,58.09
16887,Nominal,0.096786685,216.865481,0.1,58.09
16888,Nominal,0.087495163,206.193345,0.1,58.09
16889,Nominal,0.066589236,179.880729,0.1,58.09
16890,Nominal,0.154471546,273.972435,0.1,58.09
16891,Nominal,0.073945023,189.555809,0.1,58.09
16892,Nominal,0.228803724,333.437290,0.1,58.09
16893,Nominal,0.081300810,198.760490,0.1,58.09
16894,Nominal,0.090592332,209.811043,0.1,58.09
16895,Missing_Unintentional,0.027487418,115.571192,0.1,58.09
16896,Nominal,0.088656604,207.557375,0.1,58.09
16897,Nominal,0.213704988,322.247794,0.1,58.09
16898,Nominal,0.129694149,251.039935,0.1,58.09
16899,Nominal,0.232288033,335.966551,0.1,58.09
16900,Nominal,1.000000000,697.080000,0.1,58.09
16901,Nominal,0.999225736,696.810086,0.1,58.09
16902,Nominal,1.000000000,697.080000,0.1,58.09
16903,Nominal,1.000000000,697.080000,0.1,58.09
16904,Nominal,0.202864885,313.968489,0.1,58.09
16905,Nominal,0.137824237,258.788767,0.1,58.09
16906,Nominal,0.280681372,369.308597,0.1,58.09
16907,Nominal,0.222996518,329.178653,0.1,58.09
16908,Nominal,0.288811445,374.619019,0.1,58.09
16909,Nominal,0.354239255,414.888088,0.1,58.09
16910,Nominal,0.440572977,462.691531,0.1,58.09
16911,Nominal,0.487804890,486.861796,0.1,58.09
16912,Nominal,0.349980652,412.386691,0.1,58.09
16913,Nominal,0.313588858,390.357865,0.1,58.09
16914,Nominal,0.115756869,237.167955,0.1,58.09
16915,Nominal,0.264808357,358.714115,0.1,58.09
16916,Nominal,0.301200151,382.569387,0.1,58.09
16917,Nominal,0.249709636,348.337534,0.1,58.09
16918,Nominal,0.378242344,428.714029,0.1,58.09
16919,Nominal,0.240418121,341.795407,0.1,58.09
16920,Nominal,0.123886950,245.355277,0.1,58.09
16921,Nominal,0.477351904,481.617160,0.1,58.09
16922,Nominal,0.398373991,439.975112,0.1,58.09
16923,Nominal,0.306233048,385.752413,0.1,58.09
16924,Nominal,0.127758414,249.159458,0.1,58.09
16925,Nominal,0.198993415,310.958172,0.1,58.09
16926,Nominal,0.172280297,289.334637,0.1,58.09
16927,Nominal,0.190863341,304.539678,0.1,58.09
16928,Nominal,1.000000000,697.080000,0.1,58.09
16929,Nominal,1.000000000,697.080000,0.1,58.09
16930,Nominal,0.998451412,696.540046,0.1,58.09
16931,Nominal,0.999612868,696.945056,0.1,58.09
16932,Nominal,0.251258224,349.415982,0.1,58.09
16933,Nominal,0.228803724,333.437290,0.1,58.09
16934,Nominal,0.497096390,491.476693,0.1,58.09
16935,Nominal,0.413085550,448.025388,0.1,58.09
16936,Nominal,0.339140534,405.949932,0.1,58.09
16937,Nominal,0.350754946,412.842619,0.1,58.09
16938,Nominal,0.419667065,451.580382,0.1,58.09
16939,Nominal,0.544715464,514.478790,0.1,58.09
16940,Nominal,0.482384831,484.149451,0.1,58.09
16941,Nominal,0.317847461,392.999498,0.1,58.09
16942,Nominal,0.116918311,238.354792,0.1,58.09
16943,Nominal,0.243902445,344.263278,0.1,58.09
16944,Nominal,0.339140534,405.949932,0.1,58.09
16945,Nominal,0.245063886,345.081979,0.1,58.09
16946,Nominal,0.554394126,519.029369,0.1,58.09
16947,Nominal,0.259775460,355.288936,0.1,58.09
16948,Nominal,0.091753773,211.151703,0.1,58.09
16949,Nominal,0.497870684,491.859314,0.1,58.09
16950,Nominal,0.464188933,474.930448,0.1,58.09
16951,Nominal,0.296167254,379.359655,0.1,58.09
16952,Nominal,0.133565620,254.759251,0.1,58.09
16953,Nominal,0.215640724,323.703960,0.1,58.09
16954,Nominal,0.155632988,275.000479,0.1,58.09
16955,Nominal,0.202090591,313.368739,0.1,58.09
16956,Nominal,0.998064280,696.404997,0.1,58.09
16957,Nominal,0.997289956,696.134800,0.1,58.09
16958,Nominal,0.992257059,694.376031,0.1,58.09
16959,Nominal,0.995741367,695.594113,0.1,58.09
16960,Nominal,0.271389842,363.144455,0.1,58.09
16961,Nominal,0.240030974,341.520098,0.1,58.09
16962,Nominal,0.521099508,503.202690,0.1,58.09
16963,Nominal,0.462640345,474.137575,0.1,58.09
16964,Nominal,0.374758035,426.734838,0.1,58.09
16965,Nominal,0.349206358,411.930258,0.1,58.09
16966,Nominal,0.624854803,551.026111,0.1,58.09
16967,Nominal,0.585365832,533.330360,0.1,58.09
16968,Nominal,0.602400303,541.034816,0.1,58.09
16969,Nominal,0.283391416,371.087195,0.1,58.09
16970,Nominal,0.117692605,239.142745,0.1,58.09
16971,Nominal,0.271002710,362.885353,0.1,58.09
16972,Nominal,0.377468050,428.274997,0.1,58.09
16973,Nominal,0.247386754,346.713573,0.1,58.09
16974,Nominal,0.565621376,524.258559,0.1,58.09
16975,Nominal,0.246612459,346.170559,0.1,58.09
16976,Nominal,0.117692605,239.142745,0.1,58.09
16977,Nominal,0.479674786,482.787556,0.1,58.09
16978,Nominal,0.477351904,481.617160,0.1,58.09
16979,Nominal,0.307781637,386.726538,0.1,58.09
16980,Nominal,0.174216032,290.955574,0.1,58.09
16981,Nominal,0.180797517,296.400447,0.1,58.09
16982,Nominal,0.176538914,292.888856,0.1,58.09
16983,Nominal,0.187766165,302.058659,0.1,58.09
16984,Nominal,0.950832367,679.727125,0.1,58.09
16985,Nominal,0.989159882,693.291490,0.1,58.09
16986,Nominal,0.942315161,676.675904,0.1,58.09
16987,Nominal,0.992644191,694.511474,0.1,58.09
16988,Nominal,0.279132783,368.288405,0.1,58.09
16989,Nominal,0.246225312,345.898733,0.1,58.09
16990,Nominal,0.475803316,480.835312,0.1,58.09
16991,Nominal,0.474254757,480.052207,0.1,58.09
16992,Nominal,0.380565226,430.028435,0.1,58.09
16993,Nominal,0.369337976,423.637703,0.1,58.09
16994,Nominal,0.476190478,481.030901,0.1,58.09
16995,Nominal,0.612853289,545.708707,0.1,58.09
16996,Nominal,0.383275270,431.556857,0.1,58.09
16997,Nominal,0.403019756,442.533131,0.1,58.09
16998,Nominal,0.109562524,230.735084,0.1,58.09
16999,Nominal,0.283391416,371.087195,0.1,58.09
17000,Nominal,0.389082462,434.813931,0.1,58.09
17001,Nominal,0.253193974,350.759390,0.1,58.09
17002,Nominal,0.471157581,478.482120,0.1,58.09
17003,Nominal,0.261711180,356.610200,0.1,58.09
17004,Nominal,0.114982575,236.373420,0.1,58.09
17005,Nominal,0.459156007,472.348736,0.1,58.09
17006,Nominal,0.431281447,457.786531,0.1,58.09
17007,Missing_Intentional,0.003484321,41.147332,0.1,58.09
17008,Nominal,0.200929150,312.466956,0.1,58.09
17009,Nominal,0.188153312,302.369900,0.1,58.09
17010,Nominal,0.204026327,314.865971,0.1,58.09
17011,Nominal,0.195896238,308.528772,0.1,58.09
17012,Nominal,0.895083249,659.499297,0.1,58.09
17013,Nominal,0.928764999,671.793106,0.1,58.09
17014,Nominal,0.830042601,635.086402,0.1,58.09
17015,Nominal,0.941153705,676.258755,0.1,58.09
17016,Nominal,0.249322489,348.067400,0.1,58.09
17017,Nominal,0.251258224,349.415982,0.1,58.09
17018,Nominal,0.392566770,436.756513,0.1,58.09
17019,Nominal,0.430894315,457.581023,0.1,58.09
17020,Nominal,0.460317463,472.945773,0.1,58.09
17021,Nominal,0.275261313,365.725474,0.1,58.09
17022,Nominal,0.454897404,470.153152,0.1,58.09
17023,Nominal,0.531939626,508.409661,0.1,58.09
17024,Nominal,0.475803316,480.835312,0.1,58.09
17025,Nominal,0.264421225,358.451811,0.1,58.09
17026,Nominal,0.127758414,249.159458,0.1,58.09
17027,Nominal,0.265195519,358.976247,0.1,58.09
17028,Nominal,0.453348815,469.352208,0.1,58.09
17029,Nominal,0.222609371,328.892783,0.1,58.09
17030,Nominal,0.459156007,472.348736,0.1,58.09
17031,Nominal,0.226480842,331.740395,0.1,58.09
17032,Nominal,0.159891605,278.737534,0.1,58.09
17033,Nominal,0.351142079,413.070386,0.1,58.09
17034,Nominal,0.379016638,429.152612,0.1,58.09
17035,Nominal,0.284165710,371.593799,0.1,58.09
17036,Nominal,0.192411929,305.772638,0.1,58.09
17037,Nominal,0.135888502,256.965002,0.1,58.09
17038,Nominal,0.201703444,313.068433,0.1,58.09
17039,Nominal,0.150987223,270.864894,0.1,58.09
17040,Nominal,0.823073924,632.414828,0.1,58.09
17041,Nominal,0.847851336,641.863200,0.1,58.09
17042,Nominal,0.768873394,611.237568,0.1,58.09
17043,Nominal,0.831978321,635.826504,0.1,58.09
17044,Nominal,0.259001166,354.759049,0.1,58.09
17045,Nominal,0.208672091,318.430609,0.1,58.09
17046,Nominal,0.295005798,378.615072,0.1,58.09
17047,Nominal,0.377468050,428.274997,0.1,58.09
17048,Nominal,0.432055742,458.197287,0.1,58.09
17049,Nominal,0.332559049,401.991627,0.1,58.09
17050,Nominal,0.420054197,451.788619,0.1,58.09
17051,Nominal,0.552071214,517.940860,0.1,58.09
17052,Nominal,0.571815729,527.121428,0.1,58.09
17053,Nominal,0.315911740,391.800969,0.1,58.09
17054,Nominal,0.131242737,252.534235,0.1,58.09
17055,Nominal,0.238095239,340.140212,0.1,58.09
17056,Nominal,0.434765786,459.632048,0.1,58.09
17057,Nominal,0.206736356,316.950215,0.1,58.09
17058,Nominal,0.273712724,364.695258,0.1,58.09
17059,Nominal,0.282617122,370.579898,0.1,58.09
17060,Nominal,0.182733253,297.982950,0.1,58.09
17061,Nominal,0.380952388,430.247121,0.1,58.09
17062,Nominal,0.327526122,398.938173,0.1,58.09
17063,Nominal,0.287650019,373.865014,0.1,58.09
17064,Nominal,0.208284944,318.135081,0.1,58.09
17065,Nominal,0.111885406,233.168213,0.1,58.09
17066,Nominal,0.165311649,283.422518,0.1,58.09
17067,Nominal,0.149051487,269.122978,0.1,58.09
17068,Nominal,0.766937673,610.467655,0.1,58.09
17069,Nominal,0.787069321,618.427957,0.1,58.09
17070,Nominal,0.774680614,613.541532,0.1,58.09
17071,Nominal,0.752226114,604.584245,0.1,58.09
17072,Nominal,0.218350753,325.731658,0.1,58.09
17073,Nominal,0.245063886,345.081979,0.1,58.09
17074,Nominal,0.257452577,353.696893,0.1,58.09
17075,Nominal,0.268292695,361.066376,0.1,58.09
17076,Nominal,0.423151374,453.451142,0.1,58.09
17077,Nominal,0.222222224,328.606665,0.1,58.09
17078,Nominal,0.335269064,403.626213,0.1,58.09
17079,Nominal,0.462253183,473.939142,0.1,58.09
17080,Nominal,0.502903581,494.339127,0.1,58.09
17081,Nominal,0.312040269,389.392825,0.1,58.09
17082,Nominal,0.168795973,286.393834,0.1,58.09
17083,Nominal,0.201703444,313.068433,0.1,58.09
17084,Nominal,0.305845916,385.508507,0.1,58.09
17085,Nominal,0.182346106,297.667122,0.1,58.09
17086,Nominal,0.382500976,431.120721,0.1,58.09
17087,Nominal,0.154858693,274.315544,0.1,58.09
17088,Nominal,0.221060783,327.746811,0.1,58.09
17089,Nominal,0.218737900,326.020299,0.1,58.09
17090,Nominal,0.221835077,328.320297,0.1,58.09
17091,Nominal,0.187379017,301.747097,0.1,58.09
17092,Nominal,0.181184664,296.717622,0.1,58.09
17093,Nominal,0.117692605,239.142745,0.1,58.09
17094,Nominal,0.219125047,326.308686,0.1,58.09
17095,Nominal,0.116918311,238.354792,0.1,58.09
17096,Nominal,0.651567936,562.681290,0.1,58.09
17097,Nominal,0.876887321,652.761479,0.1,58.09
17098,Nominal,0.723964393,593.118166,0.1,58.09
17099,Nominal,0.577235758,529.613730,0.1,58.09
17100,Nominal,0.233062327,336.526030,0.1,58.09
17101,Nominal,0.108401082,229.508847,0.1,58.09
17102,Nominal,0.137049943,258.060808,0.1,58.09
17103,Nominal,0.229965150,334.282496,0.1,58.09
17104,Nominal,0.337204814,404.789749,0.1,58.09
17105,Nominal,0.259001166,354.759049,0.1,58.09
17106,Nominal,0.295392960,378.863436,0.1,58.09
17107,Nominal,0.177313209,293.530454,0.1,58.09
17108,Nominal,0.180410370,296.082931,0.1,58.09
17109,Nominal,0.220286489,327.172319,0.1,58.09
17110,Nominal,0.198993415,310.958172,0.1,58.09
17111,Nominal,0.160665900,279.411629,0.1,58.09
17112,Nominal,0.240030974,341.520098,0.1,58.09
17113,Nominal,0.128532708,249.913347,0.1,58.09
17114,Nominal,0.158730164,277.723324,0.1,58.09
17115,Nominal,0.186217576,300.810476,0.1,58.09
17116,Nominal,0.250096798,348.607469,0.1,58.09
17117,Nominal,0.207897797,317.839279,0.1,58.09
17118,Nominal,0.207510650,317.543201,0.1,58.09
17119,Nominal,0.191637635,305.156780,0.1,58.09
17120,Nominal,0.243515298,343.989944,0.1,58.09
17121,Nominal,0.046457607,150.248810,0.1,58.09
17122,Nominal,0.236159503,338.754705,0.1,58.09
17123,Nominal,0.095625244,215.560360,0.1,58.09
17124,Nominal,0.485094845,485.507510,0.1,58.09
17125,Nominal,0.731707335,596.281488,0.1,58.09
17126,Nominal,0.432055742,458.197287,0.1,58.09
17127,Nominal,0.417344183,450.328885,0.1,58.09
17128,Nominal,0.094463803,214.247289,0.1,58.09
17129,Nominal,0.109175377,230.327064,0.1,58.09
17130,Nominal,0.106465347,227.450429,0.1,58.09
17131,Nominal,0.113046847,234.375305,0.1,58.09
17132,Nominal,0.055361982,164.016840,0.1,58.09
17133,Missing_Unintentional,0.005807201,53.120976,0.1,58.09
17134,Nominal,0.049167633,154.568956,0.1,58.09
17135,Missing_Unintentional,0.000387147,13.715777,0.1,58.09
17136,Nominal,0.184668988,299.557093,0.1,58.09
17137,Nominal,0.211382121,320.491671,0.1,58.09
17138,Nominal,0.199380562,311.260514,0.1,58.09
17139,Nominal,0.052264810,159.362931,0.1,58.09
17140,Nominal,0.156407282,275.683711,0.1,58.09
17141,Nominal,0.219125047,326.308686,0.1,58.09
17142,Nominal,0.241966709,342.894431,0.1,58.09
17143,Nominal,0.092140920,211.596703,0.1,58.09
17144,Nominal,0.136275649,257.330789,0.1,58.09
17145,Nominal,0.062330622,174.033700,0.1,58.09
17146,Nominal,0.158730164,277.723324,0.1,58.09
17147,Nominal,0.053426247,161.123897,0.1,58.09
17148,Nominal,0.285714298,372.604941,0.1,58.09
17149,Missing_Unintentional,0.036778938,133.684857,0.1,58.09
17150,Nominal,0.099109560,219.452431,0.1,58.09
17151,Nominal,0.068524972,182.476547,0.1,58.09
17152,Nominal,0.109562524,230.735084,0.1,58.09
17153,Nominal,0.216415018,324.284596,0.1,58.09
17154,Nominal,0.153310105,272.940519,0.1,58.09
17155,Nominal,0.232288033,335.966551,0.1,58.09
17156,Nominal,1.000000000,697.080000,0.1,58.09
17157,Nominal,1.000000000,697.080000,0.1,58.09
17158,Nominal,1.000000000,697.080000,0.1,58.09
17159,Nominal,1.000000000,697.080000,0.1,58.09
17160,Nominal,0.188153312,302.369900,0.1,58.09
17161,Nominal,0.121951222,243.430898,0.1,58.09
17162,Nominal,0.284552842,371.846833,0.1,58.09
17163,Nominal,0.186991870,301.435214,0.1,58.09
17164,Nominal,0.206349209,316.653306,0.1,58.09
17165,Nominal,0.324041814,396.810495,0.1,58.09
17166,Nominal,0.392566770,436.756513,0.1,58.09
17167,Nominal,0.367402256,422.526091,0.1,58.09
17168,Nominal,0.204413474,315.164564,0.1,58.09
17169,Nominal,0.191250488,304.848385,0.1,58.09
17170,Nominal,0.102593884,223.276676,0.1,58.09
17171,Nominal,0.257452577,353.696893,0.1,58.09
17172,Nominal,0.231513739,335.406139,0.1,58.09
17173,Nominal,0.272938430,364.179057,0.1,58.09
17174,Nominal,0.366627961,422.080623,0.1,58.09
17175,Nominal,0.216802165,324.574525,0.1,58.09
17176,Nominal,0.142857149,263.471481,0.1,58.09
17177,Nominal,0.457994580,471.750959,0.1,58.09
17178,Nominal,0.380565226,430.028435,0.1,58.09
17179,Nominal,0.285714298,372.604941,0.1,58.09
17180,Nominal,0.122725517,244.202473,0.1,58.09
17181,Nominal,0.219125047,326.308686,0.1,58.09
17182,Nominal,0.149051487,269.122978,0.1,58.09
17183,Nominal,0.203252032,314.267934,0.1,58.09
17184,Nominal,1.000000000,697.080000,0.1,58.09
17185,Nominal,1.000000000,697.080000,0.1,58.09
17186,Nominal,1.000000000,697.080000,0.1,58.09
17187,Nominal,1.000000000,697.080000,0.1,58.09
17188,Nominal,0.225706547,331.172832,0.1,58.09
17189,Nominal,0.245838165,345.626693,0.1,58.09
17190,Nominal,0.490902066,488.404945,0.1,58.09
17191,Nominal,0.475803316,480.835312,0.1,58.09
17192,Nominal,0.351529241,413.298045,0.1,58.09
17193,Nominal,0.297715843,380.350153,0.1,58.09
17194,Nominal,0.521873772,503.576388,0.1,58.09
17195,Nominal,0.535036802,509.887600,0.1,58.09
17196,Nominal,0.526132405,505.626873,0.1,58.09
17197,Nominal,0.317460328,392.760092,0.1,58.09
17198,Nominal,0.146341458,266.665180,0.1,58.09
17199,Nominal,0.255903989,352.631537,0.1,58.09
17200,Nominal,0.284940004,372.099714,0.1,58.09
17201,Nominal,0.255516827,352.364685,0.1,58.09
17202,Nominal,0.572202861,527.299835,0.1,58.09
17203,Nominal,0.269841284,362.106916,0.1,58.09
17204,Nominal,0.149825782,269.821094,0.1,58.09
17205,Nominal,0.499806434,492.814575,0.1,58.09
17206,Nominal,0.507549345,496.617202,0.1,58.09
17207,Nominal,0.301200151,382.569387,0.1,58.09
17208,Nominal,0.164537355,282.757985,0.1,58.09
17209,Nominal,0.214479282,322.831048,0.1,58.09
17210,Nominal,0.172667444,289.659550,0.1,58.09
17211,Nominal,0.195121944,307.918427,0.1,58.09
17212,Nominal,0.998451412,696.540046,0.1,58.09
17213,Nominal,1.000000000,697.080000,0.1,58.09
17214,Nominal,0.992257059,694.376031,0.1,58.09
17215,Nominal,1.000000000,697.080000,0.1,58.09
17216,Nominal,0.233836621,337.084580,0.1,58.09
17217,Nominal,0.246225312,345.898733,0.1,58.09
17218,Nominal,0.490514904,488.212311,0.1,58.09
17219,Nominal,0.476964772,481.421824,0.1,58.09
17220,Nominal,0.365079373,421.188273,0.1,58.09
17221,Nominal,0.316686034,392.280823,0.1,58.09
17222,Nominal,0.476964772,481.421824,0.1,58.09
17223,Nominal,0.583430111,532.447807,0.1,58.09
17224,Nominal,0.612853289,545.708707,0.1,58.09
17225,Nominal,0.351916373,413.525560,0.1,58.09
17226,Nominal,0.156794429,276.024693,0.1,58.09
17227,Nominal,0.258614004,354.493798,0.1,58.09
17228,Nominal,0.363917917,420.517759,0.1,58.09
17229,Nominal,0.241192415,342.345360,0.1,58.09
17230,Nominal,0.580720067,531.209752,0.1,58.09
17231,Nominal,0.300038725,381.831082,0.1,58.09
17232,Nominal,0.119241193,240.710912,0.1,58.09
17233,Nominal,0.501742184,493.767988,0.1,58.09
17234,Nominal,0.482771963,484.343686,0.1,58.09
17235,Nominal,0.282617122,370.579898,0.1,58.09
17236,Nominal,0.150212929,270.169475,0.1,58.09
17237,Nominal,0.182346106,297.667122,0.1,58.09
17238,Nominal,0.181184664,296.717622,0.1,58.09
17239,Nominal,0.167634532,285.406832,0.1,58.09
17240,Nominal,0.993418515,694.782302,0.1,58.09
17241,Nominal,0.996902823,695.999673,0.1,58.09
17242,Nominal,0.985675573,692.069356,0.1,58.09
17243,Nominal,0.998064280,696.404997,0.1,58.09
17244,Nominal,0.245063886,345.081979,0.1,58.09
17245,Nominal,0.251258224,349.415982,0.1,58.09
17246,Nominal,0.464188933,474.930448,0.1,58.09
17247,Nominal,0.440185845,462.488203,0.1,58.09
17248,Nominal,0.174990326,291.601426,0.1,58.09
17249,Nominal,0.294618666,378.366565,0.1,58.09
17250,Nominal,0.591947377,536.320222,0.1,58.09
17251,Nominal,0.559427023,521.379970,0.1,58.09
17252,Nominal,0.660472333,566.513075,0.1,58.09
17253,Nominal,0.428958565,456.552047,0.1,58.09
17254,Nominal,0.125822693,247.264695,0.1,58.09
17255,Nominal,0.232288033,335.966551,0.1,58.09
17256,Nominal,0.377468050,428.274997,0.1,58.09
17257,Nominal,0.226480842,331.740395,0.1,58.09
17258,Nominal,0.564847052,523.899587,0.1,58.09
17259,Nominal,0.227255136,332.306989,0.1,58.09
17260,Nominal,0.123886950,245.355277,0.1,58.09
17261,Nominal,0.444057286,464.517545,0.1,58.09
17262,Nominal,0.428571433,456.345983,0.1,58.09
17263,Nominal,0.267905533,360.805762,0.1,58.09
17264,Nominal,0.187379017,301.747097,0.1,58.09
17265,Nominal,0.178861782,294.809449,0.1,58.09
17266,Nominal,0.195509091,308.223751,0.1,58.09
17267,Nominal,0.185443282,300.184439,0.1,58.09
17268,Nominal,0.986837029,692.476981,0.1,58.09
17269,Nominal,0.993418515,694.782302,0.1,58.09
17270,Nominal,0.892373204,658.500157,0.1,58.09
17271,Nominal,0.992644191,694.511474,0.1,58.09
17272,Nominal,0.251645386,349.685085,0.1,58.09
17273,Nominal,0.256678283,353.164617,0.1,58.09
17274,Nominal,0.418892771,451.163602,0.1,58.09
17275,Nominal,0.398373991,439.975112,0.1,58.09
17276,Nominal,0.462253183,473.939142,0.1,58.09
17277,Nominal,0.360046446,418.274980,0.1,58.09
17278,Nominal,0.597367406,538.769973,0.1,58.09
17279,Nominal,0.539295375,511.912778,0.1,58.09
17280,Nominal,0.576848626,529.436104,0.1,58.09
17281,Nominal,0.353077829,414.207393,0.1,58.09
17282,Nominal,0.102206737,222.855001,0.1,58.09
17283,Nominal,0.214092135,322.539553,0.1,58.09
17284,Nominal,0.449090213,467.142540,0.1,58.09
17285,Nominal,0.209446386,319.020842,0.1,58.09
17286,Nominal,0.542779684,513.563813,0.1,58.09
17287,Nominal,0.251645386,349.685085,0.1,58.09
17288,Nominal,0.111885406,233.168213,0.1,58.09
17289,Nominal,0.380178094,429.809655,0.1,58.09
17290,Nominal,0.385210991,432.645267,0.1,58.09
17291,Nominal,0.291521490,376.372523,0.1,58.09
17292,Nominal,0.221835077,328.320297,0.1,58.09
17293,Nominal,0.166860238,284.746931,0.1,58.09
17294,Nominal,0.198993415,310.958172,0.1,58.09
17295,Nominal,0.176926062,293.209831,0.1,58.09
17296,Nominal,0.909794807,664.896963,0.1,58.09
17297,Nominal,0.939217985,675.562949,0.1,58.09
17298,Nominal,0.833526909,636.417972,0.1,58.09
17299,Nominal,0.893534660,658.928549,0.1,58.09
17300,Nominal,0.252419680,350.222649,0.1,58.09
17301,Nominal,0.242353857,343.168637,0.1,58.09
17302,Nominal,0.346109182,410.099446,0.1,58.09
17303,Nominal,0.287650019,373.865014,0.1,58.09
17304,Nominal,0.453735977,469.552580,0.1,58.09
17305,Nominal,0.332171887,401.757562,0.1,58.09
17306,Nominal,0.495934963,490.902209,0.1,58.09
17307,Nominal,0.578397214,530.146281,0.1,58.09
17308,Nominal,0.538521111,511.545171,0.1,58.09
17309,Nominal,0.340301961,406.644449,0.1,58.09
17310,Nominal,0.107626788,228.687703,0.1,58.09
17311,Nominal,0.199767709,311.562562,0.1,58.09
17312,Nominal,0.392566770,436.756513,0.1,58.09
17313,Nominal,0.239643827,341.244567,0.1,58.09
17314,Nominal,0.408826947,445.710001,0.1,58.09
17315,Nominal,0.267131239,360.283988,0.1,58.09
17316,Nominal,0.128919855,250.289440,0.1,58.09
17317,Nominal,0.367402256,422.526091,0.1,58.09
17318,Nominal,0.241579562,342.620005,0.1,58.09
17319,Nominal,0.209833533,319.315550,0.1,58.09
17320,Nominal,0.209833533,319.315550,0.1,58.09
17321,Nominal,0.145954311,266.312214,0.1,58.09
17322,Nominal,0.181958959,297.350959,0.1,58.09
17323,Nominal,0.197831973,310.049378,0.1,58.09
17324,Nominal,0.832365453,635.974417,0.1,58.09
17325,Nominal,0.826945424,633.900430,0.1,58.09
17326,Nominal,0.740998864,600.055463,0.1,58.09
17327,Nominal,0.810685277,627.637329,0.1,58.09
17328,Nominal,0.241579562,342.620005,0.1,58.09
17329,Nominal,0.244289592,344.536394,0.1,58.09
17330,Nominal,0.330236167,400.585237,0.1,58.09
17331,Nominal,0.312814564,389.875643,0.1,58.09
17332,Nominal,0.328687578,399.644894,0.1,58.09
17333,Nominal,0.263259768,357.663704,0.1,58.09
17334,Nominal,0.341076255,407.106808,0.1,58.09
17335,Nominal,0.391405344,436.109953,0.1,58.09
17336,Nominal,0.508323669,496.995880,0.1,58.09
17337,Nominal,0.317460328,392.760092,0.1,58.09
17338,Nominal,0.133565620,254.759251,0.1,58.09
17339,Nominal,0.203639179,314.567095,0.1,58.09
17340,Nominal,0.394889653,438.046787,0.1,58.09
17341,Nominal,0.188927606,302.991422,0.1,58.09
17342,Nominal,0.355400711,415.567685,0.1,58.09
17343,Nominal,0.217189312,324.864194,0.1,58.09
17344,Nominal,0.193960518,307.000646,0.1,58.09
17345,Nominal,0.245451033,345.354449,0.1,58.09
17346,Nominal,0.238095239,340.140212,0.1,58.09
17347,Nominal,0.237708092,339.863562,0.1,58.09
17348,Nominal,0.163763061,282.091887,0.1,58.09
17349,Nominal,0.121951222,243.430898,0.1,58.09
17350,Nominal,0.228029430,332.872619,0.1,58.09
17351,Nominal,0.141695708,262.398272,0.1,58.09
17352,Nominal,0.712737143,588.501154,0.1,58.09
17353,Nominal,0.732481599,596.596886,0.1,58.09
17354,Nominal,0.550909817,517.395775,0.1,58.09
17355,Nominal,0.626790583,551.878981,0.1,58.09
17356,Nominal,0.115369722,236.771021,0.1,58.09
17357,Nominal,0.146728605,267.017679,0.1,58.09
17358,Nominal,0.174603179,291.278679,0.1,58.09
17359,Nominal,0.149825782,269.821094,0.1,58.09
17360,Nominal,0.299651563,381.584650,0.1,58.09
17361,Nominal,0.261324048,356.346347,0.1,58.09
17362,Nominal,0.226480842,331.740395,0.1,58.09
17363,Nominal,0.370499432,424.303287,0.1,58.09
17364,Nominal,0.241966709,342.894431,0.1,58.09
17365,Nominal,0.263259768,357.663704,0.1,58.09
17366,Nominal,0.220286489,327.172319,0.1,58.09
17367,Nominal,0.160665900,279.411629,0.1,58.09
17368,Nominal,0.221835077,328.320297,0.1,58.09
17369,Nominal,0.134727061,255.864504,0.1,58.09
17370,Nominal,0.241579562,342.620005,0.1,58.09
17371,Nominal,0.216027871,323.994408,0.1,58.09
17372,Nominal,0.233449474,336.805421,0.1,58.09
17373,Nominal,0.226480842,331.740395,0.1,58.09
17374,Nominal,0.169570267,287.049949,0.1,58.09
17375,Nominal,0.113046847,234.375305,0.1,58.09
17376,Nominal,0.237708092,339.863562,0.1,58.09
17377,Nominal,0.054587688,162.865829,0.1,58.09
17378,Nominal,0.246612459,346.170559,0.1,58.09
17379,Nominal,0.091753773,211.151703,0.1,58.09
17380,Nominal,0.454510272,469.953051,0.1,58.09
17381,Nominal,0.512582242,499.073374,0.1,58.09
17382,Nominal,0.222996518,329.178653,0.1,58.09
17383,Nominal,0.244676739,344.809295,0.1,58.09
17384,Nominal,0.108401082,229.508847,0.1,58.09
17385,Nominal,0.140534267,261.320655,0.1,58.09
17386,Nominal,0.136275649,257.330789,0.1,58.09
17387,Nominal,0.138211384,259.151980,0.1,58.09
17388,Missing_Unintentional,0.000000000,0.000000,0.1,58.09
17389,Missing_Unintentional,0.013550135,81.143631,0.1,58.09
17390,Missing_Unintentional,0.002322880,33.596655,0.1,58.09
17391,Missing_Unintentional,0.000000000,0.000000,0.1,58.09
17392,Nominal,0.179636076,295.446876,0.1,58.09
17393,Nominal,0.223770812,329.749649,0.1,58.09
17394,Nominal,0.208284944,318.135081,0.1,58.09
17395,Nominal,0.111498259,232.764458,0.1,58.09
17396,Nominal,0.170731708,288.031321,0.1,58.09
17397,Nominal,0.157568723,276.705397,0.1,58.09
17398,Nominal,0.243515298,343.989944,0.1,58.09
17399,Nominal,0.097560972,217.731208,0.1,58.09
17400,Nominal,0.118079752,239.535749,0.1,58.09
17401,Nominal,0.066589236,179.880729,0.1,58.09
17402,Nominal,0.138598531,259.514684,0.1,58.09
17403,Nominal,0.099496707,219.880632,0.1,58.09
17404,Nominal,0.251645386,349.685085,0.1,58.09
17405,Nominal,0.093302362,212.926120,0.1,58.09
17406,Nominal,0.120015487,241.491177,0.1,58.09
17407,Nominal,0.093302362,212.926120,0.1,58.09
17408,Nominal,0.112272553,233.571270,0.1,58.09
17409,Nominal,0.220286489,327.172319,0.1,58.09
17410,Nominal,0.144018590,264.540336,0.1,58.09
17411,Nominal,0.220286489,327.172319,0.1,58.09
17412,Nominal,0.991095603,693.969522,0.1,58.09
17413,Nominal,0.999225736,696.810086,0.1,58.09
17414,Nominal,1.000000000,697.080000,0.1,58.09
17415,Nominal,1.000000000,697.080000,0.1,58.09
17416,Nominal,0.162601620,281.089781,0.1,58.09
17417,Nominal,0.157955870,277.045122,0.1,58.09
17418,Nominal,0.350367785,412.614709,0.1,58.09
17419,Nominal,0.171893150,289.009359,0.1,58.09
17420,Nominal,0.281068534,369.563215,0.1,58.09
17421,Nominal,0.305071622,385.020211,0.1,58.09
17422,Nominal,0.396438241,438.904863,0.1,58.09
17423,Nominal,0.419279903,451.372032,0.1,58.09
17424,Nominal,0.319783211,394.194401,0.1,58.09
17425,Nominal,0.230352297,334.563760,0.1,58.09
17426,Nominal,0.104529619,225.373218,0.1,58.09
17427,Nominal,0.277197063,367.009186,0.1,58.09
17428,Nominal,0.286488593,373.109485,0.1,58.09
17429,Nominal,0.255516827,352.364685,0.1,58.09
17430,Nominal,0.433217198,458.812738,0.1,58.09
17431,Nominal,0.192799076,306.080102,0.1,58.09
17432,Nominal,0.132404178,253.649183,0.1,58.09
17433,Nominal,0.443282992,464.112384,0.1,58.09
17434,Nominal,0.382500976,431.120721,0.1,58.09
17435,Nominal,0.256678283,353.164617,0.1,58.09
17436,Nominal,0.159117311,278.061805,0.1,58.09
17437,Nominal,0.212543547,321.370926,0.1,58.09
17438,Nominal,0.179248929,295.128335,0.1,58.09
17439,Nominal,0.200154856,311.864318,0.1,58.09
17440,Nominal,0.999225736,696.810086,0.1,58.09
17441,Nominal,1.000000000,697.080000,0.1,58.09
17442,Nominal,1.000000000,697.080000,0.1,58.09
17443,Nominal,1.000000000,697.080000,0.1,58.09
17444,Nominal,0.218737900,326.020299,0.1,58.09
17445,Nominal,0.228416577,333.155074,0.1,58.09
17446,Nominal,0.434765786,459.632048,0.1,58.09
17447,Nominal,0.412698418,447.815400,0.1,58.09
17448,Nominal,0.399148285,440.402481,0.1,58.09
17449,Nominal,0.345334888,409.640465,0.1,58.09
17450,Nominal,0.596205950,538.245956,0.1,58.09
17451,Nominal,0.530391037,507.669077,0.1,58.09
17452,Nominal,0.495934963,490.902209,0.1,58.09
17453,Nominal,0.234223768,337.363508,0.1,58.09
17454,Nominal,0.146341458,266.665180,0.1,58.09
17455,Nominal,0.252419680,350.222649,0.1,58.09
17456,Nominal,0.372435153,425.410255,0.1,58.09
17457,Nominal,0.235385209,338.198913,0.1,58.09
17458,Nominal,0.574525774,528.369063,0.1,58.09
17459,Nominal,0.283004254,370.833623,0.1,58.09
17460,Nominal,0.157955870,277.045122,0.1,58.09
17461,Nominal,0.496709257,491.285277,0.1,58.09
17462,Nominal,0.468447536,477.104049,0.1,58.09
17463,Nominal,0.300038725,381.831082,0.1,58.09
17464,Nominal,0.176926062,293.209831,0.1,58.09
17465,Nominal,0.195509091,308.223751,0.1,58.09
17466,Nominal,0.180023223,295.765075,0.1,58.09
17467,Nominal,0.190863341,304.539678,0.1,58.09
17468,Nominal,1.000000000,697.080000,0.1,58.09
17469,Nominal,1.000000000,697.080000,0.1,58.09
17470,Nominal,0.997289956,696.134800,0.1,58.09
17471,Nominal,1.000000000,697.080000,0.1,58.09
17472,Nominal,0.243902445,344.263278,0.1,58.09
17473,Nominal,0.234223768,337.363508,0.1,58.09
17474,Nominal,0.454897404,470.153152,0.1,58.09
17475,Nominal,0.459156007,472.348736,0.1,58.09
17476,Nominal,0.423538536,453.658537,0.1,58.09
17477,Nominal,0.347657770,411.015871,0.1,58.09
17478,Nominal,0.601626039,540.687009,0.1,58.09
17479,Nominal,0.582268655,531.917561,0.1,58.09
17480,Nominal,0.511033654,498.318916,0.1,58.09
17481,Nominal,0.354626417,415.114750,0.1,58.09
17482,Nominal,0.116918311,238.354792,0.1,58.09
17483,Nominal,0.252419680,350.222649,0.1,58.09
17484,Nominal,0.347657770,411.015871,0.1,58.09
17485,Nominal,0.219899341,326.884695,0.1,58.09
17486,Nominal,0.501742184,493.767988,0.1,58.09
17487,Nominal,0.292682916,377.121514,0.1,58.09
17488,Nominal,0.135114208,256.231862,0.1,58.09
17489,Nominal,0.483933419,484.925955,0.1,58.09
17490,Nominal,0.463027477,474.335910,0.1,58.09
17491,Nominal,0.259388298,355.024081,0.1,58.09
17492,Nominal,0.197057679,309.442032,0.1,58.09
17493,Nominal,0.202864885,313.968489,0.1,58.09
17494,Nominal,0.183894694,298.928430,0.1,58.09
17495,Nominal,0.194347665,307.306882,0.1,58.09
17496,Nominal,0.996515691,695.864519,0.1,58.09
17497,Nominal,1.000000000,697.080000,0.1,58.09
17498,Nominal,0.991869926,694.240561,0.1,58.09
17499,Nominal,1.000000000,697.080000,0.1,58.09
17500,Nominal,0.250096798,348.607469,0.1,58.09
17501,Nominal,0.218350753,325.731658,0.1,58.09
17502,Nominal,0.427022845,455.520763,0.1,58.09
17503,Nominal,0.451800227,468.549895,0.1,58.09
17504,Nominal,0.395276815,438.261472,0.1,58.09
17505,Nominal,0.240805268,342.070494,0.1,58.09
17506,Nominal,0.543941140,514.112989,0.1,58.09
17507,Nominal,0.569105685,525.870834,0.1,58.09
17508,Nominal,0.390631050,435.678374,0.1,58.09
17509,Nominal,0.307781637,386.726538,0.1,58.09
17510,Nominal,0.148277193,268.423046,0.1,58.09
17511,Nominal,0.239643827,341.244567,0.1,58.09
17512,Nominal,0.422377080,453.036083,0.1,58.09
17513,Nominal,0.260162592,355.553573,0.1,58.09
17514,Nominal,0.542005420,513.197388,0.1,58.09
17515,Nominal,0.245451033,345.354449,0.1,58.09
17516,Nominal,0.135114208,256.231862,0.1,58.09
17517,Nominal,0.398761123,440.188840,0.1,58.09
17518,Nominal,0.400309712,441.042748,0.1,58.09
17519,Nominal,0.273325592,364.437259,0.1,58.09
17520,Nominal,0.189314753,303.301705,0.1,58.09
17521,Nominal,0.172280297,289.334637,0.1,58.09
17522,Nominal,0.216802165,324.574525,0.1,58.09
17523,Nominal,0.197057679,309.442032,0.1,58.09
17524,Nominal,0.992257059,694.376031,0.1,58.09
17525,Nominal,0.997677147,696.269922,0.1,58.09
17526,Nominal,0.981029809,690.436471,0.1,58.09
17527,Nominal,0.998451412,696.540046,0.1,58.09
17528,Nominal,0.261324048,356.346347,0.1,58.09
17529,Nominal,0.228416577,333.155074,0.1,58.09
17530,Nominal,0.399535418,440.616001,0.1,58.09
17531,Nominal,0.382113814,430.902478,0.1,58.09
17532,Nominal,0.239256680,340.968814,0.1,58.09
17533,Nominal,0.174603179,291.278679,0.1,58.09
17534,Nominal,0.471157581,478.482120,0.1,58.09
17535,Nominal,0.510646522,498.130130,0.1,58.09
17536,Nominal,0.582268655,531.917561,0.1,58.09
17537,Nominal,0.437088668,460.858282,0.1,58.09
17538,Nominal,0.127758414,249.159458,0.1,58.09
17539,Nominal,0.250483930,348.877175,0.1,58.09
17540,Nominal,0.437862962,461.266302,0.1,58.09
17541,Nominal,0.246225312,345.898733,0.1,58.09
17542,Nominal,0.490514904,488.212311,0.1,58.09
17543,Nominal,0.283778548,371.340574,0.1,58.09
17544,Nominal,0.116144016,237.564226,0.1,58.09
17545,Nominal,0.401471168,441.682104,0.1,58.09
17546,Nominal,0.385210991,432.645267,0.1,58.09
17547,Nominal,0.260549754,355.818034,0.1,58.09
17548,Nominal,0.208284944,318.135081,0.1,58.09
17549,Nominal,0.169570267,287.049949,0.1,58.09
17550,Nominal,0.208284944,318.135081,0.1,58.09
17551,Nominal,0.186604723,301.123007,0.1,58.09
17552,Nominal,0.964769661,684.690720,0.1,58.09
17553,Nominal,0.976771176,688.936255,0.1,58.09
17554,Nominal,0.893147528,658.785790,0.1,58.09
17555,Nominal,0.951993823,680.142147,0.1,58.09
17556,Nominal,0.264808357,358.714115,0.1,58.09
17557,Nominal,0.269841284,362.106916,0.1,58.09
17558,Nominal,0.361982197,419.397877,0.1,58.09
17559,Nominal,0.331010461,401.054582,0.1,58.09
17560,Nominal,0.427409977,455.727200,0.1,58.09
17561,Nominal,0.368176550,422.971090,0.1,58.09
17562,Missing_Intentional,0.022454510,104.456245,0.1,58.09
17563,Nominal,0.543554008,513.930005,0.1,58.09
17564,Nominal,0.560201287,521.740649,0.1,58.09
17565,Nominal,0.367015094,422.303407,0.1,58.09
17566,Nominal,0.111111112,232.360001,0.1,58.09
17567,Nominal,0.253968269,351.295310,0.1,58.09
17568,Nominal,0.427797139,455.933560,0.1,58.09
17569,Nominal,0.212930694,321.663481,0.1,58.09
17570,Nominal,0.440185845,462.488203,0.1,58.09
17571,Nominal,0.233836621,337.084580,0.1,58.09
17572,Nominal,0.127758414,249.159458,0.1,58.09
17573,Nominal,0.270615578,362.626066,0.1,58.09
17574,Nominal,0.260936886,356.082278,0.1,58.09
17575,Nominal,0.228029430,332.872619,0.1,58.09
17576,Nominal,0.204413474,315.164564,0.1,58.09
17577,Nominal,0.148277193,268.423046,0.1,58.09
17578,Nominal,0.170344561,287.704569,0.1,58.09
17579,Nominal,0.149051487,269.122978,0.1,58.09
17580,Nominal,0.841269851,639.367100,0.1,58.09
17581,Nominal,0.856368542,645.079106,0.1,58.09
17582,Nominal,0.787069321,618.427957,0.1,58.09
17583,Nominal,0.791715086,620.250442,0.1,58.09
17584,Nominal,0.249322489,348.067400,0.1,58.09
17585,Nominal,0.228416577,333.155074,0.1,58.09
17586,Nominal,0.348044902,411.244650,0.1,58.09
17587,Nominal,0.297328681,380.102761,0.1,58.09
17588,Nominal,0.309330225,387.698215,0.1,58.09
17589,Nominal,0.308555931,387.212681,0.1,58.09
17590,Nominal,0.415408432,449.283301,0.1,58.09
17591,Nominal,0.406504065,444.441975,0.1,58.09
17592,Nominal,0.478126198,482.007608,0.1,58.09
17593,Nominal,0.328300416,399.409453,0.1,58.09
17594,Nominal,0.138985679,259.876883,0.1,58.09
17595,Nominal,0.209446386,319.020842,0.1,58.09
17596,Nominal,0.240805268,342.070494,0.1,58.09
17597,Nominal,0.181184664,296.717622,0.1,58.09
17598,Nominal,0.346883476,410.557914,0.1,58.09
17599,Nominal,0.223383665,329.464274,0.1,58.09
17600,Nominal,0.165311649,283.422518,0.1,58.09
17601,Nominal,0.245838165,345.626693,0.1,58.09
17602,Nominal,0.242353857,343.168637,0.1,58.09
17603,Nominal,0.221447930,328.033679,0.1,58.09
17604,Nominal,0.203639179,314.567095,0.1,58.09
17605,Nominal,0.106852494,227.863600,0.1,58.09
17606,Nominal,0.213704988,322.247794,0.1,58.09
17607,Missing_Intentional,0.002710027,36.288536,0.1,58.09
17608,Nominal,0.713898540,588.980436,0.1,58.09
17609,Nominal,0.706542790,585.938260,0.1,58.09
17610,Nominal,0.560975611,522.101105,0.1,58.09
17611,Nominal,0.574138582,528.190990,0.1,58.09
17612,Nominal,0.157955870,277.045122,0.1,58.09
17613,Nominal,0.202090591,313.368739,0.1,58.09
17614,Nominal,0.200154856,311.864318,0.1,58.09
17615,Nominal,0.190863341,304.539678,0.1,58.09
17616,Nominal,0.304684490,384.775841,0.1,58.09
17617,Nominal,0.305845916,385.508507,0.1,58.09
17618,Nominal,0.215253577,323.413252,0.1,58.09
17619,Nominal,0.164150208,282.425133,0.1,58.09
17620,Nominal,0.211382121,320.491671,0.1,58.09
17621,Nominal,0.299651563,381.584650,0.1,58.09
17622,Nominal,0.219125047,326.308686,0.1,58.09
17623,Nominal,0.149438635,269.472262,0.1,58.09
17624,Nominal,0.196670532,309.137912,0.1,58.09
17625,Nominal,0.123886950,245.355277,0.1,58.09
17626,Nominal,0.231900886,335.686462,0.1,58.09
17627,Nominal,0.121176928,242.656870,0.1,58.09
17628,Nominal,0.211769268,320.785028,0.1,58.09
17629,Nominal,0.113046847,234.375305,0.1,58.09
17630,Nominal,0.136275649,257.330789,0.1,58.09
17631,Nominal,0.115756869,237.167955,0.1,58.09
17632,Nominal,0.259388298,355.024081,0.1,58.09
17633,Nominal,0.055361982,164.016840,0.1,58.09
17634,Nominal,0.261711180,356.610200,0.1,58.09
17635,Nominal,0.072396435,187.560427,0.1,58.09
17636,Nominal,0.435927212,460.245565,0.1,58.09
17637,Nominal,0.470383286,478.088793,0.1,58.09
17638,Nominal,0.221447930,328.033679,0.1,58.09
17639,Nominal,0.202477738,313.668757,0.1,58.09
17640,Nominal,0.145567164,265.958780,0.1,58.09
17641,Nominal,0.193960518,307.000646,0.1,58.09
17642,Nominal,0.161053032,279.748054,0.1,58.09
17643,Nominal,0.159891605,278.737534,0.1,58.09
17644,Missing_Unintentional,0.000000000,0.000000,0.1,58.09
17645,Missing_Unintentional,0.010840109,72.577071,0.1,58.09
17646,Missing_Unintentional,0.002710027,36.288536,0.1,58.09
17647,Missing_Unintentional,0.000000000,0.000000,0.1,58.09
17648,Nominal,0.145567164,265.958780,0.1,58.09
17649,Nominal,0.140534267,261.320655,0.1,58.09
17650,Nominal,0.188927606,302.991422,0.1,58.09
17651,Nominal,0.108013935,229.098643,0.1,58.09
17652,Nominal,0.131629884,252.906431,0.1,58.09
17653,Nominal,0.195121944,307.918427,0.1,58.09
17654,Nominal,0.209833533,319.315550,0.1,58.09
17655,Nominal,0.100658149,221.160260,0.1,58.09
17656,Nominal,0.107626788,228.687703,0.1,58.09
17657,Nominal,0.053039100,160.539053,0.1,58.09
17658,Nominal,0.130468443,251.788194,0.1,58.09
17659,Nominal,0.127758414,249.159458,0.1,58.09
17660,Nominal,0.224545106,330.319658,0.1,58.09
17661,Nominal,0.093689509,213.367419,0.1,58.09
17662,Nominal,0.131629884,252.906431,0.1,58.09
17663,Nominal,0.092915215,212.483905,0.1,58.09
17664,Nominal,0.110723965,231.954839,0.1,58.09
17665,Nominal,0.241192415,342.345360,0.1,58.09
17666,Nominal,0.168795973,286.393834,0.1,58.09
17667,Nominal,0.207897797,317.839279,0.1,58.09
17668,Nominal,0.974835455,688.253266,0.1,58.09
17669,Nominal,0.999225736,696.810086,0.1,58.09
17670,Nominal,0.998451412,696.540046,0.1,58.09
17671,Nominal,1.000000000,697.080000,0.1,58.09
17672,Nominal,0.200929150,312.466956,0.1,58.09
17673,Nominal,0.178861782,294.809449,0.1,58.09
17674,Nominal,0.333720475,402.692971,0.1,58.09
17675,Nominal,0.235385209,338.198913,0.1,58.09
17676,Nominal,0.252806813,350.491112,0.1,58.09
17677,Nominal,0.265582651,359.238168,0.1,58.09
17678,Nominal,0.216415018,324.284596,0.1,58.09
17679,Nominal,0.353852123,414.661319,0.1,58.09
17680,Nominal,0.252806813,350.491112,0.1,58.09
17681,Nominal,0.208284944,318.135081,0.1,58.09
17682,Nominal,0.126984134,248.403296,0.1,58.09
17683,Nominal,0.262872636,357.400629,0.1,58.09
17684,Nominal,0.255129695,352.097651,0.1,58.09
17685,Nominal,0.214479282,322.831048,0.1,58.09
17686,Nominal,0.374758035,426.734838,0.1,58.09
17687,Nominal,0.213704988,322.247794,0.1,58.09
17688,Nominal,0.138211384,259.151980,0.1,58.09
17689,Nominal,0.375919461,427.395581,0.1,58.09
17690,Nominal,0.302748740,383.551596,0.1,58.09
17691,Nominal,0.209446386,319.020842,0.1,58.09
17692,Nominal,0.148277193,268.423046,0.1,58.09
17693,Nominal,0.209059238,318.725862,0.1,58.09
17694,Nominal,0.168021679,285.736212,0.1,58.09
17695,Nominal,0.179636076,295.446876,0.1,58.09
17696,Nominal,0.998838544,696.675068,0.1,58.09
17697,Nominal,1.000000000,697.080000,0.1,58.09
17698,Nominal,0.999612868,696.945056,0.1,58.09
17699,Nominal,1.000000000,697.080000,0.1,58.09
17700,Nominal,0.281455666,369.817638,0.1,58.09
17701,Nominal,0.224157959,330.034776,0.1,58.09
17702,Nominal,0.410762668,446.763933,0.1,58.09
17703,Nominal,0.382888108,431.338836,0.1,58.09
17704,Nominal,0.337204814,404.789749,0.1,58.09
17705,Nominal,0.329074711,399.880178,0.1,58.09
17706,Nominal,0.477351904,481.617160,0.1,58.09
17707,Nominal,0.400309712,441.042748,0.1,58.09
17708,Nominal,0.430894315,457.581023,0.1,58.09
17709,Nominal,0.310104519,388.183141,0.1,58.09
17710,Nominal,0.161440179,280.084089,0.1,58.09
17711,Nominal,0.221835077,328.320297,0.1,58.09
17712,Nominal,0.408052653,445.287727,0.1,58.09
17713,Nominal,0.211769268,320.785028,0.1,58.09
17714,Nominal,0.537746787,511.177270,0.1,58.09
17715,Nominal,0.252419680,350.222649,0.1,58.09
17716,Nominal,0.156407282,275.683711,0.1,58.09
17717,Nominal,0.455671698,470.553112,0.1,58.09
17718,Nominal,0.406504065,444.441975,0.1,58.09
17719,Nominal,0.234998062,337.920674,0.1,58.09
17720,Nominal,0.161827326,280.419720,0.1,58.09
17721,Nominal,0.213317841,321.955770,0.1,58.09
17722,Nominal,0.196283385,308.833492,0.1,58.09
17723,Nominal,0.192799076,306.080102,0.1,58.09
17724,Nominal,0.999612868,696.945056,0.1,58.09
17725,Nominal,1.000000000,697.080000,0.1,58.09
17726,Nominal,0.997677147,696.269922,0.1,58.09
17727,Nominal,1.000000000,697.080000,0.1,58.09
17728,Nominal,0.318621755,393.477891,0.1,58.09
17729,Nominal,0.260936886,356.082278,0.1,58.09
17730,Nominal,0.428958565,456.552047,0.1,58.09
17731,Nominal,0.428184271,456.139810,0.1,58.09
17732,Nominal,0.390243888,435.462416,0.1,58.09
17733,Nominal,0.385210991,432.645267,0.1,58.09
17734,Nominal,0.492837787,489.366935,0.1,58.09
17735,Nominal,0.507936537,496.806592,0.1,58.09
17736,Nominal,0.594657362,537.546480,0.1,58.09
17737,Nominal,0.410762668,446.763933,0.1,58.09
17738,Nominal,0.136275649,257.330789,0.1,58.09
17739,Nominal,0.209059238,318.725862,0.1,58.09
17740,Nominal,0.400696874,441.255975,0.1,58.09
17741,Nominal,0.215640724,323.703960,0.1,58.09
17742,Nominal,0.509485066,497.563314,0.1,58.09
17743,Nominal,0.243515298,343.989944,0.1,58.09
17744,Nominal,0.145180017,265.604876,0.1,58.09
17745,Nominal,0.407278359,444.865052,0.1,58.09
17746,Nominal,0.400696874,441.255975,0.1,58.09
17747,Nominal,0.246612459,346.170559,0.1,58.09
17748,Nominal,0.179636076,295.446876,0.1,58.09
17749,Nominal,0.187379017,301.747097,0.1,58.09
17750,Nominal,0.189701900,303.611671,0.1,58.09
17751,Nominal,0.211769268,320.785028,0.1,58.09
17752,Nominal,0.996515691,695.864519,0.1,58.09
17753,Nominal,1.000000000,697.080000,0.1,58.09
17754,Nominal,0.998838544,696.675068,0.1,58.09
17755,Nominal,1.000000000,697.080000,0.1,58.09
17756,Nominal,0.294618666,378.366565,0.1,58.09
17757,Nominal,0.293457210,377.620023,0.1,58.09
17758,Nominal,0.427797139,455.933560,0.1,58.09
17759,Nominal,0.409988374,446.342656,0.1,58.09
17760,Nominal,0.464188933,474.930448,0.1,58.09
17761,Nominal,0.371273726,424.746424,0.1,58.09
17762,Nominal,0.545102596,514.661579,0.1,58.09
17763,Nominal,0.533875346,509.333868,0.1,58.09
17764,Nominal,0.494386375,490.135173,0.1,58.09
17765,Nominal,0.436701506,460.654128,0.1,58.09
17766,Nominal,0.147890046,268.072395,0.1,58.09
17767,Nominal,0.230739444,334.844788,0.1,58.09
17768,Nominal,0.434765786,459.632048,0.1,58.09
17769,Nominal,0.252419680,350.222649,0.1,58.09
17770,Nominal,0.489740610,487.826829,0.1,58.09
17771,Nominal,0.243515298,343.989944,0.1,58.09
17772,Nominal,0.151761517,271.558532,0.1,58.09
17773,Nominal,0.407665491,445.076432,0.1,58.09
17774,Nominal,0.370499432,424.303287,0.1,58.09
17775,Nominal,0.244289592,344.536394,0.1,58.09
17776,Nominal,0.194347665,307.306882,0.1,58.09
17777,Nominal,0.193960518,307.000646,0.1,58.09
17778,Nominal,0.200929150,312.466956,0.1,58.09
17779,Nominal,0.197444826,309.745854,0.1,58.09
17780,Nominal,0.992257059,694.376031,0.1,58.09
17781,Nominal,1.000000000,697.080000,0.1,58.09
17782,Nominal,0.985288441,691.933435,0.1,58.09
17783,Nominal,1.000000000,697.080000,0.1,58.09
17784,Nominal,0.252806813,350.491112,0.1,58.09
17785,Nominal,0.286101431,372.857289,0.1,58.09
17786,Nominal,0.384436697,432.210229,0.1,58.09
17787,Nominal,0.396051109,438.690510,0.1,58.09
17788,Nominal,0.420054197,451.788619,0.1,58.09
17789,Nominal,0.361207902,418.949083,0.1,58.09
17790,Nominal,0.507549345,496.617202,0.1,58.09
17791,Nominal,0.494773507,490.327037,0.1,58.09
17792,Nominal,0.565621376,524.258559,0.1,58.09
17793,Nominal,0.337979108,405.254224,0.1,58.09
17794,Nominal,0.140534267,261.320655,0.1,58.09
17795,Nominal,0.246999606,346.442172,0.1,58.09
17796,Nominal,0.343786299,408.720956,0.1,58.09
17797,Nominal,0.252032518,349.953960,0.1,58.09
17798,Nominal,0.463027477,474.335910,0.1,58.09
17799,Nominal,0.235385209,338.198913,0.1,58.09
17800,Nominal,0.125822693,247.264695,0.1,58.09
17801,Nominal,0.342237711,407.799373,0.1,58.09
17802,Nominal,0.312427402,389.634300,0.1,58.09
17803,Nominal,0.236159503,338.754705,0.1,58.09
17804,Nominal,0.207897797,317.839279,0.1,58.09
17805,Nominal,0.178087488,294.170641,0.1,58.09
17806,Nominal,0.195896238,308.528772,0.1,58.09
17807,Nominal,0.185443282,300.184439,0.1,58.09
17808,Nominal,0.987998426,692.884345,0.1,58.09
17809,Nominal,0.992644191,694.511474,0.1,58.09
17810,Nominal,0.956639588,681.799686,0.1,58.09
17811,Nominal,0.973673999,687.843138,0.1,58.09
17812,Nominal,0.283391416,371.087195,0.1,58.09
17813,Nominal,0.297715843,380.350153,0.1,58.09
17814,Nominal,0.348819196,411.701843,0.1,58.09
17815,Nominal,0.333720475,402.692971,0.1,58.09
17816,Nominal,0.356562138,416.246155,0.1,58.09
17817,Nominal,0.329849005,400.350349,0.1,58.09
17818,Nominal,0.406891197,444.653556,0.1,58.09
17819,Nominal,0.479674786,482.787556,0.1,58.09
17820,Nominal,0.352303535,413.752969,0.1,58.09
17821,Nominal,0.315524578,391.560811,0.1,58.09
17822,Nominal,0.132791325,254.019745,0.1,58.09
17823,Nominal,0.209446386,319.020842,0.1,58.09
17824,Nominal,0.379016638,429.152612,0.1,58.09
17825,Nominal,0.206349209,316.653306,0.1,58.09
17826,Nominal,0.311265975,388.909407,0.1,58.09
17827,Nominal,0.228803724,333.437290,0.1,58.09
17828,Nominal,0.125822693,247.264695,0.1,58.09
17829,Nominal,0.286488593,373.109485,0.1,58.09
17830,Nominal,0.253968269,351.295310,0.1,58.09
17831,Nominal,0.224157959,330.034776,0.1,58.09
17832,Nominal,0.195121944,307.918427,0.1,58.09
17833,Nominal,0.144405723,264.895649,0.1,58.09
17834,Nominal,0.185056135,299.870930,0.1,58.09
17835,Nominal,0.163763061,282.091887,0.1,58.09
17836,Nominal,0.899729013,661.208587,0.1,58.09
17837,Nominal,0.872628748,651.174493,0.1,58.09
17838,Nominal,0.810685277,627.637329,0.1,58.09
17839,Nominal,0.803329468,624.783385,0.1,58.09
17840,Nominal,0.224932253,330.604294,0.1,58.09
17841,Nominal,0.235772356,338.476923,0.1,58.09
17842,Nominal,0.243515298,343.989944,0.1,58.09
17843,Nominal,0.235772356,338.476923,0.1,58.09
17844,Nominal,0.304297328,384.531296,0.1,58.09
17845,Nominal,0.251258224,349.415982,0.1,58.09
17846,Nominal,0.313975990,390.598743,0.1,58.09
17847,Nominal,0.344947726,409.410772,0.1,58.09
17848,Nominal,0.415408432,449.283301,0.1,58.09
17849,Nominal,0.396438241,438.904863,0.1,58.09
17850,Nominal,0.146728605,267.017679,0.1,58.09
17851,Nominal,0.180023223,295.765075,0.1,58.09
17852,Nominal,0.325977534,397.993938,0.1,58.09
17853,Nominal,0.160278752,279.074785,0.1,58.09
17854,Nominal,0.335269064,403.626213,0.1,58.09
17855,Missing_Intentional,0.003871467,43.373095,0.1,58.09
17856,Nominal,0.157568723,276.705397,0.1,58.09
17857,Nominal,0.276809901,366.752795,0.1,58.09
17858,Nominal,0.246225312,345.898733,0.1,58.09
17859,Nominal,0.262872636,357.400629,0.1,58.09
17860,Nominal,0.177313209,293.530454,0.1,58.09
17861,Nominal,0.121564075,243.044192,0.1,58.09
17862,Nominal,0.209446386,319.020842,0.1,58.09
17863,Nominal,0.138985679,259.876883,0.1,58.09
17864,Nominal,0.730545878,595.808054,0.1,58.09
17865,Nominal,0.692218363,579.968199,0.1,58.09
17866,Nominal,0.543554008,513.930005,0.1,58.09
17867,Nominal,0.574912906,528.547048,0.1,58.09
17868,Nominal,0.186991870,301.435214,0.1,58.09
17869,Nominal,0.220673636,327.459691,0.1,58.09
17870,Nominal,0.214479282,322.831048,0.1,58.09
17871,Nominal,0.196670532,309.137912,0.1,58.09
17872,Nominal,0.307007343,386.239782,0.1,58.09
17873,Nominal,0.241192415,342.345360,0.1,58.09
17874,Nominal,0.253968269,351.295310,0.1,58.09
17875,Nominal,0.246999606,346.442172,0.1,58.09
17876,Nominal,0.234223768,337.363508,0.1,58.09
17877,Nominal,0.279907078,368.798854,0.1,58.09
17878,Nominal,0.161053032,279.748054,0.1,58.09
17879,Nominal,0.145567164,265.958780,0.1,58.09
17880,Nominal,0.279519945,368.543727,0.1,58.09
17881,Nominal,0.118854046,240.319830,0.1,58.09
17882,Nominal,0.269841284,362.106916,0.1,58.09
17883,Nominal,0.130081296,251.414343,0.1,58.09
17884,Nominal,0.214479282,322.831048,0.1,58.09
17885,Nominal,0.137049943,258.060808,0.1,58.09
17886,Nominal,0.144405723,264.895649,0.1,58.09
17887,Nominal,0.129694149,251.039935,0.1,58.09
17888,Nominal,0.264034063,358.189295,0.1,58.09
17889,Nominal,0.050329074,156.383919,0.1,58.09
17890,Nominal,0.243128151,343.716393,0.1,58.09
17891,Nominal,0.097560972,217.731208,0.1,58.09
17892,Nominal,0.430894315,457.581023,0.1,58.09
17893,Nominal,0.413085550,448.025388,0.1,58.09
17894,Nominal,0.180410370,296.082931,0.1,58.09
17895,Nominal,0.190089047,303.921322,0.1,58.09
17896,Nominal,0.083623692,201.579931,0.1,58.09
17897,Nominal,0.114208288,235.576212,0.1,58.09
17898,Nominal,0.087495163,206.193345,0.1,58.09
17899,Nominal,0.099109560,219.452431,0.1,58.09
17900,Missing_Unintentional,0.017421603,92.008231,0.1,58.09
17901,Nominal,0.063492067,175.647655,0.1,58.09
17902,Missing_Unintentional,0.024390243,108.865604,0.1,58.09
17903,Missing_Unintentional,0.021680217,102.639479,0.1,58.09
17904,Nominal,0.160665900,279.411629,0.1,58.09
17905,Nominal,0.174216032,290.955574,0.1,58.09
17906,Nominal,0.185443282,300.184439,0.1,58.09
17907,Nominal,0.076655053,192.998092,0.1,58.09
17908,Nominal,0.122725517,244.202473,0.1,58.09
17909,Nominal,0.214479282,322.831048,0.1,58.09
17910,Nominal,0.179636076,295.446876,0.1,58.09
17911,Nominal,0.068912119,182.991292,0.1,58.09
17912,Nominal,0.054974835,163.442347,0.1,58.09
17913,Nominal,0.043360434,145.154143,0.1,58.09
17914,Nominal,0.142857149,263.471481,0.1,58.09
17915,Nominal,0.138598531,259.514684,0.1,58.09
17916,Nominal,0.203252032,314.267934,0.1,58.09
17917,Nominal,0.090205185,209.362248,0.1,58.09
17918,Nominal,0.132404178,253.649183,0.1,58.09
17919,Nominal,0.097948119,218.162787,0.1,58.09
17920,Nominal,0.142470002,263.114231,0.1,58.09
17921,Nominal,0.192024782,305.464864,0.1,58.09
17922,Nominal,0.149438635,269.472262,0.1,58.09
17923,Nominal,0.202477738,313.668757,0.1,58.09
17924,Nominal,0.945025146,677.648225,0.1,58.09
17925,Nominal,0.996128559,695.729339,0.1,58.09
17926,Nominal,0.991482794,694.105065,0.1,58.09
17927,Nominal,1.000000000,697.080000,0.1,58.09
17928,Nominal,0.189314753,303.301705,0.1,58.09
17929,Nominal,0.175764620,292.245850,0.1,58.09
17930,Nominal,0.276809901,366.752795,0.1,58.09
17931,Nominal,0.204800621,315.462875,0.1,58.09
17932,Nominal,0.262485474,357.137340,0.1,58.09
17933,Nominal,0.361595035,419.173532,0.1,58.09
17934,Nominal,0.404955477,443.594610,0.1,58.09
17935,Nominal,0.465350360,475.524228,0.1,58.09
17936,Nominal,0.258226871,354.228369,0.1,58.09
17937,Nominal,0.280681372,369.308597,0.1,58.09
17938,Nominal,0.146728605,267.017679,0.1,58.09
17939,Nominal,0.252032518,349.953960,0.1,58.09
17940,Nominal,0.303135902,383.796765,0.1,58.09
17941,Nominal,0.201703444,313.068433,0.1,58.09
17942,Nominal,0.471157581,478.482120,0.1,58.09
17943,Nominal,0.216802165,324.574525,0.1,58.09
17944,Nominal,0.139372826,260.238577,0.1,58.09
17945,Nominal,0.354239255,414.888088,0.1,58.09
17946,Nominal,0.289585739,375.120854,0.1,58.09
17947,Nominal,0.252032518,349.953960,0.1,58.09
17948,Nominal,0.158343017,277.384430,0.1,58.09
17949,Nominal,0.185056135,299.870930,0.1,58.09
17950,Nominal,0.173828885,290.632110,0.1,58.09
17951,Nominal,0.216415018,324.284596,0.1,58.09
17952,Nominal,0.987611294,692.748583,0.1,58.09
17953,Nominal,1.000000000,697.080000,0.1,58.09
17954,Nominal,0.998064280,696.404997,0.1,58.09
17955,Nominal,1.000000000,697.080000,0.1,58.09
17956,Nominal,0.267905533,360.805762,0.1,58.09
17957,Nominal,0.227642283,332.589925,0.1,58.09
17958,Nominal,0.350754946,412.842619,0.1,58.09
17959,Nominal,0.354626417,415.114750,0.1,58.09
17960,Nominal,0.358110726,417.149077,0.1,58.09
17961,Nominal,0.367789388,422.748640,0.1,58.09
17962,Nominal,0.401084006,441.469083,0.1,58.09
17963,Nominal,0.452187389,468.750610,0.1,58.09
17964,Nominal,0.437475801,461.062329,0.1,58.09
17965,Nominal,0.399535418,440.616001,0.1,58.09
17966,Nominal,0.169570267,287.049949,0.1,58.09
17967,Nominal,0.220673636,327.459691,0.1,58.09
17968,Nominal,0.296554387,379.607513,0.1,58.09
17969,Nominal,0.185443282,300.184439,0.1,58.09
17970,Nominal,0.443670154,464.315017,0.1,58.09
17971,Nominal,0.219512194,326.596817,0.1,58.09
17972,Nominal,0.153697252,273.284924,0.1,58.09
17973,Nominal,0.388308167,434.381064,0.1,58.09
17974,Nominal,0.333333343,402.459332,0.1,58.09
17975,Nominal,0.255129695,352.097651,0.1,58.09
17976,Nominal,0.181571811,297.034460,0.1,58.09
17977,Nominal,0.173441738,290.308285,0.1,58.09
17978,Nominal,0.198606268,310.655536,0.1,58.09
17979,Nominal,0.200154856,311.864318,0.1,58.09
17980,Nominal,0.987998426,692.884345,0.1,58.09
17981,Nominal,1.000000000,697.080000,0.1,58.09
17982,Nominal,0.995741367,695.594113,0.1,58.09
17983,Nominal,1.000000000,697.080000,0.1,58.09
17984,Nominal,0.303523034,384.041759,0.1,58.09
17985,Nominal,0.300425857,382.077336,0.1,58.09
17986,Nominal,0.413085550,448.025388,0.1,58.09
17987,Nominal,0.404955477,443.594610,0.1,58.09
17988,Nominal,0.273325592,364.437259,0.1,58.09
17989,Nominal,0.344947726,409.410772,0.1,58.09
17990,Nominal,0.489740610,487.826829,0.1,58.09
17991,Nominal,0.346496314,410.328736,0.1,58.09
17992,Nominal,0.404568344,443.382524,0.1,58.09
17993,Nominal,0.260936886,356.082278,0.1,58.09
17994,Nominal,0.171893150,289.009359,0.1,58.09
17995,Nominal,0.194734812,307.612812,0.1,58.09
17996,Nominal,0.331397593,401.289039,0.1,58.09
17997,Nominal,0.231126592,335.125581,0.1,58.09
17998,Nominal,0.440572977,462.691531,0.1,58.09
17999,Nominal,0.226867989,332.023813,0.1,58.09
18000,Nominal,0.174990326,291.601426,0.1,58.09
18001,Nominal,0.393341064,437.187028,0.1,58.09
18002,Nominal,0.309330225,387.698215,0.1,58.09
18003,Nominal,0.250096798,348.607469,0.1,58.09
18004,Nominal,0.190476194,304.230657,0.1,58.09
18005,Nominal,0.193573371,306.694105,0.1,58.09
18006,Nominal,0.202864885,313.968489,0.1,58.09
18007,Nominal,0.196670532,309.137912,0.1,58.09
18008,Nominal,0.987224162,692.612795,0.1,58.09
18009,Nominal,1.000000000,697.080000,0.1,58.09
18010,Nominal,0.991869926,694.240561,0.1,58.09
18011,Nominal,1.000000000,697.080000,0.1,58.09
18012,Nominal,0.296941549,379.855227,0.1,58.09
18013,Nominal,0.296554387,379.607513,0.1,58.09
18014,Nominal,0.372048020,425.189099,0.1,58.09
18015,Nominal,0.392953932,436.971832,0.1,58.09
18016,Nominal,0.364305079,420.741388,0.1,58.09
18017,Nominal,0.260936886,356.082278,0.1,58.09
18018,Nominal,0.406116933,444.230294,0.1,58.09
18019,Nominal,0.443670154,464.315017,0.1,58.09
18020,Nominal,0.427022845,455.520763,0.1,58.09
18021,Nominal,0.362369329,419.622086,0.1,58.09
18022,Nominal,0.161827326,280.419720,0.1,58.09
18023,Nominal,0.237320945,339.586688,0.1,58.09
18024,Nominal,0.418505609,450.955060,0.1,58.09
18025,Nominal,0.238095239,340.140212,0.1,58.09
18026,Nominal,0.432055742,458.197287,0.1,58.09
18027,Nominal,0.248161048,347.255737,0.1,58.09
18028,Nominal,0.160278752,279.074785,0.1,58.09
18029,Nominal,0.344173431,408.951018,0.1,58.09
18030,Nominal,0.300038725,381.831082,0.1,58.09
18031,Nominal,0.240805268,342.070494,0.1,58.09
18032,Nominal,0.191637635,305.156780,0.1,58.09
18033,Nominal,0.181184664,296.717622,0.1,58.09
18034,Nominal,0.195121944,307.918427,0.1,58.09
18035,Nominal,0.195509091,308.223751,0.1,58.09
18036,Nominal,0.972899735,687.569597,0.1,58.09
18037,Nominal,1.000000000,697.080000,0.1,58.09
18038,Nominal,0.984514117,691.661491,0.1,58.09
18039,Nominal,0.994579971,695.188336,0.1,58.09
18040,Nominal,0.286875725,373.361491,0.1,58.09
18041,Nominal,0.264421225,358.451811,0.1,58.09
18042,Nominal,0.355400711,415.567685,0.1,58.09
18043,Nominal,0.367015094,422.303407,0.1,58.09
18044,Nominal,0.309717387,387.940763,0.1,58.09
18045,Nominal,0.363917917,420.517759,0.1,58.09
18046,Nominal,0.392179638,436.541105,0.1,58.09
18047,Nominal,0.342237711,407.799373,0.1,58.09
18048,Nominal,0.509097934,497.374241,0.1,58.09
18049,Nominal,0.406891197,444.653556,0.1,58.09
18050,Nominal,0.161440179,280.084089,0.1,58.09
18051,Nominal,0.254355401,351.562953,0.1,58.09
18052,Nominal,0.444831580,464.922354,0.1,58.09
18053,Nominal,0.211769268,320.785028,0.1,58.09
18054,Nominal,0.409214079,445.920981,0.1,58.09
18055,Nominal,0.218737900,326.020299,0.1,58.09
18056,Nominal,0.135501355,256.598694,0.1,58.09
18057,Nominal,0.297715843,380.350153,0.1,58.09
18058,Nominal,0.253968269,351.295310,0.1,58.09
18059,Nominal,0.215640724,323.703960,0.1,58.09
18060,Nominal,0.220286489,327.172319,0.1,58.09
18061,Nominal,0.157181576,276.365255,0.1,58.09
18062,Nominal,0.205962062,316.356118,0.1,58.09
18063,Nominal,0.169183120,286.722079,0.1,58.09
18064,Nominal,0.927216411,671.232811,0.1,58.09
18065,Nominal,0.994192779,695.053004,0.1,58.09
18066,Nominal,0.948896646,679.034872,0.1,58.09
18067,Nominal,0.927990735,671.513028,0.1,58.09
18068,Nominal,0.259388298,355.024081,0.1,58.09
18069,Nominal,0.258226871,354.228369,0.1,58.09
18070,Nominal,0.300425857,382.077336,0.1,58.09
18071,Nominal,0.318234622,393.238776,0.1,58.09
18072,Nominal,0.403406888,442.745624,0.1,58.09
18073,Nominal,0.349593490,412.158529,0.1,58.09
18074,Nominal,0.309717387,387.940763,0.1,58.09
18075,Nominal,0.483159125,484.537858,0.1,58.09
18076,Nominal,0.377468050,428.274997,0.1,58.09
18077,Nominal,0.328300416,399.409453,0.1,58.09
18078,Nominal,0.164150208,282.425133,0.1,58.09
18079,Nominal,0.242741004,343.442624,0.1,58.09
18080,Nominal,0.346496314,410.328736,0.1,58.09
18081,Nominal,0.193186224,306.387257,0.1,58.09
18082,Nominal,0.358110726,417.149077,0.1,58.09
18083,Nominal,0.252806813,350.491112,0.1,58.09
18084,Nominal,0.134339914,255.496618,0.1,58.09
18085,Nominal,0.291134328,376.122514,0.1,58.09
18086,Nominal,0.260162592,355.553573,0.1,58.09
18087,Nominal,0.270615578,362.626066,0.1,58.09
18088,Nominal,0.212156400,321.078105,0.1,58.09
18089,Nominal,0.152922958,272.595679,0.1,58.09
18090,Nominal,0.153310105,272.940519,0.1,58.09
18091,Nominal,0.165311649,283.422518,0.1,58.09
18092,Nominal,0.840108395,638.925593,0.1,58.09
18093,Nominal,0.883855999,655.350114,0.1,58.09
18094,Nominal,0.827719688,634.197120,0.1,58.09
18095,Nominal,0.753000379,604.895314,0.1,58.09
18096,Nominal,0.220286489,327.172319,0.1,58.09
18097,Nominal,0.240030974,341.520098,0.1,58.09
18098,Nominal,0.246999606,346.442172,0.1,58.09
18099,Nominal,0.224932253,330.604294,0.1,58.09
18100,Nominal,0.327138990,398.702333,0.1,58.09
18101,Nominal,0.335269064,403.626213,0.1,58.09
18102,Nominal,0.319783211,394.194401,0.1,58.09
18103,Nominal,0.331397593,401.289039,0.1,58.09
18104,Nominal,0.321331799,395.147715,0.1,58.09
18105,Nominal,0.276035607,366.239495,0.1,58.09
18106,Nominal,0.195896238,308.528772,0.1,58.09
18107,Nominal,0.216802165,324.574525,0.1,58.09
18108,Nominal,0.305845916,385.508507,0.1,58.09
18109,Nominal,0.162988767,281.424213,0.1,58.09
18110,Nominal,0.284940004,372.099714,0.1,58.09
18111,Nominal,0.201316297,312.767839,0.1,58.09
18112,Nominal,0.166473091,284.416406,0.1,58.09
18113,Nominal,0.213317841,321.955770,0.1,58.09
18114,Nominal,0.200154856,311.864318,0.1,58.09
18115,Nominal,0.159117311,278.061805,0.1,58.09
18116,Nominal,0.165698797,283.754201,0.1,58.09
18117,Nominal,0.123886950,245.355277,0.1,58.09
18118,Nominal,0.173441738,290.308285,0.1,58.09
18119,Nominal,0.132404178,253.649183,0.1,58.09
18120,Nominal,0.658149421,565.515971,0.1,58.09
18121,Nominal,0.672473848,571.636988,0.1,58.09
18122,Nominal,0.552845538,518.303960,0.1,58.09
18123,Nominal,0.527680993,506.370443,0.1,58.09
18124,Nominal,0.188153312,302.369900,0.1,58.09
18125,Nominal,0.248548195,347.526502,0.1,58.09
18126,Nominal,0.182346106,297.667122,0.1,58.09
18127,Nominal,0.217963606,325.442760,0.1,58.09
18128,Nominal,0.258614004,354.493798,0.1,58.09
18129,Nominal,0.241192415,342.345360,0.1,58.09
18130,Nominal,0.285327137,372.352403,0.1,58.09
18131,Nominal,0.194734812,307.612812,0.1,58.09
18132,Nominal,0.200929150,312.466956,0.1,58.09
18133,Nominal,0.231513739,335.406139,0.1,58.09
18134,Nominal,0.187766165,302.058659,0.1,58.09
18135,Nominal,0.150987223,270.864894,0.1,58.09
18136,Nominal,0.178474635,294.490218,0.1,58.09
18137,Nominal,0.106852494,227.863600,0.1,58.09
18138,Nominal,0.201316297,312.767839,0.1,58.09
18139,Nominal,0.198993415,310.958172,0.1,58.09
18140,Nominal,0.165311649,283.422518,0.1,58.09
18141,Nominal,0.164150208,282.425133,0.1,58.09
18142,Nominal,0.190863341,304.539678,0.1,58.09
18143,Nominal,0.166473091,284.416406,0.1,58.09
18144,Nominal,0.223770812,329.749649,0.1,58.09
18145,Nominal,0.060782038,171.858197,0.1,58.09
18146,Nominal,0.242353857,343.168637,0.1,58.09
18147,Nominal,0.105303913,226.206395,0.1,58.09
18148,Nominal,0.424312800,454.073011,0.1,58.09
18149,Nominal,0.408052653,445.287727,0.1,58.09
18150,Nominal,0.195121944,307.918427,0.1,58.09
18151,Nominal,0.160278752,279.074785,0.1,58.09
18152,Nominal,0.090592332,209.811043,0.1,58.09
18153,Nominal,0.127371266,248.781657,0.1,58.09
18154,Nominal,0.089043744,208.010055,0.1,58.09
18155,Nominal,0.114982575,236.373420,0.1,58.09
18156,Nominal,0.042198993,143.196917,0.1,58.09
18157,Nominal,0.088269457,207.103697,0.1,58.09
18158,Nominal,0.046844754,150.873549,0.1,58.09
18159,Missing_Unintentional,0.035230353,130.840177,0.1,58.09
18160,Nominal,0.067750677,181.442677,0.1,58.09
18161,Nominal,0.123499803,244.971609,0.1,58.09
18162,Nominal,0.196283385,308.833492,0.1,58.09
18163,Nominal,0.077429347,193.970382,0.1,58.09
18164,Nominal,0.124274097,245.738346,0.1,58.09
18165,Nominal,0.259388298,355.024081,0.1,58.09
18166,Nominal,0.151761517,271.558532,0.1,58.09
18167,Nominal,0.084785134,202.974966,0.1,58.09
18168,Nominal,0.107626788,228.687703,0.1,58.09
18169,Nominal,0.042586140,143.852284,0.1,58.09
18170,Nominal,0.230352297,334.563760,0.1,58.09
18171,Nominal,0.120402634,241.880366,0.1,58.09
18172,Nominal,0.190863341,304.539678,0.1,58.09
18173,Nominal,0.085172281,203.437852,0.1,58.09
18174,Nominal,0.087108016,205.736659,0.1,58.09
18175,Nominal,0.054200541,162.287262,0.1,58.09
18176,Nominal,0.189314753,303.301705,0.1,58.09
18177,Nominal,0.193186224,306.387257,0.1,58.09
18178,Nominal,0.211382121,320.491671,0.1,58.09
18179,Nominal,0.165311649,283.422518,0.1,58.09
18180,Nominal,0.542005420,513.197388,0.1,58.09
18181,Nominal,0.972512603,687.432786,0.1,58.09
18182,Nominal,0.947348058,678.480558,0.1,58.09
18183,Nominal,0.782810688,616.752610,0.1,58.09
18184,Nominal,0.189701900,303.611671,0.1,58.09
18185,Nominal,0.188153312,302.369900,0.1,58.09
18186,Nominal,0.202090591,313.368739,0.1,58.09
18187,Nominal,0.190089047,303.921322,0.1,58.09
18188,Nominal,0.277971357,367.521412,0.1,58.09
18189,Nominal,0.310104519,388.183141,0.1,58.09
18190,Nominal,0.340689123,406.875703,0.1,58.09
18191,Nominal,0.312427402,389.634300,0.1,58.09
18192,Missing_Unintentional,0.000000000,0.000000,0.1,58.09
18193,Missing_Unintentional,0.000000000,0.000000,0.1,58.09
18194,Missing_Unintentional,0.000000000,0.000000,0.1,58.09
18195,Missing_Unintentional,0.000000000,0.000000,0.1,58.09
18196,Nominal,0.285327137,372.352403,0.1,58.09
18197,Nominal,0.260936886,356.082278,0.1,58.09
18198,Nominal,0.175377473,291.923816,0.1,58.09
18199,Nominal,0.198219121,310.352605,0.1,58.09
18200,Missing_Intentional,0.000774293,19.397038,0.1,58.09
18201,Nominal,0.195121944,307.918427,0.1,58.09
18202,Nominal,0.327526122,398.938173,0.1,58.09
18203,Nominal,0.238869533,340.692837,0.1,58.09
18204,Nominal,0.187379017,301.747097,0.1,58.09
18205,Nominal,0.323267519,396.336124,0.1,58.09
18206,Nominal,0.238869533,340.692837,0.1,58.09
18207,Nominal,0.213317841,321.955770,0.1,58.09
18208,Nominal,0.184281841,299.242927,0.1,58.09
18209,Nominal,0.233062327,336.526030,0.1,58.09
18210,Nominal,0.193186224,306.387257,0.1,58.09
18211,Nominal,0.156794429,276.024693,0.1,58.09
18212,Nominal,0.724351525,593.276727,0.1,58.09
18213,Nominal,1.000000000,697.080000,0.1,58.09
18214,Nominal,0.965543926,684.965410,0.1,58.09
18215,Nominal,0.814943850,629.283676,0.1,58.09
18216,Nominal,0.257839710,353.962720,0.1,58.09
18217,Nominal,0.223770812,329.749649,0.1,58.09
18218,Nominal,0.292295784,376.872022,0.1,58.09
18219,Nominal,0.337204814,404.789749,0.1,58.09
18220,Nominal,0.376306623,427.615613,0.1,58.09
18221,Nominal,0.241966709,342.894431,0.1,58.09
18222,Nominal,0.399148285,440.402481,0.1,58.09
18223,Nominal,0.326364696,398.230216,0.1,58.09
18224,Missing_Unintentional,0.000000000,0.000000,0.1,58.09
18225,Missing_Unintentional,0.000000000,0.000000,0.1,58.09
18226,Missing_Unintentional,0.000000000,0.000000,0.1,58.09
18227,Missing_Unintentional,0.000000000,0.000000,0.1,58.09
18228,Nominal,0.369337976,423.637703,0.1,58.09
18229,Nominal,0.309330225,387.698215,0.1,58.09
18230,Nominal,0.210220680,319.609986,0.1,58.09
18231,Nominal,0.167634532,285.406832,0.1,58.09
18232,Nominal,0.317073166,392.520522,0.1,58.09
18233,Nominal,0.198219121,310.352605,0.1,58.09
18234,Nominal,0.398761123,440.188840,0.1,58.09
18235,Nominal,0.241966709,342.894431,0.1,58.09
18236,Nominal,0.169957414,287.377446,0.1,58.09
18237,Nominal,0.320557505,394.671346,0.1,58.09
18238,Nominal,0.082462251,200.175175,0.1,58.09
18239,Nominal,0.216415018,324.284596,0.1,58.09
18240,Nominal,0.208672091,318.430609,0.1,58.09
18241,Nominal,0.232675180,336.246406,0.1,58.09
18242,Nominal,0.191250488,304.848385,0.1,58.09
18243,Nominal,0.193186224,306.387257,0.1,58.09
18244,Nominal,0.720092893,591.530149,0.1,58.09
18245,Nominal,1.000000000,697.080000,0.1,58.09
18246,Nominal,0.938443661,675.284412,0.1,58.09
18247,Nominal,0.800619423,623.728636,0.1,58.09
18248,Nominal,0.257452577,353.696893,0.1,58.09
18249,Missing_Unintentional,0.017034456,90.980173,0.1,58.09
18250,Nominal,0.260162592,355.553573,0.1,58.09
18251,Nominal,0.332946181,402.225538,0.1,58.09
18252,Nominal,0.186991870,301.435214,0.1,58.09
18253,Nominal,0.397212535,439.333272,0.1,58.09
18254,Nominal,0.373596579,426.073053,0.1,58.09
18255,Nominal,0.402632594,442.320520,0.1,58.09
18256,Missing_Unintentional,0.000000000,0.000000,0.1,58.09
18257,Missing_Unintentional,0.000000000,0.000000,0.1,58.09
18258,Missing_Unintentional,0.000000000,0.000000,0.1,58.09
18259,Missing_Unintentional,0.000000000,0.000000,0.1,58.09
18260,Nominal,0.383662403,431.774752,0.1,58.09
18261,Nominal,0.269841284,362.106916,0.1,58.09
18262,Nominal,0.209446386,319.020842,0.1,58.09
18263,Nominal,0.176538914,292.888856,0.1,58.09
18264,Nominal,0.313588858,390.357865,0.1,58.09
18265,Nominal,0.216802165,324.574525,0.1,58.09
18266,Nominal,0.398761123,440.188840,0.1,58.09
18267,Nominal,0.246999606,346.442172,0.1,58.09
18268,Nominal,0.202477738,313.668757,0.1,58.09
18269,Nominal,0.324041814,396.810495,0.1,58.09
18270,Nominal,0.092140920,211.596703,0.1,58.09
18271,Nominal,0.210994974,320.198046,0.1,58.09
18272,Nominal,0.209833533,319.315550,0.1,58.09
18273,Nominal,0.205574915,316.058651,0.1,58.09
18274,Missing_Unintentional,0.000387147,13.715777,0.1,58.09
18275,Nominal,0.183120400,298.298443,0.1,58.09
18276,Nominal,0.695315540,581.264220,0.1,58.09
18277,Nominal,1.000000000,697.080000,0.1,58.09
18278,Nominal,0.913666308,666.310148,0.1,58.09
18279,Nominal,0.768486261,611.083667,0.1,58.09
18280,Nominal,0.267905533,360.805762,0.1,58.09
18281,Nominal,0.234610915,337.642206,0.1,58.09
18282,Nominal,0.253581107,351.027442,0.1,58.09
18283,Nominal,0.298490137,380.844436,0.1,58.09
18284,Nominal,0.358885020,417.599806,0.1,58.09
18285,Nominal,0.257452577,353.696893,0.1,58.09
18286,Nominal,0.336817652,404.557302,0.1,58.09
18287,Nominal,0.342237711,407.799373,0.1,58.09
18288,Missing_Unintentional,0.000000000,0.000000,0.1,58.09
18289,Missing_Unintentional,0.000000000,0.000000,0.1,58.09
18290,Missing_Unintentional,0.000000000,0.000000,0.1,58.09
18291,Missing_Unintentional,0.000000000,0.000000,0.1,58.09
18292,Nominal,0.448703051,466.941134,0.1,58.09
18293,Nominal,0.327138990,398.702333,0.1,58.09
18294,Nominal,0.209833533,319.315550,0.1,58.09
18295,Nominal,0.239643827,341.244567,0.1,58.09
18296,Nominal,0.281068534,369.563215,0.1,58.09
18297,Nominal,0.210607827,319.904151,0.1,58.09
18298,Nominal,0.335656226,403.859196,0.1,58.09
18299,Nominal,0.258614004,354.493798,0.1,58.09
18300,Nominal,0.176926062,293.209831,0.1,58.09
18301,Nominal,0.297715843,380.350153,0.1,58.09
18302,Nominal,0.228029430,332.872619,0.1,58.09
18303,Nominal,0.236933798,339.309587,0.1,58.09
18304,Nominal,0.221447930,328.033679,0.1,58.09
18305,Nominal,0.190476194,304.230657,0.1,58.09
18306,Nominal,0.189314753,303.301705,0.1,58.09
18307,Nominal,0.176538914,292.888856,0.1,58.09
18308,Nominal,0.686024010,577.367429,0.1,58.09
18309,Nominal,0.993031383,694.646912,0.1,58.09
18310,Nominal,0.867208660,649.149049,0.1,58.09
18311,Nominal,0.728997290,595.176232,0.1,58.09
18312,Nominal,0.233449474,336.805421,0.1,58.09
18313,Nominal,0.194734812,307.612812,0.1,58.09
18314,Nominal,0.247773901,346.984761,0.1,58.09
18315,Nominal,0.292682916,377.121514,0.1,58.09
18316,Nominal,0.308168799,386.969695,0.1,58.09
18317,Nominal,0.291134328,376.122514,0.1,58.09
18318,Nominal,0.348819196,411.701843,0.1,58.09
18319,Nominal,0.353852123,414.661319,0.1,58.09
18320,Missing_Unintentional,0.000000000,0.000000,0.1,58.09
18321,Missing_Unintentional,0.000000000,0.000000,0.1,58.09
18322,Missing_Unintentional,0.000000000,0.000000,0.1,58.09
18323,Missing_Unintentional,0.000000000,0.000000,0.1,58.09
18324,Nominal,0.339527667,406.181563,0.1,58.09
18325,Nominal,0.276809901,366.752795,0.1,58.09
18326,Nominal,0.184281841,299.242927,0.1,58.09
18327,Nominal,0.233449474,336.805421,0.1,58.09
18328,Nominal,0.292295784,376.872022,0.1,58.09
18329,Nominal,0.185443282,300.184439,0.1,58.09
18330,Nominal,0.250096798,348.607469,0.1,58.09
18331,Nominal,0.243515298,343.989944,0.1,58.09
18332,Nominal,0.186991870,301.435214,0.1,58.09
18333,Nominal,0.246612459,346.170559,0.1,58.09
18334,Nominal,0.174603179,291.278679,0.1,58.09
18335,Nominal,0.180023223,295.765075,0.1,58.09
18336,Nominal,0.200929150,312.466956,0.1,58.09
18337,Nominal,0.178474635,294.490218,0.1,58.09
18338,Nominal,0.184668988,299.557093,0.1,58.09
18339,Nominal,0.171506003,288.683715,0.1,58.09
18340,Nominal,0.672086716,571.472423,0.1,58.09
18341,Nominal,0.907859087,664.189254,0.1,58.09
18342,Nominal,0.810685277,627.637329,0.1,58.09
18343,Nominal,0.703058481,584.491700,0.1,58.09
18344,Nominal,0.194347665,307.306882,0.1,58.09
18345,Nominal,0.190476194,304.230657,0.1,58.09
18346,Nominal,0.180023223,295.765075,0.1,58.09
18347,Nominal,0.256678283,353.164617,0.1,58.09
18348,Nominal,0.226480842,331.740395,0.1,58.09
18349,Nominal,0.231900886,335.686462,0.1,58.09
18350,Nominal,0.320170343,394.432937,0.1,58.09
18351,Nominal,0.276035607,366.239495,0.1,58.09
18352,Missing_Unintentional,0.000000000,0.000000,0.1,58.09
18353,Missing_Unintentional,0.000000000,0.000000,0.1,58.09
18354,Missing_Unintentional,0.000000000,0.000000,0.1,58.09
18355,Missing_Unintentional,0.000000000,0.000000,0.1,58.09
18356,Nominal,0.265582651,359.238168,0.1,58.09
18357,Nominal,0.227255136,332.306989,0.1,58.09
18358,Nominal,0.174216032,290.955574,0.1,58.09
18359,Nominal,0.217189312,324.864194,0.1,58.09
18360,Nominal,0.284552842,371.846833,0.1,58.09
18361,Nominal,0.180410370,296.082931,0.1,58.09
18362,Nominal,0.164924502,283.090447,0.1,58.09
18363,Nominal,0.287650019,373.865014,0.1,58.09
18364,Nominal,0.176538914,292.888856,0.1,58.09
18365,Nominal,0.267131239,360.283988,0.1,58.09
18366,Nominal,0.222222224,328.606665,0.1,58.09
18367,Nominal,0.227642283,332.589925,0.1,58.09
18368,Nominal,0.219512194,326.596817,0.1,58.09
18369,Nominal,0.174216032,290.955574,0.1,58.09
18370,Nominal,0.166085944,284.085496,0.1,58.09
18371,Nominal,0.178861782,294.809449,0.1,58.09
18372,Nominal,0.625241995,551.196806,0.1,58.09
18373,Nominal,0.793263674,620.856748,0.1,58.09
18374,Nominal,0.726674438,594.227250,0.1,58.09
18375,Nominal,0.593495905,537.021268,0.1,58.09
18376,Nominal,0.205962062,316.356118,0.1,58.09
18377,Nominal,0.195121944,307.918427,0.1,58.09
18378,Nominal,0.170344561,287.704569,0.1,58.09
18379,Nominal,0.227255136,332.306989,0.1,58.09
18380,Nominal,0.252419680,350.222649,0.1,58.09
18381,Nominal,0.240418121,341.795407,0.1,58.09
18382,Nominal,0.275648475,365.982584,0.1,58.09
18383,Nominal,0.208672091,318.430609,0.1,58.09
18384,Missing_Unintentional,0.000000000,0.000000,0.1,58.09
18385,Missing_Unintentional,0.000000000,0.000000,0.1,58.09
18386,Missing_Unintentional,0.000000000,0.000000,0.1,58.09
18387,Missing_Unintentional,0.000000000,0.000000,0.1,58.09
18388,Nominal,0.358885020,417.599806,0.1,58.09
18389,Nominal,0.270615578,362.626066,0.1,58.09
18390,Nominal,0.159504458,278.399875,0.1,58.09
18391,Nominal,0.171118855,288.357702,0.1,58.09
18392,Nominal,0.295005798,378.615072,0.1,58.09
18393,Nominal,0.153697252,273.284924,0.1,58.09
18394,Nominal,0.259388298,355.024081,0.1,58.09
18395,Nominal,0.226480842,331.740395,0.1,58.09
18396,Nominal,0.174216032,290.955574,0.1,58.09
18397,Nominal,0.164924502,283.090447,0.1,58.09
18398,Nominal,0.157568723,276.705397,0.1,58.09
18399,Nominal,0.163375914,281.758248,0.1,58.09
18400,Nominal,0.183507547,298.613603,0.1,58.09
18401,Nominal,0.120402634,241.880366,0.1,58.09
18402,Nominal,0.135114208,256.231862,0.1,58.09
18403,Nominal,0.126984134,248.403296,0.1,58.09
18404,Nominal,0.532326758,508.594631,0.1,58.09
18405,Nominal,0.611691833,545.191358,0.1,58.09
18406,Nominal,0.515679419,500.578880,0.1,58.09
18407,Nominal,0.479287654,482.592695,0.1,58.09
18408,Nominal,0.220673636,327.459691,0.1,58.09
18409,Nominal,0.113821141,235.176591,0.1,58.09
18410,Nominal,0.112659700,233.973633,0.1,58.09
18411,Nominal,0.231513739,335.406139,0.1,58.09
18412,Nominal,0.253581107,351.027442,0.1,58.09
18413,Nominal,0.262098342,356.873877,0.1,58.09
18414,Nominal,0.250483930,348.877175,0.1,58.09
18415,Nominal,0.236933798,339.309587,0.1,58.09
18416,Missing_Unintentional,0.000000000,0.000000,0.1,58.09
18417,Missing_Unintentional,0.000000000,0.000000,0.1,58.09
18418,Missing_Unintentional,0.000000000,0.000000,0.1,58.09
18419,Missing_Unintentional,0.000000000,0.000000,0.1,58.09
18420,Nominal,0.252806813,350.491112,0.1,58.09
18421,Nominal,0.293070078,377.370861,0.1,58.09
18422,Nominal,0.138985679,259.876883,0.1,58.09
18423,Nominal,0.147115752,267.369714,0.1,58.09
18424,Nominal,0.205962062,316.356118,0.1,58.09
18425,Nominal,0.134339914,255.496618,0.1,58.09
18426,Nominal,0.255516827,352.364685,0.1,58.09
18427,Nominal,0.217576459,325.153606,0.1,58.09
18428,Nominal,0.166860238,284.746931,0.1,58.09
18429,Nominal,0.161053032,279.748054,0.1,58.09
18430,Nominal,0.166473091,284.416406,0.1,58.09
18431,Nominal,0.167634532,285.406832,0.1,58.09
18432,Nominal,0.200542003,312.165782,0.1,58.09
18433,Nominal,0.096399538,216.431316,0.1,58.09
18434,Nominal,0.111498259,232.764458,0.1,58.09
18435,Nominal,0.118079752,239.535749,0.1,58.09
18436,Nominal,0.402245462,442.107822,0.1,58.09
18437,Nominal,0.387921035,434.164478,0.1,58.09
18438,Nominal,0.204413474,315.164564,0.1,58.09
18439,Nominal,0.133178473,254.389767,0.1,58.09
18440,Nominal,0.117692605,239.142745,0.1,58.09
18441,Nominal,0.122725517,244.202473,0.1,58.09
18442,Nominal,0.079365082,196.380046,0.1,58.09
18443,Nominal,0.137049943,258.060808,0.1,58.09
18444,Nominal,0.053039100,160.539053,0.1,58.09
18445,Missing_Unintentional,0.003484321,41.147332,0.1,58.09
18446,Nominal,0.066589236,179.880729,0.1,58.09
18447,Missing_Unintentional,0.000387147,13.715777,0.1,58.09
18448,Nominal,0.149825782,269.821094,0.1,58.09
18449,Nominal,0.309717387,387.940763,0.1,58.09
18450,Nominal,0.183120400,298.298443,0.1,58.09
18451,Nominal,0.121951222,243.430898,0.1,58.09
18452,Missing_Unintentional,0.000000000,0.000000,0.1,58.09
18453,Missing_Unintentional,0.000000000,0.000000,0.1,58.09
18454,Missing_Unintentional,0.000000000,0.000000,0.1,58.09
18455,Missing_Unintentional,0.000000000,0.000000,0.1,58.09
18456,Nominal,0.146341458,266.665180,0.1,58.09
18457,Nominal,0.296554387,379.607513,0.1,58.09
18458,Nominal,0.134727061,255.864504,0.1,58.09
18459,Nominal,0.097173832,217.298780,0.1,58.09
18460,Nominal,0.096786685,216.865481,0.1,58.09
18461,Nominal,0.082849398,200.644520,0.1,58.09
18462,Nominal,0.195509091,308.223751,0.1,58.09
18463,Nominal,0.114595428,235.975149,0.1,58.09
18464,Nominal,0.115756869,237.167955,0.1,58.09
18465,Nominal,0.056136277,165.159829,0.1,58.09
18466,Nominal,0.061556328,172.949366,0.1,58.09
18467,Nominal,0.075106464,191.038668,0.1,58.09
